<?xml version='1.0' encoding='US-ASCII'?>
<GateDocument version="2">
<!-- The document's features-->

<GateDocumentFeatures>
<Feature>
  <Name className="java.lang.String">gate.SourceURL</Name>
  <Value className="java.lang.String">file:/E:/Users/conrada/Documents/My%20Dropbox/healthcare_devel_data_final/hc002.txt</Value>
</Feature>
<Feature>
  <Name className="java.lang.String">MimeType</Name>
  <Value className="java.lang.String">text/plain</Value>
</Feature>
<Feature>
  <Name className="java.lang.String">docNewLineType</Name>
  <Value className="java.lang.String">CRLF</Value>
</Feature>
</GateDocumentFeatures>
<!-- The document content area with serialized nodes -->

<TextWithNodes><Node id="0"/> <Node id="1"/>Originally published August 28, 2009 at  4:24 PM | Page modified August 28, 2009 at  6:31
						 Charles Krauthammer / Syndicated columnist
						 A clever exit strategy for President Obama's health-care reform

<Node id="213"/>The only exit strategy for health-care reform will be the liberal dream of universal and guaranteed coverage - but without overt nationalization<Node id="357"/>, writes columnist Charles Krauthammer.
<Node id="397"/>It will be done through private insurance companies that, in reality, will be turned into government utilities<Node id="507"/>.
						 Syndicated columnist
WASHINGTON
 <Node id="549"/>Obamacare Version 1.0 is dead<Node id="578"/>.
 <Node id="581"/>The 1,000-page monstrosity that emerged in various editions from Congress<Node id="654"/> <Node id="655"/>was done in<Node id="666"/> by <Node id="670"/>widespread national revulsion<Node id="699"/> not just at its expense and intrusiveness but at the mendacity with which it is being sold. <Node id="792"/>
<Node id="793"/>You don't need a Ph.D. to see that the promise to <Node id="843"/>expand<Node id="849"/> <Node id="850"/>coverage<Node id="858"/> and <Node id="863"/>reduce<Node id="869"/> <Node id="870"/>costs<Node id="875"/> is a crude deception<Node id="896"/>, or that <Node id="906"/>cutting $500 billion from<Node id="931"/> <Node id="932"/>Medicare<Node id="940"/> <Node id="941"/>without<Node id="948"/> <Node id="949"/>affecting<Node id="958"/> <Node id="959"/>care<Node id="963"/> is a fiction<Node id="976"/>.

 But there is an exit strategy. And a politically clever one, if the Democrats are smart enough to seize it.
(1)
 <Node id="1093"/>Forget<Node id="1099"/> <Node id="1100"/>the public option<Node id="1117"/>. <Node id="1119"/>
 <Node id="1121"/>Whatever the merits, and they are few, it is political poison<Node id="1182"/>.
 <Node id="1185"/>It dies by the Liasson Logic, the unassailable observation by NPR's Mara Liasson that there are no liberal Democrats who will lose their seats if <Node id="1331"/>the public option<Node id="1348"/> is <Node id="1352"/>left out<Node id="1360"/>, while there are many moderate Democrats who could lose their seats if <Node id="1432"/>the public option<Node id="1449"/> is <Node id="1453"/>included<Node id="1461"/>.
<Node id="1463"/>(2)
 <Node id="1468"/>Jettison<Node id="1476"/> <Node id="1477"/>any reference to end-of-life counseling<Node id="1516"/>.<Node id="1517"/>
 <Node id="1519"/>People see (correctly) such <Node id="1547"/>Medicare-paid advice<Node id="1567"/> as subtle encouragement to voluntarily <Node id="1607"/>refuse<Node id="1613"/> <Node id="1614"/>treatment<Node id="1623"/>.<Node id="1624"/> <Node id="1625"/>People don't want government involvement in a process they consider the private province of patient, family and doctor.
<Node id="1745"/>The Senate<Node id="1755"/> is already <Node id="1767"/>dropping<Node id="1775"/> <Node id="1776"/>it<Node id="1778"/>.
<Node id="1780"/>The House must follow<Node id="1801"/>.
(3)
 <Node id="1808"/>Soft-pedal the idea of government committees determining "best practices."<Node id="1882"/> <Node id="1883"/>President Obama's Federal Coordinating Council for Comparative Effectiveness Research was sold as simply <Node id="1988"/>government<Node id="1998"/> <Node id="1999"/>helping<Node id="2006"/> <Node id="2007"/>doctors<Node id="2014"/> choose the best treatments<Node id="2041"/>. <Node id="2043"/>But there are dozens of medical journal review articles that do just that.<Node id="2117"/>
<Node id="2118"/>The real purpose of <Node id="2138"/>FCCCERs<Node id="2145"/> is ultimately to <Node id="2163"/>establish<Node id="2172"/> <Node id="2173"/>official criteria for <Node id="2195"/>denying<Node id="2202"/> <Node id="2203"/>reimbursement to less favored (because presumably less effective) treatments<Node id="2279"/>
- precisely the triage done by the NICE committee in Britain,<Node id="2341"/> the Orwellian body<Node id="2360"/> that once <Node id="2371"/>blocked<Node id="2378"/> <Node id="2379"/>access to a certain expensive anti-blindness drug<Node id="2428"/> until you went blind in one eye<Node id="2460"/>.
(4)
<Node id="2466"/>More generally, <Node id="2482"/>abandon<Node id="2489"/> <Node id="2490"/>the whole idea of Obamacare as cost-cutting<Node id="2533"/>.<Node id="2534"/> <Node id="2535"/>True, it was <Node id="2548"/>Obama<Node id="2553"/>'s original rationale for <Node id="2579"/>creating<Node id="2587"/> <Node id="2588"/>a whole new entitlement<Node id="2611"/> at a time of a sinking economy and a bankrupt Treasury<Node id="2666"/>.
But, as many universal-health-care liberals complain, selling pain is poor salesmanship.
(5)
<Node id="2761"/>Promise nothing but pleasure - for now<Node id="2799"/>.
<Node id="2801"/>Make health insurance universal and permanently protected<Node id="2858"/>. <Node id="2860"/>Tear up<Node id="2867"/> <Node id="2868"/>the existing bills<Node id="2886"/> and <Node id="2891"/>write<Node id="2896"/> <Node id="2897"/>a clean one<Node id="2908"/> - <Node id="2911"/>Obamacare 2<Node id="2922"/> - <Node id="2925"/>promulgating<Node id="2937"/> <Node id="2938"/>draconian <Node id="2948"/>health-insurance regulation<Node id="2975"/> that <Node id="2981"/>prohibits<Node id="2990"/> (a) <Node id="2995"/>denying<Node id="3002"/> <Node id="3003"/>coverage for pre-existing conditions<Node id="3039"/>, (b) <Node id="3045"/>dropping<Node id="3053"/> <Node id="3054"/>coverage<Node id="3062"/> if the client gets sick, and (c) <Node id="3096"/>capping<Node id="3103"/> <Node id="3104"/>insurance company reimbursement<Node id="3135"/>.
What's not to like?
If you have insurance, you'll never lose it. <Node id="3202"/>Nor<Node id="3205"/> will <Node id="3211"/>your children<Node id="3224"/> ever be <Node id="3233"/>denied<Node id="3239"/> coverage for pre-existing conditions.
The regulated insurance companies will get two things in return.
<Node id="3343"/>Government<Node id="3353"/> will <Node id="3359"/>impose<Node id="3365"/> <Node id="3366"/>an individual mandate<Node id="3387"/> that will <Node id="3398"/>force<Node id="3403"/> the purchase of <Node id="3420"/>health insurance<Node id="3436"/> on<Node id="3439"/> <Node id="3440"/>the millions of healthy young people<Node id="3476"/> who today <Node id="3487"/>forgo<Node id="3492"/> <Node id="3493"/>it<Node id="3495"/>.
And <Node id="3501"/>government<Node id="3511"/> will <Node id="3517"/>subsidize<Node id="3526"/> <Node id="3527"/>all the others who are too poor to buy health insurance<Node id="3582"/>.
The result?
 <Node id="3597"/>Two enormous new revenue streams<Node id="3629"/> <Node id="3630"/>created<Node id="3637"/> by <Node id="3641"/>government<Node id="3651"/> for the insurance companies.
<Node id="3681"/>And here's what <Node id="3697"/>makes it so politically seductive<Node id="3730"/>: The end result is the liberal dream of universal and guaranteed coverage - but without overt nationalization<Node id="3840"/>. It is all done through private insurance companies. Ostensibly private.

<Node id="3915"/>They will, in reality, have been <Node id="3948"/>turned into<Node id="3959"/> government utilities<Node id="3980"/>. <Node id="3982"/>No longer able to control whom they can enroll, whom they can drop and how much they can limit their own liability<Node id="4096"/>, they will live off government largesse - subsidized premiums from the poor; forced premiums from the young and healthy<Node id="4216"/>.
<Node id="4218"/>It's the perfect finesse - government health care by proxy<Node id="4276"/>.
<Node id="4278"/>And because it's proxy, and because <Node id="4314"/>it<Node id="4316"/> will <Node id="4322"/>guarantee<Node id="4331"/> <Node id="4332"/>access to<Node id="4341"/> (supposedly) private health insurance - something that enjoys considerable Republican support<Node id="4435"/> - it will pass with wide bipartisan backing and <Node id="4484"/>give Obama a resounding political victory<Node id="4525"/>.
 Isn't there a catch? Of course, there is.
<Node id="4570"/>This scheme is the ultimate bait-and-switch<Node id="4613"/>.
<Node id="4615"/>The pleasure comes now, the pain later<Node id="4653"/>. <Node id="4655"/>Government-subsidized universal and virtually unlimited coverage<Node id="4719"/> will vastly <Node id="4732"/>compound<Node id="4740"/> <Node id="4741"/>already out-of-control government spending on health care<Node id="4798"/>.
<Node id="4800"/>The financial and budgetary consequences will be catastrophic.<Node id="4862"/> <Node id="4863"/>However, they will not appear immediately<Node id="4904"/>.
<Node id="4906"/>And when they do, the only solution will be rationing<Node id="4959"/>. <Node id="4961"/>That's when the liberals will <Node id="4991"/>give the FCCCER regulatory power and give you end-of-life counseling<Node id="5059"/>.<Node id="5060"/>
<Node id="5061"/>But by then, resistance will be feeble<Node id="5099"/>.
Why?
<Node id="5106"/>Because at that point the only remaining option will be to give up the benefits we will have become accustomed to<Node id="5219"/>.
<Node id="5221"/>Once granted, guaranteed universal health care is not relinquished<Node id="5287"/>.
Look at Canada.
Look at Britain.
<Node id="5322"/>They got hooked; now they ration<Node id="5354"/>.
<Node id="5356"/>So will we<Node id="5366"/>.
  Charles Krauthammer's column appears regularly on editorial pages of The Times. His e-mail address is  letters@charleskrauthammer.com
					  2009, The Washington Post Writers Group
<Node id="5551"/></TextWithNodes>
<!-- The default annotation set -->

<AnnotationSet>
<Annotation Id="1" Type="doc" StartNode="1" EndNode="5551">
<Feature>
  <Name className="java.lang.String">id</Name>
  <Value className="java.lang.String">hc002</Value>
</Feature>
<Feature>
  <Name className="java.lang.String">author</Name>
  <Value className="java.lang.String">Charles,Krauthammer</Value>
</Feature>
<Feature>
  <Name className="java.lang.String">source</Name>
  <Value className="java.lang.String">Seattle,Times</Value>
</Feature>
<Feature>
  <Name className="java.lang.String">date</Name>
  <Value className="java.lang.String">20090828</Value>
</Feature>
<Feature>
  <Name className="java.lang.String">side</Name>
  <Value className="java.lang.String">anti</Value>
</Feature>
<Feature>
  <Name className="java.lang.String">url</Name>
  <Value className="java.lang.String">http://seattletimes.nwsource.com/html/editorialsopinion/2009766543_krauthammer29.html </Value>
</Feature>
</Annotation>
<Annotation Id="2" Type="arg" StartNode="549" EndNode="578">
<Feature>
  <Name className="java.lang.String">type</Name>
  <Value className="java.lang.String">label</Value>
</Feature>
<Feature>
  <Name className="java.lang.String">ss-label</Name>
  <Value className="java.lang.String">bill_should_be_defunded/not_passed</Value>
</Feature>
<Feature>
  <Name className="java.lang.String">polarity</Name>
  <Value className="java.lang.String">negative</Value>
</Feature>
</Annotation>
<Annotation Id="3" Type="arg" StartNode="581" EndNode="792">
<Feature>
  <Name className="java.lang.String">type</Name>
  <Value className="java.lang.String">label</Value>
</Feature>
<Feature>
  <Name className="java.lang.String">ss-label</Name>
  <Value className="java.lang.String">unpopular_among_public</Value>
</Feature>
<Feature>
  <Name className="java.lang.String">polarity</Name>
  <Value className="java.lang.String">negative</Value>
</Feature>
</Annotation>
<Annotation Id="4" Type="arg" StartNode="793" EndNode="896">
<Feature>
  <Name className="java.lang.String">type</Name>
  <Value className="java.lang.String">label</Value>
</Feature>
<Feature>
  <Name className="java.lang.String">ss-label</Name>
  <Value className="java.lang.String">expanding_coverage_is_too_costly</Value>
</Feature>
<Feature>
  <Name className="java.lang.String">polarity</Name>
  <Value className="java.lang.String">negative</Value>
</Feature>
</Annotation>
<Annotation Id="5" Type="arg" StartNode="906" EndNode="976">
<Feature>
  <Name className="java.lang.String">prospect</Name>
  <Value className="java.lang.String">loss</Value>
</Feature>
<Feature>
  <Name className="java.lang.String">ss-label</Name>
  <Value className="java.lang.String">cuts_medicare</Value>
</Feature>
<Feature>
  <Name className="java.lang.String">type</Name>
  <Value className="java.lang.String">label</Value>
</Feature>
<Feature>
  <Name className="java.lang.String">group</Name>
  <Value className="java.lang.String">self-group</Value>
</Feature>
<Feature>
  <Name className="java.lang.String">polarity</Name>
  <Value className="java.lang.String">negative</Value>
</Feature>
</Annotation>
<Annotation Id="6" Type="arg" StartNode="1093" EndNode="1119">
<Feature>
  <Name className="java.lang.String">ss-label</Name>
  <Value className="java.lang.String">public_option_unpopular</Value>
</Feature>
<Feature>
  <Name className="java.lang.String">unclear</Name>
  <Value className="java.lang.String">true</Value>
</Feature>
<Feature>
  <Name className="java.lang.String">type</Name>
  <Value className="java.lang.String">label</Value>
</Feature>
<Feature>
  <Name className="java.lang.String">polarity</Name>
  <Value className="java.lang.String">positive</Value>
</Feature>
</Annotation>
<Annotation Id="7" Type="rel" StartNode="1185" EndNode="1463">
<Feature>
  <Name className="java.lang.String">type</Name>
  <Value className="java.lang.String">label</Value>
</Feature>
<Feature>
  <Name className="java.lang.String">ss-label</Name>
  <Value className="java.lang.String">public_option_unpopular</Value>
</Feature>
</Annotation>
<Annotation Id="8" Type="arg" StartNode="1468" EndNode="1517">
<Feature>
  <Name className="java.lang.String">type</Name>
  <Value className="java.lang.String">label</Value>
</Feature>
<Feature>
  <Name className="java.lang.String">ss-label</Name>
  <Value className="java.lang.String">people_discouraged_from_seeking_care</Value>
</Feature>
<Feature>
  <Name className="java.lang.String">polarity</Name>
  <Value className="java.lang.String">positive</Value>
</Feature>
</Annotation>
<Annotation Id="9" Type="rel" StartNode="1519" EndNode="1624">
<Feature>
  <Name className="java.lang.String">type</Name>
  <Value className="java.lang.String">label</Value>
</Feature>
<Feature>
  <Name className="java.lang.String">ss-label</Name>
  <Value className="java.lang.String">people_discouraged_from_seeking_care</Value>
</Feature>
</Annotation>
<Annotation Id="10" Type="arg" StartNode="1625" EndNode="1745">
<Feature>
  <Name className="java.lang.String">prospect</Name>
  <Value className="java.lang.String">loss</Value>
</Feature>
<Feature>
  <Name className="java.lang.String"></Name>
  <Value className="java.lang.String">increases_govt_interference_in_healthcare_decisions</Value>
</Feature>
<Feature>
  <Name className="java.lang.String">unclear</Name>
  <Value className="java.lang.String">true</Value>
</Feature>
<Feature>
  <Name className="java.lang.String">type</Name>
  <Value className="java.lang.String">label</Value>
</Feature>
<Feature>
  <Name className="java.lang.String">group</Name>
  <Value className="java.lang.String">self-group</Value>
</Feature>
<Feature>
  <Name className="java.lang.String">polarity</Name>
  <Value className="java.lang.String">negative</Value>
</Feature>
</Annotation>
<Annotation Id="11" Type="arg" StartNode="1808" EndNode="1882">
<Feature>
  <Name className="java.lang.String">unclear</Name>
  <Value className="java.lang.String">true</Value>
</Feature>
<Feature>
  <Name className="java.lang.String">ss-label</Name>
  <Value className="java.lang.String">govt_determines_what_is_covered</Value>
</Feature>
<Feature>
  <Name className="java.lang.String">type</Name>
  <Value className="java.lang.String">label</Value>
</Feature>
<Feature>
  <Name className="java.lang.String">polarity</Name>
  <Value className="java.lang.String">negative</Value>
</Feature>
</Annotation>
<Annotation Id="12" Type="rel" StartNode="1883" EndNode="2041">
<Feature>
  <Name className="java.lang.String">type</Name>
  <Value className="java.lang.String">label</Value>
</Feature>
<Feature>
  <Name className="java.lang.String">ss-label</Name>
  <Value className="java.lang.String">govt_determines_what_is_covered</Value>
</Feature>
</Annotation>
<Annotation Id="13" Type="arg" StartNode="2118" EndNode="2460">
<Feature>
  <Name className="java.lang.String">prospect</Name>
  <Value className="java.lang.String">loss</Value>
</Feature>
<Feature>
  <Name className="java.lang.String">unclear</Name>
  <Value className="java.lang.String">true</Value>
</Feature>
<Feature>
  <Name className="java.lang.String">ss-label</Name>
  <Value className="java.lang.String">centralizes_healthcare_control</Value>
</Feature>
<Feature>
  <Name className="java.lang.String">type</Name>
  <Value className="java.lang.String">label</Value>
</Feature>
<Feature>
  <Name className="java.lang.String">group</Name>
  <Value className="java.lang.String">self-group</Value>
</Feature>
<Feature>
  <Name className="java.lang.String">polarity</Name>
  <Value className="java.lang.String">negative</Value>
</Feature>
</Annotation>
<Annotation Id="15" Type="arg" StartNode="2466" EndNode="2534">
<Feature>
  <Name className="java.lang.String">unclear</Name>
  <Value className="java.lang.String">true</Value>
</Feature>
<Feature>
  <Name className="java.lang.String">ss-label</Name>
  <Value className="java.lang.String">does_not_control_healthcare_costs</Value>
</Feature>
<Feature>
  <Name className="java.lang.String">type</Name>
  <Value className="java.lang.String">label</Value>
</Feature>
<Feature>
  <Name className="java.lang.String">polarity</Name>
  <Value className="java.lang.String">positive</Value>
</Feature>
</Annotation>
<Annotation Id="17" Type="arg" StartNode="4655" EndNode="4798">
<Feature>
  <Name className="java.lang.String">type</Name>
  <Value className="java.lang.String">label</Value>
</Feature>
<Feature>
  <Name className="java.lang.String">ss-label</Name>
  <Value className="java.lang.String">expanding_coverage_is_too_costly</Value>
</Feature>
<Feature>
  <Name className="java.lang.String">polarity</Name>
  <Value className="java.lang.String">negative</Value>
</Feature>
</Annotation>
<Annotation Id="16" Type="rel" StartNode="2535" EndNode="2666">
<Feature>
  <Name className="java.lang.String">type</Name>
  <Value className="java.lang.String">label</Value>
</Feature>
<Feature>
  <Name className="java.lang.String">ss-label</Name>
  <Value className="java.lang.String">does_not_control_healthcare_costs</Value>
</Feature>
</Annotation>
<Annotation Id="19" Type="arg" StartNode="4906" EndNode="4959">
<Feature>
  <Name className="java.lang.String">prospect</Name>
  <Value className="java.lang.String">loss</Value>
</Feature>
<Feature>
  <Name className="java.lang.String">ss-label</Name>
  <Value className="java.lang.String">healthcare_rationing</Value>
</Feature>
<Feature>
  <Name className="java.lang.String">type</Name>
  <Value className="java.lang.String">label</Value>
</Feature>
<Feature>
  <Name className="java.lang.String">group</Name>
  <Value className="java.lang.String">self-group</Value>
</Feature>
<Feature>
  <Name className="java.lang.String">about-rel</Name>
  <Value className="java.lang.String">r1</Value>
</Feature>
<Feature>
  <Name className="java.lang.String">polarity</Name>
  <Value className="java.lang.String">negative</Value>
</Feature>
</Annotation>
<Annotation Id="18" Type="arg" StartNode="4800" EndNode="4862">
<Feature>
  <Name className="java.lang.String">id</Name>
  <Value className="java.lang.String">r1</Value>
</Feature>
<Feature>
  <Name className="java.lang.String">ss-label</Name>
  <Value className="java.lang.String">expanding_coverage_is_too_costly</Value>
</Feature>
<Feature>
  <Name className="java.lang.String">type</Name>
  <Value className="java.lang.String">label</Value>
</Feature>
<Feature>
  <Name className="java.lang.String">polarity</Name>
  <Value className="java.lang.String">negative</Value>
</Feature>
</Annotation>
<Annotation Id="20" Type="arg" StartNode="4961" EndNode="5060">
<Feature>
  <Name className="java.lang.String">prospect</Name>
  <Value className="java.lang.String">loss</Value>
</Feature>
<Feature>
  <Name className="java.lang.String">ss-label</Name>
  <Value className="java.lang.String">elderly_discouraged_from_seeking_care</Value>
</Feature>
<Feature>
  <Name className="java.lang.String">type</Name>
  <Value className="java.lang.String">label</Value>
</Feature>
<Feature>
  <Name className="java.lang.String">group</Name>
  <Value className="java.lang.String">other-group</Value>
</Feature>
<Feature>
  <Name className="java.lang.String">polarity</Name>
  <Value className="java.lang.String">negative</Value>
</Feature>
</Annotation>
<Annotation Id="23" Type="arg" StartNode="397" EndNode="507">
<Feature>
  <Name className="java.lang.String">prospect</Name>
  <Value className="java.lang.String"></Value>
</Feature>
<Feature>
  <Name className="java.lang.String">ss-label</Name>
  <Value className="java.lang.String">turns_insurance_companies_into_utilities</Value>
</Feature>
<Feature>
  <Name className="java.lang.String">type</Name>
  <Value className="java.lang.String">label</Value>
</Feature>
<Feature>
  <Name className="java.lang.String">polarity</Name>
  <Value className="java.lang.String">negative</Value>
</Feature>
</Annotation>
<Annotation Id="22" Type="arg" StartNode="213" EndNode="357">
<Feature>
  <Name className="java.lang.String">ss-label</Name>
  <Value className="java.lang.String">centralizes_healthcare_control</Value>
</Feature>
<Feature>
  <Name className="java.lang.String">unclear</Name>
  <Value className="java.lang.String">true</Value>
</Feature>
<Feature>
  <Name className="java.lang.String">type</Name>
  <Value className="java.lang.String">label</Value>
</Feature>
<Feature>
  <Name className="java.lang.String">polarity</Name>
  <Value className="java.lang.String">negative</Value>
</Feature>
</Annotation>
<Annotation Id="25" Type="arg" StartNode="1780" EndNode="1801">
<Feature>
  <Name className="java.lang.String">type</Name>
  <Value className="java.lang.String">else</Value>
</Feature>
<Feature>
  <Name className="java.lang.String">polarity</Name>
  <Value className="java.lang.String">positive</Value>
</Feature>
</Annotation>
<Annotation Id="24" Type="arg" StartNode="1121" EndNode="1182">
<Feature>
  <Name className="java.lang.String">type</Name>
  <Value className="java.lang.String">else</Value>
</Feature>
<Feature>
  <Name className="java.lang.String">polarity</Name>
  <Value className="java.lang.String">negative</Value>
</Feature>
</Annotation>
<Annotation Id="27" Type="arg" StartNode="2761" EndNode="2799">
<Feature>
  <Name className="java.lang.String">type</Name>
  <Value className="java.lang.String">else</Value>
</Feature>
<Feature>
  <Name className="java.lang.String">polarity</Name>
  <Value className="java.lang.String">positive</Value>
</Feature>
</Annotation>
<Annotation Id="26" Type="arg" StartNode="2043" EndNode="2117">
<Feature>
  <Name className="java.lang.String">type</Name>
  <Value className="java.lang.String">else</Value>
</Feature>
<Feature>
  <Name className="java.lang.String">polarity</Name>
  <Value className="java.lang.String">positive</Value>
</Feature>
</Annotation>
<Annotation Id="29" Type="arg" StartNode="2860" EndNode="3135">
<Feature>
  <Name className="java.lang.String">type</Name>
  <Value className="java.lang.String">label</Value>
</Feature>
<Feature>
  <Name className="java.lang.String">ss-label</Name>
  <Value className="java.lang.String">smaller_reforms_more_appropriate</Value>
</Feature>
<Feature>
  <Name className="java.lang.String">polarity</Name>
  <Value className="java.lang.String">positive</Value>
</Feature>
</Annotation>
<Annotation Id="28" Type="arg" StartNode="2801" EndNode="2858">
<Feature>
  <Name className="java.lang.String">type</Name>
  <Value className="java.lang.String">else</Value>
</Feature>
<Feature>
  <Name className="java.lang.String">polarity</Name>
  <Value className="java.lang.String">positive</Value>
</Feature>
</Annotation>
<Annotation Id="34" Type="arg" StartNode="3915" EndNode="3980">
<Feature>
  <Name className="java.lang.String">type</Name>
  <Value className="java.lang.String">label</Value>
</Feature>
<Feature>
  <Name className="java.lang.String">ss-label</Name>
  <Value className="java.lang.String">turns_insurance_companies_into_utilities</Value>
</Feature>
<Feature>
  <Name className="java.lang.String">polarity</Name>
  <Value className="java.lang.String">negative</Value>
</Feature>
</Annotation>
<Annotation Id="35" Type="arg" StartNode="3982" EndNode="4216">
<Feature>
  <Name className="java.lang.String">type</Name>
  <Value className="java.lang.String">label</Value>
</Feature>
<Feature>
  <Name className="java.lang.String">ss-label</Name>
  <Value className="java.lang.String">turns_insurance_companies_into_utilities</Value>
</Feature>
<Feature>
  <Name className="java.lang.String">polarity</Name>
  <Value className="java.lang.String">negative</Value>
</Feature>
</Annotation>
<Annotation Id="32" Type="arg" StartNode="3681" EndNode="3840">
<Feature>
  <Name className="java.lang.String">type</Name>
  <Value className="java.lang.String">label</Value>
</Feature>
<Feature>
  <Name className="java.lang.String">ss-label</Name>
  <Value className="java.lang.String">turns_insurance_companies_into_utilities</Value>
</Feature>
<Feature>
  <Name className="java.lang.String">polarity</Name>
  <Value className="java.lang.String">negative</Value>
</Feature>
</Annotation>
<Annotation Id="38" Type="arg" StartNode="5221" EndNode="5287">
<Feature>
  <Name className="java.lang.String">type</Name>
  <Value className="java.lang.String">label</Value>
</Feature>
<Feature>
  <Name className="java.lang.String">ss-label</Name>
  <Value className="java.lang.String">bill_cannot_be_undone</Value>
</Feature>
<Feature>
  <Name className="java.lang.String">polarity</Name>
  <Value className="java.lang.String">negative</Value>
</Feature>
</Annotation>
<Annotation Id="39" Type="arg" StartNode="5356" EndNode="5366">
<Feature>
  <Name className="java.lang.String">type</Name>
  <Value className="java.lang.String">else</Value>
</Feature>
<Feature>
  <Name className="java.lang.String">polarity</Name>
  <Value className="java.lang.String">negative</Value>
</Feature>
</Annotation>
<Annotation Id="36" Type="arg" StartNode="4218" EndNode="4276">
<Feature>
  <Name className="java.lang.String">type</Name>
  <Value className="java.lang.String">label</Value>
</Feature>
<Feature>
  <Name className="java.lang.String">ss-label</Name>
  <Value className="java.lang.String">turns_insurance_companies_into_utilities</Value>
</Feature>
<Feature>
  <Name className="java.lang.String">polarity</Name>
  <Value className="java.lang.String">negative</Value>
</Feature>
</Annotation>
<Annotation Id="37" Type="arg" StartNode="4278" EndNode="4525">
</Annotation>
<Annotation Id="42" Type="arg" StartNode="5061" EndNode="5099">
<Feature>
  <Name className="java.lang.String">type</Name>
  <Value className="java.lang.String">label</Value>
</Feature>
<Feature>
  <Name className="java.lang.String">ss-label</Name>
  <Value className="java.lang.String">bill_cannot_be_undone</Value>
</Feature>
<Feature>
  <Name className="java.lang.String">polarity</Name>
  <Value className="java.lang.String">negative</Value>
</Feature>
</Annotation>
<Annotation Id="43" Type="arg" StartNode="4570" EndNode="4613">
<Feature>
  <Name className="java.lang.String">type</Name>
  <Value className="java.lang.String">label</Value>
</Feature>
<Feature>
  <Name className="java.lang.String">ss-label</Name>
  <Value className="java.lang.String">bill_should_be_defunded/not_passed</Value>
</Feature>
<Feature>
  <Name className="java.lang.String">polarity</Name>
  <Value className="java.lang.String">negative</Value>
</Feature>
</Annotation>
<Annotation Id="40" Type="rel" StartNode="5322" EndNode="5354">
<Feature>
  <Name className="java.lang.String">type</Name>
  <Value className="java.lang.String">label</Value>
</Feature>
<Feature>
  <Name className="java.lang.String">ss-label</Name>
  <Value className="java.lang.String">healthcare_rationing</Value>
</Feature>
<Feature>
  <Name className="java.lang.String">polarity</Name>
  <Value className="java.lang.String">negative</Value>
</Feature>
</Annotation>
<Annotation Id="41" Type="rel" StartNode="5106" EndNode="5219">
<Feature>
  <Name className="java.lang.String">type</Name>
  <Value className="java.lang.String">label</Value>
</Feature>
<Feature>
  <Name className="java.lang.String">ss-label</Name>
  <Value className="java.lang.String">bill_cannot_be_undone</Value>
</Feature>
</Annotation>
<Annotation Id="46" Type="gfbf" StartNode="2482" EndNode="2489">
<Feature>
  <Name className="java.lang.String">agentId</Name>
  <Value className="java.lang.String">implicit</Value>
</Feature>
<Feature>
  <Name className="java.lang.String">polarity</Name>
  <Value className="java.lang.String">badfor</Value>
</Feature>
<Feature>
  <Name className="java.lang.String">objectId</Name>
  <Value className="java.lang.String">47</Value>
</Feature>
</Annotation>
<Annotation Id="47" Type="gfbf-object" StartNode="2490" EndNode="2533">
<Feature>
  <Name className="java.lang.String">writerAtt</Name>
  <Value className="java.lang.String">negative</Value>
</Feature>
</Annotation>
<Annotation Id="44" Type="arg" StartNode="4615" EndNode="4653">
<Feature>
  <Name className="java.lang.String">type</Name>
  <Value className="java.lang.String">label</Value>
</Feature>
<Feature>
  <Name className="java.lang.String">ss-label</Name>
  <Value className="java.lang.String">bill_should_be_defunded/not_passed</Value>
</Feature>
<Feature>
  <Name className="java.lang.String">polarity</Name>
  <Value className="java.lang.String">negative</Value>
</Feature>
</Annotation>
<Annotation Id="45" Type="rel" StartNode="4863" EndNode="4904">
<Feature>
  <Name className="java.lang.String">type</Name>
  <Value className="java.lang.String">label</Value>
</Feature>
<Feature>
  <Name className="java.lang.String">ss-label</Name>
  <Value className="java.lang.String">expanding_coverage_is_too_costly</Value>
</Feature>
</Annotation>
<Annotation Id="51" Type="gfbf" StartNode="2860" EndNode="2867">
<Feature>
  <Name className="java.lang.String">agentId</Name>
  <Value className="java.lang.String">implicit</Value>
</Feature>
<Feature>
  <Name className="java.lang.String">polarity</Name>
  <Value className="java.lang.String">badfor</Value>
</Feature>
<Feature>
  <Name className="java.lang.String">objectId</Name>
  <Value className="java.lang.String">52</Value>
</Feature>
</Annotation>
<Annotation Id="50" Type="gfbf-object" StartNode="2588" EndNode="2611">
<Feature>
  <Name className="java.lang.String">comment</Name>
  <Value className="java.lang.String">depend on at a time of ...</Value>
</Feature>
<Feature>
  <Name className="java.lang.String">unclear</Name>
  <Value className="java.lang.String">true</Value>
</Feature>
<Feature>
  <Name className="java.lang.String">writerAtt</Name>
  <Value className="java.lang.String">negative</Value>
</Feature>
</Annotation>
<Annotation Id="49" Type="gfbf" StartNode="2579" EndNode="2587">
<Feature>
  <Name className="java.lang.String">agentId</Name>
  <Value className="java.lang.String">83</Value>
</Feature>
<Feature>
  <Name className="java.lang.String">objectId</Name>
  <Value className="java.lang.String">50</Value>
</Feature>
<Feature>
  <Name className="java.lang.String">polarity</Name>
  <Value className="java.lang.String">goodfor</Value>
</Feature>
</Annotation>
<Annotation Id="55" Type="influencer" StartNode="2981" EndNode="2990">
<Feature>
  <Name className="java.lang.String">effect</Name>
  <Value className="java.lang.String">reverse</Value>
</Feature>
<Feature>
  <Name className="java.lang.String">agentId</Name>
  <Value className="java.lang.String">138</Value>
</Feature>
<Feature>
  <Name className="java.lang.String">objectId</Name>
  <Value className="java.lang.String">56</Value>
</Feature>
</Annotation>
<Annotation Id="53" Type="gfbf" StartNode="2925" EndNode="2937">
<Feature>
  <Name className="java.lang.String">agentId</Name>
  <Value className="java.lang.String">161</Value>
</Feature>
<Feature>
  <Name className="java.lang.String">objectId</Name>
  <Value className="java.lang.String">155</Value>
</Feature>
<Feature>
  <Name className="java.lang.String">polarity</Name>
  <Value className="java.lang.String">goodfor</Value>
</Feature>
</Annotation>
<Annotation Id="52" Type="gfbf-object" StartNode="2868" EndNode="2886">
<Feature>
  <Name className="java.lang.String">writerAtt</Name>
  <Value className="java.lang.String">negative</Value>
</Feature>
</Annotation>
<Annotation Id="59" Type="gfbf-object" StartNode="3054" EndNode="3062">
<Feature>
  <Name className="java.lang.String">writerAtt</Name>
  <Value className="java.lang.String">positive</Value>
</Feature>
</Annotation>
<Annotation Id="58" Type="gfbf" StartNode="3045" EndNode="3053">
<Feature>
  <Name className="java.lang.String">agentId</Name>
  <Value className="java.lang.String">implicit</Value>
</Feature>
<Feature>
  <Name className="java.lang.String">objectId</Name>
  <Value className="java.lang.String">59</Value>
</Feature>
<Feature>
  <Name className="java.lang.String">polarity</Name>
  <Value className="java.lang.String">badfor</Value>
</Feature>
</Annotation>
<Annotation Id="57" Type="gfbf-object" StartNode="3003" EndNode="3039">
<Feature>
  <Name className="java.lang.String">writerAtt</Name>
  <Value className="java.lang.String">positive</Value>
</Feature>
</Annotation>
<Annotation Id="56" Type="gfbf" StartNode="2995" EndNode="3002">
<Feature>
  <Name className="java.lang.String">agentId</Name>
  <Value className="java.lang.String">implicit</Value>
</Feature>
<Feature>
  <Name className="java.lang.String">polarity</Name>
  <Value className="java.lang.String">badfor</Value>
</Feature>
<Feature>
  <Name className="java.lang.String">objectId</Name>
  <Value className="java.lang.String">57</Value>
</Feature>
</Annotation>
<Annotation Id="63" Type="gfbf" StartNode="843" EndNode="849">
<Feature>
  <Name className="java.lang.String">agentId</Name>
  <Value className="java.lang.String">implicit</Value>
</Feature>
<Feature>
  <Name className="java.lang.String">objectId</Name>
  <Value className="java.lang.String">64</Value>
</Feature>
<Feature>
  <Name className="java.lang.String">polarity</Name>
  <Value className="java.lang.String">goodfor</Value>
</Feature>
</Annotation>
<Annotation Id="61" Type="gfbf" StartNode="4732" EndNode="4740">
<Feature>
  <Name className="java.lang.String">agentId</Name>
  <Value className="java.lang.String">81</Value>
</Feature>
<Feature>
  <Name className="java.lang.String">polarity</Name>
  <Value className="java.lang.String">goodfor</Value>
</Feature>
<Feature>
  <Name className="java.lang.String">objectId</Name>
  <Value className="java.lang.String">86</Value>
</Feature>
</Annotation>
<Annotation Id="60" Type="others" StartNode="4484" EndNode="4525">
<Feature>
  <Name className="java.lang.String">comment</Name>
  <Value className="java.lang.String">give sb sth</Value>
</Feature>
</Annotation>
<Annotation Id="69" Type="others" StartNode="906" EndNode="976">
<Feature>
  <Name className="java.lang.String">comment</Name>
  <Value className="java.lang.String">I don't know how to deal with this</Value>
</Feature>
</Annotation>
<Annotation Id="70" Type="gfbf" StartNode="1468" EndNode="1476">
<Feature>
  <Name className="java.lang.String">agentId</Name>
  <Value className="java.lang.String">implicit</Value>
</Feature>
<Feature>
  <Name className="java.lang.String">polarity</Name>
  <Value className="java.lang.String">badfor</Value>
</Feature>
<Feature>
  <Name className="java.lang.String">objectId</Name>
  <Value className="java.lang.String">71</Value>
</Feature>
</Annotation>
<Annotation Id="71" Type="gfbf-object" StartNode="1477" EndNode="1516">
<Feature>
  <Name className="java.lang.String">unclear</Name>
  <Value className="java.lang.String">true</Value>
</Feature>
<Feature>
  <Name className="java.lang.String">writerAtt</Name>
  <Value className="java.lang.String">negative</Value>
</Feature>
</Annotation>
<Annotation Id="64" Type="gfbf-object" StartNode="850" EndNode="858">
<Feature>
  <Name className="java.lang.String">writerAtt</Name>
  <Value className="java.lang.String">positive</Value>
</Feature>
</Annotation>
<Annotation Id="66" Type="gfbf" StartNode="863" EndNode="869">
<Feature>
  <Name className="java.lang.String">agentId</Name>
  <Value className="java.lang.String">implicit</Value>
</Feature>
<Feature>
  <Name className="java.lang.String">objectId</Name>
  <Value className="java.lang.String">67</Value>
</Feature>
<Feature>
  <Name className="java.lang.String">polarity</Name>
  <Value className="java.lang.String">badfor</Value>
</Feature>
</Annotation>
<Annotation Id="67" Type="gfbf-object" StartNode="870" EndNode="875">
<Feature>
  <Name className="java.lang.String">writerAtt</Name>
  <Value className="java.lang.String">negative</Value>
</Feature>
</Annotation>
<Annotation Id="76" Type="others" StartNode="3948" EndNode="3959">
<Feature>
  <Name className="java.lang.String">comment</Name>
  <Value className="java.lang.String">turn sth into sth</Value>
</Feature>
</Annotation>
<Annotation Id="79" Type="others" StartNode="4322" EndNode="4341">
<Feature>
  <Name className="java.lang.String">comment</Name>
  <Value className="java.lang.String">it's not obvious goodFor or badFor</Value>
</Feature>
</Annotation>
<Annotation Id="73" Type="gfbf" StartNode="3096" EndNode="3103">
<Feature>
  <Name className="java.lang.String">agentId</Name>
  <Value className="java.lang.String">implicit</Value>
</Feature>
<Feature>
  <Name className="java.lang.String">objectId</Name>
  <Value className="java.lang.String">74</Value>
</Feature>
<Feature>
  <Name className="java.lang.String">polarity</Name>
  <Value className="java.lang.String">badfor</Value>
</Feature>
</Annotation>
<Annotation Id="74" Type="gfbf-object" StartNode="3104" EndNode="3135">
<Feature>
  <Name className="java.lang.String">writerAtt</Name>
  <Value className="java.lang.String">positive</Value>
</Feature>
</Annotation>
<Annotation Id="75" Type="others" StartNode="3697" EndNode="3730">
<Feature>
  <Name className="java.lang.String">comment</Name>
  <Value className="java.lang.String">make it ADJ</Value>
</Feature>
</Annotation>
<Annotation Id="87" Type="gfbf" StartNode="906" EndNode="931">
<Feature>
  <Name className="java.lang.String">agentId</Name>
  <Value className="java.lang.String">implicit</Value>
</Feature>
<Feature>
  <Name className="java.lang.String">objectId</Name>
  <Value className="java.lang.String">88</Value>
</Feature>
<Feature>
  <Name className="java.lang.String">polarity</Name>
  <Value className="java.lang.String">badfor</Value>
</Feature>
</Annotation>
<Annotation Id="86" Type="gfbf-object" StartNode="4741" EndNode="4798">
<Feature>
  <Name className="java.lang.String">writerAtt</Name>
  <Value className="java.lang.String">negative</Value>
</Feature>
</Annotation>
<Annotation Id="81" Type="gfbf-agent" StartNode="4655" EndNode="4719">
<Feature>
  <Name className="java.lang.String">writerAtt</Name>
  <Value className="java.lang.String">negative</Value>
</Feature>
</Annotation>
<Annotation Id="80" Type="others" StartNode="3982" EndNode="4096">
</Annotation>
<Annotation Id="83" Type="gfbf-agent" StartNode="2548" EndNode="2553">
<Feature>
  <Name className="java.lang.String">unclear</Name>
  <Value className="java.lang.String">true</Value>
</Feature>
<Feature>
  <Name className="java.lang.String">writerAtt</Name>
  <Value className="java.lang.String">negative</Value>
</Feature>
</Annotation>
<Annotation Id="82" Type="others" StartNode="4991" EndNode="5059">
<Feature>
  <Name className="java.lang.String">comment</Name>
  <Value className="java.lang.String">give sb sth</Value>
</Feature>
</Annotation>
<Annotation Id="93" Type="gfbf" StartNode="1607" EndNode="1613">
<Feature>
  <Name className="java.lang.String">agentId</Name>
  <Value className="java.lang.String">implicit</Value>
</Feature>
<Feature>
  <Name className="java.lang.String">objectId</Name>
  <Value className="java.lang.String">94</Value>
</Feature>
<Feature>
  <Name className="java.lang.String">polarity</Name>
  <Value className="java.lang.String">badfor</Value>
</Feature>
</Annotation>
<Annotation Id="95" Type="gfbf" StartNode="1767" EndNode="1775">
<Feature>
  <Name className="java.lang.String">agentId</Name>
  <Value className="java.lang.String">96</Value>
</Feature>
<Feature>
  <Name className="java.lang.String">polarity</Name>
  <Value className="java.lang.String">badfor</Value>
</Feature>
<Feature>
  <Name className="java.lang.String">objectId</Name>
  <Value className="java.lang.String">97</Value>
</Feature>
</Annotation>
<Annotation Id="94" Type="gfbf-object" StartNode="1614" EndNode="1623">
<Feature>
  <Name className="java.lang.String">writerAtt</Name>
  <Value className="java.lang.String">positive</Value>
</Feature>
</Annotation>
<Annotation Id="88" Type="gfbf-object" StartNode="932" EndNode="940">
<Feature>
  <Name className="java.lang.String">writerAtt</Name>
  <Value className="java.lang.String">positive</Value>
</Feature>
</Annotation>
<Annotation Id="103" Type="gfbf" StartNode="2163" EndNode="2172">
<Feature>
  <Name className="java.lang.String">agentId</Name>
  <Value className="java.lang.String">152</Value>
</Feature>
<Feature>
  <Name className="java.lang.String">objectId</Name>
  <Value className="java.lang.String">136</Value>
</Feature>
<Feature>
  <Name className="java.lang.String">polarity</Name>
  <Value className="java.lang.String">goodfor</Value>
</Feature>
</Annotation>
<Annotation Id="100" Type="gfbf-object" StartNode="2007" EndNode="2014">
<Feature>
  <Name className="java.lang.String">writerAtt</Name>
  <Value className="java.lang.String">positive</Value>
</Feature>
</Annotation>
<Annotation Id="101" Type="gfbf-agent" StartNode="1988" EndNode="1998">
<Feature>
  <Name className="java.lang.String">unclear</Name>
  <Value className="java.lang.String"></Value>
</Feature>
<Feature>
  <Name className="java.lang.String">writerAtt</Name>
  <Value className="java.lang.String">negative</Value>
</Feature>
</Annotation>
<Annotation Id="98" Type="referent" StartNode="1547" EndNode="1567">
</Annotation>
<Annotation Id="99" Type="gfbf" StartNode="1999" EndNode="2006">
<Feature>
  <Name className="java.lang.String">agentId</Name>
  <Value className="java.lang.String">101</Value>
</Feature>
<Feature>
  <Name className="java.lang.String">objectId</Name>
  <Value className="java.lang.String">100</Value>
</Feature>
<Feature>
  <Name className="java.lang.String">polarity</Name>
  <Value className="java.lang.String">goodfor</Value>
</Feature>
</Annotation>
<Annotation Id="96" Type="gfbf-agent" StartNode="1745" EndNode="1755">
<Feature>
  <Name className="java.lang.String">writerAtt</Name>
  <Value className="java.lang.String">positive</Value>
</Feature>
</Annotation>
<Annotation Id="97" Type="gfbf-object" StartNode="1776" EndNode="1778">
<Feature>
  <Name className="java.lang.String">referentId</Name>
  <Value className="java.lang.String">98</Value>
</Feature>
<Feature>
  <Name className="java.lang.String">writerAtt</Name>
  <Value className="java.lang.String">negative</Value>
</Feature>
<Feature>
  <Name className="java.lang.String">refererence</Name>
  <Value className="java.lang.String">true</Value>
</Feature>
</Annotation>
<Annotation Id="111" Type="gfbf-agent" StartNode="2341" EndNode="2360">
<Feature>
  <Name className="java.lang.String">writerAtt</Name>
  <Value className="java.lang.String">negative</Value>
</Feature>
</Annotation>
<Annotation Id="108" Type="gfbf" StartNode="2371" EndNode="2378">
<Feature>
  <Name className="java.lang.String">agentId</Name>
  <Value className="java.lang.String">111</Value>
</Feature>
<Feature>
  <Name className="java.lang.String">objectId</Name>
  <Value className="java.lang.String">109</Value>
</Feature>
<Feature>
  <Name className="java.lang.String">polarity</Name>
  <Value className="java.lang.String">badfor</Value>
</Feature>
</Annotation>
<Annotation Id="109" Type="gfbf-object" StartNode="2379" EndNode="2428">
<Feature>
  <Name className="java.lang.String">writerAtt</Name>
  <Value className="java.lang.String">positive</Value>
</Feature>
</Annotation>
<Annotation Id="106" Type="gfbf" StartNode="2195" EndNode="2202">
<Feature>
  <Name className="java.lang.String">agentId</Name>
  <Value className="java.lang.String">implicit</Value>
</Feature>
<Feature>
  <Name className="java.lang.String">objectId</Name>
  <Value className="java.lang.String">107</Value>
</Feature>
<Feature>
  <Name className="java.lang.String">polarity</Name>
  <Value className="java.lang.String">badfor</Value>
</Feature>
</Annotation>
<Annotation Id="107" Type="gfbf-object" StartNode="2203" EndNode="2279">
<Feature>
  <Name className="java.lang.String">writerAtt</Name>
  <Value className="java.lang.String">positive</Value>
</Feature>
</Annotation>
<Annotation Id="119" Type="gfbf-object" StartNode="3493" EndNode="3495">
<Feature>
  <Name className="java.lang.String">referentId</Name>
  <Value className="java.lang.String">121</Value>
</Feature>
<Feature>
  <Name className="java.lang.String">refererence</Name>
  <Value className="java.lang.String">true</Value>
</Feature>
<Feature>
  <Name className="java.lang.String">writerAtt</Name>
  <Value className="java.lang.String">positive</Value>
</Feature>
</Annotation>
<Annotation Id="118" Type="gfbf" StartNode="3487" EndNode="3492">
<Feature>
  <Name className="java.lang.String">agentId</Name>
  <Value className="java.lang.String">122</Value>
</Feature>
<Feature>
  <Name className="java.lang.String">objectId</Name>
  <Value className="java.lang.String">119</Value>
</Feature>
<Feature>
  <Name className="java.lang.String">polarity</Name>
  <Value className="java.lang.String">badfor</Value>
</Feature>
</Annotation>
<Annotation Id="117" Type="gfbf-agent" StartNode="3343" EndNode="3353">
<Feature>
  <Name className="java.lang.String">writerAtt</Name>
  <Value className="java.lang.String">positive</Value>
</Feature>
</Annotation>
<Annotation Id="116" Type="gfbf-object" StartNode="3366" EndNode="3495">
<Feature>
  <Name className="java.lang.String">writerAtt</Name>
  <Value className="java.lang.String">negative</Value>
</Feature>
</Annotation>
<Annotation Id="115" Type="gfbf" StartNode="3359" EndNode="3365">
<Feature>
  <Name className="java.lang.String">agentId</Name>
  <Value className="java.lang.String">117</Value>
</Feature>
<Feature>
  <Name className="java.lang.String">objectId</Name>
  <Value className="java.lang.String">116</Value>
</Feature>
<Feature>
  <Name className="java.lang.String">polarity</Name>
  <Value className="java.lang.String">goodfor</Value>
</Feature>
</Annotation>
<Annotation Id="114" Type="others" StartNode="3398" EndNode="3439">
<Feature>
  <Name className="java.lang.String">comment</Name>
  <Value className="java.lang.String">force sth on sb</Value>
</Feature>
</Annotation>
<Annotation Id="112" Type="referent" StartNode="2911" EndNode="2922">
<Feature>
  <Name className="java.lang.String">writerAtt</Name>
  <Value className="java.lang.String">positive</Value>
</Feature>
</Annotation>
<Annotation Id="127" Type="gfbf-agent" StartNode="3641" EndNode="3651">
<Feature>
  <Name className="java.lang.String">unclear</Name>
  <Value className="java.lang.String">true</Value>
</Feature>
<Feature>
  <Name className="java.lang.String">writerAtt</Name>
  <Value className="java.lang.String">positive</Value>
</Feature>
</Annotation>
<Annotation Id="126" Type="gfbf" StartNode="3630" EndNode="3637">
<Feature>
  <Name className="java.lang.String">agentId</Name>
  <Value className="java.lang.String">127</Value>
</Feature>
<Feature>
  <Name className="java.lang.String">objectId</Name>
  <Value className="java.lang.String">128</Value>
</Feature>
<Feature>
  <Name className="java.lang.String">polarity</Name>
  <Value className="java.lang.String">goodfor</Value>
</Feature>
</Annotation>
<Annotation Id="125" Type="gfbf-agent" StartNode="3501" EndNode="3511">
<Feature>
  <Name className="java.lang.String">writerAtt</Name>
  <Value className="java.lang.String">negative</Value>
</Feature>
</Annotation>
<Annotation Id="124" Type="gfbf-object" StartNode="3527" EndNode="3582">
<Feature>
  <Name className="java.lang.String">writerAtt</Name>
  <Value className="java.lang.String">positive</Value>
</Feature>
</Annotation>
<Annotation Id="123" Type="gfbf" StartNode="3517" EndNode="3526">
<Feature>
  <Name className="java.lang.String">agentId</Name>
  <Value className="java.lang.String">125</Value>
</Feature>
<Feature>
  <Name className="java.lang.String">objectId</Name>
  <Value className="java.lang.String">124</Value>
</Feature>
<Feature>
  <Name className="java.lang.String">polarity</Name>
  <Value className="java.lang.String">goodfor</Value>
</Feature>
</Annotation>
<Annotation Id="122" Type="gfbf-agent" StartNode="3440" EndNode="3476">
<Feature>
  <Name className="java.lang.String">unclear</Name>
  <Value className="java.lang.String">true</Value>
</Feature>
<Feature>
  <Name className="java.lang.String">writerAtt</Name>
  <Value className="java.lang.String">positive</Value>
</Feature>
</Annotation>
<Annotation Id="121" Type="referent" StartNode="3420" EndNode="3436">
<Feature>
  <Name className="java.lang.String">writerAtt</Name>
  <Value className="java.lang.String">positive</Value>
</Feature>
</Annotation>
<Annotation Id="136" Type="gfbf-object" StartNode="2173" EndNode="2279">
<Feature>
  <Name className="java.lang.String">writerAtt</Name>
  <Value className="java.lang.String">negative</Value>
</Feature>
</Annotation>
<Annotation Id="138" Type="gfbf-agent" StartNode="2948" EndNode="2975">
<Feature>
  <Name className="java.lang.String">writerAtt</Name>
  <Value className="java.lang.String">positive</Value>
</Feature>
</Annotation>
<Annotation Id="141" Type="gfbf-object" StartNode="1100" EndNode="1117">
<Feature>
  <Name className="java.lang.String">writerAtt</Name>
  <Value className="java.lang.String">negative</Value>
</Feature>
</Annotation>
<Annotation Id="140" Type="gfbf" StartNode="1093" EndNode="1099">
<Feature>
  <Name className="java.lang.String">agentId</Name>
  <Value className="java.lang.String">implicit</Value>
</Feature>
<Feature>
  <Name className="java.lang.String">polarity</Name>
  <Value className="java.lang.String">badfor</Value>
</Feature>
<Feature>
  <Name className="java.lang.String">objectId</Name>
  <Value className="java.lang.String">141</Value>
</Feature>
</Annotation>
<Annotation Id="142" Type="gfbf" StartNode="655" EndNode="666">
<Feature>
  <Name className="java.lang.String">agentId</Name>
  <Value className="java.lang.String">160</Value>
</Feature>
<Feature>
  <Name className="java.lang.String">polarity</Name>
  <Value className="java.lang.String">badfor</Value>
</Feature>
<Feature>
  <Name className="java.lang.String">objectId</Name>
  <Value className="java.lang.String">144</Value>
</Feature>
</Annotation>
<Annotation Id="129" Type="gfbf" StartNode="4322" EndNode="4331">
<Feature>
  <Name className="java.lang.String">agentId</Name>
  <Value className="java.lang.String">131</Value>
</Feature>
<Feature>
  <Name className="java.lang.String">objectId</Name>
  <Value className="java.lang.String">130</Value>
</Feature>
<Feature>
  <Name className="java.lang.String">polarity</Name>
  <Value className="java.lang.String">goodfor</Value>
</Feature>
</Annotation>
<Annotation Id="128" Type="gfbf-object" StartNode="3597" EndNode="3629">
<Feature>
  <Name className="java.lang.String">writerAtt</Name>
  <Value className="java.lang.String">positive</Value>
</Feature>
</Annotation>
<Annotation Id="131" Type="gfbf-agent" StartNode="4314" EndNode="4316">
<Feature>
  <Name className="java.lang.String">referentId</Name>
  <Value className="java.lang.String">112</Value>
</Feature>
<Feature>
  <Name className="java.lang.String">reference</Name>
  <Value className="java.lang.String">true</Value>
</Feature>
<Feature>
  <Name className="java.lang.String">writerAtt</Name>
  <Value className="java.lang.String">positive</Value>
</Feature>
</Annotation>
<Annotation Id="130" Type="gfbf-object" StartNode="4332" EndNode="4435">
<Feature>
  <Name className="java.lang.String">writerAtt</Name>
  <Value className="java.lang.String">positive</Value>
</Feature>
</Annotation>
<Annotation Id="133" Type="gfbf" StartNode="949" EndNode="958">
<Feature>
  <Name className="java.lang.String">agentId</Name>
  <Value className="java.lang.String">implicit</Value>
</Feature>
<Feature>
  <Name className="java.lang.String">objectId</Name>
  <Value className="java.lang.String">134</Value>
</Feature>
<Feature>
  <Name className="java.lang.String">polarity</Name>
  <Value className="java.lang.String">badfor</Value>
</Feature>
</Annotation>
<Annotation Id="135" Type="influencer" StartNode="941" EndNode="948">
<Feature>
  <Name className="java.lang.String">effect</Name>
  <Value className="java.lang.String">reverse</Value>
</Feature>
<Feature>
  <Name className="java.lang.String">agentId</Name>
  <Value className="java.lang.String">implicit</Value>
</Feature>
<Feature>
  <Name className="java.lang.String">objectId</Name>
  <Value className="java.lang.String">133</Value>
</Feature>
</Annotation>
<Annotation Id="134" Type="gfbf-object" StartNode="959" EndNode="963">
<Feature>
  <Name className="java.lang.String">writerAtt</Name>
  <Value className="java.lang.String">positive</Value>
</Feature>
</Annotation>
<Annotation Id="152" Type="gfbf-agent" StartNode="2138" EndNode="2145">
<Feature>
  <Name className="java.lang.String">writerAtt</Name>
  <Value className="java.lang.String">negative</Value>
</Feature>
</Annotation>
<Annotation Id="153" Type="gfbf" StartNode="2891" EndNode="2896">
<Feature>
  <Name className="java.lang.String">agentId</Name>
  <Value className="java.lang.String">implicit</Value>
</Feature>
<Feature>
  <Name className="java.lang.String">polarity</Name>
  <Value className="java.lang.String">goodfor</Value>
</Feature>
<Feature>
  <Name className="java.lang.String">objectId</Name>
  <Value className="java.lang.String">154</Value>
</Feature>
</Annotation>
<Annotation Id="154" Type="gfbf-object" StartNode="2897" EndNode="2908">
<Feature>
  <Name className="java.lang.String">referentId</Name>
  <Value className="java.lang.String">112</Value>
</Feature>
<Feature>
  <Name className="java.lang.String">writerAtt</Name>
  <Value className="java.lang.String">positive</Value>
</Feature>
<Feature>
  <Name className="java.lang.String">refererence</Name>
  <Value className="java.lang.String">true</Value>
</Feature>
</Annotation>
<Annotation Id="155" Type="gfbf-object" StartNode="2938" EndNode="3135">
<Feature>
  <Name className="java.lang.String">writerAtt</Name>
  <Value className="java.lang.String">positive</Value>
</Feature>
</Annotation>
<Annotation Id="156" Type="gfbf-object" StartNode="3440" EndNode="3495">
<Feature>
  <Name className="java.lang.String">writerAtt</Name>
  <Value className="java.lang.String">positive</Value>
</Feature>
</Annotation>
<Annotation Id="158" Type="gfbf" StartNode="3398" EndNode="3403">
<Feature>
  <Name className="java.lang.String">agentId</Name>
  <Value className="java.lang.String">159</Value>
</Feature>
<Feature>
  <Name className="java.lang.String">polarity</Name>
  <Value className="java.lang.String">badfor</Value>
</Feature>
<Feature>
  <Name className="java.lang.String">objectId</Name>
  <Value className="java.lang.String">156</Value>
</Feature>
</Annotation>
<Annotation Id="159" Type="gfbf-agent" StartNode="3366" EndNode="3387">
<Feature>
  <Name className="java.lang.String">writerAtt</Name>
  <Value className="java.lang.String">negative</Value>
</Feature>
</Annotation>
<Annotation Id="144" Type="gfbf-object" StartNode="581" EndNode="654">
<Feature>
  <Name className="java.lang.String">writerAtt</Name>
  <Value className="java.lang.String">negative</Value>
</Feature>
</Annotation>
<Annotation Id="145" Type="gfbf" StartNode="1453" EndNode="1461">
<Feature>
  <Name className="java.lang.String">agentId</Name>
  <Value className="java.lang.String">implicit</Value>
</Feature>
<Feature>
  <Name className="java.lang.String">polarity</Name>
  <Value className="java.lang.String">goodfor</Value>
</Feature>
<Feature>
  <Name className="java.lang.String">objectId</Name>
  <Value className="java.lang.String">146</Value>
</Feature>
</Annotation>
<Annotation Id="146" Type="gfbf-object" StartNode="1432" EndNode="1449">
<Feature>
  <Name className="java.lang.String">writerAtt</Name>
  <Value className="java.lang.String">negative</Value>
</Feature>
</Annotation>
<Annotation Id="147" Type="gfbf" StartNode="1352" EndNode="1360">
<Feature>
  <Name className="java.lang.String">agentId</Name>
  <Value className="java.lang.String">implicit</Value>
</Feature>
<Feature>
  <Name className="java.lang.String">polarity</Name>
  <Value className="java.lang.String">badfor</Value>
</Feature>
<Feature>
  <Name className="java.lang.String">objectId</Name>
  <Value className="java.lang.String">148</Value>
</Feature>
</Annotation>
<Annotation Id="148" Type="gfbf-object" StartNode="1331" EndNode="1348">
<Feature>
  <Name className="java.lang.String">writerAtt</Name>
  <Value className="java.lang.String">negative</Value>
</Feature>
</Annotation>
<Annotation Id="149" Type="gfbf" StartNode="3233" EndNode="3239">
<Feature>
  <Name className="java.lang.String">agentId</Name>
  <Value className="java.lang.String">implicit</Value>
</Feature>
<Feature>
  <Name className="java.lang.String">polarity</Name>
  <Value className="java.lang.String">badfor</Value>
</Feature>
<Feature>
  <Name className="java.lang.String">objectId</Name>
  <Value className="java.lang.String">150</Value>
</Feature>
</Annotation>
<Annotation Id="150" Type="gfbf-object" StartNode="3211" EndNode="3224">
<Feature>
  <Name className="java.lang.String">writerAtt</Name>
  <Value className="java.lang.String">positive</Value>
</Feature>
</Annotation>
<Annotation Id="151" Type="influencer" StartNode="3202" EndNode="3205">
<Feature>
  <Name className="java.lang.String">effect</Name>
  <Value className="java.lang.String">reverse</Value>
</Feature>
<Feature>
  <Name className="java.lang.String">agentId</Name>
  <Value className="java.lang.String">implicit</Value>
</Feature>
<Feature>
  <Name className="java.lang.String">objectId</Name>
  <Value className="java.lang.String">149</Value>
</Feature>
</Annotation>
<Annotation Id="163" Type="influencer" StartNode="2981" EndNode="2990">
<Feature>
  <Name className="java.lang.String">effect</Name>
  <Value className="java.lang.String">reverse</Value>
</Feature>
<Feature>
  <Name className="java.lang.String">agentId</Name>
  <Value className="java.lang.String">138</Value>
</Feature>
<Feature>
  <Name className="java.lang.String">objectId</Name>
  <Value className="java.lang.String">73</Value>
</Feature>
</Annotation>
<Annotation Id="162" Type="influencer" StartNode="2981" EndNode="2990">
<Feature>
  <Name className="java.lang.String">effect</Name>
  <Value className="java.lang.String">reverse</Value>
</Feature>
<Feature>
  <Name className="java.lang.String">agentId</Name>
  <Value className="java.lang.String">138</Value>
</Feature>
<Feature>
  <Name className="java.lang.String">objectId</Name>
  <Value className="java.lang.String">58</Value>
</Feature>
</Annotation>
<Annotation Id="161" Type="gfbf-agent" StartNode="2911" EndNode="2922">
<Feature>
  <Name className="java.lang.String">writerAtt</Name>
  <Value className="java.lang.String">positive</Value>
</Feature>
</Annotation>
<Annotation Id="160" Type="gfbf-agent" StartNode="670" EndNode="699">
<Feature>
  <Name className="java.lang.String">writerAtt</Name>
  <Value className="java.lang.String">positive</Value>
</Feature>
</Annotation>
</AnnotationSet>

<!-- Named annotation set -->

<AnnotationSet Name="Original markups">
<Annotation Id="0" Type="paragraph" StartNode="0" EndNode="5551">
</Annotation>
</AnnotationSet>

</GateDocument>
