<?xml version='1.0' encoding='US-ASCII'?>
<GateDocument version="2">
<!-- The document's features-->

<GateDocumentFeatures>
<Feature>
  <Name className="java.lang.String">MimeType</Name>
  <Value className="java.lang.String">text/plain</Value>
</Feature>
<Feature>
  <Name className="java.lang.String">gate.SourceURL</Name>
  <Value className="java.lang.String">file:/E:/Users/conrada/Documents/My%20Dropbox/healthcare_devel_data_final/hc004.txt</Value>
</Feature>
<Feature>
  <Name className="java.lang.String">docNewLineType</Name>
  <Value className="java.lang.String">CRLF</Value>
</Feature>
</GateDocumentFeatures>
<!-- The document content area with serialized nodes -->

<TextWithNodes><Node id="0"/>
<Node id="1"/>Health Care Reform, at Last
 Published: March 21, 2010
 <Node id="57"/>The process was wrenching, and tainted to the 11th hour by narrow political obstructionism<Node id="147"/>,
but <Node id="153"/>the year-long struggle over health care reform came to an end on Sunday night with a triumph for countless Americans who have been victimized or neglected by their dysfunctional health care system.
<Node id="351"/>
 Barack Obama put his presidency on the line for an accomplishment of historic proportions.

 <Node id="446"/>The <Node id="450"/>bill<Node id="454"/>, which <Node id="462"/>was approved<Node id="474"/> by <Node id="478"/>the Senate<Node id="488"/> in December and by the House on Sunday, represents a national commitment to <Node id="565"/>reform<Node id="571"/> <Node id="572"/>the worst elements of the current system<Node id="612"/>.
<Node id="614"/>
 <Node id="616"/>It<Node id="618"/> <Node id="619"/>will <Node id="624"/>provide coverage to tens of millions of uninsured Americans<Node id="683"/>, <Node id="685"/>prevent<Node id="692"/> <Node id="693"/>the worst insurance company abuses<Node id="727"/>, and <Node id="733"/>begin to <Node id="742"/>wrestle with<Node id="754"/> <Node id="755"/>relentlessly rising costs<Node id="780"/>
<Node id="781"/> - while <Node id="790"/>slightly <Node id="799"/>reducing<Node id="807"/> <Node id="808"/>future deficits<Node id="823"/>.<Node id="824"/>
 <Node id="826"/>Amendments<Node id="836"/> <Node id="837"/>approved<Node id="845"/> by <Node id="849"/>the House<Node id="858"/> and awaiting approval in the Senate would provide additional coverage
and make somewhat deeper reductions in the deficit.  <Node id="982"/>
 <Node id="984"/>All of this was managed despite the fact that <Node id="1030"/>not a single<Node id="1042"/> <Node id="1043"/>Republican in the House or Senate<Node id="1076"/> was willing to <Node id="1092"/>vote for<Node id="1100"/> <Node id="1101"/>the bill<Node id="1109"/>.
 <Node id="1112"/>Efforts by the White House and Congressional Democrats to draft bipartisan legislation were met by demagoguery.<Node id="1223"/>
  That is not likely to end now.
 <Node id="1258"/>Republican leaders<Node id="1276"/>, who see opportunities to gain seats in the elections, have made clear that <Node id="1353"/>they<Node id="1357"/> will continue to <Node id="1375"/>peddle<Node id="1381"/> <Node id="1382"/>fictions about a government takeover of the health care system and about costs too high to bear<Node id="1477"/>.
<Node id="1479"/>
 <Node id="1481"/>Mr. Obama took too long to get into the fight, but came on strong in the end and will have to keep pushing back so all Americans understand the benefits of reform<Node id="1643"/>.
  Most Americans - those who already have employer-based insurance - will not see much change for a while and certainly not in the seven months before the elections.
 <Node id="1812"/>They will <Node id="1822"/>get one important benefit<Node id="1847"/> quickly: for an additional fee, parents will be able to keep adult dependent children on their policy through age 26.
<Node id="1966"/>
 <Node id="1968"/>That is good news when so many young people are struggling to find jobs during the recession.<Node id="2061"/>
 <Node id="2063"/>The biggest difference for Americans who have employer-based insurance is the security of knowing that, starting in 2014, if they lose their job and have to buy their own policy, they cannot <Node id="2254"/>be denied coverage<Node id="2272"/> or charged high rates because of pre-existing conditions.<Node id="2330"/>
 <Node id="2332"/>Before then, the chronically ill could gain temporary coverage from enhanced high-risk pools and chronically ill children are guaranteed coverage.
<Node id="2479"/>
 <Node id="2481"/>The focus of the reform<Node id="2504"/> is on <Node id="2511"/>improving<Node id="2520"/> <Node id="2521"/>the dysfunctional and hugely expensive insurance markets for individuals and small businesses<Node id="2614"/>, and <Node id="2620"/>on <Node id="2623"/>expanding<Node id="2632"/> <Node id="2633"/>Medicaid coverage for the poor<Node id="2663"/>.

  <Node id="2668"/>The big expansion of coverage will start in 2014<Node id="2716"/>, but <Node id="2722"/>some reforms start quickly, like tax credits to help small businesses provide coverage<Node id="2808"/>.
  <Node id="2812"/>Over time <Node id="2822"/>the reforms<Node id="2833"/> could bring about sweeping changes in the way medical care is delivered and paid for<Node id="2918"/>.
  <Node id="2922"/>They could ultimately rival Social Security and Medicare in historic importance.<Node id="3002"/>
  NEAR-UNIVERSAL COVERAGE
 <Node id="3030"/>The United States is the only advanced industrial nation that does not provide or guarantee health care coverage for virtually all of its citizens.
<Node id="3178"/>
 <Node id="3180"/>It is a moral obligation to <Node id="3208"/>end<Node id="3211"/> this indefensible <Node id="3230"/>neglect<Node id="3237"/> of <Node id="3241"/>hard-working Americans<Node id="3263"/>.
<Node id="3265"/>
 <Node id="3267"/>The bill does not quite reach full universality, but by 2019, fully 94 to 95 percent of American citizens and legal residents below Medicare age will have coverage<Node id="3430"/>.
 <Node id="3433"/>The bill<Node id="3441"/> achieves that by requiring most Americans to obtain health insurance, <Node id="3512"/>providing<Node id="3521"/> <Node id="3522"/>subsidies<Node id="3531"/> to <Node id="3535"/>help<Node id="3539"/> <Node id="3540"/>the middle classes buy policies on new competitive exchanges<Node id="3600"/>, and expanding Medicaid coverage of the poor to include childless adults and others not currently eligible.<Node id="3708"/>
  INSURANCE REFORMS
    <Node id="3733"/>The <Node id="3737"/>legislation<Node id="3748"/> would <Node id="3755"/>rein in<Node id="3762"/> <Node id="3763"/>many of the insurance industry's worst practices<Node id="3811"/>.<Node id="3812"/>
 <Node id="3814"/>Insurers<Node id="3822"/> would <Node id="3829"/>no longer<Node id="3838"/> be able to <Node id="3850"/>reject<Node id="3856"/> <Node id="3857"/>applicants with "pre-existing conditions"<Node id="3898"/> or <Node id="3902"/>charge<Node id="3908"/> <Node id="3909"/>them<Node id="3913"/> exorbitant rates.<Node id="3931"/>

 <Node id="3934"/>They<Node id="3938"/> <Node id="3939"/>could <Node id="3945"/>not<Node id="3948"/> <Node id="3949"/>rescind <Node id="3957"/>policies on specious grounds after people become sick (that becomes effective immediately)<Node id="4047"/> <Node id="4048"/>or <Node id="4051"/>cap<Node id="4054"/> <Node id="4055"/>the amount they are willing to pay toward a beneficiary's illnesses in any given year or over a lifetime<Node id="4159"/>. <Node id="4161"/>

 <Node id="4164"/>The most important reform - <Node id="4192"/>forcing insurers to accept all applicants regardless of their health status<Node id="4267"/> - <Node id="4270"/>cannot be achieved<Node id="4288"/> unless nearly all Americans are required to have coverage, so the costs can be spread among the healthy and the sick.
<Node id="4407"/>
  A START AT COST CONTROL
 <Node id="4435"/>The legislation won't quickly bend the cost curve for medical care or insurance premiums - no one has yet found a surefire way to do that - but <Node id="4579"/>the reform<Node id="4589"/> will make an important start. <Node id="4620"/>
 <Node id="4622"/>Some experts believe <Node id="4643"/>it<Node id="4645"/> will lay the structural framework to <Node id="4683"/>mount<Node id="4688"/> <Node id="4689"/>the most serious effort ever made<Node id="4722"/> to <Node id="4726"/>control<Node id="4733"/> <Node id="4734"/>medical inflation<Node id="4751"/>.
<Node id="4753"/>
<Node id="4754"/> <Node id="4755"/>It<Node id="4757"/> will <Node id="4763"/>create<Node id="4769"/> <Node id="4770"/>competitive insurance exchanges<Node id="4801"/> that should help <Node id="4819"/>lower<Node id="4824"/> <Node id="4825"/>premiums for individuals and small businesses<Node id="4870"/> by offering an array of private policies and rates comparable to large group coverage<Node id="4956"/>.

  <Node id="4961"/>The legislation will impose an excise tax in 2018 designed to <Node id="5023"/>drive employers and their workers away from<Node id="5066"/> the highest-cost insurance policies, which typically provide generous benefits at little out-of-pocket cost to the workers. <Node id="5191"/>
 <Node id="5193"/>Health economists consider the excise tax a very strong cost-control measure, because if workers have to pay more of the cost themselves, they and their doctors are apt to think more carefully about whether a test or procedure is really needed.
<Node id="5438"/>
  <Node id="5441"/>The impact of the excise tax gets increasingly strong as the years pass<Node id="5512"/>.
<Node id="5514"/> <Node id="5515"/>The legislation<Node id="5530"/> <Node id="5531"/>creates<Node id="5538"/> <Node id="5539"/>an array of pilot programs within Medicare<Node id="5581"/>, to test other innovative cost-reduction strategies. <Node id="5635"/>
<Node id="5636"/> <Node id="5637"/>They<Node id="5641"/> include <Node id="5650"/>encouraging<Node id="5661"/> <Node id="5662"/>new medical groups<Node id="5680"/> to better coordinate care of the chronically ill, and paying doctors and medical institutions based on the quality, not quantity, of services they deliver. <Node id="5837"/>
 <Node id="5839"/>The reform measure<Node id="5857"/> will <Node id="5863"/>establish<Node id="5872"/> <Node id="5873"/>an independent board<Node id="5893"/> to push approaches that work into widespread use in Medicare and ultimately, by force of example, the private sector.  <Node id="6013"/>

  <Node id="6017"/>With <Node id="6022"/>so many mechanisms<Node id="6040"/> available to <Node id="6054"/>hold down<Node id="6063"/> <Node id="6064"/>medical costs<Node id="6077"/>, it's hard to believe that they won't <Node id="6116"/>bear fruit<Node id="6126"/>, if not in the next several years then in the decade thereafter<Node id="6190"/>.
 Just as Social Security grew from a modest start in 1935 to become a bedrock of the nation's retirement system, <Node id="6305"/>this is a start on health care reform, not the end. <Node id="6357"/>
  <Node id="6360"/>A lot will depend on whether future presidents and Congresses stick to the savings and deficit targets set in this legislation; on how aggressively states administer the new exchanges; on how health care professionals and institutions respond to the challenge of changing their ways; and on how the public responds to the mandate that everyone obtain insurance or pay a penalty.   <Node id="6741"/>
 <Node id="6743"/>Our hope and belief is that <Node id="6771"/>this reform<Node id="6782"/> will in the end <Node id="6799"/>accomplish<Node id="6809"/> <Node id="6810"/>its great objectives<Node id="6830"/>.
 <Node id="6833"/>Right now, the good news for all Americans is that despite all the politics and the obstructionism, the process has finally begun<Node id="6962"/>.
<Node id="6964"/></TextWithNodes>
<!-- The default annotation set -->

<AnnotationSet>
<Annotation Id="1" Type="doc" StartNode="1" EndNode="6964">
<Feature>
  <Name className="java.lang.String">id</Name>
  <Value className="java.lang.String">hc004</Value>
</Feature>
<Feature>
  <Name className="java.lang.String">source</Name>
  <Value className="java.lang.String">New,York,Times,NYTimes</Value>
</Feature>
<Feature>
  <Name className="java.lang.String">date</Name>
  <Value className="java.lang.String">20100321</Value>
</Feature>
<Feature>
  <Name className="java.lang.String">side</Name>
  <Value className="java.lang.String">pro</Value>
</Feature>
<Feature>
  <Name className="java.lang.String">url</Name>
  <Value className="java.lang.String">http://www.nytimes.com/2010/03/22/opinion/22mon5.html?_r=1&amp;pagewanted=all </Value>
</Feature>
</Annotation>
<Annotation Id="3" Type="rel" StartNode="153" EndNode="351">
<Feature>
  <Name className="java.lang.String">type</Name>
  <Value className="java.lang.String">label</Value>
</Feature>
<Feature>
  <Name className="java.lang.String">ss-label</Name>
  <Value className="java.lang.String">current_system_leads_to_corporate_exploitation</Value>
</Feature>
<Feature>
  <Name className="java.lang.String">polarity</Name>
  <Value className="java.lang.String">negative</Value>
</Feature>
</Annotation>
<Annotation Id="4" Type="arg" StartNode="446" EndNode="614">
<Feature>
  <Name className="java.lang.String">type</Name>
  <Value className="java.lang.String">label</Value>
</Feature>
<Feature>
  <Name className="java.lang.String">ss-label</Name>
  <Value className="java.lang.String">bill_will_improve_healthcare_system</Value>
</Feature>
<Feature>
  <Name className="java.lang.String">polarity</Name>
  <Value className="java.lang.String">positive</Value>
</Feature>
</Annotation>
<Annotation Id="5" Type="rel" StartNode="446" EndNode="454">
<Feature>
  <Name className="java.lang.String">id</Name>
  <Value className="java.lang.String">r1</Value>
</Feature>
</Annotation>
<Annotation Id="6" Type="arg" StartNode="619" EndNode="683">
<Feature>
  <Name className="java.lang.String">prospect</Name>
  <Value className="java.lang.String">gain</Value>
</Feature>
<Feature>
  <Name className="java.lang.String">ss-label</Name>
  <Value className="java.lang.String">expands/guarentees_access_to_insurance</Value>
</Feature>
<Feature>
  <Name className="java.lang.String">group</Name>
  <Value className="java.lang.String">self-group</Value>
</Feature>
<Feature>
  <Name className="java.lang.String">type</Name>
  <Value className="java.lang.String">label</Value>
</Feature>
<Feature>
  <Name className="java.lang.String">about-rel</Name>
  <Value className="java.lang.String">r1</Value>
</Feature>
<Feature>
  <Name className="java.lang.String">polarity</Name>
  <Value className="java.lang.String">positive</Value>
</Feature>
</Annotation>
<Annotation Id="7" Type="arg" StartNode="685" EndNode="727">
<Feature>
  <Name className="java.lang.String">prospect</Name>
  <Value className="java.lang.String">gain</Value>
</Feature>
<Feature>
  <Name className="java.lang.String">ss-label</Name>
  <Value className="java.lang.String">expands/guarentees_access_to_insurance</Value>
</Feature>
<Feature>
  <Name className="java.lang.String">type</Name>
  <Value className="java.lang.String">label</Value>
</Feature>
<Feature>
  <Name className="java.lang.String">about-rel</Name>
  <Value className="java.lang.String">r1</Value>
</Feature>
<Feature>
  <Name className="java.lang.String">polarity</Name>
  <Value className="java.lang.String">positive</Value>
</Feature>
</Annotation>
<Annotation Id="8" Type="arg" StartNode="733" EndNode="781">
<Feature>
  <Name className="java.lang.String">ss-label</Name>
  <Value className="java.lang.String">controls_healthcare_costs</Value>
</Feature>
<Feature>
  <Name className="java.lang.String">type</Name>
  <Value className="java.lang.String">label</Value>
</Feature>
<Feature>
  <Name className="java.lang.String">about-rel</Name>
  <Value className="java.lang.String">r1</Value>
</Feature>
<Feature>
  <Name className="java.lang.String">polarity</Name>
  <Value className="java.lang.String">positive</Value>
</Feature>
<Feature>
  <Name className="java.lang.String">incomplete</Name>
  <Value className="java.lang.String">true</Value>
</Feature>
</Annotation>
<Annotation Id="9" Type="arg" StartNode="790" EndNode="824">
<Feature>
  <Name className="java.lang.String">ss-label</Name>
  <Value className="java.lang.String">maintains/reduces_govt_deficit</Value>
</Feature>
<Feature>
  <Name className="java.lang.String">type</Name>
  <Value className="java.lang.String">label</Value>
</Feature>
<Feature>
  <Name className="java.lang.String">about-rel</Name>
  <Value className="java.lang.String">r1</Value>
</Feature>
<Feature>
  <Name className="java.lang.String">polarity</Name>
  <Value className="java.lang.String">positive</Value>
</Feature>
<Feature>
  <Name className="java.lang.String">incomplete</Name>
  <Value className="java.lang.String">true</Value>
</Feature>
</Annotation>
<Annotation Id="10" Type="rel" StartNode="826" EndNode="982">
<Feature>
  <Name className="java.lang.String">type</Name>
  <Value className="java.lang.String">label</Value>
</Feature>
<Feature>
  <Name className="java.lang.String">ss-label</Name>
  <Value className="java.lang.String">maintains/reduces_govt_deficit</Value>
</Feature>
<Feature>
  <Name className="java.lang.String">unclear</Name>
  <Value className="java.lang.String">true</Value>
</Feature>
</Annotation>
<Annotation Id="11" Type="arg" StartNode="1112" EndNode="1223">
<Feature>
  <Name className="java.lang.String">type</Name>
  <Value className="java.lang.String">label</Value>
</Feature>
<Feature>
  <Name className="java.lang.String">ss-label</Name>
  <Value className="java.lang.String">opposition_demagogues_bill</Value>
</Feature>
<Feature>
  <Name className="java.lang.String">polarity</Name>
  <Value className="java.lang.String">negative</Value>
</Feature>
</Annotation>
<Annotation Id="12" Type="arg" StartNode="1258" EndNode="1479">
<Feature>
  <Name className="java.lang.String">unclear</Name>
  <Value className="java.lang.String">true</Value>
</Feature>
<Feature>
  <Name className="java.lang.String">ss-label</Name>
  <Value className="java.lang.String">opposition_demagogues_bill</Value>
</Feature>
<Feature>
  <Name className="java.lang.String">type</Name>
  <Value className="java.lang.String">label</Value>
</Feature>
<Feature>
  <Name className="java.lang.String">polarity</Name>
  <Value className="java.lang.String">negative</Value>
</Feature>
</Annotation>
<Annotation Id="13" Type="arg" StartNode="1812" EndNode="1966">
<Feature>
  <Name className="java.lang.String">id</Name>
  <Value className="java.lang.String">r2</Value>
</Feature>
<Feature>
  <Name className="java.lang.String">type</Name>
  <Value className="java.lang.String">label</Value>
</Feature>
<Feature>
  <Name className="java.lang.String">ss-label</Name>
  <Value className="java.lang.String">children_can_stay_on_parent_plans_longer</Value>
</Feature>
</Annotation>
<Annotation Id="14" Type="arg" StartNode="1968" EndNode="2061">
<Feature>
  <Name className="java.lang.String">prospect</Name>
  <Value className="java.lang.String">gain</Value>
</Feature>
<Feature>
  <Name className="java.lang.String">ss-label</Name>
  <Value className="java.lang.String">keeping_adult_children_on_parents_plan_is_beneficial</Value>
</Feature>
<Feature>
  <Name className="java.lang.String">group</Name>
  <Value className="java.lang.String">self-group</Value>
</Feature>
<Feature>
  <Name className="java.lang.String">type</Name>
  <Value className="java.lang.String">label</Value>
</Feature>
<Feature>
  <Name className="java.lang.String">about-rel</Name>
  <Value className="java.lang.String">r2</Value>
</Feature>
<Feature>
  <Name className="java.lang.String">polarity</Name>
  <Value className="java.lang.String"></Value>
</Feature>
</Annotation>
<Annotation Id="15" Type="arg" StartNode="2063" EndNode="2330">
<Feature>
  <Name className="java.lang.String">prospect</Name>
  <Value className="java.lang.String">gain</Value>
</Feature>
<Feature>
  <Name className="java.lang.String">ss-label</Name>
  <Value className="java.lang.String">prevents_insurers_from_dropping_the_sick</Value>
</Feature>
<Feature>
  <Name className="java.lang.String">unclear</Name>
  <Value className="java.lang.String">true</Value>
</Feature>
<Feature>
  <Name className="java.lang.String">type</Name>
  <Value className="java.lang.String">label</Value>
</Feature>
<Feature>
  <Name className="java.lang.String">group</Name>
  <Value className="java.lang.String">self-group</Value>
</Feature>
<Feature>
  <Name className="java.lang.String">polarity</Name>
  <Value className="java.lang.String">positive</Value>
</Feature>
</Annotation>
<Annotation Id="17" Type="rel" StartNode="2481" EndNode="2504">
<Feature>
  <Name className="java.lang.String">id</Name>
  <Value className="java.lang.String">r3</Value>
</Feature>
</Annotation>
<Annotation Id="16" Type="rel" StartNode="2332" EndNode="2479">
<Feature>
  <Name className="java.lang.String">type</Name>
  <Value className="java.lang.String">label</Value>
</Feature>
<Feature>
  <Name className="java.lang.String">ss-label</Name>
  <Value className="java.lang.String">prevents_insurers_from_dropping_the_sick</Value>
</Feature>
</Annotation>
<Annotation Id="19" Type="rel" StartNode="2620" EndNode="2663">
<Feature>
  <Name className="java.lang.String">prospect</Name>
  <Value className="java.lang.String">gain</Value>
</Feature>
<Feature>
  <Name className="java.lang.String">ss-label</Name>
  <Value className="java.lang.String">improves_healthcare_coverage_for_poor</Value>
</Feature>
<Feature>
  <Name className="java.lang.String">group</Name>
  <Value className="java.lang.String">self-group</Value>
</Feature>
<Feature>
  <Name className="java.lang.String">type</Name>
  <Value className="java.lang.String">label</Value>
</Feature>
<Feature>
  <Name className="java.lang.String">about-rel</Name>
  <Value className="java.lang.String">r3</Value>
</Feature>
<Feature>
  <Name className="java.lang.String">polarity</Name>
  <Value className="java.lang.String">positive</Value>
</Feature>
</Annotation>
<Annotation Id="18" Type="arg" StartNode="2481" EndNode="2614">
<Feature>
  <Name className="java.lang.String">prospect</Name>
  <Value className="java.lang.String">gain</Value>
</Feature>
<Feature>
  <Name className="java.lang.String">ss-label</Name>
  <Value className="java.lang.String">individual_policies_more_affordable</Value>
</Feature>
<Feature>
  <Name className="java.lang.String">group</Name>
  <Value className="java.lang.String">self-group</Value>
</Feature>
<Feature>
  <Name className="java.lang.String">type</Name>
  <Value className="java.lang.String">label</Value>
</Feature>
<Feature>
  <Name className="java.lang.String">polarity</Name>
  <Value className="java.lang.String">negative</Value>
</Feature>
</Annotation>
<Annotation Id="21" Type="arg" StartNode="2922" EndNode="3002">
<Feature>
  <Name className="java.lang.String">prospect</Name>
  <Value className="java.lang.String">gain</Value>
</Feature>
<Feature>
  <Name className="java.lang.String">ss-label</Name>
  <Value className="java.lang.String">bill_is_step_in_right_direction</Value>
</Feature>
<Feature>
  <Name className="java.lang.String">group</Name>
  <Value className="java.lang.String">self-group</Value>
</Feature>
<Feature>
  <Name className="java.lang.String">type</Name>
  <Value className="java.lang.String">label</Value>
</Feature>
<Feature>
  <Name className="java.lang.String">about-rel</Name>
  <Value className="java.lang.String">r4</Value>
</Feature>
<Feature>
  <Name className="java.lang.String">polarity</Name>
  <Value className="java.lang.String">positive</Value>
</Feature>
</Annotation>
<Annotation Id="20" Type="rel" StartNode="2822" EndNode="2833">
<Feature>
  <Name className="java.lang.String">id</Name>
  <Value className="java.lang.String">r4</Value>
</Feature>
</Annotation>
<Annotation Id="23" Type="rel" StartNode="3030" EndNode="3178">
<Feature>
  <Name className="java.lang.String">id</Name>
  <Value className="java.lang.String">a1</Value>
</Feature>
<Feature>
  <Name className="java.lang.String">ss-label</Name>
  <Value className="java.lang.String">most_other_industrialized_countries_guarentee_healthcare</Value>
</Feature>
<Feature>
  <Name className="java.lang.String">unclear</Name>
  <Value className="java.lang.String">true</Value>
</Feature>
<Feature>
  <Name className="java.lang.String">type</Name>
  <Value className="java.lang.String">label</Value>
</Feature>
<Feature>
  <Name className="java.lang.String">polarity</Name>
  <Value className="java.lang.String">negative</Value>
</Feature>
</Annotation>
<Annotation Id="22" Type="arg" StartNode="3180" EndNode="3265">
<Feature>
  <Name className="java.lang.String"></Name>
  <Value className="java.lang.String">gain</Value>
</Feature>
<Feature>
  <Name className="java.lang.String">ss-label</Name>
  <Value className="java.lang.String">healthcare_is_a_right</Value>
</Feature>
<Feature>
  <Name className="java.lang.String">group</Name>
  <Value className="java.lang.String">self-group</Value>
</Feature>
<Feature>
  <Name className="java.lang.String">type</Name>
  <Value className="java.lang.String">label</Value>
</Feature>
<Feature>
  <Name className="java.lang.String">about-rel</Name>
  <Value className="java.lang.String">a1</Value>
</Feature>
<Feature>
  <Name className="java.lang.String">polarity</Name>
  <Value className="java.lang.String">positive</Value>
</Feature>
</Annotation>
<Annotation Id="25" Type="arg" StartNode="3733" EndNode="3812">
<Feature>
  <Name className="java.lang.String">type</Name>
  <Value className="java.lang.String">label</Value>
</Feature>
<Feature>
  <Name className="java.lang.String">ss-label</Name>
  <Value className="java.lang.String">prevents_corporate_exploitation</Value>
</Feature>
<Feature>
  <Name className="java.lang.String">polarity</Name>
  <Value className="java.lang.String">positive</Value>
</Feature>
</Annotation>
<Annotation Id="24" Type="rel" StartNode="3433" EndNode="3708">
<Feature>
  <Name className="java.lang.String">type</Name>
  <Value className="java.lang.String">label</Value>
</Feature>
<Feature>
  <Name className="java.lang.String">ss-label</Name>
  <Value className="java.lang.String">expands/guarentees_access_to_insurance</Value>
</Feature>
</Annotation>
<Annotation Id="27" Type="rel" StartNode="3814" EndNode="3822">
<Feature>
  <Name className="java.lang.String">id</Name>
  <Value className="java.lang.String">r5</Value>
</Feature>
</Annotation>
<Annotation Id="26" Type="arg" StartNode="3814" EndNode="3931">
<Feature>
  <Name className="java.lang.String">prospect</Name>
  <Value className="java.lang.String">gain</Value>
</Feature>
<Feature>
  <Name className="java.lang.String">ss-label</Name>
  <Value className="java.lang.String">eliminates_pre-existing_conditions</Value>
</Feature>
<Feature>
  <Name className="java.lang.String">group</Name>
  <Value className="java.lang.String">self-group</Value>
</Feature>
<Feature>
  <Name className="java.lang.String">type</Name>
  <Value className="java.lang.String">label</Value>
</Feature>
<Feature>
  <Name className="java.lang.String">polarity</Name>
  <Value className="java.lang.String">positive</Value>
</Feature>
</Annotation>
<Annotation Id="29" Type="rel" StartNode="3939" EndNode="3949">
<Feature>
  <Name className="java.lang.String">id</Name>
  <Value className="java.lang.String">r6</Value>
</Feature>
</Annotation>
<Annotation Id="28" Type="arg" StartNode="3934" EndNode="4047">
<Feature>
  <Name className="java.lang.String">prospect</Name>
  <Value className="java.lang.String">gain</Value>
</Feature>
<Feature>
  <Name className="java.lang.String">ss-label</Name>
  <Value className="java.lang.String">prevents_insurers_from_dropping_the_sick</Value>
</Feature>
<Feature>
  <Name className="java.lang.String">group</Name>
  <Value className="java.lang.String">self-group</Value>
</Feature>
<Feature>
  <Name className="java.lang.String">type</Name>
  <Value className="java.lang.String">label</Value>
</Feature>
<Feature>
  <Name className="java.lang.String">about-rel</Name>
  <Value className="java.lang.String">r5</Value>
</Feature>
<Feature>
  <Name className="java.lang.String">polarity</Name>
  <Value className="java.lang.String">negative</Value>
</Feature>
</Annotation>
<Annotation Id="31" Type="arg" StartNode="4164" EndNode="4407">
<Feature>
  <Name className="java.lang.String">type</Name>
  <Value className="java.lang.String">label</Value>
</Feature>
<Feature>
  <Name className="java.lang.String">ss-label</Name>
  <Value className="java.lang.String">universal_coverage_requires_mandate</Value>
</Feature>
<Feature>
  <Name className="java.lang.String">polarity</Name>
  <Value className="java.lang.String">positive</Value>
</Feature>
</Annotation>
<Annotation Id="30" Type="arg" StartNode="4051" EndNode="4161">
<Feature>
  <Name className="java.lang.String">prospect</Name>
  <Value className="java.lang.String">gain</Value>
</Feature>
<Feature>
  <Name className="java.lang.String">ss-label</Name>
  <Value className="java.lang.String">eliminates_caps_on_coverage</Value>
</Feature>
<Feature>
  <Name className="java.lang.String">group</Name>
  <Value className="java.lang.String">self-group</Value>
</Feature>
<Feature>
  <Name className="java.lang.String">type</Name>
  <Value className="java.lang.String">label</Value>
</Feature>
<Feature>
  <Name className="java.lang.String">about-rel</Name>
  <Value className="java.lang.String">r5,r6</Value>
</Feature>
<Feature>
  <Name className="java.lang.String">polarity</Name>
  <Value className="java.lang.String">negative</Value>
</Feature>
</Annotation>
<Annotation Id="34" Type="arg" StartNode="4754" EndNode="4956">
<Feature>
  <Name className="java.lang.String">prospect</Name>
  <Value className="java.lang.String">gain</Value>
</Feature>
<Feature>
  <Name className="java.lang.String">ss-label</Name>
  <Value className="java.lang.String">improves_competition</Value>
</Feature>
<Feature>
  <Name className="java.lang.String">group</Name>
  <Value className="java.lang.String">self-group</Value>
</Feature>
<Feature>
  <Name className="java.lang.String">type</Name>
  <Value className="java.lang.String">label</Value>
</Feature>
<Feature>
  <Name className="java.lang.String">about-rel</Name>
  <Value className="java.lang.String">r1</Value>
</Feature>
<Feature>
  <Name className="java.lang.String">polarity</Name>
  <Value className="java.lang.String">positive</Value>
</Feature>
</Annotation>
<Annotation Id="35" Type="arg" StartNode="5193" EndNode="5438">
<Feature>
  <Name className="java.lang.String">unclear</Name>
  <Value className="java.lang.String">true</Value>
</Feature>
<Feature>
  <Name className="java.lang.String">ss-label</Name>
  <Value className="java.lang.String">improves_efficiency_of_medicine_utilization</Value>
</Feature>
<Feature>
  <Name className="java.lang.String">type</Name>
  <Value className="java.lang.String">label</Value>
</Feature>
<Feature>
  <Name className="java.lang.String">polarity</Name>
  <Value className="java.lang.String">positive</Value>
</Feature>
<Feature>
  <Name className="java.lang.String">incomplete</Name>
  <Value className="java.lang.String">true</Value>
</Feature>
</Annotation>
<Annotation Id="32" Type="arg" StartNode="4435" EndNode="4620">
<Feature>
  <Name className="java.lang.String">ss-label</Name>
  <Value className="java.lang.String">controls_healthcare_costs</Value>
</Feature>
<Feature>
  <Name className="java.lang.String">unclear</Name>
  <Value className="java.lang.String">true</Value>
</Feature>
<Feature>
  <Name className="java.lang.String">type</Name>
  <Value className="java.lang.String">label</Value>
</Feature>
<Feature>
  <Name className="java.lang.String">polarity</Name>
  <Value className="java.lang.String">positive</Value>
</Feature>
</Annotation>
<Annotation Id="33" Type="arg" StartNode="4622" EndNode="4753">
<Feature>
  <Name className="java.lang.String">ss-label</Name>
  <Value className="java.lang.String">controls_healthcare_costs</Value>
</Feature>
<Feature>
  <Name className="java.lang.String">unclear</Name>
  <Value className="java.lang.String">true</Value>
</Feature>
<Feature>
  <Name className="java.lang.String">type</Name>
  <Value className="java.lang.String">label</Value>
</Feature>
<Feature>
  <Name className="java.lang.String">polarity</Name>
  <Value className="java.lang.String">positive</Value>
</Feature>
</Annotation>
<Annotation Id="38" Type="rel" StartNode="5636" EndNode="5837">
<Feature>
  <Name className="java.lang.String">type</Name>
  <Value className="java.lang.String">true</Value>
</Feature>
<Feature>
  <Name className="java.lang.String">ss-label</Name>
  <Value className="java.lang.String">improves_efficiency</Value>
</Feature>
</Annotation>
<Annotation Id="36" Type="rel" StartNode="4961" EndNode="5191">
<Feature>
  <Name className="java.lang.String">type</Name>
  <Value className="java.lang.String">label</Value>
</Feature>
<Feature>
  <Name className="java.lang.String">ss-label</Name>
  <Value className="java.lang.String">improves_efficiency_of_medicine_utilization</Value>
</Feature>
<Feature>
  <Name className="java.lang.String">unclear</Name>
  <Value className="java.lang.String">true</Value>
</Feature>
</Annotation>
<Annotation Id="37" Type="arg" StartNode="5514" EndNode="5635">
<Feature>
  <Name className="java.lang.String">type</Name>
  <Value className="java.lang.String">label</Value>
</Feature>
<Feature>
  <Name className="java.lang.String">ss-label</Name>
  <Value className="java.lang.String">improves_efficiency</Value>
</Feature>
<Feature>
  <Name className="java.lang.String">polarity</Name>
  <Value className="java.lang.String">positive</Value>
</Feature>
</Annotation>
<Annotation Id="42" Type="arg" StartNode="5839" EndNode="6013">
<Feature>
  <Name className="java.lang.String">type</Name>
  <Value className="java.lang.String">label</Value>
</Feature>
<Feature>
  <Name className="java.lang.String">ss-label</Name>
  <Value className="java.lang.String">promotes_better_practices</Value>
</Feature>
<Feature>
  <Name className="java.lang.String">polarity</Name>
  <Value className="java.lang.String">positive</Value>
</Feature>
</Annotation>
<Annotation Id="43" Type="rel" StartNode="57" EndNode="147">
<Feature>
  <Name className="java.lang.String">type</Name>
  <Value className="java.lang.String">label</Value>
</Feature>
<Feature>
  <Name className="java.lang.String">ss-label</Name>
  <Value className="java.lang.String">opposition_demagogues_bill</Value>
</Feature>
<Feature>
  <Name className="java.lang.String">polarity</Name>
  <Value className="java.lang.String">negative</Value>
</Feature>
</Annotation>
<Annotation Id="40" Type="arg" StartNode="6305" EndNode="6357">
<Feature>
  <Name className="java.lang.String">ss-label</Name>
  <Value className="java.lang.String">bill_is_step_in_right_direction</Value>
</Feature>
<Feature>
  <Name className="java.lang.String">type</Name>
  <Value className="java.lang.String">label</Value>
</Feature>
<Feature>
  <Name className="java.lang.String">about-rel</Name>
  <Value className="java.lang.String">r1</Value>
</Feature>
<Feature>
  <Name className="java.lang.String">polarity</Name>
  <Value className="java.lang.String">positive</Value>
</Feature>
<Feature>
  <Name className="java.lang.String">incomplete</Name>
  <Value className="java.lang.String">true</Value>
</Feature>
</Annotation>
<Annotation Id="41" Type="rel" StartNode="6360" EndNode="6741">
<Feature>
  <Name className="java.lang.String">type</Name>
  <Value className="java.lang.String">label</Value>
</Feature>
<Feature>
  <Name className="java.lang.String">ss-label</Name>
  <Value className="java.lang.String">bill_is_step_in_right_direction</Value>
</Feature>
</Annotation>
<Annotation Id="46" Type="rel" StartNode="2668" EndNode="2716">
<Feature>
  <Name className="java.lang.String">type</Name>
  <Value className="java.lang.String">label</Value>
</Feature>
<Feature>
  <Name className="java.lang.String">ss-label</Name>
  <Value className="java.lang.String">expands/guarentees_access_to_insurance</Value>
</Feature>
</Annotation>
<Annotation Id="47" Type="rel" StartNode="2812" EndNode="2918">
<Feature>
  <Name className="java.lang.String">type</Name>
  <Value className="java.lang.String">label</Value>
</Feature>
<Feature>
  <Name className="java.lang.String">unclear</Name>
  <Value className="java.lang.String">true</Value>
</Feature>
<Feature>
  <Name className="java.lang.String">ss-label</Name>
  <Value className="java.lang.String">bill_will_improve_healthcare_system</Value>
</Feature>
</Annotation>
<Annotation Id="44" Type="rel" StartNode="984" EndNode="1109">
<Feature>
  <Name className="java.lang.String">type</Name>
  <Value className="java.lang.String">label</Value>
</Feature>
<Feature>
  <Name className="java.lang.String">ss-label</Name>
  <Value className="java.lang.String">opposition_based_on_political_gain</Value>
</Feature>
<Feature>
  <Name className="java.lang.String">polarity</Name>
  <Value className="java.lang.String">negative</Value>
</Feature>
</Annotation>
<Annotation Id="45" Type="rel" StartNode="2722" EndNode="2808">
<Feature>
  <Name className="java.lang.String">type</Name>
  <Value className="java.lang.String">label</Value>
</Feature>
<Feature>
  <Name className="java.lang.String">ss-label</Name>
  <Value className="java.lang.String">helps_small_business</Value>
</Feature>
</Annotation>
<Annotation Id="51" Type="arg" StartNode="6017" EndNode="6190">
<Feature>
  <Name className="java.lang.String">ss-label</Name>
  <Value className="java.lang.String">controls_healthcare_costs</Value>
</Feature>
<Feature>
  <Name className="java.lang.String">unclear</Name>
  <Value className="java.lang.String">true</Value>
</Feature>
<Feature>
  <Name className="java.lang.String">type</Name>
  <Value className="java.lang.String">label</Value>
</Feature>
<Feature>
  <Name className="java.lang.String">polarity</Name>
  <Value className="java.lang.String">positive</Value>
</Feature>
</Annotation>
<Annotation Id="50" Type="rel" StartNode="5441" EndNode="5512">
<Feature>
  <Name className="java.lang.String">type</Name>
  <Value className="java.lang.String">label</Value>
</Feature>
<Feature>
  <Name className="java.lang.String">ss-label</Name>
  <Value className="java.lang.String">improves_efficiency_of_medicine_utilization</Value>
</Feature>
</Annotation>
<Annotation Id="49" Type="arg" StartNode="1481" EndNode="1643">
<Feature>
  <Name className="java.lang.String">type</Name>
  <Value className="java.lang.String">else</Value>
</Feature>
<Feature>
  <Name className="java.lang.String">polarity</Name>
  <Value className="java.lang.String">positive</Value>
</Feature>
</Annotation>
<Annotation Id="48" Type="rel" StartNode="3267" EndNode="3430">
<Feature>
  <Name className="java.lang.String">type</Name>
  <Value className="java.lang.String">label</Value>
</Feature>
<Feature>
  <Name className="java.lang.String">ss-label</Name>
  <Value className="java.lang.String">bill_will_improve_healthcare_system</Value>
</Feature>
</Annotation>
<Annotation Id="55" Type="gfbf-object" StartNode="450" EndNode="454">
<Feature>
  <Name className="java.lang.String">writerAtt</Name>
  <Value className="java.lang.String">positive</Value>
</Feature>
</Annotation>
<Annotation Id="54" Type="gfbf" StartNode="462" EndNode="474">
<Feature>
  <Name className="java.lang.String">agentId</Name>
  <Value className="java.lang.String">127</Value>
</Feature>
<Feature>
  <Name className="java.lang.String">objectId</Name>
  <Value className="java.lang.String">55</Value>
</Feature>
<Feature>
  <Name className="java.lang.String">polarity</Name>
  <Value className="java.lang.String">goodfor</Value>
</Feature>
</Annotation>
<Annotation Id="53" Type="rel" StartNode="6833" EndNode="6962">
<Feature>
  <Name className="java.lang.String">type</Name>
  <Value className="java.lang.String">label</Value>
</Feature>
<Feature>
  <Name className="java.lang.String">ss-label</Name>
  <Value className="java.lang.String">opposition_demagogues_bill</Value>
</Feature>
<Feature>
  <Name className="java.lang.String">polarity</Name>
  <Value className="java.lang.String">positive</Value>
</Feature>
</Annotation>
<Annotation Id="52" Type="arg" StartNode="6743" EndNode="6830">
<Feature>
  <Name className="java.lang.String">type</Name>
  <Value className="java.lang.String">label</Value>
</Feature>
<Feature>
  <Name className="java.lang.String">ss-label</Name>
  <Value className="java.lang.String">bill_is_step_in_right_direction</Value>
</Feature>
<Feature>
  <Name className="java.lang.String">polarity</Name>
  <Value className="java.lang.String">positive</Value>
</Feature>
</Annotation>
<Annotation Id="59" Type="gfbf" StartNode="685" EndNode="692">
<Feature>
  <Name className="java.lang.String">agentId</Name>
  <Value className="java.lang.String">97</Value>
</Feature>
<Feature>
  <Name className="java.lang.String">objectId</Name>
  <Value className="java.lang.String">60</Value>
</Feature>
<Feature>
  <Name className="java.lang.String">polarity</Name>
  <Value className="java.lang.String">badfor</Value>
</Feature>
</Annotation>
<Annotation Id="58" Type="others" StartNode="624" EndNode="683">
<Feature>
  <Name className="java.lang.String">comment</Name>
  <Value className="java.lang.String">provide sth to sb...</Value>
</Feature>
</Annotation>
<Annotation Id="56" Type="gfbf" StartNode="565" EndNode="571">
<Feature>
  <Name className="java.lang.String">agentId</Name>
  <Value className="java.lang.String">128</Value>
</Feature>
<Feature>
  <Name className="java.lang.String">objectId</Name>
  <Value className="java.lang.String">129</Value>
</Feature>
<Feature>
  <Name className="java.lang.String">polarity</Name>
  <Value className="java.lang.String">badfor</Value>
</Feature>
</Annotation>
<Annotation Id="62" Type="gfbf-object" StartNode="755" EndNode="780">
<Feature>
  <Name className="java.lang.String">writerAtt</Name>
  <Value className="java.lang.String">negative</Value>
</Feature>
</Annotation>
<Annotation Id="61" Type="gfbf" StartNode="742" EndNode="754">
<Feature>
  <Name className="java.lang.String">agentId</Name>
  <Value className="java.lang.String">97</Value>
</Feature>
<Feature>
  <Name className="java.lang.String">objectId</Name>
  <Value className="java.lang.String">62</Value>
</Feature>
<Feature>
  <Name className="java.lang.String">polarity</Name>
  <Value className="java.lang.String">badfor</Value>
</Feature>
</Annotation>
<Annotation Id="60" Type="gfbf-object" StartNode="693" EndNode="727">
<Feature>
  <Name className="java.lang.String">writerAtt</Name>
  <Value className="java.lang.String">negative</Value>
</Feature>
</Annotation>
<Annotation Id="68" Type="gfbf" StartNode="1375" EndNode="1381">
<Feature>
  <Name className="java.lang.String">agentId</Name>
  <Value className="java.lang.String">100</Value>
</Feature>
<Feature>
  <Name className="java.lang.String">objectId</Name>
  <Value className="java.lang.String">69</Value>
</Feature>
<Feature>
  <Name className="java.lang.String">polarity</Name>
  <Value className="java.lang.String">goodfor</Value>
</Feature>
</Annotation>
<Annotation Id="69" Type="gfbf-object" StartNode="1382" EndNode="1477">
<Feature>
  <Name className="java.lang.String">writerAtt</Name>
  <Value className="java.lang.String">negative</Value>
</Feature>
</Annotation>
<Annotation Id="64" Type="gfbf" StartNode="799" EndNode="807">
<Feature>
  <Name className="java.lang.String">agentId</Name>
  <Value className="java.lang.String">97</Value>
</Feature>
<Feature>
  <Name className="java.lang.String">objectId</Name>
  <Value className="java.lang.String">65</Value>
</Feature>
<Feature>
  <Name className="java.lang.String">polarity</Name>
  <Value className="java.lang.String">badfor</Value>
</Feature>
</Annotation>
<Annotation Id="65" Type="gfbf-object" StartNode="808" EndNode="823">
<Feature>
  <Name className="java.lang.String">writerAtt</Name>
  <Value className="java.lang.String">negative</Value>
</Feature>
</Annotation>
<Annotation Id="76" Type="gfbf-object" StartNode="3763" EndNode="3811">
<Feature>
  <Name className="java.lang.String">writerAtt</Name>
  <Value className="java.lang.String">negative</Value>
</Feature>
</Annotation>
<Annotation Id="77" Type="influencer" StartNode="3829" EndNode="3838">
<Feature>
  <Name className="java.lang.String">effect</Name>
  <Value className="java.lang.String">reverse</Value>
</Feature>
<Feature>
  <Name className="java.lang.String">agentId</Name>
  <Value className="java.lang.String">106</Value>
</Feature>
<Feature>
  <Name className="java.lang.String">objectId</Name>
  <Value className="java.lang.String">107</Value>
</Feature>
</Annotation>
<Annotation Id="79" Type="gfbf" StartNode="3850" EndNode="3856">
<Feature>
  <Name className="java.lang.String">agentId</Name>
  <Value className="java.lang.String">106</Value>
</Feature>
<Feature>
  <Name className="java.lang.String">objectId</Name>
  <Value className="java.lang.String">130</Value>
</Feature>
<Feature>
  <Name className="java.lang.String">polarity</Name>
  <Value className="java.lang.String">badfor</Value>
</Feature>
</Annotation>
<Annotation Id="72" Type="others" StartNode="2254" EndNode="2272">
<Feature>
  <Name className="java.lang.String">comment</Name>
  <Value className="java.lang.String">deny sth...</Value>
</Feature>
</Annotation>
<Annotation Id="75" Type="gfbf" StartNode="3755" EndNode="3762">
<Feature>
  <Name className="java.lang.String">agentId</Name>
  <Value className="java.lang.String">105</Value>
</Feature>
<Feature>
  <Name className="java.lang.String">objectId</Name>
  <Value className="java.lang.String">76</Value>
</Feature>
<Feature>
  <Name className="java.lang.String">polarity</Name>
  <Value className="java.lang.String">badfor</Value>
</Feature>
</Annotation>
<Annotation Id="85" Type="others" StartNode="4270" EndNode="4288">
</Annotation>
<Annotation Id="84" Type="others" StartNode="4192" EndNode="4267">
<Feature>
  <Name className="java.lang.String">comment</Name>
  <Value className="java.lang.String">force sb to do sth</Value>
</Feature>
</Annotation>
<Annotation Id="86" Type="gfbf" StartNode="5531" EndNode="5538">
<Feature>
  <Name className="java.lang.String">agentId</Name>
  <Value className="java.lang.String">136</Value>
</Feature>
<Feature>
  <Name className="java.lang.String">objectId</Name>
  <Value className="java.lang.String">88</Value>
</Feature>
<Feature>
  <Name className="java.lang.String">polarity</Name>
  <Value className="java.lang.String">goodfor</Value>
</Feature>
</Annotation>
<Annotation Id="81" Type="gfbf" StartNode="3949" EndNode="3957">
<Feature>
  <Name className="java.lang.String">agentId</Name>
  <Value className="java.lang.String">109</Value>
</Feature>
<Feature>
  <Name className="java.lang.String">objectId</Name>
  <Value className="java.lang.String">131</Value>
</Feature>
<Feature>
  <Name className="java.lang.String">polarity</Name>
  <Value className="java.lang.String">badfor</Value>
</Feature>
</Annotation>
<Annotation Id="82" Type="influencer" StartNode="3945" EndNode="3948">
<Feature>
  <Name className="java.lang.String">effect</Name>
  <Value className="java.lang.String">reverse</Value>
</Feature>
<Feature>
  <Name className="java.lang.String">agentId</Name>
  <Value className="java.lang.String">109</Value>
</Feature>
<Feature>
  <Name className="java.lang.String">objectId</Name>
  <Value className="java.lang.String">81</Value>
</Feature>
</Annotation>
<Annotation Id="93" Type="others" StartNode="6116" EndNode="6126">
<Feature>
  <Name className="java.lang.String">comment</Name>
  <Value className="java.lang.String">GoodFor Agent</Value>
</Feature>
</Annotation>
<Annotation Id="92" Type="gfbf-object" StartNode="6064" EndNode="6077">
<Feature>
  <Name className="java.lang.String">writerAtt</Name>
  <Value className="java.lang.String">negative</Value>
</Feature>
</Annotation>
<Annotation Id="95" Type="gfbf-object" StartNode="6810" EndNode="6830">
<Feature>
  <Name className="java.lang.String">writerAtt</Name>
  <Value className="java.lang.String">positive</Value>
</Feature>
</Annotation>
<Annotation Id="94" Type="gfbf" StartNode="6799" EndNode="6809">
<Feature>
  <Name className="java.lang.String">agentId</Name>
  <Value className="java.lang.String">138</Value>
</Feature>
<Feature>
  <Name className="java.lang.String">objectId</Name>
  <Value className="java.lang.String">95</Value>
</Feature>
<Feature>
  <Name className="java.lang.String">polarity</Name>
  <Value className="java.lang.String">goodfor</Value>
</Feature>
</Annotation>
<Annotation Id="89" Type="gfbf" StartNode="5863" EndNode="5872">
<Feature>
  <Name className="java.lang.String">agentId</Name>
  <Value className="java.lang.String">137</Value>
</Feature>
<Feature>
  <Name className="java.lang.String">objectId</Name>
  <Value className="java.lang.String">90</Value>
</Feature>
<Feature>
  <Name className="java.lang.String">polarity</Name>
  <Value className="java.lang.String">goodfor</Value>
</Feature>
</Annotation>
<Annotation Id="88" Type="gfbf-object" StartNode="5539" EndNode="5581">
<Feature>
  <Name className="java.lang.String">writerAtt</Name>
  <Value className="java.lang.String">positive</Value>
</Feature>
</Annotation>
<Annotation Id="91" Type="gfbf" StartNode="6054" EndNode="6063">
<Feature>
  <Name className="java.lang.String">agentId</Name>
  <Value className="java.lang.String">125</Value>
</Feature>
<Feature>
  <Name className="java.lang.String">objectId</Name>
  <Value className="java.lang.String">92</Value>
</Feature>
<Feature>
  <Name className="java.lang.String">polarity</Name>
  <Value className="java.lang.String">badfor</Value>
</Feature>
</Annotation>
<Annotation Id="90" Type="gfbf-object" StartNode="5873" EndNode="5893">
<Feature>
  <Name className="java.lang.String">writerAtt</Name>
  <Value className="java.lang.String">positive</Value>
</Feature>
</Annotation>
<Annotation Id="102" Type="influencer" StartNode="3208" EndNode="3211">
<Feature>
  <Name className="java.lang.String">effect</Name>
  <Value className="java.lang.String">reverse</Value>
</Feature>
<Feature>
  <Name className="java.lang.String">agentId</Name>
  <Value className="java.lang.String">implicit</Value>
</Feature>
<Feature>
  <Name className="java.lang.String">objectId</Name>
  <Value className="java.lang.String">103</Value>
</Feature>
</Annotation>
<Annotation Id="103" Type="gfbf" StartNode="3230" EndNode="3237">
<Feature>
  <Name className="java.lang.String">agentId</Name>
  <Value className="java.lang.String">implicit</Value>
</Feature>
<Feature>
  <Name className="java.lang.String">polarity</Name>
  <Value className="java.lang.String">badfor</Value>
</Feature>
<Feature>
  <Name className="java.lang.String">objectId</Name>
  <Value className="java.lang.String">104</Value>
</Feature>
</Annotation>
<Annotation Id="100" Type="gfbf-agent" StartNode="1353" EndNode="1357">
<Feature>
  <Name className="java.lang.String">referentId</Name>
  <Value className="java.lang.String">150</Value>
</Feature>
<Feature>
  <Name className="java.lang.String">reference</Name>
  <Value className="java.lang.String">true</Value>
</Feature>
<Feature>
  <Name className="java.lang.String">writerAtt</Name>
  <Value className="java.lang.String">negative</Value>
</Feature>
</Annotation>
<Annotation Id="101" Type="others" StartNode="1822" EndNode="1847">
<Feature>
  <Name className="java.lang.String">comment</Name>
  <Value className="java.lang.String">get sth...goodFor agent</Value>
</Feature>
</Annotation>
<Annotation Id="96" Type="others" StartNode="624" EndNode="683">
<Feature>
  <Name className="java.lang.String">comment</Name>
  <Value className="java.lang.String">provide sth to sb</Value>
</Feature>
</Annotation>
<Annotation Id="97" Type="gfbf-agent" StartNode="616" EndNode="618">
<Feature>
  <Name className="java.lang.String">referentId</Name>
  <Value className="java.lang.String">141</Value>
</Feature>
<Feature>
  <Name className="java.lang.String">reference</Name>
  <Value className="java.lang.String">true</Value>
</Feature>
<Feature>
  <Name className="java.lang.String">writerAtt</Name>
  <Value className="java.lang.String">positive</Value>
</Feature>
</Annotation>
<Annotation Id="110" Type="gfbf" StartNode="4683" EndNode="4688">
<Feature>
  <Name className="java.lang.String">agentId</Name>
  <Value className="java.lang.String">112</Value>
</Feature>
<Feature>
  <Name className="java.lang.String">objectId</Name>
  <Value className="java.lang.String">134</Value>
</Feature>
<Feature>
  <Name className="java.lang.String">polarity</Name>
  <Value className="java.lang.String">goodfor</Value>
</Feature>
</Annotation>
<Annotation Id="108" Type="gfbf-object" StartNode="3909" EndNode="3913">
<Feature>
  <Name className="java.lang.String">writerAtt</Name>
  <Value className="java.lang.String">positive</Value>
</Feature>
</Annotation>
<Annotation Id="109" Type="gfbf-agent" StartNode="3934" EndNode="3938">
<Feature>
  <Name className="java.lang.String">referentId</Name>
  <Value className="java.lang.String">164</Value>
</Feature>
<Feature>
  <Name className="java.lang.String">reference</Name>
  <Value className="java.lang.String">true</Value>
</Feature>
<Feature>
  <Name className="java.lang.String">writerAtt</Name>
  <Value className="java.lang.String">negative</Value>
</Feature>
</Annotation>
<Annotation Id="106" Type="gfbf-agent" StartNode="3814" EndNode="3822">
<Feature>
  <Name className="java.lang.String">writerAtt</Name>
  <Value className="java.lang.String">negative</Value>
</Feature>
</Annotation>
<Annotation Id="107" Type="gfbf" StartNode="3902" EndNode="3908">
<Feature>
  <Name className="java.lang.String">agentId</Name>
  <Value className="java.lang.String">106</Value>
</Feature>
<Feature>
  <Name className="java.lang.String">comment</Name>
  <Value className="java.lang.String">charge itself is badfor?</Value>
</Feature>
<Feature>
  <Name className="java.lang.String">objectId</Name>
  <Value className="java.lang.String">108</Value>
</Feature>
<Feature>
  <Name className="java.lang.String">polarity</Name>
  <Value className="java.lang.String">badfor</Value>
</Feature>
</Annotation>
<Annotation Id="104" Type="gfbf-object" StartNode="3241" EndNode="3263">
<Feature>
  <Name className="java.lang.String">writerAtt</Name>
  <Value className="java.lang.String">positive</Value>
</Feature>
</Annotation>
<Annotation Id="105" Type="gfbf-agent" StartNode="3737" EndNode="3748">
<Feature>
  <Name className="java.lang.String">writerAtt</Name>
  <Value className="java.lang.String">positive</Value>
</Feature>
</Annotation>
<Annotation Id="117" Type="gfbf-agent" StartNode="4755" EndNode="4757">
<Feature>
  <Name className="java.lang.String">referentId</Name>
  <Value className="java.lang.String">165</Value>
</Feature>
<Feature>
  <Name className="java.lang.String">reference</Name>
  <Value className="java.lang.String">true</Value>
</Feature>
<Feature>
  <Name className="java.lang.String">writerAtt</Name>
  <Value className="java.lang.String">positive</Value>
</Feature>
</Annotation>
<Annotation Id="116" Type="gfbf" StartNode="4763" EndNode="4769">
<Feature>
  <Name className="java.lang.String">agentId</Name>
  <Value className="java.lang.String">117</Value>
</Feature>
<Feature>
  <Name className="java.lang.String">objectId</Name>
  <Value className="java.lang.String">135</Value>
</Feature>
<Feature>
  <Name className="java.lang.String">polarity</Name>
  <Value className="java.lang.String">goodfor</Value>
</Feature>
</Annotation>
<Annotation Id="115" Type="gfbf-object" StartNode="4734" EndNode="4751">
<Feature>
  <Name className="java.lang.String">writerAtt</Name>
  <Value className="java.lang.String">negative</Value>
</Feature>
</Annotation>
<Annotation Id="114" Type="gfbf" StartNode="4726" EndNode="4733">
<Feature>
  <Name className="java.lang.String">agentId</Name>
  <Value className="java.lang.String">139</Value>
</Feature>
<Feature>
  <Name className="java.lang.String">objectId</Name>
  <Value className="java.lang.String">115</Value>
</Feature>
<Feature>
  <Name className="java.lang.String">polarity</Name>
  <Value className="java.lang.String">badfor</Value>
</Feature>
</Annotation>
<Annotation Id="112" Type="gfbf-agent" StartNode="4643" EndNode="4645">
<Feature>
  <Name className="java.lang.String">referentId</Name>
  <Value className="java.lang.String">165</Value>
</Feature>
<Feature>
  <Name className="java.lang.String">reference</Name>
  <Value className="java.lang.String">true</Value>
</Feature>
<Feature>
  <Name className="java.lang.String">writerAtt</Name>
  <Value className="java.lang.String">positive</Value>
</Feature>
</Annotation>
<Annotation Id="127" Type="gfbf-agent" StartNode="478" EndNode="488">
<Feature>
  <Name className="java.lang.String">writerAtt</Name>
  <Value className="java.lang.String">positive</Value>
</Feature>
</Annotation>
<Annotation Id="125" Type="gfbf-agent" StartNode="6022" EndNode="6040">
<Feature>
  <Name className="java.lang.String">writerAtt</Name>
  <Value className="java.lang.String">positive</Value>
</Feature>
</Annotation>
<Annotation Id="122" Type="gfbf-agent" StartNode="4770" EndNode="4801">
<Feature>
  <Name className="java.lang.String">writerAtt</Name>
  <Value className="java.lang.String">positive</Value>
</Feature>
</Annotation>
<Annotation Id="121" Type="gfbf-object" StartNode="4825" EndNode="4870">
<Feature>
  <Name className="java.lang.String">writerAtt</Name>
  <Value className="java.lang.String">negative</Value>
</Feature>
</Annotation>
<Annotation Id="120" Type="gfbf" StartNode="4819" EndNode="4824">
<Feature>
  <Name className="java.lang.String">agentId</Name>
  <Value className="java.lang.String">122</Value>
</Feature>
<Feature>
  <Name className="java.lang.String">objectId</Name>
  <Value className="java.lang.String">121</Value>
</Feature>
<Feature>
  <Name className="java.lang.String">polarity</Name>
  <Value className="java.lang.String">badfor</Value>
</Feature>
</Annotation>
<Annotation Id="137" Type="gfbf-agent" StartNode="5839" EndNode="5857">
<Feature>
  <Name className="java.lang.String">writerAtt</Name>
  <Value className="java.lang.String">positive</Value>
</Feature>
</Annotation>
<Annotation Id="136" Type="gfbf-agent" StartNode="5515" EndNode="5530">
<Feature>
  <Name className="java.lang.String">writerAtt</Name>
  <Value className="java.lang.String">positive</Value>
</Feature>
</Annotation>
<Annotation Id="139" Type="gfbf-agent" StartNode="4689" EndNode="4722">
<Feature>
  <Name className="java.lang.String">writerAtt</Name>
  <Value className="java.lang.String">positive</Value>
</Feature>
</Annotation>
<Annotation Id="138" Type="gfbf-agent" StartNode="6771" EndNode="6782">
<Feature>
  <Name className="java.lang.String">writerAtt</Name>
  <Value className="java.lang.String">positive</Value>
</Feature>
</Annotation>
<Annotation Id="141" Type="referent" StartNode="450" EndNode="454">
<Feature>
  <Name className="java.lang.String">writerAtt</Name>
  <Value className="java.lang.String">positive</Value>
</Feature>
</Annotation>
<Annotation Id="143" Type="gfbf-agent" StartNode="849" EndNode="858">
<Feature>
  <Name className="java.lang.String">writerAtt</Name>
  <Value className="java.lang.String">positive</Value>
</Feature>
</Annotation>
<Annotation Id="142" Type="gfbf" StartNode="837" EndNode="845">
<Feature>
  <Name className="java.lang.String">agentId</Name>
  <Value className="java.lang.String">143</Value>
</Feature>
<Feature>
  <Name className="java.lang.String">objectId</Name>
  <Value className="java.lang.String">144</Value>
</Feature>
<Feature>
  <Name className="java.lang.String">polarity</Name>
  <Value className="java.lang.String">goodfor</Value>
</Feature>
</Annotation>
<Annotation Id="129" Type="gfbf-object" StartNode="572" EndNode="612">
<Feature>
  <Name className="java.lang.String">writerAtt</Name>
  <Value className="java.lang.String">negative</Value>
</Feature>
</Annotation>
<Annotation Id="128" Type="gfbf-agent" StartNode="450" EndNode="454">
<Feature>
  <Name className="java.lang.String">writerAtt</Name>
  <Value className="java.lang.String">positive</Value>
</Feature>
</Annotation>
<Annotation Id="131" Type="gfbf-object" StartNode="3957" EndNode="4048">
<Feature>
  <Name className="java.lang.String">writerAtt</Name>
  <Value className="java.lang.String">positive</Value>
</Feature>
</Annotation>
<Annotation Id="130" Type="gfbf-object" StartNode="3857" EndNode="3898">
<Feature>
  <Name className="java.lang.String">writerAtt</Name>
  <Value className="java.lang.String">positive</Value>
</Feature>
</Annotation>
<Annotation Id="133" Type="gfbf-object" StartNode="4055" EndNode="4159">
<Feature>
  <Name className="java.lang.String">writerAtt</Name>
  <Value className="java.lang.String">positive</Value>
</Feature>
</Annotation>
<Annotation Id="132" Type="gfbf" StartNode="4051" EndNode="4054">
<Feature>
  <Name className="java.lang.String">agentId</Name>
  <Value className="java.lang.String">109</Value>
</Feature>
<Feature>
  <Name className="java.lang.String">polarity</Name>
  <Value className="java.lang.String">badfor</Value>
</Feature>
<Feature>
  <Name className="java.lang.String">objectId</Name>
  <Value className="java.lang.String">133</Value>
</Feature>
</Annotation>
<Annotation Id="135" Type="gfbf-object" StartNode="4770" EndNode="4870">
<Feature>
  <Name className="java.lang.String">writerAtt</Name>
  <Value className="java.lang.String">positive</Value>
</Feature>
</Annotation>
<Annotation Id="134" Type="gfbf-object" StartNode="4689" EndNode="4722">
<Feature>
  <Name className="java.lang.String">writerAtt</Name>
  <Value className="java.lang.String">positive</Value>
</Feature>
</Annotation>
<Annotation Id="153" Type="gfbf" StartNode="2511" EndNode="2520">
<Feature>
  <Name className="java.lang.String">agentId</Name>
  <Value className="java.lang.String">155</Value>
</Feature>
<Feature>
  <Name className="java.lang.String">objectId</Name>
  <Value className="java.lang.String">154</Value>
</Feature>
<Feature>
  <Name className="java.lang.String">polarity</Name>
  <Value className="java.lang.String">badfor</Value>
</Feature>
</Annotation>
<Annotation Id="154" Type="gfbf-object" StartNode="2521" EndNode="2614">
<Feature>
  <Name className="java.lang.String">unclear</Name>
  <Value className="java.lang.String">true</Value>
</Feature>
<Feature>
  <Name className="java.lang.String">writerAtt</Name>
  <Value className="java.lang.String">negative</Value>
</Feature>
</Annotation>
<Annotation Id="155" Type="gfbf-agent" StartNode="2481" EndNode="2504">
<Feature>
  <Name className="java.lang.String">writerAtt</Name>
  <Value className="java.lang.String">positive</Value>
</Feature>
</Annotation>
<Annotation Id="156" Type="gfbf" StartNode="2623" EndNode="2632">
<Feature>
  <Name className="java.lang.String">agentId</Name>
  <Value className="java.lang.String">155</Value>
</Feature>
<Feature>
  <Name className="java.lang.String">objectId</Name>
  <Value className="java.lang.String">157</Value>
</Feature>
<Feature>
  <Name className="java.lang.String">polarity</Name>
  <Value className="java.lang.String">goodfor</Value>
</Feature>
</Annotation>
<Annotation Id="157" Type="gfbf-object" StartNode="2633" EndNode="2663">
<Feature>
  <Name className="java.lang.String">writerAtt</Name>
  <Value className="java.lang.String">positive</Value>
</Feature>
</Annotation>
<Annotation Id="158" Type="gfbf" StartNode="3535" EndNode="3539">
<Feature>
  <Name className="java.lang.String">agentId</Name>
  <Value className="java.lang.String">160</Value>
</Feature>
<Feature>
  <Name className="java.lang.String">objectId</Name>
  <Value className="java.lang.String">159</Value>
</Feature>
<Feature>
  <Name className="java.lang.String">polarity</Name>
  <Value className="java.lang.String">goodfor</Value>
</Feature>
</Annotation>
<Annotation Id="159" Type="gfbf-object" StartNode="3540" EndNode="3600">
<Feature>
  <Name className="java.lang.String">writerAtt</Name>
  <Value className="java.lang.String">positive</Value>
</Feature>
</Annotation>
<Annotation Id="144" Type="gfbf-object" StartNode="826" EndNode="836">
<Feature>
  <Name className="java.lang.String">writerAtt</Name>
  <Value className="java.lang.String">positive</Value>
</Feature>
</Annotation>
<Annotation Id="145" Type="gfbf" StartNode="1092" EndNode="1100">
<Feature>
  <Name className="java.lang.String">agentId</Name>
  <Value className="java.lang.String">148</Value>
</Feature>
<Feature>
  <Name className="java.lang.String">objectId</Name>
  <Value className="java.lang.String">146</Value>
</Feature>
<Feature>
  <Name className="java.lang.String">polarity</Name>
  <Value className="java.lang.String">goodfor</Value>
</Feature>
</Annotation>
<Annotation Id="146" Type="gfbf-object" StartNode="1101" EndNode="1109">
<Feature>
  <Name className="java.lang.String">writerAtt</Name>
  <Value className="java.lang.String">positive</Value>
</Feature>
</Annotation>
<Annotation Id="148" Type="gfbf-agent" StartNode="1043" EndNode="1076">
<Feature>
  <Name className="java.lang.String">writerAtt</Name>
  <Value className="java.lang.String">negative</Value>
</Feature>
</Annotation>
<Annotation Id="149" Type="influencer" StartNode="1030" EndNode="1042">
<Feature>
  <Name className="java.lang.String">effect</Name>
  <Value className="java.lang.String">reverse</Value>
</Feature>
<Feature>
  <Name className="java.lang.String">agentId</Name>
  <Value className="java.lang.String">148</Value>
</Feature>
<Feature>
  <Name className="java.lang.String">objectId</Name>
  <Value className="java.lang.String">145</Value>
</Feature>
</Annotation>
<Annotation Id="150" Type="referent" StartNode="1258" EndNode="1276">
<Feature>
  <Name className="java.lang.String">writerAtt</Name>
  <Value className="java.lang.String">negative</Value>
</Feature>
</Annotation>
<Annotation Id="170" Type="referent" StartNode="5515" EndNode="5530">
<Feature>
  <Name className="java.lang.String">writerAtt</Name>
  <Value className="java.lang.String">positive</Value>
</Feature>
</Annotation>
<Annotation Id="169" Type="gfbf-agent" StartNode="5637" EndNode="5641">
<Feature>
  <Name className="java.lang.String">referentId</Name>
  <Value className="java.lang.String">170</Value>
</Feature>
<Feature>
  <Name className="java.lang.String">reference</Name>
  <Value className="java.lang.String">true</Value>
</Feature>
<Feature>
  <Name className="java.lang.String">writerAtt</Name>
  <Value className="java.lang.String">positive</Value>
</Feature>
</Annotation>
<Annotation Id="168" Type="gfbf-object" StartNode="5662" EndNode="5680">
<Feature>
  <Name className="java.lang.String">writerAtt</Name>
  <Value className="java.lang.String">positive</Value>
</Feature>
</Annotation>
<Annotation Id="173" Type="influencer" StartNode="3512" EndNode="3521">
<Feature>
  <Name className="java.lang.String">effect</Name>
  <Value className="java.lang.String">retain</Value>
</Feature>
<Feature>
  <Name className="java.lang.String">agentId</Name>
  <Value className="java.lang.String">176</Value>
</Feature>
<Feature>
  <Name className="java.lang.String">objectId</Name>
  <Value className="java.lang.String">158</Value>
</Feature>
</Annotation>
<Annotation Id="172" Type="influencer" StartNode="3829" EndNode="3838">
<Feature>
  <Name className="java.lang.String">effect</Name>
  <Value className="java.lang.String">reverse</Value>
</Feature>
<Feature>
  <Name className="java.lang.String">agentId</Name>
  <Value className="java.lang.String">106</Value>
</Feature>
<Feature>
  <Name className="java.lang.String">objectId</Name>
  <Value className="java.lang.String">79</Value>
</Feature>
</Annotation>
<Annotation Id="160" Type="gfbf-agent" StartNode="3522" EndNode="3531">
<Feature>
  <Name className="java.lang.String">writerAtt</Name>
  <Value className="java.lang.String">positive</Value>
</Feature>
</Annotation>
<Annotation Id="167" Type="gfbf" StartNode="5650" EndNode="5661">
<Feature>
  <Name className="java.lang.String">agentId</Name>
  <Value className="java.lang.String">169</Value>
</Feature>
<Feature>
  <Name className="java.lang.String">objectId</Name>
  <Value className="java.lang.String">168</Value>
</Feature>
<Feature>
  <Name className="java.lang.String">polarity</Name>
  <Value className="java.lang.String">goodfor</Value>
</Feature>
</Annotation>
<Annotation Id="166" Type="others" StartNode="5023" EndNode="5066">
<Feature>
  <Name className="java.lang.String">comment</Name>
  <Value className="java.lang.String">drive away from...?</Value>
</Feature>
</Annotation>
<Annotation Id="165" Type="referent" StartNode="4579" EndNode="4589">
<Feature>
  <Name className="java.lang.String">writerAtt</Name>
  <Value className="java.lang.String">positive</Value>
</Feature>
</Annotation>
<Annotation Id="164" Type="referent" StartNode="3814" EndNode="3822">
<Feature>
  <Name className="java.lang.String">writerAtt</Name>
  <Value className="java.lang.String">negative</Value>
</Feature>
</Annotation>
<Annotation Id="176" Type="gfbf-agent" StartNode="3433" EndNode="3441">
<Feature>
  <Name className="java.lang.String">writerAtt</Name>
  <Value className="java.lang.String">positive</Value>
</Feature>
</Annotation>
</AnnotationSet>

<!-- Named annotation set -->

<AnnotationSet Name="Original markups">
<Annotation Id="0" Type="paragraph" StartNode="0" EndNode="6964">
</Annotation>
</AnnotationSet>

</GateDocument>
