<?xml version='1.0' encoding='US-ASCII'?>
<GateDocument version="2">
<!-- The document's features-->

<GateDocumentFeatures>
<Feature>
  <Name className="java.lang.String">MimeType</Name>
  <Value className="java.lang.String">text/plain</Value>
</Feature>
<Feature>
  <Name className="java.lang.String">gate.SourceURL</Name>
  <Value className="java.lang.String">file:/E:/Users/conrada/Documents/My%20Dropbox/healthcare_devel_data_final/hc003.txt</Value>
</Feature>
<Feature>
  <Name className="java.lang.String">docNewLineType</Name>
  <Value className="java.lang.String">CRLF</Value>
</Feature>
</GateDocumentFeatures>
<!-- The document content area with serialized nodes -->

<TextWithNodes><Node id="0"/>
 <Node id="2"/>Op-Ed Contributor - <Node id="22"/>Why <Node id="26"/>We<Node id="28"/> <Node id="29"/>Need<Node id="33"/> <Node id="34"/>Health Care Reform<Node id="52"/> - NYTimes.com
  Op-Ed Contributor
Why <Node id="91"/>We<Node id="93"/> <Node id="94"/>Need<Node id="98"/> <Node id="99"/>Health Care Reform<Node id="117"/>
 By   BARACK OBAMA
 Published: August 15, 2009
     OUR nation is now engaged in a great debate about the future of health care in America.
 <Node id="259"/>And over the past few weeks, much of the media attention has been focused on the loudest voices<Node id="354"/>.
 <Node id="357"/>What we haven't heard are the voices of the millions upon millions of Americans who quietly struggle every day with a system that often <Node id="493"/>works better for the health-insurance companies than it does for them<Node id="562"/>.
  These are people like Lori Hitchcock, whom I met in New Hampshire last week.
 <Node id="644"/>Lori is currently self-employed and trying to start a business, but because she has hepatitis C, she cannot find an insurance company that will cover her<Node id="797"/>.

 <Node id="801"/>Another woman testified that an insurance company would not cover illnesses related to her internal organs because of an accident she had when she was 5 years old. <Node id="965"/>
 <Node id="967"/>A man lost his health coverage in the middle of chemotherapy because the insurance company discovered that he had gallstones, which he hadn't known about when he applied for his policy<Node id="1151"/>.
  <Node id="1155"/>Because his treatment was delayed, he died<Node id="1197"/>.
 <Node id="1200"/>I hear more and more stories like these every single day, and it is why we are acting so urgently to pass health-insurance reform this year<Node id="1339"/>.
 <Node id="1342"/>I don't have to explain to the nearly 46 million Americans who don't have health insurance how important this is<Node id="1454"/>.
  But it's just as important for Americans who  do  have health insurance.
 <Node id="1532"/>There are four main ways the reform we're proposing will <Node id="1589"/>provide more stability and security to every American<Node id="1642"/>.
 <Node id="1645"/>First, if you don't have health insurance, you will have a choice of high-quality, affordable coverage for yourself and your family ; coverage that will stay with you whether you move, change your job or lose your job.<Node id="1863"/>
 <Node id="1865"/>Second, <Node id="1873"/>reform<Node id="1879"/> will finally <Node id="1893"/>bring <Node id="1899"/>skyrocketing health care costs<Node id="1929"/> under control<Node id="1943"/>, which will mean <Node id="1961"/>real savings for<Node id="1977"/> families, businesses and our government. <Node id="2019"/>
 <Node id="2021"/>We<Node id="2023"/>'ll <Node id="2027"/>cut<Node id="2030"/> <Node id="2031"/>hundreds of billions of dollars in waste<Node id="2071"/> and <Node id="2076"/>inefficiency in federal health programs like Medicare and Medicaid and in unwarranted subsidies to <Node id="2175"/>insurance companies<Node id="2194"/> <Node id="2195"/>that<Node id="2199"/> <Node id="2200"/>do nothing to<Node id="2213"/> <Node id="2214"/>improve<Node id="2221"/> <Node id="2222"/>care<Node id="2226"/> and everything to <Node id="2245"/>improve<Node id="2252"/> <Node id="2253"/>their profits<Node id="2266"/>.<Node id="2267"/>
 <Node id="2269"/>Third, by making Medicare more efficient, we'll be able to ensure that <Node id="2340"/>more tax dollars<Node id="2356"/> go directly to <Node id="2372"/>caring for<Node id="2382"/> <Node id="2383"/>seniors<Node id="2390"/> <Node id="2391"/>instead of<Node id="2401"/> <Node id="2402"/>enriching<Node id="2411"/> <Node id="2412"/>insurance companies<Node id="2431"/>. <Node id="2433"/>
<Node id="2434"/> This will not only help <Node id="2459"/>provide today's seniors with the benefits they've been promised<Node id="2522"/>; <Node id="2524"/>it<Node id="2526"/> will also <Node id="2537"/>ensure<Node id="2543"/> <Node id="2544"/>the long-term health of Medicare for tomorrow's seniors<Node id="2599"/>. <Node id="2601"/>
 <Node id="2603"/>And <Node id="2607"/>our reforms<Node id="2618"/> will also <Node id="2629"/>reduce<Node id="2635"/> <Node id="2636"/>the amount our seniors pay for their prescription drugs<Node id="2691"/>. <Node id="2693"/>
   <Node id="2697"/> Lastly, reform will <Node id="2718"/>provide every American with some basic consumer protections<Node id="2777"/> that will finally <Node id="2796"/>hold insurance companies accountable<Node id="2832"/>. <Node id="2834"/>
 <Node id="2836"/>A 2007 national survey actually shows that <Node id="2879"/>insurance companies<Node id="2898"/> <Node id="2899"/>discriminated against<Node id="2920"/> <Node id="2921"/>more than 12 million Americans in the previous three years<Node id="2979"/> because they had a pre-existing illness or condition. <Node id="3034"/>
 <Node id="3036"/>The companies<Node id="3049"/> either <Node id="3057"/>refused to<Node id="3067"/> <Node id="3068"/>cover<Node id="3073"/> <Node id="3074"/>the person<Node id="3084"/>, refused to cover a specific illness or condition or charged a higher premium<Node id="3162"/>. <Node id="3164"/>We<Node id="3166"/> will <Node id="3172"/>put an end to<Node id="3185"/> <Node id="3186"/>these practices<Node id="3201"/>.
 <Node id="3204"/>Our reform<Node id="3214"/> will <Node id="3220"/>prohibit<Node id="3228"/> <Node id="3229"/>insurance companies<Node id="3248"/> from <Node id="3254"/>denying<Node id="3261"/> <Node id="3262"/>coverage<Node id="3270"/> because of your medical history. <Node id="3304"/>
    <Node id="3309"/>Nor<Node id="3312"/> will <Node id="3318"/>they<Node id="3322"/> be allowed to <Node id="3337"/>drop<Node id="3341"/> <Node id="3342"/>your coverage<Node id="3355"/> if you get sick. <Node id="3373"/>
 <Node id="3375"/>They<Node id="3379"/> will <Node id="3385"/>not<Node id="3388"/> be able to <Node id="3400"/>water down<Node id="3410"/> <Node id="3411"/>your coverage<Node id="3424"/> when you need it most. <Node id="3448"/>
 <Node id="3450"/>They<Node id="3454"/> will <Node id="3460"/>no longer<Node id="3469"/> be able to <Node id="3481"/>place some arbitrary cap on<Node id="3508"/> <Node id="3509"/>the amount of coverage you can receive<Node id="3547"/> in a given year or in a lifetime. <Node id="3582"/>
 <Node id="3584"/>And <Node id="3588"/>we<Node id="3590"/> will <Node id="3596"/>place a limit on<Node id="3612"/> <Node id="3613"/>how much you can be charged for out-of-pocket expenses<Node id="3667"/>. <Node id="3669"/>
 <Node id="3671"/>No one in America should <Node id="3696"/>go broke<Node id="3704"/> because they <Node id="3718"/>get sick<Node id="3726"/>.<Node id="3727"/>
 <Node id="3729"/>Most important, we will require insurance companies to cover routine checkups, preventive care and screening tests like mammograms and colonoscopies<Node id="3877"/>.
 <Node id="3880"/>There's no reason that we shouldn't <Node id="3916"/>be catching diseases<Node id="3936"/> like breast cancer and prostate cancer on the front end. <Node id="3994"/>
 <Node id="3996"/>It makes sense, <Node id="4012"/>it<Node id="4014"/> <Node id="4015"/>saves<Node id="4020"/> <Node id="4021"/>lives<Node id="4026"/> and it can also <Node id="4043"/>save money<Node id="4053"/>.
  This is what reform is about.
 <Node id="4088"/>If you don't have health insurance, you will finally have quality, affordable options once <Node id="4179"/>we<Node id="4181"/> <Node id="4182"/>pass<Node id="4186"/> <Node id="4187"/>reform<Node id="4193"/>. <Node id="4195"/>
    <Node id="4200"/>If you have health insurance, we will make sure that no insurance company or government bureaucrat gets between you and the care you need. <Node id="4339"/>
 <Node id="4341"/>If you like your doctor, you can keep your doctor<Node id="4390"/>.
 <Node id="4393"/>If you like your health care plan, you can keep your health care plan<Node id="4462"/>.
 <Node id="4465"/>You will not be waiting in any lines. <Node id="4503"/>
 <Node id="4505"/>This is not about <Node id="4523"/>putting the government in charge of<Node id="4558"/> your health insurance. <Node id="4582"/>
 <Node id="4584"/>I don't believe anyone should be in charge of your health care decisions but you and your doctor ; not government bureaucrats, not insurance companies.<Node id="4735"/>
  The long and vigorous debate about health care that's been taking place over the past few months is a good thing.
  It's what America's all about.
 <Node id="4886"/>But let's make sure that we talk with one another, and not over one another<Node id="4961"/>.
 <Node id="4964"/>We are bound to disagree, but let's disagree over issues that are real, and not wild misrepresentations that bear no resemblance to anything that anyone has actually proposed<Node id="5138"/>.
 <Node id="5141"/>This is a complicated and critical issue, and it deserves a serious debate<Node id="5215"/>.
Despite what we've seen on television, I believe that serious debate is taking place at kitchen tables all across America.
In the past few years, I've received countless letters and questions about health care.
Some people are in favor of reform, and others have concerns.
<Node id="5490"/>But almost everyone understands that something must be done<Node id="5549"/>.
 <Node id="5552"/>Almost everyone knows that we must start <Node id="5593"/>holding insurance companies accountable<Node id="5632"/> and <Node id="5637"/>give Americans a greater sense of stability and security<Node id="5693"/> when it comes to their health care.<Node id="5729"/>
<Node id="5730"/>I am confident that when all is said and done, <Node id="5777"/>we<Node id="5779"/> can <Node id="5784"/>forge<Node id="5789"/> <Node id="5790"/>the consensus we need<Node id="5811"/> to <Node id="5815"/>achieve<Node id="5822"/> <Node id="5823"/>this goal<Node id="5832"/>.
 <Node id="5835"/>We<Node id="5837"/> are already closer to <Node id="5860"/>achieving<Node id="5869"/> <Node id="5870"/>health-insurance reform<Node id="5893"/> than we have ever been.
 <Node id="5919"/>We have the American Nurses Association and the American Medical Association on board<Node id="6004"/>, because <Node id="6014"/>our nation's nurses and doctors know firsthand how badly <Node id="6071"/>we<Node id="6073"/> <Node id="6074"/>need<Node id="6078"/> <Node id="6079"/>reform<Node id="6085"/>.
 <Node id="6088"/>We have broad agreement in Congress on about 80 percent of what we're trying to do<Node id="6170"/>.
  <Node id="6174"/>And we have an agreement from the drug companies to make prescription drugs more affordable for seniors. <Node id="6279"/>
<Node id="6280"/>The AARP supports this policy, and agrees with us that reform must happen this year.<Node id="6364"/>
 <Node id="6366"/>In the coming weeks, the cynics and the naysayers will continue to exploit fear and concerns for political gain<Node id="6477"/>.
 <Node id="6480"/>But for all the scare tactics out there, what's truly scary - truly risky - is the prospect of doing nothing<Node id="6588"/>.
 <Node id="6591"/>If we maintain the status quo<Node id="6620"/>, we will continue to see 14,000 Americans lose their health insurance every day. <Node id="6702"/>
  <Node id="6705"/>Premiums will continue to skyrocket<Node id="6740"/>.
 <Node id="6743"/>Our deficit will continue to grow<Node id="6776"/>.
<Node id="6778"/>And <Node id="6782"/>insurance companies<Node id="6801"/> will continue to <Node id="6819"/>profit<Node id="6825"/> by <Node id="6829"/>discriminating against<Node id="6851"/> <Node id="6852"/>sick people<Node id="6863"/>.<Node id="6864"/>
That is not a future I want for my children, or for yours.
And that is not a future I want for the United States of America.
<Node id="6990"/>In the end, this isn't about politics<Node id="7027"/>.
<Node id="7029"/>This is about people's lives and livelihoods<Node id="7073"/>.
<Node id="7075"/>This is about people's businesses<Node id="7108"/>.
This is about America's future, and whether we will be able to look back years from now and say that this was the moment when we made the changes we needed, and gave our children a better life.
<Node id="7304"/>I believe we can, and I believe we will<Node id="7343"/>.
<Node id="7345"/></TextWithNodes>
<!-- The default annotation set -->

<AnnotationSet>
<Annotation Id="1" Type="doc" StartNode="2" EndNode="7345">
<Feature>
  <Name className="java.lang.String">id</Name>
  <Value className="java.lang.String">hc003</Value>
</Feature>
<Feature>
  <Name className="java.lang.String">author</Name>
  <Value className="java.lang.String">Barack,Obama</Value>
</Feature>
<Feature>
  <Name className="java.lang.String">date</Name>
  <Value className="java.lang.String">20090815</Value>
</Feature>
<Feature>
  <Name className="java.lang.String">source</Name>
  <Value className="java.lang.String">New,York,Times,NYTimes</Value>
</Feature>
<Feature>
  <Name className="java.lang.String">side</Name>
  <Value className="java.lang.String">pro</Value>
</Feature>
<Feature>
  <Name className="java.lang.String">url</Name>
  <Value className="java.lang.String">http://www.nytimes.com/2009/08/16/opinion/16obama.html?_r=1&amp;pagewanted=all </Value>
</Feature>
</Annotation>
<Annotation Id="2" Type="arg" StartNode="357" EndNode="562">
<Feature>
  <Name className="java.lang.String">prospect</Name>
  <Value className="java.lang.String">loss</Value>
</Feature>
<Feature>
  <Name className="java.lang.String">ss-label</Name>
  <Value className="java.lang.String">current_system_leads_to_corporate_exploitation</Value>
</Feature>
<Feature>
  <Name className="java.lang.String">unclear</Name>
  <Value className="java.lang.String">true</Value>
</Feature>
<Feature>
  <Name className="java.lang.String">group</Name>
  <Value className="java.lang.String">self-group</Value>
</Feature>
<Feature>
  <Name className="java.lang.String">type</Name>
  <Value className="java.lang.String">label</Value>
</Feature>
<Feature>
  <Name className="java.lang.String">polarity</Name>
  <Value className="java.lang.String">negative</Value>
</Feature>
</Annotation>
<Annotation Id="3" Type="rel" StartNode="644" EndNode="797">
<Feature>
  <Name className="java.lang.String">polarity</Name>
  <Value className="java.lang.String">negative</Value>
</Feature>
<Feature>
  <Name className="java.lang.String">prospect</Name>
  <Value className="java.lang.String">loss</Value>
</Feature>
<Feature>
  <Name className="java.lang.String">unclear</Name>
  <Value className="java.lang.String">true</Value>
</Feature>
<Feature>
  <Name className="java.lang.String">ss-label</Name>
  <Value className="java.lang.String">pre-existing_conditions_currently_block_coverage</Value>
</Feature>
<Feature>
  <Name className="java.lang.String">type</Name>
  <Value className="java.lang.String">label</Value>
</Feature>
<Feature>
  <Name className="java.lang.String">group</Name>
  <Value className="java.lang.String">other-group</Value>
</Feature>
<Feature>
  <Name className="java.lang.String">incomplete</Name>
  <Value className="java.lang.String">true</Value>
</Feature>
</Annotation>
<Annotation Id="4" Type="rel" StartNode="801" EndNode="965">
<Feature>
  <Name className="java.lang.String">polarity</Name>
  <Value className="java.lang.String">negative</Value>
</Feature>
<Feature>
  <Name className="java.lang.String">prospect</Name>
  <Value className="java.lang.String">loss</Value>
</Feature>
<Feature>
  <Name className="java.lang.String">unclear</Name>
  <Value className="java.lang.String">true</Value>
</Feature>
<Feature>
  <Name className="java.lang.String">ss-label</Name>
  <Value className="java.lang.String">pre-existing_conditions_currently_block_coverage</Value>
</Feature>
<Feature>
  <Name className="java.lang.String">group</Name>
  <Value className="java.lang.String">other-group</Value>
</Feature>
<Feature>
  <Name className="java.lang.String">type</Name>
  <Value className="java.lang.String">label</Value>
</Feature>
<Feature>
  <Name className="java.lang.String">incomplete</Name>
  <Value className="java.lang.String">true</Value>
</Feature>
</Annotation>
<Annotation Id="5" Type="rel" StartNode="967" EndNode="1151">
<Feature>
  <Name className="java.lang.String">polarity</Name>
  <Value className="java.lang.String">negative</Value>
</Feature>
<Feature>
  <Name className="java.lang.String">prospect</Name>
  <Value className="java.lang.String">loss</Value>
</Feature>
<Feature>
  <Name className="java.lang.String">unclear</Name>
  <Value className="java.lang.String">true</Value>
</Feature>
<Feature>
  <Name className="java.lang.String">ss-label</Name>
  <Value className="java.lang.String">pre-existing_conditions_currently_block_coverage</Value>
</Feature>
<Feature>
  <Name className="java.lang.String">type</Name>
  <Value className="java.lang.String">label</Value>
</Feature>
<Feature>
  <Name className="java.lang.String">group</Name>
  <Value className="java.lang.String">other-group</Value>
</Feature>
<Feature>
  <Name className="java.lang.String">incomplete</Name>
  <Value className="java.lang.String">true</Value>
</Feature>
</Annotation>
<Annotation Id="6" Type="arg" StartNode="1342" EndNode="1454">
<Feature>
  <Name className="java.lang.String">ss-label</Name>
  <Value className="java.lang.String">many_americans_lack_appropriate_insurance</Value>
</Feature>
<Feature>
  <Name className="java.lang.String">unclear</Name>
  <Value className="java.lang.String">true</Value>
</Feature>
<Feature>
  <Name className="java.lang.String">type</Name>
  <Value className="java.lang.String">label</Value>
</Feature>
<Feature>
  <Name className="java.lang.String">polarity</Name>
  <Value className="java.lang.String">negative</Value>
</Feature>
</Annotation>
<Annotation Id="7" Type="arg" StartNode="1645" EndNode="1863">
<Feature>
  <Name className="java.lang.String">prospect</Name>
  <Value className="java.lang.String">gain</Value>
</Feature>
<Feature>
  <Name className="java.lang.String"></Name>
  <Value className="java.lang.String">expands/guarentees_access_to_insurance</Value>
</Feature>
<Feature>
  <Name className="java.lang.String">group</Name>
  <Value className="java.lang.String">self-group</Value>
</Feature>
<Feature>
  <Name className="java.lang.String">type</Name>
  <Value className="java.lang.String">label</Value>
</Feature>
<Feature>
  <Name className="java.lang.String">polarity</Name>
  <Value className="java.lang.String">positive</Value>
</Feature>
</Annotation>
<Annotation Id="8" Type="arg" StartNode="1865" EndNode="2019">
<Feature>
  <Name className="java.lang.String">prospect</Name>
  <Value className="java.lang.String">gain</Value>
</Feature>
<Feature>
  <Name className="java.lang.String">ss-label</Name>
  <Value className="java.lang.String">controls_healthcare_costs</Value>
</Feature>
<Feature>
  <Name className="java.lang.String">group</Name>
  <Value className="java.lang.String">self-group</Value>
</Feature>
<Feature>
  <Name className="java.lang.String">type</Name>
  <Value className="java.lang.String">label</Value>
</Feature>
<Feature>
  <Name className="java.lang.String">polarity</Name>
  <Value className="java.lang.String">positive</Value>
</Feature>
</Annotation>
<Annotation Id="9" Type="rel" StartNode="2021" EndNode="2267">
<Feature>
  <Name className="java.lang.String">type</Name>
  <Value className="java.lang.String">label</Value>
</Feature>
<Feature>
  <Name className="java.lang.String">ss-label</Name>
  <Value className="java.lang.String">controls_healthcare_costs</Value>
</Feature>
</Annotation>
<Annotation Id="10" Type="arg" StartNode="2269" EndNode="2433">
<Feature>
  <Name className="java.lang.String">type</Name>
  <Value className="java.lang.String">label</Value>
</Feature>
<Feature>
  <Name className="java.lang.String">ss-label</Name>
  <Value className="java.lang.String">improves_efficiency_of_healthcare_buracracy</Value>
</Feature>
<Feature>
  <Name className="java.lang.String">polarity</Name>
  <Value className="java.lang.String">positive</Value>
</Feature>
</Annotation>
<Annotation Id="11" Type="arg" StartNode="2434" EndNode="2601">
<Feature>
  <Name className="java.lang.String">ss-label</Name>
  <Value className="java.lang.String">ensures_medicares_sustainability</Value>
</Feature>
<Feature>
  <Name className="java.lang.String">type</Name>
  <Value className="java.lang.String">label</Value>
</Feature>
<Feature>
  <Name className="java.lang.String">polarity</Name>
  <Value className="java.lang.String">positive</Value>
</Feature>
<Feature>
  <Name className="java.lang.String">incomplete</Name>
  <Value className="java.lang.String">true</Value>
</Feature>
</Annotation>
<Annotation Id="12" Type="arg" StartNode="2603" EndNode="2693">
<Feature>
  <Name className="java.lang.String">prospect</Name>
  <Value className="java.lang.String">gain</Value>
</Feature>
<Feature>
  <Name className="java.lang.String">ss-label</Name>
  <Value className="java.lang.String">helps_seniors_pay_for_meds</Value>
</Feature>
<Feature>
  <Name className="java.lang.String">group</Name>
  <Value className="java.lang.String">self-group</Value>
</Feature>
<Feature>
  <Name className="java.lang.String">type</Name>
  <Value className="java.lang.String">label</Value>
</Feature>
<Feature>
  <Name className="java.lang.String">polarity</Name>
  <Value className="java.lang.String">positive</Value>
</Feature>
</Annotation>
<Annotation Id="13" Type="arg" StartNode="2697" EndNode="2834">
<Feature>
  <Name className="java.lang.String"></Name>
  <Value className="java.lang.String">prevents_corporate_exploitation</Value>
</Feature>
<Feature>
  <Name className="java.lang.String">prospect</Name>
  <Value className="java.lang.String">gain</Value>
</Feature>
<Feature>
  <Name className="java.lang.String">group</Name>
  <Value className="java.lang.String">self-group</Value>
</Feature>
<Feature>
  <Name className="java.lang.String">type</Name>
  <Value className="java.lang.String">label</Value>
</Feature>
<Feature>
  <Name className="java.lang.String">polarity</Name>
  <Value className="java.lang.String">positive</Value>
</Feature>
</Annotation>
<Annotation Id="14" Type="rel" StartNode="2836" EndNode="3034">
<Feature>
  <Name className="java.lang.String">type</Name>
  <Value className="java.lang.String">label</Value>
</Feature>
<Feature>
  <Name className="java.lang.String">ss-label</Name>
  <Value className="java.lang.String">current_system_leads_to_corporate_exploitation</Value>
</Feature>
</Annotation>
<Annotation Id="15" Type="rel" StartNode="3036" EndNode="3162">
<Feature>
  <Name className="java.lang.String">prospect</Name>
  <Value className="java.lang.String">loss</Value>
</Feature>
<Feature>
  <Name className="java.lang.String">unclear</Name>
  <Value className="java.lang.String">true</Value>
</Feature>
<Feature>
  <Name className="java.lang.String">ss-label</Name>
  <Value className="java.lang.String">current_system_leads_to_corporate_exploitation</Value>
</Feature>
<Feature>
  <Name className="java.lang.String">group</Name>
  <Value className="java.lang.String">self-group</Value>
</Feature>
<Feature>
  <Name className="java.lang.String">type</Name>
  <Value className="java.lang.String">label</Value>
</Feature>
<Feature>
  <Name className="java.lang.String">polarity</Name>
  <Value className="java.lang.String">negative</Value>
</Feature>
</Annotation>
<Annotation Id="17" Type="rel" StartNode="3229" EndNode="3248">
<Feature>
  <Name className="java.lang.String">id</Name>
  <Value className="java.lang.String">r1</Value>
</Feature>
</Annotation>
<Annotation Id="16" Type="arg" StartNode="3204" EndNode="3304">
<Feature>
  <Name className="java.lang.String">prospect</Name>
  <Value className="java.lang.String">gain</Value>
</Feature>
<Feature>
  <Name className="java.lang.String">ss-label</Name>
  <Value className="java.lang.String">expands/guarentees_access_to_insurance</Value>
</Feature>
<Feature>
  <Name className="java.lang.String">unclear</Name>
  <Value className="java.lang.String">true</Value>
</Feature>
<Feature>
  <Name className="java.lang.String">group</Name>
  <Value className="java.lang.String">self-group</Value>
</Feature>
<Feature>
  <Name className="java.lang.String">type</Name>
  <Value className="java.lang.String">label</Value>
</Feature>
<Feature>
  <Name className="java.lang.String">polarity</Name>
  <Value className="java.lang.String">negative</Value>
</Feature>
</Annotation>
<Annotation Id="19" Type="arg" StartNode="3375" EndNode="3448">
<Feature>
  <Name className="java.lang.String">about-rel</Name>
  <Value className="java.lang.String">r1</Value>
</Feature>
<Feature>
  <Name className="java.lang.String">polarity</Name>
  <Value className="java.lang.String">negative</Value>
</Feature>
<Feature>
  <Name className="java.lang.String">prospect</Name>
  <Value className="java.lang.String">gain</Value>
</Feature>
<Feature>
  <Name className="java.lang.String">ss-label</Name>
  <Value className="java.lang.String">prevents_corporate_exploitation</Value>
</Feature>
<Feature>
  <Name className="java.lang.String">unclear</Name>
  <Value className="java.lang.String">true</Value>
</Feature>
<Feature>
  <Name className="java.lang.String">group</Name>
  <Value className="java.lang.String">self-group</Value>
</Feature>
<Feature>
  <Name className="java.lang.String">type</Name>
  <Value className="java.lang.String">label</Value>
</Feature>
</Annotation>
<Annotation Id="18" Type="arg" StartNode="3309" EndNode="3373">
<Feature>
  <Name className="java.lang.String">about-rel</Name>
  <Value className="java.lang.String">r1</Value>
</Feature>
<Feature>
  <Name className="java.lang.String">polarity</Name>
  <Value className="java.lang.String">negative</Value>
</Feature>
<Feature>
  <Name className="java.lang.String">prospect</Name>
  <Value className="java.lang.String">gain</Value>
</Feature>
<Feature>
  <Name className="java.lang.String">ss-label</Name>
  <Value className="java.lang.String">prevents_insurers_from_dropping_the_sick</Value>
</Feature>
<Feature>
  <Name className="java.lang.String">unclear</Name>
  <Value className="java.lang.String">true</Value>
</Feature>
<Feature>
  <Name className="java.lang.String">group</Name>
  <Value className="java.lang.String">self-group</Value>
</Feature>
<Feature>
  <Name className="java.lang.String">type</Name>
  <Value className="java.lang.String">label</Value>
</Feature>
</Annotation>
<Annotation Id="21" Type="arg" StartNode="3584" EndNode="3669">
<Feature>
  <Name className="java.lang.String">prospect</Name>
  <Value className="java.lang.String">gain</Value>
</Feature>
<Feature>
  <Name className="java.lang.String">ss-label</Name>
  <Value className="java.lang.String">limits_out_of_pocket_expenses</Value>
</Feature>
<Feature>
  <Name className="java.lang.String">unclear</Name>
  <Value className="java.lang.String">true</Value>
</Feature>
<Feature>
  <Name className="java.lang.String">group</Name>
  <Value className="java.lang.String">self-group</Value>
</Feature>
<Feature>
  <Name className="java.lang.String">type</Name>
  <Value className="java.lang.String">label</Value>
</Feature>
<Feature>
  <Name className="java.lang.String">polarity</Name>
  <Value className="java.lang.String">positive</Value>
</Feature>
</Annotation>
<Annotation Id="20" Type="arg" StartNode="3450" EndNode="3582">
<Feature>
  <Name className="java.lang.String"></Name>
  <Value className="java.lang.String">true</Value>
</Feature>
<Feature>
  <Name className="java.lang.String">about-rel</Name>
  <Value className="java.lang.String">r1</Value>
</Feature>
<Feature>
  <Name className="java.lang.String">polarity</Name>
  <Value className="java.lang.String">negative</Value>
</Feature>
<Feature>
  <Name className="java.lang.String">prospect</Name>
  <Value className="java.lang.String">gain</Value>
</Feature>
<Feature>
  <Name className="java.lang.String">ss-label</Name>
  <Value className="java.lang.String">eliminates_caps_on_coverage</Value>
</Feature>
<Feature>
  <Name className="java.lang.String">type</Name>
  <Value className="java.lang.String">label</Value>
</Feature>
<Feature>
  <Name className="java.lang.String">group</Name>
  <Value className="java.lang.String">self-group</Value>
</Feature>
</Annotation>
<Annotation Id="23" Type="arg" StartNode="3729" EndNode="3877">
<Feature>
  <Name className="java.lang.String">prospect</Name>
  <Value className="java.lang.String">gain</Value>
</Feature>
<Feature>
  <Name className="java.lang.String"></Name>
  <Value className="java.lang.String">expands/guarantees_access_to_preventative_care</Value>
</Feature>
<Feature>
  <Name className="java.lang.String">group</Name>
  <Value className="java.lang.String">self-group</Value>
</Feature>
<Feature>
  <Name className="java.lang.String">type</Name>
  <Value className="java.lang.String">label</Value>
</Feature>
<Feature>
  <Name className="java.lang.String">polarity</Name>
  <Value className="java.lang.String">positive</Value>
</Feature>
</Annotation>
<Annotation Id="22" Type="arg" StartNode="3671" EndNode="3727">
<Feature>
  <Name className="java.lang.String">type</Name>
  <Value className="java.lang.String">label</Value>
</Feature>
<Feature>
  <Name className="java.lang.String">ss-label</Name>
  <Value className="java.lang.String">protects_individuals_from_medical_bankrupcy</Value>
</Feature>
<Feature>
  <Name className="java.lang.String">polarity</Name>
  <Value className="java.lang.String">positive</Value>
</Feature>
</Annotation>
<Annotation Id="25" Type="arg" StartNode="4088" EndNode="4195">
<Feature>
  <Name className="java.lang.String">prospect</Name>
  <Value className="java.lang.String">gain</Value>
</Feature>
<Feature>
  <Name className="java.lang.String">ss-label</Name>
  <Value className="java.lang.String">insurance_more_affordable</Value>
</Feature>
<Feature>
  <Name className="java.lang.String">group</Name>
  <Value className="java.lang.String">self-group</Value>
</Feature>
<Feature>
  <Name className="java.lang.String">type</Name>
  <Value className="java.lang.String">label</Value>
</Feature>
<Feature>
  <Name className="java.lang.String">polarity</Name>
  <Value className="java.lang.String">positive</Value>
</Feature>
</Annotation>
<Annotation Id="24" Type="arg" StartNode="3880" EndNode="3994">
<Feature>
  <Name className="java.lang.String">type</Name>
  <Value className="java.lang.String">label</Value>
</Feature>
<Feature>
  <Name className="java.lang.String">ss-label</Name>
  <Value className="java.lang.String">expands/guarantees_access_to_preventative_care</Value>
</Feature>
<Feature>
  <Name className="java.lang.String">polarity</Name>
  <Value className="java.lang.String">negative</Value>
</Feature>
</Annotation>
<Annotation Id="27" Type="rel" StartNode="4341" EndNode="4390">
<Feature>
  <Name className="java.lang.String">ss-label</Name>
  <Value className="java.lang.String">does_not_interfere_with_care</Value>
</Feature>
<Feature>
  <Name className="java.lang.String">unclear</Name>
  <Value className="java.lang.String">true</Value>
</Feature>
<Feature>
  <Name className="java.lang.String">type</Name>
  <Value className="java.lang.String">label</Value>
</Feature>
<Feature>
  <Name className="java.lang.String">polarity</Name>
  <Value className="java.lang.String">positive</Value>
</Feature>
</Annotation>
<Annotation Id="26" Type="arg" StartNode="4200" EndNode="4339">
<Feature>
  <Name className="java.lang.String">type</Name>
  <Value className="java.lang.String">label</Value>
</Feature>
<Feature>
  <Name className="java.lang.String">ss-label</Name>
  <Value className="java.lang.String">does_not_interfere_with_care</Value>
</Feature>
<Feature>
  <Name className="java.lang.String">polarity</Name>
  <Value className="java.lang.String">positive</Value>
</Feature>
</Annotation>
<Annotation Id="29" Type="arg" StartNode="4505" EndNode="4582">
<Feature>
  <Name className="java.lang.String">prospect</Name>
  <Value className="java.lang.String">gain</Value>
</Feature>
<Feature>
  <Name className="java.lang.String">ss-label</Name>
  <Value className="java.lang.String">will_not_lead_to_government_control</Value>
</Feature>
<Feature>
  <Name className="java.lang.String">group</Name>
  <Value className="java.lang.String">self-group</Value>
</Feature>
<Feature>
  <Name className="java.lang.String">type</Name>
  <Value className="java.lang.String">label</Value>
</Feature>
<Feature>
  <Name className="java.lang.String">polarity</Name>
  <Value className="java.lang.String">negative</Value>
</Feature>
</Annotation>
<Annotation Id="28" Type="arg" StartNode="4465" EndNode="4503">
<Feature>
  <Name className="java.lang.String">polarity</Name>
  <Value className="java.lang.String">negative</Value>
</Feature>
<Feature>
  <Name className="java.lang.String">prospect</Name>
  <Value className="java.lang.String">gain</Value>
</Feature>
<Feature>
  <Name className="java.lang.String">ss-label</Name>
  <Value className="java.lang.String">does_not_lead_to_rationing</Value>
</Feature>
<Feature>
  <Name className="java.lang.String">unclear</Name>
  <Value className="java.lang.String">true</Value>
</Feature>
<Feature>
  <Name className="java.lang.String">type</Name>
  <Value className="java.lang.String">label</Value>
</Feature>
<Feature>
  <Name className="java.lang.String">group</Name>
  <Value className="java.lang.String">self-group</Value>
</Feature>
<Feature>
  <Name className="java.lang.String">incomplete</Name>
  <Value className="java.lang.String">true</Value>
</Feature>
</Annotation>
<Annotation Id="31" Type="arg" StartNode="5490" EndNode="5549">
<Feature>
  <Name className="java.lang.String">ss-label</Name>
  <Value className="java.lang.String">heathcare_urgently_needs_addressing</Value>
</Feature>
<Feature>
  <Name className="java.lang.String">unclear</Name>
  <Value className="java.lang.String">true</Value>
</Feature>
<Feature>
  <Name className="java.lang.String">type</Name>
  <Value className="java.lang.String">label</Value>
</Feature>
<Feature>
  <Name className="java.lang.String">polarity</Name>
  <Value className="java.lang.String">positive</Value>
</Feature>
<Feature>
  <Name className="java.lang.String">incomplete</Name>
  <Value className="java.lang.String">true</Value>
</Feature>
</Annotation>
<Annotation Id="30" Type="arg" StartNode="4584" EndNode="4735">
<Feature>
  <Name className="java.lang.String">prospect</Name>
  <Value className="java.lang.String">gain</Value>
</Feature>
<Feature>
  <Name className="java.lang.String">ss-label</Name>
  <Value className="java.lang.String">does_not_interfere_with_care</Value>
</Feature>
<Feature>
  <Name className="java.lang.String">group</Name>
  <Value className="java.lang.String">self-group</Value>
</Feature>
<Feature>
  <Name className="java.lang.String">type</Name>
  <Value className="java.lang.String">label</Value>
</Feature>
<Feature>
  <Name className="java.lang.String">polarity</Name>
  <Value className="java.lang.String">negative</Value>
</Feature>
</Annotation>
<Annotation Id="35" Type="arg" StartNode="6088" EndNode="6170">
<Feature>
  <Name className="java.lang.String">type</Name>
  <Value className="java.lang.String">label</Value>
</Feature>
<Feature>
  <Name className="java.lang.String">ss-label</Name>
  <Value className="java.lang.String">has_congressional_support</Value>
</Feature>
<Feature>
  <Name className="java.lang.String">polarity</Name>
  <Value className="java.lang.String">positive</Value>
</Feature>
</Annotation>
<Annotation Id="32" Type="arg" StartNode="5552" EndNode="5729">
<Feature>
  <Name className="java.lang.String">type</Name>
  <Value className="java.lang.String">label</Value>
</Feature>
<Feature>
  <Name className="java.lang.String">ss-label</Name>
  <Value className="java.lang.String">makes_insurers_more_accountable</Value>
</Feature>
<Feature>
  <Name className="java.lang.String">polarity</Name>
  <Value className="java.lang.String">positive</Value>
</Feature>
</Annotation>
<Annotation Id="33" Type="arg" StartNode="6014" EndNode="6085">
<Feature>
  <Name className="java.lang.String">type</Name>
  <Value className="java.lang.String">label</Value>
</Feature>
<Feature>
  <Name className="java.lang.String">ss-label</Name>
  <Value className="java.lang.String">popular_among_healthcare_professionals</Value>
</Feature>
<Feature>
  <Name className="java.lang.String">polarity</Name>
  <Value className="java.lang.String">positive</Value>
</Feature>
</Annotation>
<Annotation Id="38" Type="rel" StartNode="6366" EndNode="6477">
<Feature>
  <Name className="java.lang.String">ss-label</Name>
  <Value className="java.lang.String">opposition_exploiting_fear_to_block_reform</Value>
</Feature>
<Feature>
  <Name className="java.lang.String">unclear</Name>
  <Value className="java.lang.String">true</Value>
</Feature>
<Feature>
  <Name className="java.lang.String">type</Name>
  <Value className="java.lang.String">label</Value>
</Feature>
<Feature>
  <Name className="java.lang.String">polarity</Name>
  <Value className="java.lang.String">negative</Value>
</Feature>
<Feature>
  <Name className="java.lang.String">incomplete</Name>
  <Value className="java.lang.String"></Value>
</Feature>
</Annotation>
<Annotation Id="36" Type="rel" StartNode="6174" EndNode="6279">
<Feature>
  <Name className="java.lang.String">prospect</Name>
  <Value className="java.lang.String">gain</Value>
</Feature>
<Feature>
  <Name className="java.lang.String">ss-label</Name>
  <Value className="java.lang.String">helps_seniors_pay_for_meds</Value>
</Feature>
<Feature>
  <Name className="java.lang.String">group</Name>
  <Value className="java.lang.String">self-group</Value>
</Feature>
<Feature>
  <Name className="java.lang.String">type</Name>
  <Value className="java.lang.String">label</Value>
</Feature>
<Feature>
  <Name className="java.lang.String">polarity</Name>
  <Value className="java.lang.String">positive</Value>
</Feature>
</Annotation>
<Annotation Id="37" Type="rel" StartNode="6280" EndNode="6364">
<Feature>
  <Name className="java.lang.String">type</Name>
  <Value className="java.lang.String">label</Value>
</Feature>
<Feature>
  <Name className="java.lang.String">ss-label</Name>
  <Value className="java.lang.String">helps_seniors_pay_for_meds</Value>
</Feature>
</Annotation>
<Annotation Id="42" Type="rel" StartNode="6591" EndNode="6620">
<Feature>
  <Name className="java.lang.String">id</Name>
  <Value className="java.lang.String">r2</Value>
</Feature>
</Annotation>
<Annotation Id="40" Type="arg" StartNode="6480" EndNode="6588">
<Feature>
  <Name className="java.lang.String">type</Name>
  <Value className="java.lang.String">label</Value>
</Feature>
<Feature>
  <Name className="java.lang.String">ss-label</Name>
  <Value className="java.lang.String">heathcare_urgently_needs_addressing</Value>
</Feature>
<Feature>
  <Name className="java.lang.String">polarity</Name>
  <Value className="java.lang.String">negative</Value>
</Feature>
</Annotation>
<Annotation Id="41" Type="arg" StartNode="6591" EndNode="6702">
<Feature>
  <Name className="java.lang.String">prospect</Name>
  <Value className="java.lang.String">loss</Value>
</Feature>
<Feature>
  <Name className="java.lang.String">ss-label</Name>
  <Value className="java.lang.String">many_americans_lack_appropriate_insurance</Value>
</Feature>
<Feature>
  <Name className="java.lang.String">group</Name>
  <Value className="java.lang.String">self-group</Value>
</Feature>
<Feature>
  <Name className="java.lang.String">type</Name>
  <Value className="java.lang.String">label</Value>
</Feature>
<Feature>
  <Name className="java.lang.String">polarity</Name>
  <Value className="java.lang.String">negative</Value>
</Feature>
</Annotation>
<Annotation Id="46" Type="arg" StartNode="22" EndNode="52">
<Feature>
  <Name className="java.lang.String">type</Name>
  <Value className="java.lang.String">label</Value>
</Feature>
<Feature>
  <Name className="java.lang.String">ss-label</Name>
  <Value className="java.lang.String">bill_should_be_passed</Value>
</Feature>
<Feature>
  <Name className="java.lang.String">polarity</Name>
  <Value className="java.lang.String">positive</Value>
</Feature>
</Annotation>
<Annotation Id="47" Type="rel" StartNode="259" EndNode="354">
<Feature>
  <Name className="java.lang.String">type</Name>
  <Value className="java.lang.String">label</Value>
</Feature>
<Feature>
  <Name className="java.lang.String">ss-label</Name>
  <Value className="java.lang.String">opposition_demagogues_bill</Value>
</Feature>
<Feature>
  <Name className="java.lang.String">unclear</Name>
  <Value className="java.lang.String">true</Value>
</Feature>
</Annotation>
<Annotation Id="45" Type="arg" StartNode="6778" EndNode="6864">
<Feature>
  <Name className="java.lang.String">prospect</Name>
  <Value className="java.lang.String">loss</Value>
</Feature>
<Feature>
  <Name className="java.lang.String">ss-label</Name>
  <Value className="java.lang.String">current_system_leads_to_corporate_exploitation</Value>
</Feature>
<Feature>
  <Name className="java.lang.String">type</Name>
  <Value className="java.lang.String">label</Value>
</Feature>
<Feature>
  <Name className="java.lang.String">group</Name>
  <Value className="java.lang.String">self-group</Value>
</Feature>
<Feature>
  <Name className="java.lang.String">about-rel</Name>
  <Value className="java.lang.String">r2</Value>
</Feature>
<Feature>
  <Name className="java.lang.String">polarity</Name>
  <Value className="java.lang.String">negative</Value>
</Feature>
</Annotation>
<Annotation Id="51" Type="rel" StartNode="3164" EndNode="3201">
<Feature>
  <Name className="java.lang.String">type</Name>
  <Value className="java.lang.String">label</Value>
</Feature>
<Feature>
  <Name className="java.lang.String">ss-label</Name>
  <Value className="java.lang.String">current_system_leads_to_corporate_exploitation</Value>
</Feature>
</Annotation>
<Annotation Id="50" Type="arg" StartNode="1532" EndNode="1642">
<Feature>
  <Name className="java.lang.String">prospect</Name>
  <Value className="java.lang.String"></Value>
</Feature>
<Feature>
  <Name className="java.lang.String"></Name>
  <Value className="java.lang.String">label</Value>
</Feature>
<Feature>
  <Name className="java.lang.String">ss-label</Name>
  <Value className="java.lang.String">bills_impact_is_positive</Value>
</Feature>
<Feature>
  <Name className="java.lang.String">polarity</Name>
  <Value className="java.lang.String">positive</Value>
</Feature>
</Annotation>
<Annotation Id="49" Type="rel" StartNode="1200" EndNode="1339">
<Feature>
  <Name className="java.lang.String">type</Name>
  <Value className="java.lang.String">label</Value>
</Feature>
<Feature>
  <Name className="java.lang.String">ss-label</Name>
  <Value className="java.lang.String">heathcare_urgently_needs_addressing</Value>
</Feature>
</Annotation>
<Annotation Id="48" Type="rel" StartNode="1155" EndNode="1197">
<Feature>
  <Name className="java.lang.String">type</Name>
  <Value className="java.lang.String">label</Value>
</Feature>
<Feature>
  <Name className="java.lang.String">ss-label</Name>
  <Value className="java.lang.String">pre-existing_conditions_currently_block_coverage</Value>
</Feature>
</Annotation>
<Annotation Id="55" Type="rel" StartNode="4964" EndNode="5138">
<Feature>
  <Name className="java.lang.String">type</Name>
  <Value className="java.lang.String">label</Value>
</Feature>
<Feature>
  <Name className="java.lang.String">ss-label</Name>
  <Value className="java.lang.String">opposition_demagogues_bill</Value>
</Feature>
</Annotation>
<Annotation Id="54" Type="rel" StartNode="4886" EndNode="4961">
<Feature>
  <Name className="java.lang.String">type</Name>
  <Value className="java.lang.String">label</Value>
</Feature>
<Feature>
  <Name className="java.lang.String">ss-label</Name>
  <Value className="java.lang.String">opposition_demagogues_bill</Value>
</Feature>
</Annotation>
<Annotation Id="53" Type="rel" StartNode="4393" EndNode="4462">
<Feature>
  <Name className="java.lang.String">ss-label</Name>
  <Value className="java.lang.String">does_not_interfere_with_care</Value>
</Feature>
<Feature>
  <Name className="java.lang.String">unclear</Name>
  <Value className="java.lang.String">true</Value>
</Feature>
<Feature>
  <Name className="java.lang.String">type</Name>
  <Value className="java.lang.String">label</Value>
</Feature>
<Feature>
  <Name className="java.lang.String">polarity</Name>
  <Value className="java.lang.String">positive</Value>
</Feature>
</Annotation>
<Annotation Id="52" Type="arg" StartNode="3996" EndNode="4053">
<Feature>
  <Name className="java.lang.String">type</Name>
  <Value className="java.lang.String">label</Value>
</Feature>
<Feature>
  <Name className="java.lang.String">ss-label</Name>
  <Value className="java.lang.String">bill_will_improve_healthcare_system</Value>
</Feature>
<Feature>
  <Name className="java.lang.String">polarity</Name>
  <Value className="java.lang.String">positive</Value>
</Feature>
</Annotation>
<Annotation Id="59" Type="arg" StartNode="6705" EndNode="6740">
<Feature>
  <Name className="java.lang.String">ss-label</Name>
  <Value className="java.lang.String">heathcare_urgently_needs_addressing</Value>
</Feature>
<Feature>
  <Name className="java.lang.String">type</Name>
  <Value className="java.lang.String">label</Value>
</Feature>
<Feature>
  <Name className="java.lang.String">polarity</Name>
  <Value className="java.lang.String">negative</Value>
</Feature>
<Feature>
  <Name className="java.lang.String">incomplete</Name>
  <Value className="java.lang.String">true</Value>
</Feature>
</Annotation>
<Annotation Id="58" Type="rel" StartNode="5919" EndNode="6004">
<Feature>
  <Name className="java.lang.String">type</Name>
  <Value className="java.lang.String">label</Value>
</Feature>
<Feature>
  <Name className="java.lang.String">ss-label</Name>
  <Value className="java.lang.String">popular_among_healthcare_professionals</Value>
</Feature>
</Annotation>
<Annotation Id="57" Type="arg" StartNode="5730" EndNode="5832">
<Feature>
  <Name className="java.lang.String">type</Name>
  <Value className="java.lang.String">else</Value>
</Feature>
<Feature>
  <Name className="java.lang.String">polarity</Name>
  <Value className="java.lang.String">positive</Value>
</Feature>
</Annotation>
<Annotation Id="56" Type="rel" StartNode="5141" EndNode="5215">
<Feature>
  <Name className="java.lang.String">type</Name>
  <Value className="java.lang.String">label</Value>
</Feature>
<Feature>
  <Name className="java.lang.String">ss-label</Name>
  <Value className="java.lang.String">opposition_demagogues_bill</Value>
</Feature>
</Annotation>
<Annotation Id="63" Type="rel" StartNode="7075" EndNode="7108">
<Feature>
  <Name className="java.lang.String">type</Name>
  <Value className="java.lang.String">else</Value>
</Feature>
<Feature>
  <Name className="java.lang.String">ss-label</Name>
  <Value className="java.lang.String">helps_small_business</Value>
</Feature>
</Annotation>
<Annotation Id="62" Type="arg" StartNode="7304" EndNode="7343">
<Feature>
  <Name className="java.lang.String">type</Name>
  <Value className="java.lang.String">else</Value>
</Feature>
<Feature>
  <Name className="java.lang.String">polarity</Name>
  <Value className="java.lang.String">positive</Value>
</Feature>
</Annotation>
<Annotation Id="61" Type="rel" StartNode="7029" EndNode="7073">
<Feature>
  <Name className="java.lang.String">type</Name>
  <Value className="java.lang.String">label</Value>
</Feature>
<Feature>
  <Name className="java.lang.String">ss-label</Name>
  <Value className="java.lang.String">improves_quality_of_healthcare</Value>
</Feature>
</Annotation>
<Annotation Id="60" Type="arg" StartNode="6743" EndNode="6776">
<Feature>
  <Name className="java.lang.String">ss-label</Name>
  <Value className="java.lang.String">heathcare_urgently_needs_addressing</Value>
</Feature>
<Feature>
  <Name className="java.lang.String">type</Name>
  <Value className="java.lang.String">label</Value>
</Feature>
<Feature>
  <Name className="java.lang.String">polarity</Name>
  <Value className="java.lang.String">negative</Value>
</Feature>
<Feature>
  <Name className="java.lang.String">incomplete</Name>
  <Value className="java.lang.String">true</Value>
</Feature>
</Annotation>
<Annotation Id="68" Type="influencer" StartNode="2391" EndNode="2401">
<Feature>
  <Name className="java.lang.String">effect</Name>
  <Value className="java.lang.String">reverse</Value>
</Feature>
<Feature>
  <Name className="java.lang.String">agentId</Name>
  <Value className="java.lang.String">105</Value>
</Feature>
<Feature>
  <Name className="java.lang.String">objectId</Name>
  <Value className="java.lang.String">69</Value>
</Feature>
</Annotation>
<Annotation Id="69" Type="gfbf" StartNode="2402" EndNode="2411">
<Feature>
  <Name className="java.lang.String">agentId</Name>
  <Value className="java.lang.String">105</Value>
</Feature>
<Feature>
  <Name className="java.lang.String">polarity</Name>
  <Value className="java.lang.String">goodfor</Value>
</Feature>
<Feature>
  <Name className="java.lang.String">objectId</Name>
  <Value className="java.lang.String">70</Value>
</Feature>
</Annotation>
<Annotation Id="70" Type="gfbf-object" StartNode="2412" EndNode="2431">
<Feature>
  <Name className="java.lang.String">writerAtt</Name>
  <Value className="java.lang.String">negative</Value>
</Feature>
</Annotation>
<Annotation Id="71" Type="others" StartNode="2340" EndNode="2390">
</Annotation>
<Annotation Id="64" Type="rel" StartNode="6990" EndNode="7027">
<Feature>
  <Name className="java.lang.String">type</Name>
  <Value className="java.lang.String">label</Value>
</Feature>
<Feature>
  <Name className="java.lang.String">ss-label</Name>
  <Value className="java.lang.String">opposition_demagogues_bill</Value>
</Feature>
</Annotation>
<Annotation Id="66" Type="gfbf" StartNode="1893" EndNode="1943">
<Feature>
  <Name className="java.lang.String">agentId</Name>
  <Value className="java.lang.String">102</Value>
</Feature>
<Feature>
  <Name className="java.lang.String">comment</Name>
  <Value className="java.lang.String">bring under control...</Value>
</Feature>
<Feature>
  <Name className="java.lang.String">objectId</Name>
  <Value className="java.lang.String">67</Value>
</Feature>
<Feature>
  <Name className="java.lang.String">polarity</Name>
  <Value className="java.lang.String">badfor</Value>
</Feature>
</Annotation>
<Annotation Id="67" Type="gfbf-object" StartNode="1899" EndNode="1929">
<Feature>
  <Name className="java.lang.String">writerAtt</Name>
  <Value className="java.lang.String">negative</Value>
</Feature>
</Annotation>
<Annotation Id="77" Type="gfbf-object" StartNode="3229" EndNode="3248">
<Feature>
  <Name className="java.lang.String">writerAtt</Name>
  <Value className="java.lang.String">negative</Value>
</Feature>
</Annotation>
<Annotation Id="78" Type="influencer" StartNode="3309" EndNode="3312">
<Feature>
  <Name className="java.lang.String">effect</Name>
  <Value className="java.lang.String">reverse</Value>
</Feature>
<Feature>
  <Name className="java.lang.String">agentId</Name>
  <Value className="java.lang.String">116</Value>
</Feature>
<Feature>
  <Name className="java.lang.String">objectId</Name>
  <Value className="java.lang.String">80</Value>
</Feature>
</Annotation>
<Annotation Id="72" Type="others" StartNode="2459" EndNode="2522">
<Feature>
  <Name className="java.lang.String">comment</Name>
  <Value className="java.lang.String">provide sb with sth</Value>
</Feature>
</Annotation>
<Annotation Id="73" Type="gfbf" StartNode="2629" EndNode="2635">
<Feature>
  <Name className="java.lang.String">agentId</Name>
  <Value className="java.lang.String">109</Value>
</Feature>
<Feature>
  <Name className="java.lang.String">polarity</Name>
  <Value className="java.lang.String">badfor</Value>
</Feature>
<Feature>
  <Name className="java.lang.String">objectId</Name>
  <Value className="java.lang.String">74</Value>
</Feature>
</Annotation>
<Annotation Id="74" Type="gfbf-object" StartNode="2636" EndNode="2691">
<Feature>
  <Name className="java.lang.String">writerAtt</Name>
  <Value className="java.lang.String">negative</Value>
</Feature>
</Annotation>
<Annotation Id="75" Type="others" StartNode="2718" EndNode="2777">
<Feature>
  <Name className="java.lang.String">comment</Name>
  <Value className="java.lang.String">provide sb with sth</Value>
</Feature>
</Annotation>
<Annotation Id="85" Type="gfbf-object" StartNode="3411" EndNode="3424">
<Feature>
  <Name className="java.lang.String">writerAtt</Name>
  <Value className="java.lang.String">positive</Value>
</Feature>
</Annotation>
<Annotation Id="84" Type="gfbf" StartNode="3400" EndNode="3410">
<Feature>
  <Name className="java.lang.String">agentId</Name>
  <Value className="java.lang.String">117</Value>
</Feature>
<Feature>
  <Name className="java.lang.String">polarity</Name>
  <Value className="java.lang.String">badfor</Value>
</Feature>
<Feature>
  <Name className="java.lang.String">objectId</Name>
  <Value className="java.lang.String">85</Value>
</Feature>
</Annotation>
<Annotation Id="86" Type="influencer" StartNode="3460" EndNode="3469">
<Feature>
  <Name className="java.lang.String">effect</Name>
  <Value className="java.lang.String">reverse</Value>
</Feature>
<Feature>
  <Name className="java.lang.String">agentId</Name>
  <Value className="java.lang.String">118</Value>
</Feature>
<Feature>
  <Name className="java.lang.String">objectId</Name>
  <Value className="java.lang.String">88</Value>
</Feature>
</Annotation>
<Annotation Id="81" Type="gfbf-object" StartNode="3342" EndNode="3355">
<Feature>
  <Name className="java.lang.String">writerAtt</Name>
  <Value className="java.lang.String">positive</Value>
</Feature>
</Annotation>
<Annotation Id="80" Type="gfbf" StartNode="3337" EndNode="3341">
<Feature>
  <Name className="java.lang.String">agentId</Name>
  <Value className="java.lang.String">116</Value>
</Feature>
<Feature>
  <Name className="java.lang.String">polarity</Name>
  <Value className="java.lang.String">badfor</Value>
</Feature>
<Feature>
  <Name className="java.lang.String">objectId</Name>
  <Value className="java.lang.String">81</Value>
</Feature>
</Annotation>
<Annotation Id="82" Type="influencer" StartNode="3385" EndNode="3388">
<Feature>
  <Name className="java.lang.String">effect</Name>
  <Value className="java.lang.String">reverse</Value>
</Feature>
<Feature>
  <Name className="java.lang.String">agentId</Name>
  <Value className="java.lang.String">117</Value>
</Feature>
<Feature>
  <Name className="java.lang.String">objectId</Name>
  <Value className="java.lang.String">84</Value>
</Feature>
</Annotation>
<Annotation Id="93" Type="gfbf-object" StartNode="4021" EndNode="4026">
<Feature>
  <Name className="java.lang.String">writerAtt</Name>
  <Value className="java.lang.String">positive</Value>
</Feature>
</Annotation>
<Annotation Id="92" Type="gfbf" StartNode="4015" EndNode="4020">
<Feature>
  <Name className="java.lang.String">agentId</Name>
  <Value className="java.lang.String">123</Value>
</Feature>
<Feature>
  <Name className="java.lang.String">polarity</Name>
  <Value className="java.lang.String">goodfor</Value>
</Feature>
<Feature>
  <Name className="java.lang.String">objectId</Name>
  <Value className="java.lang.String">93</Value>
</Feature>
</Annotation>
<Annotation Id="95" Type="others" StartNode="5593" EndNode="5632">
<Feature>
  <Name className="java.lang.String">comment</Name>
  <Value className="java.lang.String">hold accountable...</Value>
</Feature>
<Feature>
  <Name className="java.lang.String">unclear</Name>
  <Value className="java.lang.String">true</Value>
</Feature>
</Annotation>
<Annotation Id="94" Type="others" StartNode="4043" EndNode="4053">
<Feature>
  <Name className="java.lang.String">comment</Name>
  <Value className="java.lang.String">disambiguation</Value>
</Feature>
</Annotation>
<Annotation Id="89" Type="gfbf-object" StartNode="3509" EndNode="3547">
<Feature>
  <Name className="java.lang.String">writerAtt</Name>
  <Value className="java.lang.String">positive</Value>
</Feature>
</Annotation>
<Annotation Id="88" Type="gfbf" StartNode="3481" EndNode="3508">
<Feature>
  <Name className="java.lang.String">unclear</Name>
  <Value className="java.lang.String">true</Value>
</Feature>
<Feature>
  <Name className="java.lang.String">agentId</Name>
  <Value className="java.lang.String">118</Value>
</Feature>
<Feature>
  <Name className="java.lang.String">comment</Name>
  <Value className="java.lang.String">place xx on...depend on xx?</Value>
</Feature>
<Feature>
  <Name className="java.lang.String">polarity</Name>
  <Value className="java.lang.String">badfor</Value>
</Feature>
<Feature>
  <Name className="java.lang.String">objectId</Name>
  <Value className="java.lang.String">89</Value>
</Feature>
</Annotation>
<Annotation Id="91" Type="gfbf-object" StartNode="3613" EndNode="3667">
<Feature>
  <Name className="java.lang.String">writerAtt</Name>
  <Value className="java.lang.String">negative</Value>
</Feature>
</Annotation>
<Annotation Id="90" Type="gfbf" StartNode="3596" EndNode="3612">
<Feature>
  <Name className="java.lang.String">agentId</Name>
  <Value className="java.lang.String">119</Value>
</Feature>
<Feature>
  <Name className="java.lang.String">comment</Name>
  <Value className="java.lang.String">place xx on..depend on xx?</Value>
</Feature>
<Feature>
  <Name className="java.lang.String">objectId</Name>
  <Value className="java.lang.String">91</Value>
</Feature>
<Feature>
  <Name className="java.lang.String">polarity</Name>
  <Value className="java.lang.String">badfor</Value>
</Feature>
</Annotation>
<Annotation Id="102" Type="gfbf-agent" StartNode="1873" EndNode="1879">
<Feature>
  <Name className="java.lang.String">writerAtt</Name>
  <Value className="java.lang.String">positive</Value>
</Feature>
</Annotation>
<Annotation Id="100" Type="others" StartNode="493" EndNode="562">
<Feature>
  <Name className="java.lang.String">comment</Name>
  <Value className="java.lang.String">1. work for sb ... 2. better than...</Value>
</Feature>
</Annotation>
<Annotation Id="101" Type="others" StartNode="1589" EndNode="1642">
<Feature>
  <Name className="java.lang.String">comment</Name>
  <Value className="java.lang.String">provide sth to sb...</Value>
</Feature>
</Annotation>
<Annotation Id="98" Type="gfbf" StartNode="6829" EndNode="6851">
<Feature>
  <Name className="java.lang.String">agentId</Name>
  <Value className="java.lang.String">126</Value>
</Feature>
<Feature>
  <Name className="java.lang.String">polarity</Name>
  <Value className="java.lang.String">badfor</Value>
</Feature>
<Feature>
  <Name className="java.lang.String">objectId</Name>
  <Value className="java.lang.String">99</Value>
</Feature>
</Annotation>
<Annotation Id="99" Type="gfbf-object" StartNode="6852" EndNode="6863">
<Feature>
  <Name className="java.lang.String">writerAtt</Name>
  <Value className="java.lang.String">positive</Value>
</Feature>
</Annotation>
<Annotation Id="96" Type="others" StartNode="6705" EndNode="6740">
<Feature>
  <Name className="java.lang.String">comment</Name>
  <Value className="java.lang.String">goodFOr Agent</Value>
</Feature>
</Annotation>
<Annotation Id="97" Type="others" StartNode="6743" EndNode="6776">
<Feature>
  <Name className="java.lang.String">comment</Name>
  <Value className="java.lang.String">goodFor agent</Value>
</Feature>
</Annotation>
<Annotation Id="110" Type="others" StartNode="2796" EndNode="2832">
<Feature>
  <Name className="java.lang.String">comment</Name>
  <Value className="java.lang.String">hold sth ADJ</Value>
</Feature>
</Annotation>
<Annotation Id="111" Type="gfbf-agent" StartNode="3204" EndNode="3214">
<Feature>
  <Name className="java.lang.String">writerAtt</Name>
  <Value className="java.lang.String">positive</Value>
</Feature>
</Annotation>
<Annotation Id="108" Type="gfbf-agent" StartNode="2524" EndNode="2526">
<Feature>
  <Name className="java.lang.String">referentId</Name>
  <Value className="java.lang.String">155</Value>
</Feature>
<Feature>
  <Name className="java.lang.String">reference</Name>
  <Value className="java.lang.String">true</Value>
</Feature>
<Feature>
  <Name className="java.lang.String">writerAtt</Name>
  <Value className="java.lang.String">positive</Value>
</Feature>
</Annotation>
<Annotation Id="109" Type="gfbf-agent" StartNode="2607" EndNode="2618">
<Feature>
  <Name className="java.lang.String">writerAtt</Name>
  <Value className="java.lang.String">positive</Value>
</Feature>
</Annotation>
<Annotation Id="106" Type="gfbf" StartNode="2537" EndNode="2543">
<Feature>
  <Name className="java.lang.String">agentId</Name>
  <Value className="java.lang.String">108</Value>
</Feature>
<Feature>
  <Name className="java.lang.String">polarity</Name>
  <Value className="java.lang.String">goodfor</Value>
</Feature>
<Feature>
  <Name className="java.lang.String">objectId</Name>
  <Value className="java.lang.String">107</Value>
</Feature>
</Annotation>
<Annotation Id="107" Type="gfbf-object" StartNode="2544" EndNode="2599">
<Feature>
  <Name className="java.lang.String">writerAtt</Name>
  <Value className="java.lang.String">positive</Value>
</Feature>
</Annotation>
<Annotation Id="104" Type="others" StartNode="1961" EndNode="1977">
<Feature>
  <Name className="java.lang.String">comment</Name>
  <Value className="java.lang.String">goodFor?</Value>
</Feature>
</Annotation>
<Annotation Id="105" Type="gfbf-agent" StartNode="2340" EndNode="2356">
<Feature>
  <Name className="java.lang.String">writerAtt</Name>
  <Value className="java.lang.String">positive</Value>
</Feature>
</Annotation>
<Annotation Id="119" Type="gfbf-agent" StartNode="3588" EndNode="3590">
<Feature>
  <Name className="java.lang.String">writerAtt</Name>
  <Value className="java.lang.String">positive</Value>
</Feature>
</Annotation>
<Annotation Id="118" Type="gfbf-agent" StartNode="3450" EndNode="3454">
<Feature>
  <Name className="java.lang.String">referentId</Name>
  <Value className="java.lang.String">171</Value>
</Feature>
<Feature>
  <Name className="java.lang.String">reference</Name>
  <Value className="java.lang.String">true</Value>
</Feature>
<Feature>
  <Name className="java.lang.String">writerAtt</Name>
  <Value className="java.lang.String">negative</Value>
</Feature>
</Annotation>
<Annotation Id="117" Type="gfbf-agent" StartNode="3375" EndNode="3379">
<Feature>
  <Name className="java.lang.String">referentId</Name>
  <Value className="java.lang.String">171</Value>
</Feature>
<Feature>
  <Name className="java.lang.String">reference</Name>
  <Value className="java.lang.String">true</Value>
</Feature>
<Feature>
  <Name className="java.lang.String">writerAtt</Name>
  <Value className="java.lang.String">negative</Value>
</Feature>
</Annotation>
<Annotation Id="116" Type="gfbf-agent" StartNode="3318" EndNode="3322">
<Feature>
  <Name className="java.lang.String">referentId</Name>
  <Value className="java.lang.String">171</Value>
</Feature>
<Feature>
  <Name className="java.lang.String">reference</Name>
  <Value className="java.lang.String">true</Value>
</Feature>
<Feature>
  <Name className="java.lang.String">writerAtt</Name>
  <Value className="java.lang.String">negative</Value>
</Feature>
</Annotation>
<Annotation Id="115" Type="gfbf-agent" StartNode="3229" EndNode="3248">
<Feature>
  <Name className="java.lang.String">writerAtt</Name>
  <Value className="java.lang.String">negative</Value>
</Feature>
</Annotation>
<Annotation Id="114" Type="influencer" StartNode="3220" EndNode="3228">
<Feature>
  <Name className="java.lang.String">effect</Name>
  <Value className="java.lang.String">reverse</Value>
</Feature>
<Feature>
  <Name className="java.lang.String">agentId</Name>
  <Value className="java.lang.String">111</Value>
</Feature>
<Feature>
  <Name className="java.lang.String">objectId</Name>
  <Value className="java.lang.String">112</Value>
</Feature>
</Annotation>
<Annotation Id="113" Type="gfbf-object" StartNode="3262" EndNode="3270">
<Feature>
  <Name className="java.lang.String">writerAtt</Name>
  <Value className="java.lang.String">positive</Value>
</Feature>
</Annotation>
<Annotation Id="112" Type="gfbf" StartNode="3254" EndNode="3261">
<Feature>
  <Name className="java.lang.String">agentId</Name>
  <Value className="java.lang.String">115</Value>
</Feature>
<Feature>
  <Name className="java.lang.String">objectId</Name>
  <Value className="java.lang.String">113</Value>
</Feature>
<Feature>
  <Name className="java.lang.String">polarity</Name>
  <Value className="java.lang.String">badfor</Value>
</Feature>
</Annotation>
<Annotation Id="127" Type="others" StartNode="6819" EndNode="6825">
<Feature>
  <Name className="java.lang.String">comment</Name>
  <Value className="java.lang.String">goodFor agent</Value>
</Feature>
</Annotation>
<Annotation Id="126" Type="gfbf-agent" StartNode="6782" EndNode="6801">
<Feature>
  <Name className="java.lang.String">writerAtt</Name>
  <Value className="java.lang.String">negative</Value>
</Feature>
</Annotation>
<Annotation Id="125" Type="others" StartNode="5637" EndNode="5693">
<Feature>
  <Name className="java.lang.String">comment</Name>
  <Value className="java.lang.String">give sb sth</Value>
</Feature>
</Annotation>
<Annotation Id="124" Type="others" StartNode="4523" EndNode="4558">
<Feature>
  <Name className="java.lang.String">comment</Name>
  <Value className="java.lang.String">put sb in charge of???</Value>
</Feature>
</Annotation>
<Annotation Id="123" Type="gfbf-agent" StartNode="4012" EndNode="4014">
<Feature>
  <Name className="java.lang.String">referentId</Name>
  <Value className="java.lang.String">173</Value>
</Feature>
<Feature>
  <Name className="java.lang.String">reference</Name>
  <Value className="java.lang.String">true</Value>
</Feature>
<Feature>
  <Name className="java.lang.String">writerAtt</Name>
  <Value className="java.lang.String">positive</Value>
</Feature>
</Annotation>
<Annotation Id="122" Type="others" StartNode="3916" EndNode="3936">
<Feature>
  <Name className="java.lang.String">comment</Name>
  <Value className="java.lang.String">badFor agent</Value>
</Feature>
</Annotation>
<Annotation Id="121" Type="others" StartNode="3718" EndNode="3726">
<Feature>
  <Name className="java.lang.String">comment</Name>
  <Value className="java.lang.String">badFor agent</Value>
</Feature>
</Annotation>
<Annotation Id="120" Type="others" StartNode="3696" EndNode="3704">
<Feature>
  <Name className="java.lang.String">comment</Name>
  <Value className="java.lang.String">badFor agent</Value>
</Feature>
</Annotation>
<Annotation Id="137" Type="gfbf" StartNode="2027" EndNode="2030">
<Feature>
  <Name className="java.lang.String">agentId</Name>
  <Value className="java.lang.String">141</Value>
</Feature>
<Feature>
  <Name className="java.lang.String">objectId</Name>
  <Value className="java.lang.String">139</Value>
</Feature>
<Feature>
  <Name className="java.lang.String">polarity</Name>
  <Value className="java.lang.String">badfor</Value>
</Feature>
</Annotation>
<Annotation Id="139" Type="gfbf-object" StartNode="2031" EndNode="2071">
<Feature>
  <Name className="java.lang.String">writerAtt</Name>
  <Value className="java.lang.String">negative</Value>
</Feature>
</Annotation>
<Annotation Id="141" Type="gfbf-agent" StartNode="2021" EndNode="2023">
<Feature>
  <Name className="java.lang.String">writerAtt</Name>
  <Value className="java.lang.String">positive</Value>
</Feature>
</Annotation>
<Annotation Id="143" Type="gfbf" StartNode="2214" EndNode="2221">
<Feature>
  <Name className="java.lang.String">agentId</Name>
  <Value className="java.lang.String">149</Value>
</Feature>
<Feature>
  <Name className="java.lang.String">objectId</Name>
  <Value className="java.lang.String">144</Value>
</Feature>
<Feature>
  <Name className="java.lang.String">polarity</Name>
  <Value className="java.lang.String">goodfor</Value>
</Feature>
</Annotation>
<Annotation Id="129" Type="gfbf-object" StartNode="2383" EndNode="2390">
<Feature>
  <Name className="java.lang.String">writerAtt</Name>
  <Value className="java.lang.String">positive</Value>
</Feature>
</Annotation>
<Annotation Id="128" Type="gfbf" StartNode="2372" EndNode="2382">
<Feature>
  <Name className="java.lang.String">agentId</Name>
  <Value className="java.lang.String">105</Value>
</Feature>
<Feature>
  <Name className="java.lang.String">polarity</Name>
  <Value className="java.lang.String">goodfor</Value>
</Feature>
<Feature>
  <Name className="java.lang.String">objectId</Name>
  <Value className="java.lang.String">129</Value>
</Feature>
</Annotation>
<Annotation Id="131" Type="gfbf-object" StartNode="34" EndNode="52">
<Feature>
  <Name className="java.lang.String">writerAtt</Name>
  <Value className="java.lang.String">positive</Value>
</Feature>
</Annotation>
<Annotation Id="130" Type="gfbf" StartNode="29" EndNode="33">
<Feature>
  <Name className="java.lang.String">agentId</Name>
  <Value className="java.lang.String">132</Value>
</Feature>
<Feature>
  <Name className="java.lang.String">objectId</Name>
  <Value className="java.lang.String">131</Value>
</Feature>
<Feature>
  <Name className="java.lang.String">polarity</Name>
  <Value className="java.lang.String">goodfor</Value>
</Feature>
</Annotation>
<Annotation Id="133" Type="gfbf" StartNode="94" EndNode="98">
<Feature>
  <Name className="java.lang.String">agentId</Name>
  <Value className="java.lang.String">135</Value>
</Feature>
<Feature>
  <Name className="java.lang.String">objectId</Name>
  <Value className="java.lang.String">134</Value>
</Feature>
<Feature>
  <Name className="java.lang.String">polarity</Name>
  <Value className="java.lang.String">goodfor</Value>
</Feature>
</Annotation>
<Annotation Id="132" Type="gfbf-agent" StartNode="26" EndNode="28">
<Feature>
  <Name className="java.lang.String">writerAtt</Name>
  <Value className="java.lang.String">positive</Value>
</Feature>
</Annotation>
<Annotation Id="135" Type="gfbf-agent" StartNode="91" EndNode="93">
<Feature>
  <Name className="java.lang.String">writerAtt</Name>
  <Value className="java.lang.String">positive</Value>
</Feature>
</Annotation>
<Annotation Id="134" Type="gfbf-object" StartNode="99" EndNode="117">
<Feature>
  <Name className="java.lang.String">writerAtt</Name>
  <Value className="java.lang.String">positive</Value>
</Feature>
</Annotation>
<Annotation Id="153" Type="gfbf-object" StartNode="2076" EndNode="2266">
<Feature>
  <Name className="java.lang.String">writerAtt</Name>
  <Value className="java.lang.String">negative</Value>
</Feature>
</Annotation>
<Annotation Id="154" Type="gfbf" StartNode="2027" EndNode="2030">
<Feature>
  <Name className="java.lang.String">agentId</Name>
  <Value className="java.lang.String">141</Value>
</Feature>
<Feature>
  <Name className="java.lang.String">polarity</Name>
  <Value className="java.lang.String">badfor</Value>
</Feature>
<Feature>
  <Name className="java.lang.String">objectId</Name>
  <Value className="java.lang.String">153</Value>
</Feature>
</Annotation>
<Annotation Id="155" Type="referent" StartNode="1873" EndNode="1879">
<Feature>
  <Name className="java.lang.String">writerAtt</Name>
  <Value className="java.lang.String">positive</Value>
</Feature>
</Annotation>
<Annotation Id="157" Type="gfbf" StartNode="2899" EndNode="2920">
<Feature>
  <Name className="java.lang.String">agentId</Name>
  <Value className="java.lang.String">159</Value>
</Feature>
<Feature>
  <Name className="java.lang.String">objectId</Name>
  <Value className="java.lang.String">158</Value>
</Feature>
<Feature>
  <Name className="java.lang.String">polarity</Name>
  <Value className="java.lang.String">badfor</Value>
</Feature>
</Annotation>
<Annotation Id="158" Type="gfbf-object" StartNode="2921" EndNode="2979">
<Feature>
  <Name className="java.lang.String">writerAtt</Name>
  <Value className="java.lang.String">positive</Value>
</Feature>
</Annotation>
<Annotation Id="159" Type="gfbf-agent" StartNode="2879" EndNode="2898">
<Feature>
  <Name className="java.lang.String">writerAtt</Name>
  <Value className="java.lang.String">negative</Value>
</Feature>
</Annotation>
<Annotation Id="144" Type="gfbf-object" StartNode="2222" EndNode="2226">
<Feature>
  <Name className="java.lang.String">writerAtt</Name>
  <Value className="java.lang.String">positive</Value>
</Feature>
</Annotation>
<Annotation Id="145" Type="influencer" StartNode="2200" EndNode="2213">
<Feature>
  <Name className="java.lang.String">effect</Name>
  <Value className="java.lang.String">reverse</Value>
</Feature>
<Feature>
  <Name className="java.lang.String">agentId</Name>
  <Value className="java.lang.String">149</Value>
</Feature>
<Feature>
  <Name className="java.lang.String">objectId</Name>
  <Value className="java.lang.String">143</Value>
</Feature>
</Annotation>
<Annotation Id="147" Type="gfbf" StartNode="2245" EndNode="2252">
<Feature>
  <Name className="java.lang.String">agentId</Name>
  <Value className="java.lang.String">149</Value>
</Feature>
<Feature>
  <Name className="java.lang.String">objectId</Name>
  <Value className="java.lang.String">148</Value>
</Feature>
<Feature>
  <Name className="java.lang.String">polarity</Name>
  <Value className="java.lang.String">goodfor</Value>
</Feature>
</Annotation>
<Annotation Id="148" Type="gfbf-object" StartNode="2253" EndNode="2266">
<Feature>
  <Name className="java.lang.String">writerAtt</Name>
  <Value className="java.lang.String">negative</Value>
</Feature>
</Annotation>
<Annotation Id="149" Type="gfbf-agent" StartNode="2195" EndNode="2199">
<Feature>
  <Name className="java.lang.String">referentId</Name>
  <Value className="java.lang.String">150</Value>
</Feature>
<Feature>
  <Name className="java.lang.String">reference</Name>
  <Value className="java.lang.String">true</Value>
</Feature>
<Feature>
  <Name className="java.lang.String">writerAtt</Name>
  <Value className="java.lang.String">negative</Value>
</Feature>
</Annotation>
<Annotation Id="150" Type="referent" StartNode="2175" EndNode="2194">
<Feature>
  <Name className="java.lang.String">writerAtt</Name>
  <Value className="java.lang.String">negative</Value>
</Feature>
</Annotation>
<Annotation Id="171" Type="referent" StartNode="3229" EndNode="3248">
<Feature>
  <Name className="java.lang.String">writerAtt</Name>
  <Value className="java.lang.String">negative</Value>
</Feature>
</Annotation>
<Annotation Id="169" Type="gfbf-agent" StartNode="3164" EndNode="3166">
<Feature>
  <Name className="java.lang.String">writerAtt</Name>
  <Value className="java.lang.String">positive</Value>
</Feature>
</Annotation>
<Annotation Id="168" Type="gfbf-object" StartNode="3186" EndNode="3201">
<Feature>
  <Name className="java.lang.String">referentId</Name>
  <Value className="java.lang.String">189</Value>
</Feature>
<Feature>
  <Name className="java.lang.String">refererence</Name>
  <Value className="java.lang.String">true</Value>
</Feature>
<Feature>
  <Name className="java.lang.String">writerAtt</Name>
  <Value className="java.lang.String">negative</Value>
</Feature>
</Annotation>
<Annotation Id="175" Type="gfbf" StartNode="4182" EndNode="4186">
<Feature>
  <Name className="java.lang.String">unclear</Name>
  <Value className="java.lang.String"></Value>
</Feature>
<Feature>
  <Name className="java.lang.String">agentId</Name>
  <Value className="java.lang.String">174</Value>
</Feature>
<Feature>
  <Name className="java.lang.String">objectId</Name>
  <Value className="java.lang.String">176</Value>
</Feature>
<Feature>
  <Name className="java.lang.String">polarity</Name>
  <Value className="java.lang.String">goodfor</Value>
</Feature>
</Annotation>
<Annotation Id="174" Type="gfbf-agent" StartNode="4179" EndNode="4181">
<Feature>
  <Name className="java.lang.String">writerAtt</Name>
  <Value className="java.lang.String">positive</Value>
</Feature>
</Annotation>
<Annotation Id="173" Type="referent" StartNode="3204" EndNode="3214">
<Feature>
  <Name className="java.lang.String">writerAtt</Name>
  <Value className="java.lang.String">positive</Value>
</Feature>
</Annotation>
<Annotation Id="162" Type="gfbf-object" StartNode="3074" EndNode="3084">
<Feature>
  <Name className="java.lang.String">writerAtt</Name>
  <Value className="java.lang.String">positive</Value>
</Feature>
</Annotation>
<Annotation Id="161" Type="gfbf" StartNode="3068" EndNode="3073">
<Feature>
  <Name className="java.lang.String">agentId</Name>
  <Value className="java.lang.String">166</Value>
</Feature>
<Feature>
  <Name className="java.lang.String">objectId</Name>
  <Value className="java.lang.String">162</Value>
</Feature>
<Feature>
  <Name className="java.lang.String">polarity</Name>
  <Value className="java.lang.String">goodfor</Value>
</Feature>
</Annotation>
<Annotation Id="160" Type="influencer" StartNode="3057" EndNode="3067">
<Feature>
  <Name className="java.lang.String">effect</Name>
  <Value className="java.lang.String">reverse</Value>
</Feature>
<Feature>
  <Name className="java.lang.String">agentId</Name>
  <Value className="java.lang.String">166</Value>
</Feature>
<Feature>
  <Name className="java.lang.String">objectId</Name>
  <Value className="java.lang.String">161</Value>
</Feature>
</Annotation>
<Annotation Id="167" Type="gfbf" StartNode="3172" EndNode="3185">
<Feature>
  <Name className="java.lang.String">agentId</Name>
  <Value className="java.lang.String">169</Value>
</Feature>
<Feature>
  <Name className="java.lang.String">objectId</Name>
  <Value className="java.lang.String">168</Value>
</Feature>
<Feature>
  <Name className="java.lang.String">polarity</Name>
  <Value className="java.lang.String">badfor</Value>
</Feature>
</Annotation>
<Annotation Id="166" Type="gfbf-agent" StartNode="3036" EndNode="3049">
<Feature>
  <Name className="java.lang.String">writerAtt</Name>
  <Value className="java.lang.String">negative</Value>
</Feature>
</Annotation>
<Annotation Id="186" Type="gfbf-agent" StartNode="6071" EndNode="6073">
<Feature>
  <Name className="java.lang.String">writerAtt</Name>
  <Value className="java.lang.String">positive</Value>
</Feature>
</Annotation>
<Annotation Id="187" Type="gfbf" StartNode="6074" EndNode="6078">
<Feature>
  <Name className="java.lang.String">agentId</Name>
  <Value className="java.lang.String">186</Value>
</Feature>
<Feature>
  <Name className="java.lang.String">objectId</Name>
  <Value className="java.lang.String">188</Value>
</Feature>
<Feature>
  <Name className="java.lang.String">polarity</Name>
  <Value className="java.lang.String">goodfor</Value>
</Feature>
</Annotation>
<Annotation Id="184" Type="gfbf-object" StartNode="5870" EndNode="5893">
<Feature>
  <Name className="java.lang.String">writerAtt</Name>
  <Value className="java.lang.String">positive</Value>
</Feature>
</Annotation>
<Annotation Id="185" Type="gfbf-agent" StartNode="5835" EndNode="5837">
<Feature>
  <Name className="java.lang.String">writerAtt</Name>
  <Value className="java.lang.String">positive</Value>
</Feature>
</Annotation>
<Annotation Id="188" Type="gfbf-object" StartNode="6079" EndNode="6085">
<Feature>
  <Name className="java.lang.String">writerAtt</Name>
  <Value className="java.lang.String">positive</Value>
</Feature>
</Annotation>
<Annotation Id="189" Type="referent" StartNode="3036" EndNode="3162">
</Annotation>
<Annotation Id="178" Type="gfbf-object" StartNode="5790" EndNode="5832">
<Feature>
  <Name className="java.lang.String">writerAtt</Name>
  <Value className="java.lang.String">positive</Value>
</Feature>
</Annotation>
<Annotation Id="179" Type="gfbf-agent" StartNode="5777" EndNode="5779">
<Feature>
  <Name className="java.lang.String">writerAtt</Name>
  <Value className="java.lang.String">positive</Value>
</Feature>
</Annotation>
<Annotation Id="176" Type="gfbf-object" StartNode="4187" EndNode="4193">
<Feature>
  <Name className="java.lang.String">writerAtt</Name>
  <Value className="java.lang.String">positive</Value>
</Feature>
</Annotation>
<Annotation Id="177" Type="gfbf" StartNode="5784" EndNode="5789">
<Feature>
  <Name className="java.lang.String">agentId</Name>
  <Value className="java.lang.String">179</Value>
</Feature>
<Feature>
  <Name className="java.lang.String">objectId</Name>
  <Value className="java.lang.String">178</Value>
</Feature>
<Feature>
  <Name className="java.lang.String">polarity</Name>
  <Value className="java.lang.String">goodfor</Value>
</Feature>
</Annotation>
<Annotation Id="182" Type="gfbf-object" StartNode="5823" EndNode="5832">
<Feature>
  <Name className="java.lang.String">writerAtt</Name>
  <Value className="java.lang.String">positive</Value>
</Feature>
</Annotation>
<Annotation Id="183" Type="gfbf" StartNode="5860" EndNode="5869">
<Feature>
  <Name className="java.lang.String">agentId</Name>
  <Value className="java.lang.String">185</Value>
</Feature>
<Feature>
  <Name className="java.lang.String">objectId</Name>
  <Value className="java.lang.String">184</Value>
</Feature>
<Feature>
  <Name className="java.lang.String">polarity</Name>
  <Value className="java.lang.String">goodfor</Value>
</Feature>
</Annotation>
<Annotation Id="180" Type="gfbf" StartNode="5815" EndNode="5822">
<Feature>
  <Name className="java.lang.String">agentId</Name>
  <Value className="java.lang.String">181</Value>
</Feature>
<Feature>
  <Name className="java.lang.String">objectId</Name>
  <Value className="java.lang.String">182</Value>
</Feature>
<Feature>
  <Name className="java.lang.String">polarity</Name>
  <Value className="java.lang.String">goodfor</Value>
</Feature>
</Annotation>
<Annotation Id="181" Type="gfbf-agent" StartNode="5790" EndNode="5811">
<Feature>
  <Name className="java.lang.String">writerAtt</Name>
  <Value className="java.lang.String">positive</Value>
</Feature>
</Annotation>
</AnnotationSet>

<!-- Named annotation set -->

<AnnotationSet Name="Original markups">
<Annotation Id="0" Type="paragraph" StartNode="0" EndNode="7345">
</Annotation>
</AnnotationSet>

</GateDocument>
