<?xml version='1.0' encoding='US-ASCII'?>
<GateDocument version="2">
<!-- The document's features-->

<GateDocumentFeatures>
<Feature>
  <Name className="java.lang.String">gate.SourceURL</Name>
  <Value className="java.lang.String">file:/E:/Users/conrada/Documents/My%20Dropbox/healthcare_devel_data_final/hc006.txt</Value>
</Feature>
<Feature>
  <Name className="java.lang.String">MimeType</Name>
  <Value className="java.lang.String">text/plain</Value>
</Feature>
<Feature>
  <Name className="java.lang.String">docNewLineType</Name>
  <Value className="java.lang.String">CRLF</Value>
</Feature>
</GateDocumentFeatures>
<!-- The document content area with serialized nodes -->

<TextWithNodes><Node id="0"/>   <Node id="3"/> <Node id="4"/>Health care reform<Node id="22"/> <Node id="23"/>is good for<Node id="34"/> <Node id="35"/>the economy<Node id="46"/> 				 By  David Culter  and  Judy Feder
                  Friday, March 19th 2010,  8:02 AM
 <Node id="139"/>As the health debate enters its final stages, <Node id="185"/>the "Army of No"<Node id="201"/> is trying to <Node id="215"/>scare<Node id="220"/> <Node id="221"/>Americans<Node id="230"/> about reform.
<Node id="245"/>
 <Node id="247"/>Health care reform<Node id="265"/> will <Node id="271"/>take away<Node id="280"/> <Node id="281"/>our precious rights<Node id="300"/> and <Node id="305"/>upset<Node id="310"/> <Node id="311"/>the status quo<Node id="325"/>.<Node id="326"/>  <Node id="328"/>It is socialism come to the  U.S.
<Node id="362"/>The playbook for the Army is the same one that was used in the 1950s, 1970s and 1990s<Node id="447"/>.
But this time is different; it's not going to work.
 <Node id="502"/>What <Node id="507"/>Americans<Node id="516"/> consistently <Node id="530"/>recognize<Node id="539"/> - despite polls that show a wide range of opinions on descriptions of different bills - is that <Node id="636"/>we<Node id="638"/> <Node id="639"/>need<Node id="643"/> <Node id="644"/>a health reform law<Node id="663"/> for our health and economic security<Node id="700"/>.
<Node id="702"/> <Node id="703"/>Without reform, 15 million more Americans may <Node id="749"/>lose their coverage<Node id="768"/> over the next decade and go without health care when they need it.
<Node id="836"/>
 <Node id="838"/>With reform, lives will be longer and healthier.
<Node id="887"/>
<Node id="888"/>The Army of No has no answer to the health care case. <Node id="942"/>
<Node id="943"/>The economic case is just as compelling<Node id="982"/>.
 <Node id="985"/>The <Node id="989"/>biggest threat to<Node id="1006"/> <Node id="1007"/>American economic growth<Node id="1031"/> in the next decade is <Node id="1054"/>not<Node id="1057"/> <Node id="1058"/>rising oil prices or the recent financial meltdown<Node id="1108"/>: It is the increasing cost of health care.
<Node id="1152"/>
 <Node id="1154"/>The employers who cover 160 million non-elderly Americans have seen their premiums nearly double since 2000, and premiums are expected to double again in the coming decade<Node id="1325"/>.
 <Node id="1328"/>Workers who have given up wages already will be <Node id="1376"/>asked<Node id="1381"/> to give up even more, and still <Node id="1414"/>health costs<Node id="1426"/> will <Node id="1432"/>eat away at<Node id="1443"/> <Node id="1444"/>business profits and government budgets<Node id="1483"/>.
<Node id="1485"/>With reform, we can lay the groundwork for a sustainable middle class recovery.
<Node id="1565"/>The reforms<Node id="1576"/> on the verge of <Node id="1593"/>being passed through<Node id="1613"/> <Node id="1614"/>Congress<Node id="1622"/> will <Node id="1628"/>address<Node id="1635"/> <Node id="1636"/>our economic situation<Node id="1658"/> in two ways<Node id="1670"/>.
 <Node id="1673"/>First, <Node id="1680"/>they<Node id="1684"/> will <Node id="1690"/>promote<Node id="1697"/> <Node id="1698"/>entrepreneurship and innovation<Node id="1729"/> by <Node id="1733"/>guaranteeing<Node id="1745"/> <Node id="1746"/>coverage outside as well as inside the workplace<Node id="1794"/>.
<Node id="1796"/>
 <Node id="1798"/>Today, <Node id="1805"/>millions of people<Node id="1823"/> <Node id="1824"/>don't<Node id="1829"/> leave their jobs or <Node id="1850"/>start<Node id="1855"/> <Node id="1856"/>a business<Node id="1866"/> because they're desperately holding onto a health plan.
<Node id="1923"/>
<Node id="1924"/>Small businesses fail to grow in part because of high insurance costs<Node id="1993"/>.

<Node id="1996"/>If health reform passes, this will change dramatically<Node id="2050"/>.

 <Node id="2054"/>Alongside job-based coverage, the new state exchanges would enable Americans to buy affordable and effective health insurance coverage on their own <Node id="2202"/>-
 <Node id="2205"/>without the risk of discrimination based on pre-existing conditions, denials or cancellations of coverage, or exorbitant premium hikes that are experienced today.
<Node id="2368"/> <Node id="2369"/>And alongside an end to these unacceptable practices, <Node id="2423"/>health reform's new marketplaces for insurance<Node id="2469"/> will <Node id="2475"/>lower<Node id="2480"/> <Node id="2481"/>administrative costs<Node id="2501"/> and give Americans more choices.
<Node id="2535"/> <Node id="2536"/>Those predicting negative economic effects<Node id="2578"/> for the country either aren't paying attention what's in the bill or are willfully <Node id="2662"/>distorting<Node id="2672"/> <Node id="2673"/>its provisions<Node id="2687"/>.
<Node id="2689"/> <Node id="2690"/>Second, <Node id="2698"/>health reform<Node id="2711"/> will <Node id="2717"/>provide<Node id="2724"/> <Node id="2725"/>the tools<Node id="2734"/> we need to <Node id="2746"/>rein in<Node id="2753"/> <Node id="2754"/>unsustainable health cost growth<Node id="2786"/>.
<Node id="2788"/>
 <Node id="2790"/>Experts from the left and the right agree that <Node id="2837"/>about a third of the more than $2 trillion the US currently spends every year on health care<Node id="2929"/> <Node id="2930"/>doesn't<Node id="2937"/> <Node id="2938"/>improve<Node id="2945"/> <Node id="2946"/>our health<Node id="2956"/>.<Node id="2957"/>
<Node id="2958"/>That's got to change - and health reform puts that change in motion<Node id="3025"/>.
 <Node id="3028"/>Reform starts with  Medicare , which, just like private insurers, keeps spending too much for too little value<Node id="3138"/>.
 <Node id="3141"/>Through a series of requirements and incentives, the <Node id="3194"/>legislation<Node id="3205"/> would <Node id="3212"/>replace<Node id="3219"/> <Node id="3220"/>Medicare's outmoded payment systems<Node id="3255"/> with<Node id="3260"/> <Node id="3261"/>programs<Node id="3269"/> that <Node id="3275"/>reward<Node id="3281"/> <Node id="3282"/>value<Node id="3287"/> and <Node id="3292"/>encourage<Node id="3301"/> <Node id="3302"/>efficient care<Node id="3316"/>.
<Node id="3318"/> <Node id="3319"/>Wherever Medicare has led, private payers have followed<Node id="3374"/>.
 <Node id="3377"/>Our research shows that if <Node id="3404"/>today's "best practices" in medicine<Node id="3440"/> - <Node id="3443"/>emphasizing<Node id="3454"/> <Node id="3455"/>prevention<Node id="3465"/>, <Node id="3467"/>avoiding<Node id="3475"/> <Node id="3476"/>hospitalizations<Node id="3492"/>, and managing chronic illness - become common, <Node id="3540"/>we<Node id="3542"/> can <Node id="3547"/>lower<Node id="3552"/> <Node id="3553"/>premiums<Node id="3561"/> by more than 12%.
<Node id="3580"/>
<Node id="3581"/>Lest that sound implausible, note that it requires nothing more than health care achieving the same level of productivity growth that every other U.S. industry has accomplished in recent years.
<Node id="3775"/>With lower costs will come more jobs<Node id="3811"/>. <Node id="3813"/>Our research shows that <Node id="3837"/>slowing<Node id="3844"/> <Node id="3845"/>the growth of insurance premiums<Node id="3877"/> can <Node id="3882"/>create<Node id="3888"/> <Node id="3889"/>an estimated 250,000-400,000 new jobs<Node id="3926"/> every year over the next decade.
<Node id="3960"/>At the same time, lowering health care cost growth is the single most important  step that can be taken to balance the federal budget<Node id="4093"/>.
 <Node id="4096"/>Even the  Congressional Budget Office , which uses very conservative projections, says that the <Node id="4192"/>bill<Node id="4196"/> <Node id="4197"/>Congress<Node id="4205"/> is about to <Node id="4218"/>pass<Node id="4222"/> would <Node id="4229"/>reduce<Node id="4235"/> <Node id="4236"/>the deficit<Node id="4247"/> by $130 billion over the next ten years and $1.2 trillion in the ten years after that.
<Node id="4335"/>
 <Node id="4337"/>Our own forecast, which factors in other likely cost reductions, is that the total budgetary savings from now until 2030 will total around $6.5 trillion.
<Node id="4491"/>Change can be scary.
<Node id="4512"/>But there is no scenario for middle class economic growth that does not ultimately involve successful health care reform.
<Node id="4634"/>The Army of No may like things as they are; the vast bulk of Americans prefer and deserve something better.
<Node id="4742"/>Cutler, a professor of economics at  Harvard  and Feder, a professor of public policy at  Georgetown , are senior fellows at the  Center for American Progress .
Both have consulted with the  White House  and Congress on health care reform.
<Node id="4982"/></TextWithNodes>
<!-- The default annotation set -->

<AnnotationSet>
<Annotation Id="1" Type="doc" StartNode="3" EndNode="4982">
<Feature>
  <Name className="java.lang.String">id</Name>
  <Value className="java.lang.String">hc006</Value>
</Feature>
<Feature>
  <Name className="java.lang.String">author</Name>
  <Value className="java.lang.String">David,Culter,Judy,Feder</Value>
</Feature>
<Feature>
  <Name className="java.lang.String">source</Name>
  <Value className="java.lang.String">New,York,Daily,News,NYDailyNews</Value>
</Feature>
<Feature>
  <Name className="java.lang.String">date</Name>
  <Value className="java.lang.String">20100319</Value>
</Feature>
<Feature>
  <Name className="java.lang.String">side</Name>
  <Value className="java.lang.String">pro</Value>
</Feature>
<Feature>
  <Name className="java.lang.String">url</Name>
  <Value className="java.lang.String">http://www.nydailynews.com/opinions/2010/03/19/2010-03-19_health_care_reform_is_good_for_the_economy.html?print=1&amp;page=all </Value>
</Feature>
</Annotation>
<Annotation Id="2" Type="arg" StartNode="139" EndNode="245">
<Feature>
  <Name className="java.lang.String">ss-label</Name>
  <Value className="java.lang.String">opposition_demagogues_bill</Value>
</Feature>
<Feature>
  <Name className="java.lang.String">type</Name>
  <Value className="java.lang.String">label</Value>
</Feature>
<Feature>
  <Name className="java.lang.String">polarity</Name>
  <Value className="java.lang.String">negative</Value>
</Feature>
<Feature>
  <Name className="java.lang.String">incomplete</Name>
  <Value className="java.lang.String"></Value>
</Feature>
</Annotation>
<Annotation Id="3" Type="arg" StartNode="247" EndNode="326">
<Feature>
  <Name className="java.lang.String">type</Name>
  <Value className="java.lang.String">else</Value>
</Feature>
<Feature>
  <Name className="java.lang.String">polarity</Name>
  <Value className="java.lang.String">negative</Value>
</Feature>
</Annotation>
<Annotation Id="4" Type="arg" StartNode="328" EndNode="362">
<Feature>
  <Name className="java.lang.String">type</Name>
  <Value className="java.lang.String">else</Value>
</Feature>
<Feature>
  <Name className="java.lang.String">polarity</Name>
  <Value className="java.lang.String">negative</Value>
</Feature>
</Annotation>
<Annotation Id="5" Type="arg" StartNode="502" EndNode="702">
<Feature>
  <Name className="java.lang.String">type</Name>
  <Value className="java.lang.String">label</Value>
</Feature>
<Feature>
  <Name className="java.lang.String">ss-label</Name>
  <Value className="java.lang.String">popular_among_public</Value>
</Feature>
<Feature>
  <Name className="java.lang.String">polarity</Name>
  <Value className="java.lang.String">positive</Value>
</Feature>
</Annotation>
<Annotation Id="6" Type="arg" StartNode="703" EndNode="836">
<Feature>
  <Name className="java.lang.String">prospect</Name>
  <Value className="java.lang.String">loss</Value>
</Feature>
<Feature>
  <Name className="java.lang.String">ss-label</Name>
  <Value className="java.lang.String">many_americans_lack_appropriate_insurance</Value>
</Feature>
<Feature>
  <Name className="java.lang.String">type</Name>
  <Value className="java.lang.String">label</Value>
</Feature>
<Feature>
  <Name className="java.lang.String">group</Name>
  <Value className="java.lang.String">self-group</Value>
</Feature>
<Feature>
  <Name className="java.lang.String">polarity</Name>
  <Value className="java.lang.String">negative</Value>
</Feature>
</Annotation>
<Annotation Id="7" Type="arg" StartNode="838" EndNode="887">
<Feature>
  <Name className="java.lang.String">prospect</Name>
  <Value className="java.lang.String">gain</Value>
</Feature>
<Feature>
  <Name className="java.lang.String">ss-label</Name>
  <Value className="java.lang.String">improves_health_of_nation</Value>
</Feature>
<Feature>
  <Name className="java.lang.String">type</Name>
  <Value className="java.lang.String">label</Value>
</Feature>
<Feature>
  <Name className="java.lang.String">group</Name>
  <Value className="java.lang.String">self-group</Value>
</Feature>
<Feature>
  <Name className="java.lang.String">polarity</Name>
  <Value className="java.lang.String">positive</Value>
</Feature>
</Annotation>
<Annotation Id="8" Type="arg" StartNode="888" EndNode="942">
<Feature>
  <Name className="java.lang.String">type</Name>
  <Value className="java.lang.String">label</Value>
</Feature>
<Feature>
  <Name className="java.lang.String">ss-label</Name>
  <Value className="java.lang.String">opposition_has_no_plan</Value>
</Feature>
<Feature>
  <Name className="java.lang.String">polarity</Name>
  <Value className="java.lang.String">negative</Value>
</Feature>
</Annotation>
<Annotation Id="9" Type="arg" StartNode="985" EndNode="1152">
<Feature>
  <Name className="java.lang.String">type</Name>
  <Value className="java.lang.String">label</Value>
</Feature>
<Feature>
  <Name className="java.lang.String">ss-label</Name>
  <Value className="java.lang.String">heathcare_urgently_needs_addressing</Value>
</Feature>
<Feature>
  <Name className="java.lang.String">polarity</Name>
  <Value className="java.lang.String">negative</Value>
</Feature>
</Annotation>
<Annotation Id="11" Type="arg" StartNode="1485" EndNode="1565">
<Feature>
  <Name className="java.lang.String">prospect</Name>
  <Value className="java.lang.String">gain</Value>
</Feature>
<Feature>
  <Name className="java.lang.String">ss-label</Name>
  <Value className="java.lang.String">helps_middle_class</Value>
</Feature>
<Feature>
  <Name className="java.lang.String">type</Name>
  <Value className="java.lang.String">label</Value>
</Feature>
<Feature>
  <Name className="java.lang.String">group</Name>
  <Value className="java.lang.String">self-group</Value>
</Feature>
<Feature>
  <Name className="java.lang.String">polarity</Name>
  <Value className="java.lang.String">positive</Value>
</Feature>
</Annotation>
<Annotation Id="12" Type="rel" StartNode="1565" EndNode="1576">
<Feature>
  <Name className="java.lang.String">id</Name>
  <Value className="java.lang.String">r1</Value>
</Feature>
</Annotation>
<Annotation Id="13" Type="arg" StartNode="1673" EndNode="1796">
<Feature>
  <Name className="java.lang.String">prospect</Name>
  <Value className="java.lang.String">gain</Value>
</Feature>
<Feature>
  <Name className="java.lang.String"></Name>
  <Value className="java.lang.String">promotes_entrepeneurship</Value>
</Feature>
<Feature>
  <Name className="java.lang.String">type</Name>
  <Value className="java.lang.String">label</Value>
</Feature>
<Feature>
  <Name className="java.lang.String">group</Name>
  <Value className="java.lang.String">other-group</Value>
</Feature>
<Feature>
  <Name className="java.lang.String">about-rel</Name>
  <Value className="java.lang.String">r1</Value>
</Feature>
<Feature>
  <Name className="java.lang.String">polarity</Name>
  <Value className="java.lang.String">positive</Value>
</Feature>
</Annotation>
<Annotation Id="14" Type="rel" StartNode="1798" EndNode="1923">
<Feature>
  <Name className="java.lang.String">type</Name>
  <Value className="java.lang.String">label</Value>
</Feature>
<Feature>
  <Name className="java.lang.String">ss-label</Name>
  <Value className="java.lang.String">promotes_entrepeneurship</Value>
</Feature>
</Annotation>
<Annotation Id="17" Type="arg" StartNode="2205" EndNode="2368">
<Feature>
  <Name className="java.lang.String">type</Name>
  <Value className="java.lang.String">label</Value>
</Feature>
<Feature>
  <Name className="java.lang.String">ss-label</Name>
  <Value className="java.lang.String">pre-existing_conditions_currently_block_coverage</Value>
</Feature>
<Feature>
  <Name className="java.lang.String">polarity</Name>
  <Value className="java.lang.String">negative</Value>
</Feature>
</Annotation>
<Annotation Id="16" Type="arg" StartNode="2054" EndNode="2202">
<Feature>
  <Name className="java.lang.String">prospect</Name>
  <Value className="java.lang.String">gain</Value>
</Feature>
<Feature>
  <Name className="java.lang.String">ss-label</Name>
  <Value className="java.lang.String">exchanges_support_informed_choice</Value>
</Feature>
<Feature>
  <Name className="java.lang.String">type</Name>
  <Value className="java.lang.String">label</Value>
</Feature>
<Feature>
  <Name className="java.lang.String">group</Name>
  <Value className="java.lang.String">self-group</Value>
</Feature>
<Feature>
  <Name className="java.lang.String">polarity</Name>
  <Value className="java.lang.String">positive</Value>
</Feature>
</Annotation>
<Annotation Id="19" Type="arg" StartNode="2536" EndNode="2689">
<Feature>
  <Name className="java.lang.String">type</Name>
  <Value className="java.lang.String">label</Value>
</Feature>
<Feature>
  <Name className="java.lang.String">ss-label</Name>
  <Value className="java.lang.String">opposition_demagogues_bill</Value>
</Feature>
<Feature>
  <Name className="java.lang.String">polarity</Name>
  <Value className="java.lang.String">negative</Value>
</Feature>
</Annotation>
<Annotation Id="18" Type="arg" StartNode="2369" EndNode="2535">
<Feature>
  <Name className="java.lang.String">type</Name>
  <Value className="java.lang.String">label</Value>
</Feature>
<Feature>
  <Name className="java.lang.String">ss-label</Name>
  <Value className="java.lang.String">improves_efficiency</Value>
</Feature>
<Feature>
  <Name className="java.lang.String">polarity</Name>
  <Value className="java.lang.String">positive</Value>
</Feature>
</Annotation>
<Annotation Id="21" Type="rel" StartNode="2790" EndNode="2957">
<Feature>
  <Name className="java.lang.String">type</Name>
  <Value className="java.lang.String">label</Value>
</Feature>
<Feature>
  <Name className="java.lang.String">ss-label</Name>
  <Value className="java.lang.String">improves_efficiency_of_medicine_utilization</Value>
</Feature>
</Annotation>
<Annotation Id="20" Type="arg" StartNode="2690" EndNode="2788">
<Feature>
  <Name className="java.lang.String">type</Name>
  <Value className="java.lang.String">label</Value>
</Feature>
<Feature>
  <Name className="java.lang.String">ss-label</Name>
  <Value className="java.lang.String">controls_healthcare_costs</Value>
</Feature>
<Feature>
  <Name className="java.lang.String">polarity</Name>
  <Value className="java.lang.String">negative</Value>
</Feature>
</Annotation>
<Annotation Id="23" Type="arg" StartNode="3377" EndNode="3580">
<Feature>
  <Name className="java.lang.String">type</Name>
  <Value className="java.lang.String">label</Value>
</Feature>
<Feature>
  <Name className="java.lang.String">ss-label</Name>
  <Value className="java.lang.String">improves_efficiency_of_medicine_utilization</Value>
</Feature>
<Feature>
  <Name className="java.lang.String">polarity</Name>
  <Value className="java.lang.String">positive</Value>
</Feature>
</Annotation>
<Annotation Id="22" Type="arg" StartNode="3141" EndNode="3318">
<Feature>
  <Name className="java.lang.String">type</Name>
  <Value className="java.lang.String">label</Value>
</Feature>
<Feature>
  <Name className="java.lang.String">ss-label</Name>
  <Value className="java.lang.String">improves_efficiency_of_medicine_utilization</Value>
</Feature>
<Feature>
  <Name className="java.lang.String">polarity</Name>
  <Value className="java.lang.String">negative</Value>
</Feature>
</Annotation>
<Annotation Id="25" Type="arg" StartNode="3813" EndNode="3960">
<Feature>
  <Name className="java.lang.String">unclear</Name>
  <Value className="java.lang.String">true</Value>
</Feature>
<Feature>
  <Name className="java.lang.String">ss-label</Name>
  <Value className="java.lang.String">promotes_jobs</Value>
</Feature>
<Feature>
  <Name className="java.lang.String">type</Name>
  <Value className="java.lang.String">label</Value>
</Feature>
<Feature>
  <Name className="java.lang.String">polarity</Name>
  <Value className="java.lang.String">positive</Value>
</Feature>
</Annotation>
<Annotation Id="24" Type="rel" StartNode="3581" EndNode="3775">
<Feature>
  <Name className="java.lang.String">type</Name>
  <Value className="java.lang.String">label</Value>
</Feature>
<Feature>
  <Name className="java.lang.String">ss-label</Name>
  <Value className="java.lang.String">improves_efficiency_of_medicine_utilization</Value>
</Feature>
</Annotation>
<Annotation Id="27" Type="arg" StartNode="4096" EndNode="4335">
<Feature>
  <Name className="java.lang.String">type</Name>
  <Value className="java.lang.String">label</Value>
</Feature>
<Feature>
  <Name className="java.lang.String">ss-label</Name>
  <Value className="java.lang.String">maintains/reduces_govt_deficit</Value>
</Feature>
<Feature>
  <Name className="java.lang.String">polarity</Name>
  <Value className="java.lang.String">positive</Value>
</Feature>
</Annotation>
<Annotation Id="29" Type="arg" StartNode="4512" EndNode="4634">
<Feature>
  <Name className="java.lang.String">ss-label</Name>
  <Value className="java.lang.String">helps_middle_class</Value>
</Feature>
<Feature>
  <Name className="java.lang.String">unclear</Name>
  <Value className="java.lang.String">true</Value>
</Feature>
<Feature>
  <Name className="java.lang.String">type</Name>
  <Value className="java.lang.String">else</Value>
</Feature>
<Feature>
  <Name className="java.lang.String">polarity</Name>
  <Value className="java.lang.String">negative</Value>
</Feature>
</Annotation>
<Annotation Id="28" Type="arg" StartNode="4337" EndNode="4491">
<Feature>
  <Name className="java.lang.String">type</Name>
  <Value className="java.lang.String">label</Value>
</Feature>
<Feature>
  <Name className="java.lang.String">ss-label</Name>
  <Value className="java.lang.String">maintains/reduces_govt_deficit</Value>
</Feature>
<Feature>
  <Name className="java.lang.String">polarity</Name>
  <Value className="java.lang.String">positive</Value>
</Feature>
</Annotation>
<Annotation Id="31" Type="arg" StartNode="4" EndNode="46">
<Feature>
  <Name className="java.lang.String">type</Name>
  <Value className="java.lang.String">label</Value>
</Feature>
<Feature>
  <Name className="java.lang.String">ss-label</Name>
  <Value className="java.lang.String">helps_economy</Value>
</Feature>
<Feature>
  <Name className="java.lang.String">polarity</Name>
  <Value className="java.lang.String">positive</Value>
</Feature>
</Annotation>
<Annotation Id="30" Type="arg" StartNode="4634" EndNode="4742">
<Feature>
  <Name className="java.lang.String">ss-label</Name>
  <Value className="java.lang.String">opposition_has_no_plan</Value>
</Feature>
<Feature>
  <Name className="java.lang.String">unclear</Name>
  <Value className="java.lang.String">true</Value>
</Feature>
<Feature>
  <Name className="java.lang.String">type</Name>
  <Value className="java.lang.String">label</Value>
</Feature>
<Feature>
  <Name className="java.lang.String">polarity</Name>
  <Value className="java.lang.String">negative</Value>
</Feature>
</Annotation>
<Annotation Id="34" Type="rel" StartNode="1154" EndNode="1325">
<Feature>
  <Name className="java.lang.String">type</Name>
  <Value className="java.lang.String">label</Value>
</Feature>
<Feature>
  <Name className="java.lang.String">ss-label</Name>
  <Value className="java.lang.String">heathcare_urgently_needs_addressing</Value>
</Feature>
</Annotation>
<Annotation Id="35" Type="arg" StartNode="1328" EndNode="1483">
<Feature>
  <Name className="java.lang.String">type</Name>
  <Value className="java.lang.String">label</Value>
</Feature>
<Feature>
  <Name className="java.lang.String">ss-label</Name>
  <Value className="java.lang.String">heathcare_urgently_needs_addressing</Value>
</Feature>
<Feature>
  <Name className="java.lang.String">polarity</Name>
  <Value className="java.lang.String">negative</Value>
</Feature>
</Annotation>
<Annotation Id="32" Type="rel" StartNode="362" EndNode="447">
<Feature>
  <Name className="java.lang.String">type</Name>
  <Value className="java.lang.String">else</Value>
</Feature>
<Feature>
  <Name className="java.lang.String">ss-label</Name>
  <Value className="java.lang.String">opposition_demagogues_bill</Value>
</Feature>
</Annotation>
<Annotation Id="33" Type="rel" StartNode="943" EndNode="982">
<Feature>
  <Name className="java.lang.String">type</Name>
  <Value className="java.lang.String">label</Value>
</Feature>
<Feature>
  <Name className="java.lang.String">ss-label</Name>
  <Value className="java.lang.String">helps_economy</Value>
</Feature>
</Annotation>
<Annotation Id="38" Type="arg" StartNode="1996" EndNode="2050">
<Feature>
  <Name className="java.lang.String">type</Name>
  <Value className="java.lang.String">else</Value>
</Feature>
<Feature>
  <Name className="java.lang.String">polarity</Name>
  <Value className="java.lang.String">positive</Value>
</Feature>
</Annotation>
<Annotation Id="39" Type="arg" StartNode="3028" EndNode="3138">
<Feature>
  <Name className="java.lang.String">type</Name>
  <Value className="java.lang.String">label</Value>
</Feature>
<Feature>
  <Name className="java.lang.String">ss-label</Name>
  <Value className="java.lang.String">improves_efficiency_of_medicine_utilization</Value>
</Feature>
<Feature>
  <Name className="java.lang.String">polarity</Name>
  <Value className="java.lang.String">negative</Value>
</Feature>
</Annotation>
<Annotation Id="36" Type="rel" StartNode="1565" EndNode="1670">
<Feature>
  <Name className="java.lang.String">type</Name>
  <Value className="java.lang.String">label</Value>
</Feature>
<Feature>
  <Name className="java.lang.String">ss-label</Name>
  <Value className="java.lang.String">helps_economy</Value>
</Feature>
<Feature>
  <Name className="java.lang.String">polarity</Name>
  <Value className="java.lang.String">positive</Value>
</Feature>
</Annotation>
<Annotation Id="37" Type="rel" StartNode="1924" EndNode="1993">
<Feature>
  <Name className="java.lang.String">type</Name>
  <Value className="java.lang.String">label</Value>
</Feature>
<Feature>
  <Name className="java.lang.String">ss-label</Name>
  <Value className="java.lang.String">helps_small_business</Value>
</Feature>
</Annotation>
<Annotation Id="42" Type="arg" StartNode="3775" EndNode="3811">
<Feature>
  <Name className="java.lang.String">type</Name>
  <Value className="java.lang.String">label</Value>
</Feature>
<Feature>
  <Name className="java.lang.String">ss-label</Name>
  <Value className="java.lang.String">promotes_jobs</Value>
</Feature>
<Feature>
  <Name className="java.lang.String">polarity</Name>
  <Value className="java.lang.String">positive</Value>
</Feature>
</Annotation>
<Annotation Id="43" Type="rel" StartNode="3960" EndNode="4093">
<Feature>
  <Name className="java.lang.String">type</Name>
  <Value className="java.lang.String">label</Value>
</Feature>
<Feature>
  <Name className="java.lang.String">ss-label</Name>
  <Value className="java.lang.String">controls_healthcare_costs</Value>
</Feature>
</Annotation>
<Annotation Id="40" Type="arg" StartNode="2958" EndNode="3025">
<Feature>
  <Name className="java.lang.String">type</Name>
  <Value className="java.lang.String">label</Value>
</Feature>
<Feature>
  <Name className="java.lang.String">ss-label</Name>
  <Value className="java.lang.String">bill_will_improve_healthcare_system</Value>
</Feature>
<Feature>
  <Name className="java.lang.String">polarity</Name>
  <Value className="java.lang.String">positive</Value>
</Feature>
</Annotation>
<Annotation Id="41" Type="rel" StartNode="3319" EndNode="3374">
<Feature>
  <Name className="java.lang.String">type</Name>
  <Value className="java.lang.String">label</Value>
</Feature>
<Feature>
  <Name className="java.lang.String">ss-label</Name>
  <Value className="java.lang.String">improves_efficiency_of_medicine_utilization</Value>
</Feature>
<Feature>
  <Name className="java.lang.String">unclear</Name>
  <Value className="java.lang.String">true</Value>
</Feature>
</Annotation>
<Annotation Id="46" Type="others" StartNode="749" EndNode="768">
<Feature>
  <Name className="java.lang.String">comment</Name>
  <Value className="java.lang.String">badFor Agent</Value>
</Feature>
</Annotation>
<Annotation Id="44" Type="gfbf" StartNode="271" EndNode="280">
<Feature>
  <Name className="java.lang.String">agentId</Name>
  <Value className="java.lang.String">67</Value>
</Feature>
<Feature>
  <Name className="java.lang.String">objectId</Name>
  <Value className="java.lang.String">45</Value>
</Feature>
<Feature>
  <Name className="java.lang.String">polarity</Name>
  <Value className="java.lang.String">badfor</Value>
</Feature>
<Feature>
  <Name className="java.lang.String">not_writer</Name>
  <Value className="java.lang.String">true</Value>
</Feature>
</Annotation>
<Annotation Id="45" Type="gfbf-object" StartNode="281" EndNode="300">
<Feature>
  <Name className="java.lang.String">writerAtt</Name>
  <Value className="java.lang.String">positive</Value>
</Feature>
</Annotation>
<Annotation Id="51" Type="gfbf" StartNode="2475" EndNode="2480">
<Feature>
  <Name className="java.lang.String">agentId</Name>
  <Value className="java.lang.String">80</Value>
</Feature>
<Feature>
  <Name className="java.lang.String">objectId</Name>
  <Value className="java.lang.String">52</Value>
</Feature>
<Feature>
  <Name className="java.lang.String">polarity</Name>
  <Value className="java.lang.String">badfor</Value>
</Feature>
</Annotation>
<Annotation Id="50" Type="gfbf-object" StartNode="1698" EndNode="1729">
<Feature>
  <Name className="java.lang.String">writerAtt</Name>
  <Value className="java.lang.String">positive</Value>
</Feature>
</Annotation>
<Annotation Id="49" Type="gfbf" StartNode="1690" EndNode="1697">
<Feature>
  <Name className="java.lang.String">agentId</Name>
  <Value className="java.lang.String">79</Value>
</Feature>
<Feature>
  <Name className="java.lang.String">objectId</Name>
  <Value className="java.lang.String">50</Value>
</Feature>
<Feature>
  <Name className="java.lang.String">polarity</Name>
  <Value className="java.lang.String">goodfor</Value>
</Feature>
</Annotation>
<Annotation Id="55" Type="gfbf" StartNode="2746" EndNode="2753">
<Feature>
  <Name className="java.lang.String">agentId</Name>
  <Value className="java.lang.String">138</Value>
</Feature>
<Feature>
  <Name className="java.lang.String">objectId</Name>
  <Value className="java.lang.String">56</Value>
</Feature>
<Feature>
  <Name className="java.lang.String">polarity</Name>
  <Value className="java.lang.String">badfor</Value>
</Feature>
</Annotation>
<Annotation Id="54" Type="gfbf-object" StartNode="2673" EndNode="2687">
<Feature>
  <Name className="java.lang.String">writerAtt</Name>
  <Value className="java.lang.String">positive</Value>
</Feature>
</Annotation>
<Annotation Id="53" Type="gfbf" StartNode="2662" EndNode="2672">
<Feature>
  <Name className="java.lang.String">agentId</Name>
  <Value className="java.lang.String">81</Value>
</Feature>
<Feature>
  <Name className="java.lang.String">objectId</Name>
  <Value className="java.lang.String">54</Value>
</Feature>
<Feature>
  <Name className="java.lang.String">polarity</Name>
  <Value className="java.lang.String">badfor</Value>
</Feature>
</Annotation>
<Annotation Id="52" Type="gfbf-object" StartNode="2481" EndNode="2501">
<Feature>
  <Name className="java.lang.String">writerAtt</Name>
  <Value className="java.lang.String">negative</Value>
</Feature>
</Annotation>
<Annotation Id="59" Type="gfbf" StartNode="3212" EndNode="3219">
<Feature>
  <Name className="java.lang.String">agentId</Name>
  <Value className="java.lang.String">84</Value>
</Feature>
<Feature>
  <Name className="java.lang.String">objectId</Name>
  <Value className="java.lang.String">60</Value>
</Feature>
<Feature>
  <Name className="java.lang.String">polarity</Name>
  <Value className="java.lang.String">badfor</Value>
</Feature>
</Annotation>
<Annotation Id="56" Type="gfbf-object" StartNode="2754" EndNode="2786">
<Feature>
  <Name className="java.lang.String">writerAtt</Name>
  <Value className="java.lang.String">negative</Value>
</Feature>
</Annotation>
<Annotation Id="63" Type="gfbf" StartNode="3547" EndNode="3552">
<Feature>
  <Name className="java.lang.String">agentId</Name>
  <Value className="java.lang.String">86</Value>
</Feature>
<Feature>
  <Name className="java.lang.String">objectId</Name>
  <Value className="java.lang.String">64</Value>
</Feature>
<Feature>
  <Name className="java.lang.String">polarity</Name>
  <Value className="java.lang.String">badfor</Value>
</Feature>
</Annotation>
<Annotation Id="62" Type="gfbf-object" StartNode="3476" EndNode="3492">
<Feature>
  <Name className="java.lang.String">writerAtt</Name>
  <Value className="java.lang.String">negative</Value>
</Feature>
</Annotation>
<Annotation Id="61" Type="gfbf" StartNode="3467" EndNode="3475">
<Feature>
  <Name className="java.lang.String">agentId</Name>
  <Value className="java.lang.String">85</Value>
</Feature>
<Feature>
  <Name className="java.lang.String">objectId</Name>
  <Value className="java.lang.String">62</Value>
</Feature>
<Feature>
  <Name className="java.lang.String">polarity</Name>
  <Value className="java.lang.String">badfor</Value>
</Feature>
</Annotation>
<Annotation Id="60" Type="gfbf-object" StartNode="3220" EndNode="3255">
<Feature>
  <Name className="java.lang.String">writerAtt</Name>
  <Value className="java.lang.String">negative</Value>
</Feature>
</Annotation>
<Annotation Id="68" Type="others" StartNode="749" EndNode="768">
<Feature>
  <Name className="java.lang.String">comment</Name>
  <Value className="java.lang.String">badFor agent</Value>
</Feature>
</Annotation>
<Annotation Id="69" Type="gfbf" StartNode="989" EndNode="1006">
<Feature>
  <Name className="java.lang.String">agentId</Name>
  <Value className="java.lang.String">72</Value>
</Feature>
<Feature>
  <Name className="java.lang.String">objectId</Name>
  <Value className="java.lang.String">70</Value>
</Feature>
<Feature>
  <Name className="java.lang.String">polarity</Name>
  <Value className="java.lang.String">badfor</Value>
</Feature>
</Annotation>
<Annotation Id="70" Type="gfbf-object" StartNode="1007" EndNode="1031">
<Feature>
  <Name className="java.lang.String">writerAtt</Name>
  <Value className="java.lang.String">positive</Value>
</Feature>
</Annotation>
<Annotation Id="71" Type="influencer" StartNode="1054" EndNode="1057">
<Feature>
  <Name className="java.lang.String">effect</Name>
  <Value className="java.lang.String">reverse</Value>
</Feature>
<Feature>
  <Name className="java.lang.String">agentId</Name>
  <Value className="java.lang.String">72</Value>
</Feature>
<Feature>
  <Name className="java.lang.String">objectId</Name>
  <Value className="java.lang.String">69</Value>
</Feature>
</Annotation>
<Annotation Id="64" Type="gfbf-object" StartNode="3553" EndNode="3561">
<Feature>
  <Name className="java.lang.String">writerAtt</Name>
  <Value className="java.lang.String">negative</Value>
</Feature>
</Annotation>
<Annotation Id="65" Type="gfbf" StartNode="3882" EndNode="3888">
<Feature>
  <Name className="java.lang.String">agentId</Name>
  <Value className="java.lang.String">87</Value>
</Feature>
<Feature>
  <Name className="java.lang.String">objectId</Name>
  <Value className="java.lang.String">66</Value>
</Feature>
<Feature>
  <Name className="java.lang.String">polarity</Name>
  <Value className="java.lang.String">goodfor</Value>
</Feature>
</Annotation>
<Annotation Id="66" Type="gfbf-object" StartNode="3889" EndNode="3926">
<Feature>
  <Name className="java.lang.String">writerAtt</Name>
  <Value className="java.lang.String">positive</Value>
</Feature>
</Annotation>
<Annotation Id="67" Type="gfbf-agent" StartNode="247" EndNode="265">
<Feature>
  <Name className="java.lang.String">writerAtt</Name>
  <Value className="java.lang.String">positive</Value>
</Feature>
</Annotation>
<Annotation Id="76" Type="gfbf" StartNode="1432" EndNode="1443">
<Feature>
  <Name className="java.lang.String">agentId</Name>
  <Value className="java.lang.String">75</Value>
</Feature>
<Feature>
  <Name className="java.lang.String">objectId</Name>
  <Value className="java.lang.String">77</Value>
</Feature>
<Feature>
  <Name className="java.lang.String">polarity</Name>
  <Value className="java.lang.String">badfor</Value>
</Feature>
</Annotation>
<Annotation Id="77" Type="gfbf-object" StartNode="1444" EndNode="1483">
<Feature>
  <Name className="java.lang.String">writerAtt</Name>
  <Value className="java.lang.String">positive</Value>
</Feature>
</Annotation>
<Annotation Id="79" Type="gfbf-agent" StartNode="1680" EndNode="1684">
<Feature>
  <Name className="java.lang.String">reference</Name>
  <Value className="java.lang.String">true</Value>
</Feature>
<Feature>
  <Name className="java.lang.String">referentId</Name>
  <Value className="java.lang.String">149</Value>
</Feature>
<Feature>
  <Name className="java.lang.String">writerAtt</Name>
  <Value className="java.lang.String">positive</Value>
</Feature>
</Annotation>
<Annotation Id="72" Type="gfbf-agent" StartNode="1058" EndNode="1108">
<Feature>
  <Name className="java.lang.String">unclear</Name>
  <Value className="java.lang.String">true</Value>
</Feature>
<Feature>
  <Name className="java.lang.String">writerAtt</Name>
  <Value className="java.lang.String">negative</Value>
</Feature>
</Annotation>
<Annotation Id="74" Type="others" StartNode="1376" EndNode="1381">
<Feature>
  <Name className="java.lang.String">comment</Name>
  <Value className="java.lang.String">ask sb to do sth </Value>
</Feature>
</Annotation>
<Annotation Id="75" Type="gfbf-agent" StartNode="1414" EndNode="1426">
<Feature>
  <Name className="java.lang.String">writerAtt</Name>
  <Value className="java.lang.String">negative</Value>
</Feature>
</Annotation>
<Annotation Id="85" Type="gfbf-agent" StartNode="3404" EndNode="3440">
<Feature>
  <Name className="java.lang.String">writerAtt</Name>
  <Value className="java.lang.String">positive</Value>
</Feature>
</Annotation>
<Annotation Id="84" Type="gfbf-agent" StartNode="3194" EndNode="3205">
<Feature>
  <Name className="java.lang.String">writerAtt</Name>
  <Value className="java.lang.String">positive</Value>
</Feature>
</Annotation>
<Annotation Id="87" Type="gfbf-agent" StartNode="3837" EndNode="3877">
<Feature>
  <Name className="java.lang.String">writerAtt</Name>
  <Value className="java.lang.String">positive</Value>
</Feature>
</Annotation>
<Annotation Id="86" Type="gfbf-agent" StartNode="3540" EndNode="3542">
<Feature>
  <Name className="java.lang.String">writerAtt</Name>
  <Value className="java.lang.String">positive</Value>
</Feature>
</Annotation>
<Annotation Id="81" Type="gfbf-agent" StartNode="2536" EndNode="2578">
<Feature>
  <Name className="java.lang.String">writerAtt</Name>
  <Value className="java.lang.String">negative</Value>
</Feature>
</Annotation>
<Annotation Id="80" Type="gfbf-agent" StartNode="2423" EndNode="2469">
<Feature>
  <Name className="java.lang.String">writerAtt</Name>
  <Value className="java.lang.String">positive</Value>
</Feature>
</Annotation>
<Annotation Id="82" Type="gfbf-agent" StartNode="2698" EndNode="2711">
<Feature>
  <Name className="java.lang.String">writerAtt</Name>
  <Value className="java.lang.String">positive</Value>
</Feature>
</Annotation>
<Annotation Id="93" Type="gfbf-object" StartNode="4236" EndNode="4247">
<Feature>
  <Name className="java.lang.String">writerAtt</Name>
  <Value className="java.lang.String">negative</Value>
</Feature>
</Annotation>
<Annotation Id="92" Type="gfbf" StartNode="4229" EndNode="4235">
<Feature>
  <Name className="java.lang.String">agentId</Name>
  <Value className="java.lang.String">90</Value>
</Feature>
<Feature>
  <Name className="java.lang.String">objectId</Name>
  <Value className="java.lang.String">93</Value>
</Feature>
<Feature>
  <Name className="java.lang.String">polarity</Name>
  <Value className="java.lang.String">badfor</Value>
</Feature>
</Annotation>
<Annotation Id="95" Type="gfbf" StartNode="4218" EndNode="4222">
<Feature>
  <Name className="java.lang.String">agentId</Name>
  <Value className="java.lang.String">94</Value>
</Feature>
<Feature>
  <Name className="java.lang.String">objectId</Name>
  <Value className="java.lang.String">96</Value>
</Feature>
<Feature>
  <Name className="java.lang.String">polarity</Name>
  <Value className="java.lang.String">goodfor</Value>
</Feature>
</Annotation>
<Annotation Id="94" Type="gfbf-agent" StartNode="4197" EndNode="4205">
<Feature>
  <Name className="java.lang.String">writerAtt</Name>
  <Value className="java.lang.String">positive</Value>
</Feature>
</Annotation>
<Annotation Id="89" Type="gfbf-object" StartNode="3845" EndNode="3877">
<Feature>
  <Name className="java.lang.String">writerAtt</Name>
  <Value className="java.lang.String">negative</Value>
</Feature>
</Annotation>
<Annotation Id="88" Type="gfbf" StartNode="3837" EndNode="3844">
<Feature>
  <Name className="java.lang.String">agentId</Name>
  <Value className="java.lang.String">implicit</Value>
</Feature>
<Feature>
  <Name className="java.lang.String">objectId</Name>
  <Value className="java.lang.String">89</Value>
</Feature>
<Feature>
  <Name className="java.lang.String">polarity</Name>
  <Value className="java.lang.String">badfor</Value>
</Feature>
</Annotation>
<Annotation Id="90" Type="gfbf-agent" StartNode="4192" EndNode="4196">
<Feature>
  <Name className="java.lang.String">writerAtt</Name>
  <Value className="java.lang.String">positive</Value>
</Feature>
</Annotation>
<Annotation Id="102" Type="gfbf" StartNode="215" EndNode="220">
<Feature>
  <Name className="java.lang.String">agentId</Name>
  <Value className="java.lang.String">105</Value>
</Feature>
<Feature>
  <Name className="java.lang.String">polarity</Name>
  <Value className="java.lang.String">badfor</Value>
</Feature>
<Feature>
  <Name className="java.lang.String">objectId</Name>
  <Value className="java.lang.String">103</Value>
</Feature>
</Annotation>
<Annotation Id="103" Type="gfbf-object" StartNode="221" EndNode="230">
<Feature>
  <Name className="java.lang.String">writerAtt</Name>
  <Value className="java.lang.String">positive</Value>
</Feature>
</Annotation>
<Annotation Id="100" Type="gfbf-object" StartNode="35" EndNode="46">
<Feature>
  <Name className="java.lang.String">writerAtt</Name>
  <Value className="java.lang.String">positive</Value>
</Feature>
</Annotation>
<Annotation Id="101" Type="gfbf-agent" StartNode="4" EndNode="22">
<Feature>
  <Name className="java.lang.String">writerAtt</Name>
  <Value className="java.lang.String">positive</Value>
</Feature>
</Annotation>
<Annotation Id="98" Type="gfbf-object" StartNode="3455" EndNode="3465">
<Feature>
  <Name className="java.lang.String">writerAtt</Name>
  <Value className="java.lang.String">positive</Value>
</Feature>
</Annotation>
<Annotation Id="99" Type="gfbf" StartNode="23" EndNode="34">
<Feature>
  <Name className="java.lang.String">agentId</Name>
  <Value className="java.lang.String">101</Value>
</Feature>
<Feature>
  <Name className="java.lang.String">uncertain</Name>
  <Value className="java.lang.String">true</Value>
</Feature>
<Feature>
  <Name className="java.lang.String">objectId</Name>
  <Value className="java.lang.String">100</Value>
</Feature>
<Feature>
  <Name className="java.lang.String">polarity</Name>
  <Value className="java.lang.String">goodfor</Value>
</Feature>
</Annotation>
<Annotation Id="96" Type="gfbf-object" StartNode="4192" EndNode="4196">
<Feature>
  <Name className="java.lang.String">writerAtt</Name>
  <Value className="java.lang.String">positive</Value>
</Feature>
</Annotation>
<Annotation Id="97" Type="gfbf" StartNode="3443" EndNode="3454">
<Feature>
  <Name className="java.lang.String">agentId</Name>
  <Value className="java.lang.String">85</Value>
</Feature>
<Feature>
  <Name className="java.lang.String">polarity</Name>
  <Value className="java.lang.String">goodfor</Value>
</Feature>
<Feature>
  <Name className="java.lang.String">objectId</Name>
  <Value className="java.lang.String">98</Value>
</Feature>
</Annotation>
<Annotation Id="110" Type="gfbf-agent" StartNode="1565" EndNode="1622">
<Feature>
  <Name className="java.lang.String">writerAtt</Name>
  <Value className="java.lang.String">positive</Value>
</Feature>
</Annotation>
<Annotation Id="111" Type="gfbf-agent" StartNode="2837" EndNode="2929">
<Feature>
  <Name className="java.lang.String">writerAtt</Name>
  <Value className="java.lang.String">negative</Value>
</Feature>
</Annotation>
<Annotation Id="106" Type="gfbf" StartNode="305" EndNode="310">
<Feature>
  <Name className="java.lang.String">agentId</Name>
  <Value className="java.lang.String">67</Value>
</Feature>
<Feature>
  <Name className="java.lang.String">polarity</Name>
  <Value className="java.lang.String">badfor</Value>
</Feature>
<Feature>
  <Name className="java.lang.String">objectId</Name>
  <Value className="java.lang.String">107</Value>
</Feature>
<Feature>
  <Name className="java.lang.String">not_writer</Name>
  <Value className="java.lang.String">true</Value>
</Feature>
</Annotation>
<Annotation Id="107" Type="gfbf-object" StartNode="311" EndNode="325">
<Feature>
  <Name className="java.lang.String">writerAtt</Name>
  <Value className="java.lang.String">positive</Value>
</Feature>
</Annotation>
<Annotation Id="105" Type="gfbf-agent" StartNode="185" EndNode="201">
<Feature>
  <Name className="java.lang.String">writerAtt</Name>
  <Value className="java.lang.String">negative</Value>
</Feature>
</Annotation>
<Annotation Id="119" Type="gfbf" StartNode="1733" EndNode="1745">
<Feature>
  <Name className="java.lang.String">agentId</Name>
  <Value className="java.lang.String">79</Value>
</Feature>
<Feature>
  <Name className="java.lang.String">polarity</Name>
  <Value className="java.lang.String">goodfor</Value>
</Feature>
<Feature>
  <Name className="java.lang.String">objectId</Name>
  <Value className="java.lang.String">120</Value>
</Feature>
</Annotation>
<Annotation Id="114" Type="influencer" StartNode="2930" EndNode="2937">
<Feature>
  <Name className="java.lang.String">agentId</Name>
  <Value className="java.lang.String">111</Value>
</Feature>
<Feature>
  <Name className="java.lang.String">effect</Name>
  <Value className="java.lang.String">reverse</Value>
</Feature>
<Feature>
  <Name className="java.lang.String">objectId</Name>
  <Value className="java.lang.String">112</Value>
</Feature>
<Feature>
  <Name className="java.lang.String">not_writer</Name>
  <Value className="java.lang.String">true</Value>
</Feature>
</Annotation>
<Annotation Id="113" Type="gfbf-object" StartNode="2946" EndNode="2956">
<Feature>
  <Name className="java.lang.String">writerAtt</Name>
  <Value className="java.lang.String">positive</Value>
</Feature>
</Annotation>
<Annotation Id="112" Type="gfbf" StartNode="2938" EndNode="2945">
<Feature>
  <Name className="java.lang.String">agentId</Name>
  <Value className="java.lang.String">111</Value>
</Feature>
<Feature>
  <Name className="java.lang.String">objectId</Name>
  <Value className="java.lang.String">113</Value>
</Feature>
<Feature>
  <Name className="java.lang.String">polarity</Name>
  <Value className="java.lang.String">goodfor</Value>
</Feature>
<Feature>
  <Name className="java.lang.String">not_writer</Name>
  <Value className="java.lang.String">true</Value>
</Feature>
</Annotation>
<Annotation Id="127" Type="gfbf-agent" StartNode="3261" EndNode="3269">
<Feature>
  <Name className="java.lang.String">writerAtt</Name>
  <Value className="java.lang.String">positive</Value>
</Feature>
</Annotation>
<Annotation Id="126" Type="influencer" StartNode="1824" EndNode="1829">
<Feature>
  <Name className="java.lang.String">effect</Name>
  <Value className="java.lang.String">reverse</Value>
</Feature>
<Feature>
  <Name className="java.lang.String">agentId</Name>
  <Value className="java.lang.String">125</Value>
</Feature>
<Feature>
  <Name className="java.lang.String">objectId</Name>
  <Value className="java.lang.String">123</Value>
</Feature>
</Annotation>
<Annotation Id="125" Type="gfbf-agent" StartNode="1805" EndNode="1823">
<Feature>
  <Name className="java.lang.String">writerAtt</Name>
  <Value className="java.lang.String">positive</Value>
</Feature>
</Annotation>
<Annotation Id="124" Type="gfbf-object" StartNode="1856" EndNode="1866">
<Feature>
  <Name className="java.lang.String">writerAtt</Name>
  <Value className="java.lang.String">positive</Value>
</Feature>
</Annotation>
<Annotation Id="123" Type="gfbf" StartNode="1850" EndNode="1855">
<Feature>
  <Name className="java.lang.String">agentId</Name>
  <Value className="java.lang.String">125</Value>
</Feature>
<Feature>
  <Name className="java.lang.String">polarity</Name>
  <Value className="java.lang.String">goodfor</Value>
</Feature>
<Feature>
  <Name className="java.lang.String">objectId</Name>
  <Value className="java.lang.String">124</Value>
</Feature>
</Annotation>
<Annotation Id="122" Type="gfbf-object" StartNode="1636" EndNode="1658">
<Feature>
  <Name className="java.lang.String">writerAtt</Name>
  <Value className="java.lang.String">negative</Value>
</Feature>
</Annotation>
<Annotation Id="121" Type="gfbf" StartNode="1628" EndNode="1635">
<Feature>
  <Name className="java.lang.String">agentId</Name>
  <Value className="java.lang.String">110</Value>
</Feature>
<Feature>
  <Name className="java.lang.String">uncertain</Name>
  <Value className="java.lang.String">true</Value>
</Feature>
<Feature>
  <Name className="java.lang.String">objectId</Name>
  <Value className="java.lang.String">122</Value>
</Feature>
<Feature>
  <Name className="java.lang.String">polarity</Name>
  <Value className="java.lang.String">badfor</Value>
</Feature>
</Annotation>
<Annotation Id="120" Type="gfbf-object" StartNode="1746" EndNode="1794">
<Feature>
  <Name className="java.lang.String">writerAtt</Name>
  <Value className="java.lang.String">positive</Value>
</Feature>
</Annotation>
<Annotation Id="139" Type="influencer" StartNode="2717" EndNode="2724">
<Feature>
  <Name className="java.lang.String">effect</Name>
  <Value className="java.lang.String">retain</Value>
</Feature>
<Feature>
  <Name className="java.lang.String">agentId</Name>
  <Value className="java.lang.String">82</Value>
</Feature>
<Feature>
  <Name className="java.lang.String">objectId</Name>
  <Value className="java.lang.String">55</Value>
</Feature>
</Annotation>
<Annotation Id="138" Type="gfbf-agent" StartNode="2725" EndNode="2734">
<Feature>
  <Name className="java.lang.String">writerAtt</Name>
  <Value className="java.lang.String">positive</Value>
</Feature>
</Annotation>
<Annotation Id="141" Type="gfbf" StartNode="3212" EndNode="3260">
<Feature>
  <Name className="java.lang.String">agentId</Name>
  <Value className="java.lang.String">84</Value>
</Feature>
<Feature>
  <Name className="java.lang.String">comment</Name>
  <Value className="java.lang.String">replace with</Value>
</Feature>
<Feature>
  <Name className="java.lang.String">objectId</Name>
  <Value className="java.lang.String">142</Value>
</Feature>
<Feature>
  <Name className="java.lang.String">polarity</Name>
  <Value className="java.lang.String">goodfor</Value>
</Feature>
</Annotation>
<Annotation Id="143" Type="influencer" StartNode="530" EndNode="539">
<Feature>
  <Name className="java.lang.String">effect</Name>
  <Value className="java.lang.String">retain</Value>
</Feature>
<Feature>
  <Name className="java.lang.String">agentId</Name>
  <Value className="java.lang.String">132</Value>
</Feature>
<Feature>
  <Name className="java.lang.String">objectId</Name>
  <Value className="java.lang.String">144</Value>
</Feature>
</Annotation>
<Annotation Id="142" Type="gfbf-object" StartNode="3261" EndNode="3316">
<Feature>
  <Name className="java.lang.String">writerAtt</Name>
  <Value className="java.lang.String">positive</Value>
</Feature>
</Annotation>
<Annotation Id="129" Type="gfbf" StartNode="3292" EndNode="3301">
<Feature>
  <Name className="java.lang.String">agentId</Name>
  <Value className="java.lang.String">127</Value>
</Feature>
<Feature>
  <Name className="java.lang.String">objectId</Name>
  <Value className="java.lang.String">131</Value>
</Feature>
<Feature>
  <Name className="java.lang.String">polarity</Name>
  <Value className="java.lang.String">goodfor</Value>
</Feature>
</Annotation>
<Annotation Id="128" Type="gfbf" StartNode="3275" EndNode="3281">
<Feature>
  <Name className="java.lang.String">agentId</Name>
  <Value className="java.lang.String">127</Value>
</Feature>
<Feature>
  <Name className="java.lang.String">polarity</Name>
  <Value className="java.lang.String">goodfor</Value>
</Feature>
<Feature>
  <Name className="java.lang.String">objectId</Name>
  <Value className="java.lang.String">130</Value>
</Feature>
</Annotation>
<Annotation Id="131" Type="gfbf-object" StartNode="3302" EndNode="3316">
<Feature>
  <Name className="java.lang.String">writerAtt</Name>
  <Value className="java.lang.String">positive</Value>
</Feature>
</Annotation>
<Annotation Id="130" Type="gfbf-object" StartNode="3282" EndNode="3287">
<Feature>
  <Name className="java.lang.String">writerAtt</Name>
  <Value className="java.lang.String">positive</Value>
</Feature>
</Annotation>
<Annotation Id="133" Type="gfbf-object" StartNode="636" EndNode="700">
<Feature>
  <Name className="java.lang.String">writerAtt</Name>
  <Value className="java.lang.String">positive</Value>
</Feature>
</Annotation>
<Annotation Id="132" Type="gfbf-agent" StartNode="507" EndNode="516">
<Feature>
  <Name className="java.lang.String">writerAtt</Name>
  <Value className="java.lang.String">positive</Value>
</Feature>
</Annotation>
<Annotation Id="144" Type="gfbf" StartNode="639" EndNode="643">
<Feature>
  <Name className="java.lang.String">agentId</Name>
  <Value className="java.lang.String">146</Value>
</Feature>
<Feature>
  <Name className="java.lang.String">polarity</Name>
  <Value className="java.lang.String">goodfor</Value>
</Feature>
<Feature>
  <Name className="java.lang.String">objectId</Name>
  <Value className="java.lang.String">145</Value>
</Feature>
</Annotation>
<Annotation Id="145" Type="gfbf-object" StartNode="644" EndNode="663">
<Feature>
  <Name className="java.lang.String">writerAtt</Name>
  <Value className="java.lang.String">positive</Value>
</Feature>
</Annotation>
<Annotation Id="146" Type="gfbf-agent" StartNode="636" EndNode="638">
<Feature>
  <Name className="java.lang.String">writerAtt</Name>
  <Value className="java.lang.String">positive</Value>
</Feature>
</Annotation>
<Annotation Id="147" Type="gfbf" StartNode="1593" EndNode="1613">
<Feature>
  <Name className="java.lang.String">agentId</Name>
  <Value className="java.lang.String">148</Value>
</Feature>
<Feature>
  <Name className="java.lang.String">polarity</Name>
  <Value className="java.lang.String">goodfor</Value>
</Feature>
<Feature>
  <Name className="java.lang.String">objectId</Name>
  <Value className="java.lang.String">149</Value>
</Feature>
</Annotation>
<Annotation Id="148" Type="gfbf-agent" StartNode="1614" EndNode="1622">
<Feature>
  <Name className="java.lang.String">writerAtt</Name>
  <Value className="java.lang.String">positive</Value>
</Feature>
</Annotation>
<Annotation Id="149" Type="gfbf-object" StartNode="1565" EndNode="1576">
<Feature>
  <Name className="java.lang.String">writerAtt</Name>
  <Value className="java.lang.String">positive</Value>
</Feature>
</Annotation>
</AnnotationSet>

<!-- Named annotation set -->

<AnnotationSet Name="Original markups">
<Annotation Id="0" Type="paragraph" StartNode="0" EndNode="4982">
</Annotation>
</AnnotationSet>

</GateDocument>
