<?xml version='1.0' encoding='US-ASCII'?>
<GateDocument version="2">
<!-- The document's features-->

<GateDocumentFeatures>
<Feature>
  <Name className="java.lang.String">gate.SourceURL</Name>
  <Value className="java.lang.String">file:/E:/Users/conrada/Documents/My%20Dropbox/healthcare_devel_data_final/hc005.txt</Value>
</Feature>
<Feature>
  <Name className="java.lang.String">MimeType</Name>
  <Value className="java.lang.String">text/plain</Value>
</Feature>
<Feature>
  <Name className="java.lang.String">docNewLineType</Name>
  <Value className="java.lang.String">CRLF</Value>
</Feature>
</GateDocumentFeatures>
<!-- The document content area with serialized nodes -->

<TextWithNodes><Node id="0"/> <Node id="1"/>EDITORIAL: Health care for illegals -  Opinion - ReviewJournal.com
Health care for illegals
 <Node id="94"/>President Obama's frenzied attempt to nationalize health care<Node id="155"/> has hit a few snags, despite the best efforts of liberal congressional Democrats.

     <Node id="244"/>But it's worth noting at least one success<Node id="286"/> the far left<Node id="299"/> has scored when it comes to health care reform legislation: They made sure that <Node id="380"/>taxpayers<Node id="389"/> could <Node id="396"/>be on the hook for<Node id="414"/> <Node id="415"/>covering<Node id="423"/> <Node id="424"/>the medical bills of illegal aliens<Node id="459"/>.
<Node id="461"/>
 That's right. <Node id="477"/>Last week, the Democratic-controlled House Ways and Means Committee voted 26-15 -- on a straight party line -- to kill an amendment offered by Nevada Rep. Dean Heller that would have prevented illegals from receiving government subsidized health care under any reform proposal.
<Node id="755"/>
 <Node id="757"/>Democrats often trot out the 45 million uninsured in America as evidence that we need more public sector involvement in health care<Node id="888"/>.

   <Node id="894"/>Of course, a significant portion of those uninsured are illegal -- some estimates put it as high as 10 million<Node id="1004"/>.

 <Node id="1008"/>Democrats<Node id="1017"/> have previously <Node id="1034"/>denied<Node id="1040"/> that <Node id="1046"/>they<Node id="1050"/> seek to <Node id="1059"/>cover<Node id="1064"/> <Node id="1065"/>illegals<Node id="1073"/>, saying they would not be eligible to participate in the public insurance option they hope to create<Node id="1174"/>.
 The question then becomes: <Node id="1204"/>What sort of mechanism<Node id="1226"/> do <Node id="1230"/>they<Node id="1234"/> <Node id="1235"/>propose<Node id="1242"/> to <Node id="1246"/>weed out<Node id="1254"/> <Node id="1255"/>the illegals<Node id="1267"/>?<Node id="1268"/>
 In fact, they have proposed none.
 <Node id="1305"/>The Heller plan would have at least mandated that health organizations use federal data base checks to verify citizenship, but the <Node id="1436"/>Democrats<Node id="1445"/> have now <Node id="1455"/>put the kibosh on<Node id="1472"/> <Node id="1473"/>that approach<Node id="1486"/>.
 <Node id="1489"/>Heller's plan would also have <Node id="1519"/>barred illegal aliens from qualifying<Node id="1556"/> for tax credits to subsidize the purchase of private health insurance coverage<Node id="1635"/>.
 <Node id="1638"/>But this, too, is apparently too much for Democrats to stomach in their effort to court the illegal vote<Node id="1742"/>.
 The irony here, of course, is that <Node id="1780"/>at least <Node id="1789"/>some portion of our increasing medical expenditures<Node id="1840"/> -- which are driving the push toward reform -- can <Node id="1892"/>be attributed to<Node id="1908"/> <Node id="1909"/>this nation's generous policy of treating illegals in emergency rooms and passing the costs on to citizens<Node id="2015"/>. <Node id="2017"/>
 The notion that Rep. Heller's concerns are overblown should be dismissed outright.
 <Node id="2103"/>It's already commonplace for illegals with counterfeit identification to receive various federal benefits<Node id="2208"/>.
 <Node id="2211"/>Without some means of checking for citizenship, how do Democrats propose to <Node id="2287"/>ensure<Node id="2293"/> their socialized medicine scheme doesn't become an attraction for illegals?
<Node id="2370"/>
 Or do they even care?
<Node id="2394"/>
<Node id="2395"/></TextWithNodes>
<!-- The default annotation set -->

<AnnotationSet>
<Annotation Id="1" Type="doc" StartNode="1" EndNode="2394">
<Feature>
  <Name className="java.lang.String">id</Name>
  <Value className="java.lang.String">hc005</Value>
</Feature>
<Feature>
  <Name className="java.lang.String">source</Name>
  <Value className="java.lang.String">Review,Journal</Value>
</Feature>
<Feature>
  <Name className="java.lang.String">side</Name>
  <Value className="java.lang.String">anti</Value>
</Feature>
<Feature>
  <Name className="java.lang.String">url</Name>
  <Value className="java.lang.String">http://www.lvrj.com/opinion/51562452.html</Value>
</Feature>
</Annotation>
<Annotation Id="2" Type="arg" StartNode="94" EndNode="155">
<Feature>
  <Name className="java.lang.String">ss-label</Name>
  <Value className="java.lang.String">centralizes_healthcare_control</Value>
</Feature>
<Feature>
  <Name className="java.lang.String">unclear</Name>
  <Value className="java.lang.String">true</Value>
</Feature>
<Feature>
  <Name className="java.lang.String">type</Name>
  <Value className="java.lang.String">label</Value>
</Feature>
<Feature>
  <Name className="java.lang.String">group</Name>
  <Value className="java.lang.String"></Value>
</Feature>
<Feature>
  <Name className="java.lang.String">polarity</Name>
  <Value className="java.lang.String">negative</Value>
</Feature>
<Feature>
  <Name className="java.lang.String">incomplete</Name>
  <Value className="java.lang.String">true</Value>
</Feature>
</Annotation>
<Annotation Id="3" Type="arg" StartNode="244" EndNode="461">
<Feature>
  <Name className="java.lang.String">prospect</Name>
  <Value className="java.lang.String">loss</Value>
</Feature>
<Feature>
  <Name className="java.lang.String">ss-label</Name>
  <Value className="java.lang.String">gives_healthcare_to_undocumented</Value>
</Feature>
<Feature>
  <Name className="java.lang.String">type</Name>
  <Value className="java.lang.String">label</Value>
</Feature>
<Feature>
  <Name className="java.lang.String">group</Name>
  <Value className="java.lang.String">self-group</Value>
</Feature>
<Feature>
  <Name className="java.lang.String">polarity</Name>
  <Value className="java.lang.String">negative</Value>
</Feature>
</Annotation>
<Annotation Id="4" Type="rel" StartNode="477" EndNode="755">
<Feature>
  <Name className="java.lang.String">type</Name>
  <Value className="java.lang.String">label</Value>
</Feature>
<Feature>
  <Name className="java.lang.String">ss-label</Name>
  <Value className="java.lang.String">gives_healthcare_to_undocumented</Value>
</Feature>
</Annotation>
<Annotation Id="5" Type="rel" StartNode="286" EndNode="299">
<Feature>
  <Name className="java.lang.String">id</Name>
  <Value className="java.lang.String">r2</Value>
</Feature>
</Annotation>
<Annotation Id="6" Type="arg" StartNode="1204" EndNode="1268">
<Feature>
  <Name className="java.lang.String">ss-label</Name>
  <Value className="java.lang.String">gives_healthcare_to_undocumented</Value>
</Feature>
<Feature>
  <Name className="java.lang.String">unclear</Name>
  <Value className="java.lang.String">true</Value>
</Feature>
<Feature>
  <Name className="java.lang.String">type</Name>
  <Value className="java.lang.String">label</Value>
</Feature>
<Feature>
  <Name className="java.lang.String">polarity</Name>
  <Value className="java.lang.String">negative</Value>
</Feature>
<Feature>
  <Name className="java.lang.String">incomplete</Name>
  <Value className="java.lang.String">true</Value>
</Feature>
</Annotation>
<Annotation Id="8" Type="arg" StartNode="1780" EndNode="2017">
<Feature>
  <Name className="java.lang.String">unclear</Name>
  <Value className="java.lang.String">true</Value>
</Feature>
<Feature>
  <Name className="java.lang.String">ss-label</Name>
  <Value className="java.lang.String">undocumented_causing_rising_healthcare_costs</Value>
</Feature>
<Feature>
  <Name className="java.lang.String">type</Name>
  <Value className="java.lang.String">label</Value>
</Feature>
<Feature>
  <Name className="java.lang.String">polarity</Name>
  <Value className="java.lang.String">negative</Value>
</Feature>
</Annotation>
<Annotation Id="10" Type="arg" StartNode="2211" EndNode="2370">
<Feature>
  <Name className="java.lang.String">type</Name>
  <Value className="java.lang.String">label</Value>
</Feature>
<Feature>
  <Name className="java.lang.String">ss-label</Name>
  <Value className="java.lang.String">gives_healthcare_to_undocumented</Value>
</Feature>
<Feature>
  <Name className="java.lang.String">polarity</Name>
  <Value className="java.lang.String">negative</Value>
</Feature>
</Annotation>
<Annotation Id="12" Type="rel" StartNode="757" EndNode="888">
<Feature>
  <Name className="java.lang.String">type</Name>
  <Value className="java.lang.String">label</Value>
</Feature>
<Feature>
  <Name className="java.lang.String">ss-label</Name>
  <Value className="java.lang.String">centralizes_healthcare_control</Value>
</Feature>
<Feature>
  <Name className="java.lang.String">unclear</Name>
  <Value className="java.lang.String">true</Value>
</Feature>
</Annotation>
<Annotation Id="15" Type="arg" StartNode="1305" EndNode="1486">
<Feature>
  <Name className="java.lang.String">type</Name>
  <Value className="java.lang.String">label</Value>
</Feature>
<Feature>
  <Name className="java.lang.String">ss-label</Name>
  <Value className="java.lang.String">gives_healthcare_to_undocumented</Value>
</Feature>
<Feature>
  <Name className="java.lang.String">polarity</Name>
  <Value className="java.lang.String">positive</Value>
</Feature>
</Annotation>
<Annotation Id="17" Type="rel" StartNode="1638" EndNode="1742">
<Feature>
  <Name className="java.lang.String">type</Name>
  <Value className="java.lang.String">label</Value>
</Feature>
<Feature>
  <Name className="java.lang.String">ss-label</Name>
  <Value className="java.lang.String">gives_healthcare_to_undocumented</Value>
</Feature>
<Feature>
  <Name className="java.lang.String">unclear</Name>
  <Value className="java.lang.String">true</Value>
</Feature>
</Annotation>
<Annotation Id="16" Type="arg" StartNode="1489" EndNode="1635">
<Feature>
  <Name className="java.lang.String">type</Name>
  <Value className="java.lang.String">label</Value>
</Feature>
<Feature>
  <Name className="java.lang.String">ss-label</Name>
  <Value className="java.lang.String">gives_healthcare_to_undocumented</Value>
</Feature>
<Feature>
  <Name className="java.lang.String">polarity</Name>
  <Value className="java.lang.String">positive</Value>
</Feature>
</Annotation>
<Annotation Id="19" Type="gfbf" StartNode="415" EndNode="423">
<Feature>
  <Name className="java.lang.String">agentId</Name>
  <Value className="java.lang.String">27</Value>
</Feature>
<Feature>
  <Name className="java.lang.String">objectId</Name>
  <Value className="java.lang.String">20</Value>
</Feature>
<Feature>
  <Name className="java.lang.String">polarity</Name>
  <Value className="java.lang.String">goodfor</Value>
</Feature>
</Annotation>
<Annotation Id="18" Type="arg" StartNode="2103" EndNode="2208">
<Feature>
  <Name className="java.lang.String">type</Name>
  <Value className="java.lang.String">label</Value>
</Feature>
<Feature>
  <Name className="java.lang.String">ss-label</Name>
  <Value className="java.lang.String">gives_healthcare_to_undocumented</Value>
</Feature>
<Feature>
  <Name className="java.lang.String">polarity</Name>
  <Value className="java.lang.String">negative</Value>
</Feature>
</Annotation>
<Annotation Id="21" Type="gfbf" StartNode="1246" EndNode="1254">
<Feature>
  <Name className="java.lang.String">agentId</Name>
  <Value className="java.lang.String">38</Value>
</Feature>
<Feature>
  <Name className="java.lang.String">polarity</Name>
  <Value className="java.lang.String">badfor</Value>
</Feature>
<Feature>
  <Name className="java.lang.String">objectId</Name>
  <Value className="java.lang.String">22</Value>
</Feature>
</Annotation>
<Annotation Id="20" Type="gfbf-object" StartNode="424" EndNode="459">
<Feature>
  <Name className="java.lang.String">unclear</Name>
  <Value className="java.lang.String">true</Value>
</Feature>
<Feature>
  <Name className="java.lang.String">writerAtt</Name>
  <Value className="java.lang.String">negative</Value>
</Feature>
</Annotation>
<Annotation Id="23" Type="gfbf" StartNode="1455" EndNode="1472">
<Feature>
  <Name className="java.lang.String">agentId</Name>
  <Value className="java.lang.String">30</Value>
</Feature>
<Feature>
  <Name className="java.lang.String">objectId</Name>
  <Value className="java.lang.String">24</Value>
</Feature>
<Feature>
  <Name className="java.lang.String">polarity</Name>
  <Value className="java.lang.String">badfor</Value>
</Feature>
</Annotation>
<Annotation Id="22" Type="gfbf-object" StartNode="1255" EndNode="1267">
<Feature>
  <Name className="java.lang.String">writerAtt</Name>
  <Value className="java.lang.String">negative</Value>
</Feature>
</Annotation>
<Annotation Id="25" Type="others" StartNode="1519" EndNode="1556">
<Feature>
  <Name className="java.lang.String">effect</Name>
  <Value className="java.lang.String"></Value>
</Feature>
<Feature>
  <Name className="java.lang.String">comment</Name>
  <Value className="java.lang.String">bar sb from..it's the same with prevent</Value>
</Feature>
</Annotation>
<Annotation Id="24" Type="gfbf-object" StartNode="1473" EndNode="1486">
<Feature>
  <Name className="java.lang.String">writerAtt</Name>
  <Value className="java.lang.String">positive</Value>
</Feature>
</Annotation>
<Annotation Id="27" Type="gfbf-agent" StartNode="380" EndNode="389">
<Feature>
  <Name className="java.lang.String">writerAtt</Name>
  <Value className="java.lang.String">positive</Value>
</Feature>
</Annotation>
<Annotation Id="30" Type="gfbf-agent" StartNode="1436" EndNode="1445">
<Feature>
  <Name className="java.lang.String">writerAtt</Name>
  <Value className="java.lang.String">negative</Value>
</Feature>
</Annotation>
<Annotation Id="34" Type="gfbf-object" StartNode="1789" EndNode="1840">
<Feature>
  <Name className="java.lang.String">writerAtt</Name>
  <Value className="java.lang.String">negative</Value>
</Feature>
</Annotation>
<Annotation Id="32" Type="gfbf" StartNode="1892" EndNode="1908">
<Feature>
  <Name className="java.lang.String">agentId</Name>
  <Value className="java.lang.String">37</Value>
</Feature>
<Feature>
  <Name className="java.lang.String">polarity</Name>
  <Value className="java.lang.String">goodfor</Value>
</Feature>
<Feature>
  <Name className="java.lang.String">objectId</Name>
  <Value className="java.lang.String">34</Value>
</Feature>
</Annotation>
<Annotation Id="38" Type="gfbf-agent" StartNode="1204" EndNode="1226">
<Feature>
  <Name className="java.lang.String">comment</Name>
  <Value className="java.lang.String">nested</Value>
</Feature>
<Feature>
  <Name className="java.lang.String">unclear</Name>
  <Value className="java.lang.String">true</Value>
</Feature>
<Feature>
  <Name className="java.lang.String">writerAtt</Name>
  <Value className="java.lang.String">negative</Value>
</Feature>
</Annotation>
<Annotation Id="36" Type="others" StartNode="2287" EndNode="2293">
<Feature>
  <Name className="java.lang.String">comment</Name>
  <Value className="java.lang.String">how todeal with ensure???</Value>
</Feature>
</Annotation>
<Annotation Id="37" Type="gfbf-agent" StartNode="1909" EndNode="2015">
<Feature>
  <Name className="java.lang.String">writerAtt</Name>
  <Value className="java.lang.String">negative</Value>
</Feature>
</Annotation>
<Annotation Id="42" Type="gfbf-agent" StartNode="1230" EndNode="1234">
<Feature>
  <Name className="java.lang.String">referentId</Name>
  <Value className="java.lang.String">43</Value>
</Feature>
<Feature>
  <Name className="java.lang.String">reference</Name>
  <Value className="java.lang.String">true</Value>
</Feature>
<Feature>
  <Name className="java.lang.String">writerAtt</Name>
  <Value className="java.lang.String">negative</Value>
</Feature>
</Annotation>
<Annotation Id="43" Type="gfbf-agent" StartNode="1008" EndNode="1017">
<Feature>
  <Name className="java.lang.String">writerAtt</Name>
  <Value className="java.lang.String">negative</Value>
</Feature>
</Annotation>
<Annotation Id="40" Type="influencer" StartNode="396" EndNode="414">
<Feature>
  <Name className="java.lang.String">effect</Name>
  <Value className="java.lang.String">reverse</Value>
</Feature>
<Feature>
  <Name className="java.lang.String">agentId</Name>
  <Value className="java.lang.String">27</Value>
</Feature>
<Feature>
  <Name className="java.lang.String">objectId</Name>
  <Value className="java.lang.String">19</Value>
</Feature>
</Annotation>
<Annotation Id="41" Type="influencer" StartNode="1235" EndNode="1242">
<Feature>
  <Name className="java.lang.String">effect</Name>
  <Value className="java.lang.String">retain</Value>
</Feature>
<Feature>
  <Name className="java.lang.String">agentId</Name>
  <Value className="java.lang.String">42</Value>
</Feature>
<Feature>
  <Name className="java.lang.String">objectId</Name>
  <Value className="java.lang.String">21</Value>
</Feature>
</Annotation>
<Annotation Id="46" Type="gfbf-agent" StartNode="1046" EndNode="1050">
<Feature>
  <Name className="java.lang.String">referentId</Name>
  <Value className="java.lang.String">43</Value>
</Feature>
<Feature>
  <Name className="java.lang.String">reference</Name>
  <Value className="java.lang.String">true</Value>
</Feature>
<Feature>
  <Name className="java.lang.String">writerAtt</Name>
  <Value className="java.lang.String">negative</Value>
</Feature>
</Annotation>
<Annotation Id="47" Type="influencer" StartNode="1034" EndNode="1040">
<Feature>
  <Name className="java.lang.String">agentId</Name>
  <Value className="java.lang.String">43</Value>
</Feature>
<Feature>
  <Name className="java.lang.String">unclear</Name>
  <Value className="java.lang.String">true</Value>
</Feature>
<Feature>
  <Name className="java.lang.String">effect</Name>
  <Value className="java.lang.String">reverse</Value>
</Feature>
<Feature>
  <Name className="java.lang.String">objectId</Name>
  <Value className="java.lang.String">44</Value>
</Feature>
</Annotation>
<Annotation Id="44" Type="gfbf" StartNode="1059" EndNode="1064">
<Feature>
  <Name className="java.lang.String">agentId</Name>
  <Value className="java.lang.String">46</Value>
</Feature>
<Feature>
  <Name className="java.lang.String">uncertain</Name>
  <Value className="java.lang.String">true</Value>
</Feature>
<Feature>
  <Name className="java.lang.String">polarity</Name>
  <Value className="java.lang.String">goodfor</Value>
</Feature>
<Feature>
  <Name className="java.lang.String">objectId</Name>
  <Value className="java.lang.String">45</Value>
</Feature>
</Annotation>
<Annotation Id="45" Type="gfbf-object" StartNode="1065" EndNode="1073">
<Feature>
  <Name className="java.lang.String">writerAtt</Name>
  <Value className="java.lang.String">negative</Value>
</Feature>
</Annotation>
</AnnotationSet>

<!-- Named annotation set -->

<AnnotationSet Name="Original markups">
<Annotation Id="0" Type="paragraph" StartNode="0" EndNode="2395">
</Annotation>
<Annotation Id="13" Type="rel" StartNode="894" EndNode="1004">
<Feature>
  <Name className="java.lang.String">type</Name>
  <Value className="java.lang.String">label</Value>
</Feature>
<Feature>
  <Name className="java.lang.String">ss-label</Name>
  <Value className="java.lang.String">gives_healthcare_to_undocumented</Value>
</Feature>
<Feature>
  <Name className="java.lang.String">unclear</Name>
  <Value className="java.lang.String">true</Value>
</Feature>
</Annotation>
<Annotation Id="14" Type="rel" StartNode="1008" EndNode="1174">
<Feature>
  <Name className="java.lang.String">type</Name>
  <Value className="java.lang.String">label</Value>
</Feature>
<Feature>
  <Name className="java.lang.String">ss-label</Name>
  <Value className="java.lang.String">gives_healthcare_to_undocumented</Value>
</Feature>
<Feature>
  <Name className="java.lang.String">unclear</Name>
  <Value className="java.lang.String">true</Value>
</Feature>
</Annotation>
</AnnotationSet>

</GateDocument>
