<?xml version='1.0' encoding='MacRoman'?>
<GateDocument>
<!-- The document's features-->

<GateDocumentFeatures>
<Feature>
  <Name className="java.lang.String">gate.SourceURL</Name>
  <Value className="java.lang.String">file:/E:/Users/conrada/Documents/My%20Dropbox/healthcare_devel_data_final/hc001.txt</Value>
</Feature>
<Feature>
  <Name className="java.lang.String">MimeType</Name>
  <Value className="java.lang.String">text/plain</Value>
</Feature>
<Feature>
  <Name className="java.lang.String">docNewLineType</Name>
  <Value className="java.lang.String">CRLF</Value>
</Feature>
</GateDocumentFeatures>
<!-- The document content area with serialized nodes -->

<TextWithNodes><Node id="0" />   <Node id="3" />Pull the plug, Barack: It's a mistake to try to ram through health care reform
                  Sunday, March 14th 2010,  4:00 AM
 Health reform: Down the stretch it comes. <Node id="177" />President Obama<Node id="192" /> has gone so far as to <Node id="215" />postpone<Node id="223" /> <Node id="224" />an overseas trip<Node id="240" /> in a last-ditch push to get a comprehensive reform bill to his desk<Node id="308" />.

<Node id="311" />He<Node id="313" /> <Node id="314" />shouldn't<Node id="323" /> <Node id="324" />waste<Node id="329" /> his <Node id="334" />energy<Node id="340" />. Not with <Node id="351" />unemployment justifiably the nation's top concern and the possibility of a double-dip recession still looming.<Node id="461" /> Remember how <Node id="475" />Obama said, in his State of the Union reboot, "Jobs must be our No. 1 focus in 2010"<Node id="559" />? <Node id="561" />Well, apparently he doesn't<Node id="588" />. Not with <Node id="599" />the American people<Node id="618" /> <Node id="619" />abandoning<Node id="629" /> <Node id="630" />the President's prescription<Node id="658" /> in huge numbers<Node id="674" />. <Node id="676" />Just one in four voters<Node id="699" /> <Node id="700" />supports<Node id="708" /> <Node id="709" />the reform bill<Node id="724" /> as written; half want Congress to start over.
<Node id="771" />
 Compare that with the popular support other major pieces of social legislation enjoyed before passage, like welfare reform (68%), Medicare (63%) and civil rights (60%). Not with health care costs having risen 73% over the last decade - with Medicaid growing at 21% a year - and showing no signs of coming down to Earth.

 <Node id="1095" />Controlling costs<Node id="1112" /> is the absolute, unconditional, a-blind-man-could-see-it prerequisite for <Node id="1187" />expanding<Node id="1196" /> <Node id="1197" />coverage<Node id="1205" />.<Node id="1206" /> <Node id="1207" />Not with American health care quality actually quite impressive in many respects, including <Node id="1299" />world-leading rates for patients surviving cancer<Node id="1348" /> and among <Node id="1359" />the shortest wait times for hard-to-find treatments and surgeries<Node id="1424" />. <Node id="1426" />Not with a half-dozen accounting gimmicks built into the legislation - including the fact that federal budget projections are based on 10 years worth of tax collections and just six years of spending increases<Node id="1635" />. <Node id="1637" />Not with the Senate, lacking even a single Republican vote, having to resort to reconciliation, a little-used parliamentary maneuver, to get it through<Node id="1788" />. <Node id="1790" />Sure, it's been used before - but not on anything that has such limited public support.<Node id="1877" /> Not after <Node id="1888" />all the cynical back room deals<Node id="1919" /> - <Node id="1922" />deals<Node id="1927" /> <Node id="1928" />Obama<Node id="1933" /> has committed to <Node id="1951" />removing<Node id="1959" /> - having <Node id="1969" />frayed<Node id="1975" /> <Node id="1976" />the public trust<Node id="1992" />. With legislation of this magnitude, that is not a renewable resource.

 <Node id="2066" />Obama<Node id="2071" /> clearly thought he was doing the right and necessary and bold thing by tackling health reform. His conviction has been admirable. But reality has come a-knocking, quite persistently, and it's saying: Enough already.

 <Node id="2290" />Fix<Node id="2293" /> <Node id="2294" />what's broken<Node id="2307" />, then move on.<Node id="2322" /> <Node id="2323" />He<Node id="2325" /> should <Node id="2333" />assemble<Node id="2341" /> <Node id="2342" />a modest consensus package of two or three smart ideas<Node id="2396" />, such as <Node id="2406" />outlawing<Node id="2415" /> <Node id="2416" />insurance company<Node id="2433" /> abuses<Node id="2440" /> - like <Node id="2448" />discrimination based on<Node id="2471" /> <Node id="2472" />preexisting conditions<Node id="2494" /> - <Node id="2497" />speeding<Node id="2505" /> <Node id="2506" />the adoption of electronic medical records<Node id="2548" /> and <Node id="2553" />reining in<Node id="2563" /> <Node id="2564" />the medical malpractice market<Node id="2594" />.<Node id="2595" /> <Node id="2596" />Only <Node id="2601" />a targeted approach<Node id="2620" /> will begin to <Node id="2635" />tackle<Node id="2641" /> <Node id="2642" />the central problem<Node id="2661" /> <Node id="2662" />plaguing<Node id="2670" /> <Node id="2671" />American health care<Node id="2691" />, which is how terribly much it all costs.<Node id="2733" />

And <Node id="2739" />only <Node id="2744" />a targeted approach<Node id="2763" /> will <Node id="2769" />carry<Node id="2774" /> <Node id="2775" />the promise of <Node id="2790" />bipartisan action<Node id="2807" /> that will <Node id="2818" />not<Node id="2821" /> <Node id="2822" />set off<Node id="2829" /> <Node id="2830" />a new civil war in Washington<Node id="2859" />.<Node id="2860" />

And <Node id="2866" />it<Node id="2868" /> will <Node id="2874" />enable<Node id="2880" /> <Node id="2881" />Obama and the Democrats<Node id="2904" /> - who run Washington - to get back to <Node id="2943" />creating<Node id="2951" /> <Node id="2952" />jobs<Node id="2956" />. 	Which happens to be the best way for them to keep their own jobs secure.
<Node id="3032" /></TextWithNodes>
<!-- The default annotation set -->

<AnnotationSet>
<Annotation Id="1" Type="doc" StartNode="3" EndNode="3032">
<Feature>
  <Name className="java.lang.String">id</Name>
  <Value className="java.lang.String">hc001</Value>
</Feature>
<Feature>
  <Name className="java.lang.String">date</Name>
  <Value className="java.lang.String">20100314</Value>
</Feature>
<Feature>
  <Name className="java.lang.String">source</Name>
  <Value className="java.lang.String">NY,Daily,News</Value>
</Feature>
<Feature>
  <Name className="java.lang.String">side</Name>
  <Value className="java.lang.String">anti</Value>
</Feature>
<Feature>
  <Name className="java.lang.String">url</Name>
  <Value className="java.lang.String">http://www.nydailynews.com/opinions/2010/03/14/2010-03-14_pull_the_plug_barack.html </Value>
</Feature>
</Annotation>
<Annotation Id="2" Type="rel" StartNode="177" EndNode="192">
<Feature>
  <Name className="java.lang.String">id</Name>
  <Value className="java.lang.String">r1</Value>
</Feature>
</Annotation>
<Annotation Id="3" Type="arg" StartNode="351" EndNode="461">
<Feature>
  <Name className="java.lang.String">type</Name>
  <Value className="java.lang.String">label</Value>
</Feature>
<Feature>
  <Name className="java.lang.String">ss-label</Name>
  <Value className="java.lang.String">unemployment_higher_priority_than_healthcare</Value>
</Feature>
<Feature>
  <Name className="java.lang.String">polarity</Name>
  <Value className="java.lang.String">positive</Value>
</Feature>
</Annotation>
<Annotation Id="4" Type="rel" StartNode="475" EndNode="559">
<Feature>
  <Name className="java.lang.String">type</Name>
  <Value className="java.lang.String">label</Value>
</Feature>
<Feature>
  <Name className="java.lang.String">ss-label</Name>
  <Value className="java.lang.String">unemployment_higher_priority_than_healthcare</Value>
</Feature>
</Annotation>
<Annotation Id="5" Type="arg" StartNode="599" EndNode="674">
<Feature>
  <Name className="java.lang.String">type</Name>
  <Value className="java.lang.String">label</Value>
</Feature>
<Feature>
  <Name className="java.lang.String">ss-label</Name>
  <Value className="java.lang.String">unpopular_among_public</Value>
</Feature>
<Feature>
  <Name className="java.lang.String">polarity</Name>
  <Value className="java.lang.String">negative</Value>
</Feature>
</Annotation>
<Annotation Id="6" Type="rel" StartNode="676" EndNode="771">
<Feature>
  <Name className="java.lang.String">type</Name>
  <Value className="java.lang.String">label</Value>
</Feature>
<Feature>
  <Name className="java.lang.String">ss-label</Name>
  <Value className="java.lang.String">unpopular_among_public</Value>
</Feature>
</Annotation>
<Annotation Id="7" Type="arg" StartNode="1095" EndNode="1206">
<Feature>
  <Name className="java.lang.String">ss-label</Name>
  <Value className="java.lang.String">does_not_control_healthcare_costs</Value>
</Feature>
<Feature>
  <Name className="java.lang.String">unclear</Name>
  <Value className="java.lang.String">true</Value>
</Feature>
<Feature>
  <Name className="java.lang.String">type</Name>
  <Value className="java.lang.String">label</Value>
</Feature>
<Feature>
  <Name className="java.lang.String">polarity</Name>
  <Value className="java.lang.String">positive</Value>
</Feature>
<Feature>
  <Name className="java.lang.String">incomplete</Name>
  <Value className="java.lang.String">true</Value>
</Feature>
</Annotation>
<Annotation Id="8" Type="arg" StartNode="1207" EndNode="1424">
<Feature>
  <Name className="java.lang.String">prospect</Name>
  <Value className="java.lang.String">gain</Value>
</Feature>
<Feature>
  <Name className="java.lang.String"></Name>
  <Value className="java.lang.String">healthcare_quality_good</Value>
</Feature>
<Feature>
  <Name className="java.lang.String">group</Name>
  <Value className="java.lang.String">self-group</Value>
</Feature>
<Feature>
  <Name className="java.lang.String">type</Name>
  <Value className="java.lang.String">label</Value>
</Feature>
<Feature>
  <Name className="java.lang.String">polarity</Name>
  <Value className="java.lang.String">positive</Value>
</Feature>
</Annotation>
<Annotation Id="10" Type="arg" StartNode="1426" EndNode="1635">
<Feature>
  <Name className="java.lang.String"></Name>
  <Value className="java.lang.String">label</Value>
</Feature>
<Feature>
  <Name className="java.lang.String">ss-label</Name>
  <Value className="java.lang.String">increases_govt_spending</Value>
</Feature>
<Feature>
  <Name className="java.lang.String">unclear</Name>
  <Value className="java.lang.String">true</Value>
</Feature>
<Feature>
  <Name className="java.lang.String">polarity</Name>
  <Value className="java.lang.String">negative</Value>
</Feature>
<Feature>
  <Name className="java.lang.String">incomplete</Name>
  <Value className="java.lang.String">true</Value>
</Feature>
</Annotation>
<Annotation Id="12" Type="rel" StartNode="1637" EndNode="1788">
<Feature>
  <Name className="java.lang.String">type</Name>
  <Value className="java.lang.String">label</Value>
</Feature>
<Feature>
  <Name className="java.lang.String">ss-label</Name>
  <Value className="java.lang.String">not_bipartisan</Value>
</Feature>
<Feature>
  <Name className="java.lang.String">polarity</Name>
  <Value className="java.lang.String">negative</Value>
</Feature>
</Annotation>
<Annotation Id="13" Type="rel" StartNode="1790" EndNode="1877">
<Feature>
  <Name className="java.lang.String">type</Name>
  <Value className="java.lang.String">label</Value>
</Feature>
<Feature>
  <Name className="java.lang.String">ss-label</Name>
  <Value className="java.lang.String">not_bipartisan</Value>
</Feature>
</Annotation>
<Annotation Id="14" Type="arg" StartNode="1888" EndNode="1992">
<Feature>
  <Name className="java.lang.String">type</Name>
  <Value className="java.lang.String">label</Value>
</Feature>
<Feature>
  <Name className="java.lang.String">ss-label</Name>
  <Value className="java.lang.String">not_ethically_negotiated</Value>
</Feature>
<Feature>
  <Name className="java.lang.String">polarity</Name>
  <Value className="java.lang.String">negative</Value>
</Feature>
</Annotation>
<Annotation Id="15" Type="arg" StartNode="2290" EndNode="2322">
<Feature>
  <Name className="java.lang.String">ss-label</Name>
  <Value className="java.lang.String">smaller_reforms_more_appropriate</Value>
</Feature>
<Feature>
  <Name className="java.lang.String">type</Name>
  <Value className="java.lang.String">label</Value>
</Feature>
<Feature>
  <Name className="java.lang.String">polarity</Name>
  <Value className="java.lang.String">positive</Value>
</Feature>
<Feature>
  <Name className="java.lang.String">incomplete</Name>
  <Value className="java.lang.String">true</Value>
</Feature>
</Annotation>
<Annotation Id="17" Type="arg" StartNode="2596" EndNode="2733">
<Feature>
  <Name className="java.lang.String">type</Name>
  <Value className="java.lang.String">label</Value>
</Feature>
<Feature>
  <Name className="java.lang.String">ss-label</Name>
  <Value className="java.lang.String">does_not_control_healthcare_costs</Value>
</Feature>
<Feature>
  <Name className="java.lang.String">polarity</Name>
  <Value className="java.lang.String">positive</Value>
</Feature>
</Annotation>
<Annotation Id="16" Type="arg" StartNode="2323" EndNode="2595">
<Feature>
  <Name className="java.lang.String">ss-label</Name>
  <Value className="java.lang.String">smaller_reforms_more_appropriate</Value>
</Feature>
<Feature>
  <Name className="java.lang.String">type</Name>
  <Value className="java.lang.String">label</Value>
</Feature>
<Feature>
  <Name className="java.lang.String">about-rel</Name>
  <Value className="java.lang.String">r1</Value>
</Feature>
<Feature>
  <Name className="java.lang.String">polarity</Name>
  <Value className="java.lang.String">positive</Value>
</Feature>
</Annotation>
<Annotation Id="19" Type="arg" StartNode="2866" EndNode="2956">
<Feature>
  <Name className="java.lang.String">ss-label</Name>
  <Value className="java.lang.String">unemployment_higher_priority_than_healthcare</Value>
</Feature>
<Feature>
  <Name className="java.lang.String">unclear</Name>
  <Value className="java.lang.String">true</Value>
</Feature>
<Feature>
  <Name className="java.lang.String">type</Name>
  <Value className="java.lang.String">label</Value>
</Feature>
<Feature>
  <Name className="java.lang.String">polarity</Name>
  <Value className="java.lang.String">positive</Value>
</Feature>
<Feature>
  <Name className="java.lang.String">incomplete</Name>
  <Value className="java.lang.String">true</Value>
</Feature>
</Annotation>
<Annotation Id="18" Type="arg" StartNode="2739" EndNode="2860">
<Feature>
  <Name className="java.lang.String">type</Name>
  <Value className="java.lang.String">label</Value>
</Feature>
<Feature>
  <Name className="java.lang.String">ss-label</Name>
  <Value className="java.lang.String">not_bipartisan</Value>
</Feature>
<Feature>
  <Name className="java.lang.String">polarity</Name>
  <Value className="java.lang.String">positive</Value>
</Feature>
</Annotation>
<Annotation Id="21" Type="rel" StartNode="177" EndNode="308">
<Feature>
  <Name className="java.lang.String">type</Name>
  <Value className="java.lang.String">label</Value>
</Feature>
<Feature>
  <Name className="java.lang.String">ss-label</Name>
  <Value className="java.lang.String">bill_is_politically_motivated</Value>
</Feature>
<Feature>
  <Name className="java.lang.String">unclear</Name>
  <Value className="java.lang.String">true</Value>
</Feature>
</Annotation>
<Annotation Id="20" Type="arg" StartNode="311" EndNode="340">
<Feature>
  <Name className="java.lang.String">type</Name>
  <Value className="java.lang.String">else</Value>
</Feature>
<Feature>
  <Name className="java.lang.String">polarity</Name>
  <Value className="java.lang.String">negative</Value>
</Feature>
</Annotation>
<Annotation Id="23" Type="influencer" StartNode="314" EndNode="323">
<Feature>
  <Name className="java.lang.String">effect</Name>
  <Value className="java.lang.String">reverse</Value>
</Feature>
<Feature>
  <Name className="java.lang.String">agentId</Name>
  <Value className="java.lang.String">42</Value>
</Feature>
<Feature>
  <Name className="java.lang.String">objectId</Name>
  <Value className="java.lang.String">24</Value>
</Feature>
</Annotation>
<Annotation Id="22" Type="arg" StartNode="561" EndNode="588">
<Feature>
  <Name className="java.lang.String">type</Name>
  <Value className="java.lang.String">else</Value>
</Feature>
<Feature>
  <Name className="java.lang.String">unclear</Name>
  <Value className="java.lang.String">true</Value>
</Feature>
<Feature>
  <Name className="java.lang.String">polarity</Name>
  <Value className="java.lang.String">negative</Value>
</Feature>
</Annotation>
<Annotation Id="25" Type="gfbf-object" StartNode="334" EndNode="340">
<Feature>
  <Name className="java.lang.String">writerAtt</Name>
  <Value className="java.lang.String">positive</Value>
</Feature>
</Annotation>
<Annotation Id="24" Type="gfbf" StartNode="324" EndNode="329">
<Feature>
  <Name className="java.lang.String">agentId</Name>
  <Value className="java.lang.String">42</Value>
</Feature>
<Feature>
  <Name className="java.lang.String">polarity</Name>
  <Value className="java.lang.String">badfor</Value>
</Feature>
<Feature>
  <Name className="java.lang.String">objectId</Name>
  <Value className="java.lang.String">25</Value>
</Feature>
</Annotation>
<Annotation Id="27" Type="gfbf-object" StartNode="630" EndNode="658">
<Feature>
  <Name className="java.lang.String">writerAtt</Name>
  <Value className="java.lang.String">negative</Value>
</Feature>
</Annotation>
<Annotation Id="26" Type="gfbf" StartNode="619" EndNode="629">
<Feature>
  <Name className="java.lang.String">agentId</Name>
  <Value className="java.lang.String">72</Value>
</Feature>
<Feature>
  <Name className="java.lang.String">polarity</Name>
  <Value className="java.lang.String">badfor</Value>
</Feature>
<Feature>
  <Name className="java.lang.String">objectId</Name>
  <Value className="java.lang.String">27</Value>
</Feature>
</Annotation>
<Annotation Id="29" Type="gfbf" StartNode="1187" EndNode="1196">
<Feature>
  <Name className="java.lang.String">agentId</Name>
  <Value className="java.lang.String">44</Value>
</Feature>
<Feature>
  <Name className="java.lang.String">polarity</Name>
  <Value className="java.lang.String">goodfor</Value>
</Feature>
<Feature>
  <Name className="java.lang.String">objectId</Name>
  <Value className="java.lang.String">30</Value>
</Feature>
</Annotation>
<Annotation Id="31" Type="gfbf" StartNode="2290" EndNode="2293">
<Feature>
  <Name className="java.lang.String">agentId</Name>
  <Value className="java.lang.String">implicit</Value>
</Feature>
<Feature>
  <Name className="java.lang.String">polarity</Name>
  <Value className="java.lang.String">goodfor</Value>
</Feature>
<Feature>
  <Name className="java.lang.String">objectId</Name>
  <Value className="java.lang.String">32</Value>
</Feature>
</Annotation>
<Annotation Id="30" Type="gfbf-object" StartNode="1197" EndNode="1205">
<Feature>
  <Name className="java.lang.String">writerAtt</Name>
  <Value className="java.lang.String">positive</Value>
</Feature>
</Annotation>
<Annotation Id="34" Type="gfbf-object" StartNode="2342" EndNode="2396">
<Feature>
  <Name className="java.lang.String">writerAtt</Name>
  <Value className="java.lang.String">positive</Value>
</Feature>
</Annotation>
<Annotation Id="35" Type="gfbf" StartNode="2497" EndNode="2505">
<Feature>
  <Name className="java.lang.String">agentId</Name>
  <Value className="java.lang.String">implicit</Value>
</Feature>
<Feature>
  <Name className="java.lang.String">polarity</Name>
  <Value className="java.lang.String">goodfor</Value>
</Feature>
<Feature>
  <Name className="java.lang.String">objectId</Name>
  <Value className="java.lang.String">36</Value>
</Feature>
</Annotation>
<Annotation Id="32" Type="gfbf-object" StartNode="2294" EndNode="2307">
<Feature>
  <Name className="java.lang.String">writerAtt</Name>
  <Value className="java.lang.String">negative</Value>
</Feature>
</Annotation>
<Annotation Id="33" Type="gfbf" StartNode="2333" EndNode="2341">
<Feature>
  <Name className="java.lang.String">agentId</Name>
  <Value className="java.lang.String">53</Value>
</Feature>
<Feature>
  <Name className="java.lang.String">polarity</Name>
  <Value className="java.lang.String">goodfor</Value>
</Feature>
<Feature>
  <Name className="java.lang.String">objectId</Name>
  <Value className="java.lang.String">34</Value>
</Feature>
</Annotation>
<Annotation Id="38" Type="gfbf-object" StartNode="2642" EndNode="2661">
<Feature>
  <Name className="java.lang.String">writerAtt</Name>
  <Value className="java.lang.String">negative</Value>
</Feature>
</Annotation>
<Annotation Id="39" Type="influencer" StartNode="2818" EndNode="2821">
<Feature>
  <Name className="java.lang.String">effect</Name>
  <Value className="java.lang.String">reverse</Value>
</Feature>
<Feature>
  <Name className="java.lang.String">agentId</Name>
  <Value className="java.lang.String">74</Value>
</Feature>
<Feature>
  <Name className="java.lang.String">objectId</Name>
  <Value className="java.lang.String">40</Value>
</Feature>
</Annotation>
<Annotation Id="36" Type="gfbf-object" StartNode="2506" EndNode="2548">
<Feature>
  <Name className="java.lang.String">writerAtt</Name>
  <Value className="java.lang.String">positive</Value>
</Feature>
</Annotation>
<Annotation Id="37" Type="gfbf" StartNode="2635" EndNode="2641">
<Feature>
  <Name className="java.lang.String">agentId</Name>
  <Value className="java.lang.String">60</Value>
</Feature>
<Feature>
  <Name className="java.lang.String">polarity</Name>
  <Value className="java.lang.String">badfor</Value>
</Feature>
<Feature>
  <Name className="java.lang.String">objectId</Name>
  <Value className="java.lang.String">38</Value>
</Feature>
</Annotation>
<Annotation Id="42" Type="gfbf-agent" StartNode="311" EndNode="313">
<Feature>
  <Name className="java.lang.String">referentId</Name>
  <Value className="java.lang.String">75</Value>
</Feature>
<Feature>
  <Name className="java.lang.String">reference</Name>
  <Value className="java.lang.String">true</Value>
</Feature>
<Feature>
  <Name className="java.lang.String">writerAtt</Name>
  <Value className="java.lang.String">negative</Value>
</Feature>
</Annotation>
<Annotation Id="40" Type="gfbf" StartNode="2822" EndNode="2829">
<Feature>
  <Name className="java.lang.String">agentId</Name>
  <Value className="java.lang.String">74</Value>
</Feature>
<Feature>
  <Name className="java.lang.String">objectId</Name>
  <Value className="java.lang.String">41</Value>
</Feature>
<Feature>
  <Name className="java.lang.String">polarity</Name>
  <Value className="java.lang.String">goodfor</Value>
</Feature>
</Annotation>
<Annotation Id="41" Type="gfbf-object" StartNode="2830" EndNode="2859">
<Feature>
  <Name className="java.lang.String">writerAtt</Name>
  <Value className="java.lang.String">negative</Value>
</Feature>
</Annotation>
<Annotation Id="46" Type="others" StartNode="1359" EndNode="1424">
<Feature>
  <Name className="java.lang.String">comment</Name>
  <Value className="java.lang.String">shortest wait time for ...</Value>
</Feature>
</Annotation>
<Annotation Id="47" Type="gfbf" StartNode="1969" EndNode="1975">
<Feature>
  <Name className="java.lang.String">agentId</Name>
  <Value className="java.lang.String">49</Value>
</Feature>
<Feature>
  <Name className="java.lang.String">polarity</Name>
  <Value className="java.lang.String">badfor</Value>
</Feature>
<Feature>
  <Name className="java.lang.String">objectId</Name>
  <Value className="java.lang.String">48</Value>
</Feature>
</Annotation>
<Annotation Id="44" Type="gfbf-agent" StartNode="1095" EndNode="1112">
<Feature>
  <Name className="java.lang.String">writerAtt</Name>
  <Value className="java.lang.String">positive</Value>
</Feature>
</Annotation>
<Annotation Id="45" Type="others" StartNode="1299" EndNode="1348">
<Feature>
  <Name className="java.lang.String">comment</Name>
  <Value className="java.lang.String">rate for patients ...</Value>
</Feature>
</Annotation>
<Annotation Id="51" Type="gfbf-agent" StartNode="1928" EndNode="1933">
<Feature>
  <Name className="java.lang.String">unclear</Name>
  <Value className="java.lang.String">true</Value>
</Feature>
<Feature>
  <Name className="java.lang.String">writerAtt</Name>
  <Value className="java.lang.String">negative</Value>
</Feature>
</Annotation>
<Annotation Id="50" Type="gfbf" StartNode="1951" EndNode="1959">
<Feature>
  <Name className="java.lang.String">agentId</Name>
  <Value className="java.lang.String">51</Value>
</Feature>
<Feature>
  <Name className="java.lang.String">polarity</Name>
  <Value className="java.lang.String">badfor</Value>
</Feature>
<Feature>
  <Name className="java.lang.String">objectId</Name>
  <Value className="java.lang.String">52</Value>
</Feature>
</Annotation>
<Annotation Id="49" Type="gfbf-agent" StartNode="1888" EndNode="1919">
<Feature>
  <Name className="java.lang.String">writerAtt</Name>
  <Value className="java.lang.String">negative</Value>
</Feature>
</Annotation>
<Annotation Id="48" Type="gfbf-object" StartNode="1976" EndNode="1992">
<Feature>
  <Name className="java.lang.String">objectId</Name>
  <Value className="java.lang.String"></Value>
</Feature>
<Feature>
  <Name className="java.lang.String">writerAtt</Name>
  <Value className="java.lang.String">positive</Value>
</Feature>
</Annotation>
<Annotation Id="55" Type="gfbf-object" StartNode="2416" EndNode="2440">
<Feature>
  <Name className="java.lang.String">writerAtt</Name>
  <Value className="java.lang.String">negative</Value>
</Feature>
</Annotation>
<Annotation Id="54" Type="gfbf" StartNode="2406" EndNode="2415">
<Feature>
  <Name className="java.lang.String">agentId</Name>
  <Value className="java.lang.String">implicit</Value>
</Feature>
<Feature>
  <Name className="java.lang.String">polarity</Name>
  <Value className="java.lang.String">badfor</Value>
</Feature>
<Feature>
  <Name className="java.lang.String">objectId</Name>
  <Value className="java.lang.String">55</Value>
</Feature>
</Annotation>
<Annotation Id="53" Type="gfbf-agent" StartNode="2323" EndNode="2325">
<Feature>
  <Name className="java.lang.String">unclear</Name>
  <Value className="java.lang.String">true</Value>
</Feature>
<Feature>
  <Name className="java.lang.String">writerAtt</Name>
  <Value className="java.lang.String">negative</Value>
</Feature>
<Feature>
  <Name className="java.lang.String">reference</Name>
  <Value className="java.lang.String">true</Value>
</Feature>
<Feature>
  <Name className="java.lang.String">referentId</Name>
  <Value className="java.lang.String">76</Value>
</Feature>
</Annotation>
<Annotation Id="52" Type="gfbf-object" StartNode="1922" EndNode="1927">
<Feature>
  <Name className="java.lang.String">writerAtt</Name>
  <Value className="java.lang.String">negative</Value>
</Feature>
</Annotation>
<Annotation Id="59" Type="gfbf-object" StartNode="2564" EndNode="2594">
<Feature>
  <Name className="java.lang.String">writerAtt</Name>
  <Value className="java.lang.String">positive</Value>
</Feature>
</Annotation>
<Annotation Id="58" Type="gfbf" StartNode="2553" EndNode="2563">
<Feature>
  <Name className="java.lang.String">agentId</Name>
  <Value className="java.lang.String">implicit</Value>
</Feature>
<Feature>
  <Name className="java.lang.String">polarity</Name>
  <Value className="java.lang.String">badfor</Value>
</Feature>
<Feature>
  <Name className="java.lang.String">objectId</Name>
  <Value className="java.lang.String">59</Value>
</Feature>
</Annotation>
<Annotation Id="57" Type="gfbf-object" StartNode="2472" EndNode="2494">
<Feature>
  <Name className="java.lang.String">writerAtt</Name>
  <Value className="java.lang.String">positive</Value>
</Feature>
</Annotation>
<Annotation Id="56" Type="gfbf" StartNode="2448" EndNode="2471">
<Feature>
  <Name className="java.lang.String">agentId</Name>
  <Value className="java.lang.String">77</Value>
</Feature>
<Feature>
  <Name className="java.lang.String">objectId</Name>
  <Value className="java.lang.String">57</Value>
</Feature>
<Feature>
  <Name className="java.lang.String">polarity</Name>
  <Value className="java.lang.String">badfor</Value>
</Feature>
</Annotation>
<Annotation Id="63" Type="gfbf-object" StartNode="2671" EndNode="2691">
<Feature>
  <Name className="java.lang.String">writerAtt</Name>
  <Value className="java.lang.String">positive</Value>
</Feature>
</Annotation>
<Annotation Id="62" Type="gfbf" StartNode="2662" EndNode="2670">
<Feature>
  <Name className="java.lang.String">agentId</Name>
  <Value className="java.lang.String">61</Value>
</Feature>
<Feature>
  <Name className="java.lang.String">polarity</Name>
  <Value className="java.lang.String">badfor</Value>
</Feature>
<Feature>
  <Name className="java.lang.String">objectId</Name>
  <Value className="java.lang.String">63</Value>
</Feature>
</Annotation>
<Annotation Id="61" Type="gfbf-agent" StartNode="2642" EndNode="2661">
<Feature>
  <Name className="java.lang.String">writerAtt</Name>
  <Value className="java.lang.String">negative</Value>
</Feature>
</Annotation>
<Annotation Id="60" Type="gfbf-agent" StartNode="2601" EndNode="2620">
<Feature>
  <Name className="java.lang.String">writerAtt</Name>
  <Value className="java.lang.String">positive</Value>
</Feature>
</Annotation>
<Annotation Id="68" Type="gfbf" StartNode="2943" EndNode="2951">
<Feature>
  <Name className="java.lang.String">agentId</Name>
  <Value className="java.lang.String">70</Value>
</Feature>
<Feature>
  <Name className="java.lang.String">polarity</Name>
  <Value className="java.lang.String">goodfor</Value>
</Feature>
<Feature>
  <Name className="java.lang.String">objectId</Name>
  <Value className="java.lang.String">71</Value>
</Feature>
</Annotation>
<Annotation Id="69" Type="influencer" StartNode="2874" EndNode="2880">
<Feature>
  <Name className="java.lang.String">effect</Name>
  <Value className="java.lang.String">retain</Value>
</Feature>
<Feature>
  <Name className="java.lang.String">agentId</Name>
  <Value className="java.lang.String">84</Value>
</Feature>
<Feature>
  <Name className="java.lang.String">objectId</Name>
  <Value className="java.lang.String">68</Value>
</Feature>
</Annotation>
<Annotation Id="70" Type="gfbf-agent" StartNode="2881" EndNode="2904">
<Feature>
  <Name className="java.lang.String">comment</Name>
  <Value className="java.lang.String">84</Value>
</Feature>
<Feature>
  <Name className="java.lang.String">unclear</Name>
  <Value className="java.lang.String">true</Value>
</Feature>
<Feature>
  <Name className="java.lang.String">writerAtt</Name>
  <Value className="java.lang.String">negative</Value>
</Feature>
</Annotation>
<Annotation Id="71" Type="gfbf-object" StartNode="2952" EndNode="2956">
<Feature>
  <Name className="java.lang.String">writerAtt</Name>
  <Value className="java.lang.String">positive</Value>
</Feature>
</Annotation>
<Annotation Id="67" Type="others" StartNode="2739" EndNode="2807">
<Feature>
  <Name className="java.lang.String">comment</Name>
  <Value className="java.lang.String">carry sth of...</Value>
</Feature>
</Annotation>
<Annotation Id="76" Type="referent" StartNode="2066" EndNode="2071">
<Feature>
  <Name className="java.lang.String">writerAtt</Name>
  <Value className="java.lang.String">negative</Value>
</Feature>
</Annotation>
<Annotation Id="77" Type="gfbf-agent" StartNode="2416" EndNode="2433">
<Feature>
  <Name className="java.lang.String">writerAtt</Name>
  <Value className="java.lang.String">negative</Value>
</Feature>
</Annotation>
<Annotation Id="78" Type="gfbf" StartNode="215" EndNode="223">
<Feature>
  <Name className="java.lang.String">unclear</Name>
  <Value className="java.lang.String">true</Value>
</Feature>
<Feature>
  <Name className="java.lang.String">agentId</Name>
  <Value className="java.lang.String">80</Value>
</Feature>
<Feature>
  <Name className="java.lang.String">objectId</Name>
  <Value className="java.lang.String">79</Value>
</Feature>
<Feature>
  <Name className="java.lang.String">polarity</Name>
  <Value className="java.lang.String">badfor</Value>
</Feature>
</Annotation>
<Annotation Id="79" Type="gfbf-object" StartNode="224" EndNode="240">
<Feature>
  <Name className="java.lang.String">writerAtt</Name>
  <Value className="java.lang.String">positive</Value>
</Feature>
</Annotation>
<Annotation Id="72" Type="gfbf-agent" StartNode="599" EndNode="618">
<Feature>
  <Name className="java.lang.String">writerAtt</Name>
  <Value className="java.lang.String">positive</Value>
</Feature>
</Annotation>
<Annotation Id="74" Type="gfbf-agent" StartNode="2790" EndNode="2807">
<Feature>
  <Name className="java.lang.String">comment</Name>
  <Value className="java.lang.String">I think that... is the clause of only "bipartisan action"</Value>
</Feature>
<Feature>
  <Name className="java.lang.String">writerAtt</Name>
  <Value className="java.lang.String">positive</Value>
</Feature>
</Annotation>
<Annotation Id="75" Type="referent" StartNode="177" EndNode="192">
<Feature>
  <Name className="java.lang.String">writerAtt</Name>
  <Value className="java.lang.String">negative</Value>
</Feature>
</Annotation>
<Annotation Id="85" Type="referent" StartNode="2744" EndNode="2763">
<Feature>
  <Name className="java.lang.String">writerAtt</Name>
  <Value className="java.lang.String">positive</Value>
</Feature>
</Annotation>
<Annotation Id="84" Type="gfbf-agent" StartNode="2866" EndNode="2868">
<Feature>
  <Name className="java.lang.String">reference</Name>
  <Value className="java.lang.String">true</Value>
</Feature>
<Feature>
  <Name className="java.lang.String">referentId</Name>
  <Value className="java.lang.String">85</Value>
</Feature>
<Feature>
  <Name className="java.lang.String">writerAtt</Name>
  <Value className="java.lang.String">positive</Value>
</Feature>
</Annotation>
<Annotation Id="87" Type="gfbf" StartNode="2769" EndNode="2774">
<Feature>
  <Name className="java.lang.String">agentId</Name>
  <Value className="java.lang.String">89</Value>
</Feature>
<Feature>
  <Name className="java.lang.String">objectId</Name>
  <Value className="java.lang.String">88</Value>
</Feature>
<Feature>
  <Name className="java.lang.String">polarity</Name>
  <Value className="java.lang.String">goodfor</Value>
</Feature>
</Annotation>
<Annotation Id="81" Type="gfbf" StartNode="700" EndNode="708">
<Feature>
  <Name className="java.lang.String">agentId</Name>
  <Value className="java.lang.String">83</Value>
</Feature>
<Feature>
  <Name className="java.lang.String">objectId</Name>
  <Value className="java.lang.String">82</Value>
</Feature>
<Feature>
  <Name className="java.lang.String">polarity</Name>
  <Value className="java.lang.String">goodfor</Value>
</Feature>
</Annotation>
<Annotation Id="80" Type="gfbf-agent" StartNode="177" EndNode="192">
<Feature>
  <Name className="java.lang.String">writerAtt</Name>
  <Value className="java.lang.String">negative</Value>
</Feature>
</Annotation>
<Annotation Id="83" Type="gfbf-agent" StartNode="676" EndNode="699">
<Feature>
  <Name className="java.lang.String">writerAtt</Name>
  <Value className="java.lang.String">negative</Value>
</Feature>
</Annotation>
<Annotation Id="82" Type="gfbf-object" StartNode="709" EndNode="724">
<Feature>
  <Name className="java.lang.String">writerAtt</Name>
  <Value className="java.lang.String">negative</Value>
</Feature>
</Annotation>
<Annotation Id="89" Type="gfbf-agent" StartNode="2744" EndNode="2763">
<Feature>
  <Name className="java.lang.String">writerAtt</Name>
  <Value className="java.lang.String">positive</Value>
</Feature>
</Annotation>
<Annotation Id="88" Type="gfbf-object" StartNode="2775" EndNode="2859">
<Feature>
  <Name className="java.lang.String">writerAtt</Name>
  <Value className="java.lang.String">positive</Value>
</Feature>
</Annotation>
</AnnotationSet>

<!-- Named annotation set -->

<AnnotationSet Name="Original markups">
<Annotation Id="0" Type="paragraph" StartNode="0" EndNode="3032">
</Annotation>
</AnnotationSet>

</GateDocument>
