<?xml version='1.0' encoding='MacRoman'?>
<GateDocument>
<!-- The document's features-->

<GateDocumentFeatures>
<Feature>
  <Name className="java.lang.String">gate.SourceURL</Name>
  <Value className="java.lang.String">file:/E:/Users/conrada/Documents/My%20Dropbox/healthcare_devel_data_final/hc013.txt</Value>
</Feature>
<Feature>
  <Name className="java.lang.String">MimeType</Name>
  <Value className="java.lang.String">text/plain</Value>
</Feature>
<Feature>
  <Name className="java.lang.String">docNewLineType</Name>
  <Value className="java.lang.String">CRLF</Value>
</Feature>
</GateDocumentFeatures>
<!-- The document content area with serialized nodes -->

<TextWithNodes><Node id="0" />Health care bill the first step, not the last<Node id="45" />
 Eugene Robinson - Washington Post Writers Group
 <Node id="96" />When all is said and done -- and, yes, there is a bit more saying and doing to endure, which means that anything can happen -- the <Node id="227" />health care reform legislation<Node id="257" /> that President Obama now seems likely to sign into law, while an unlovely mess, will be remembered as a landmark accomplishment<Node id="385" />.

 The bill making its way through the Senate by the slimmest of margins is imperfect, to say the least.
 But before listing its many flaws, let's consider the measure's one great virtue:
<Node id="574" /> For the first time, <Node id="595" />we<Node id="597" /> will <Node id="603" />enshrine<Node id="611" /> <Node id="612" />the principle that all Americans deserve access to medical care regardless of their ability to pay<Node id="710" />.
<Node id="712" />
 <Node id="714" />No longer will it be the policy and practice of our nation to ration health according to wealth.
<Node id="811" />
 <Node id="813" />When you blow away all the smoke, that's what this fight is about<Node id="878" />.
 The Senate bill lacks a public health insurance option, the House bill is burdened by gratuitous abortion restrictions, and the final product of a House-Senate conference will probably have both those failings.
 <Node id="1093" />But once the idea of universal health care is signed into law, it will be all but impossible to erase<Node id="1194" />.
 <Node id="1197" />Over time, that idea will be made into reality<Node id="1243" />.
 The loose ends are so many and varied, in fact, that it will probably be necessary to revisit the health care issue sooner rather than later.
 Even if it takes years to get it right, eventually is better than never.
 History suggests that major new social initiatives have to be perfected over time -- and that basic entitlements, once established, are rarely taken away.
 <Node id="1619" />Progressives<Node id="1631" /> <Node id="1632" />who<Node id="1635" /> argue for <Node id="1646" />killing<Node id="1653" /> <Node id="1654" />the Senate bill<Node id="1669" /> and starting over should explain their position to the 30 million Americans without health insurance who would be covered under this insufficiently progressive legislation.
<Node id="1843" />
 <Node id="1845" />For anyone who believes it is shameful that <Node id="1889" />the richest, most powerful nation in the world<Node id="1935" /> <Node id="1936" />cares <Node id="1942" />so little<Node id="1951" /> about<Node id="1957" /> <Node id="1958" />the health and welfare of its citizens<Node id="1996" />, this is the moment<Node id="2016" />.
 <Node id="2019" />It<Node id="2021" /> should be <Node id="2032" />seized<Node id="2038" />, <Node id="2040" />not<Node id="2043" /> <Node id="2044" />squandered<Node id="2054" />.
 <Node id="2057" />Is it ridiculous that <Node id="2079" />the Senate bill<Node id="2094" /> essentially <Node id="2107" />bribes<Node id="2113" /> <Node id="2114" />Sen Ben Nelson<Node id="2129" /> with special Medicaid reimbursements for Nebraska alone?<Node id="2186" /> Yes.

 <Node id="2194" />Is it galling that the public option and the idea of a Medicare buy-in fell victim to Sen Joe Lieberman's whims?<Node id="2307" /> Supremely so.
<Node id="2322" />But our eyes should be kept on the prize<Node id="2362" />.
 <Node id="2365" />The bill has been described as a gift to the health insurance companies since it provides them with 30 million new customers and no competition from a public plan<Node id="2527" />.
 <Node id="2530" />I don't believe it's a coincidence that the stock prices of health insurers are soaring<Node id="2617" />.
 <Node id="2620" />But I also don't believe the main point of this exercise was to stick it to the insurance companies, however satisfying that might be<Node id="2753" />.
 <Node id="2756" />Someday, perhaps, we will deal with the perversity of having for-profit <Node id="2828" />health insurance companies<Node id="2854" />.
 <Node id="2857" />Executives of those firms<Node id="2882" /> have a duty to <Node id="2898" />maximize<Node id="2906" /> <Node id="2907" />value for shareholders<Node id="2929" />, which gives them the incentive to behave badly -- <Node id="2981" />rejecting<Node id="2990" /> <Node id="2991" />those who are most in need of health care<Node id="3032" />, <Node id="3034" />denying<Node id="3041" /> <Node id="3042" />reasonable claims<Node id="3059" />, <Node id="3061" />raising<Node id="3068" /> <Node id="3069" />premiums whenever possible<Node id="3095" />.
<Node id="3097" />
 <Node id="3099" />If health care is a fundamental right and a societal good, then why should its allocation be mediated by the private sector?
<Node id="3224" />
 But this is not the debate we've just had.
 <Node id="3270" />This <Node id="3275" />isn't<Node id="3280" /> <Node id="3281" />the end of a process<Node id="3301" /> <Node id="3302" />that<Node id="3306" /> <Node id="3307" />leads to<Node id="3315" /> <Node id="3316" />a rational, sustainable, more efficient health care system<Node id="3374" />.
 It's the beginning.<Node id="3396" />

 <Node id="3399" />But when a reform bill passes, as now seems likely, Obama and congressional leaders will have achieved a goal that progressives have sought for decades<Node id="3550" />.
 <Node id="3553" />They will have established that quality health care should be for all, not just for those who can afford it.
<Node id="3662" />
 <Node id="3664" />We have a system now in which Americans go bankrupt trying to pay doctors and hospitals to keep them alive.
<Node id="3772" />
 <Node id="3774" />When you have the opportunity to change this, you take it -- even if it means winning ugly<Node id="3864" />.
eugenerobinson@washpost.com
<Node id="3894" /></TextWithNodes>
<!-- The default annotation set -->

<AnnotationSet>
<Annotation Id="1" Type="doc" StartNode="0" EndNode="3894">
<Feature>
  <Name className="java.lang.String">id</Name>
  <Value className="java.lang.String">hc013</Value>
</Feature>
<Feature>
  <Name className="java.lang.String">author</Name>
  <Value className="java.lang.String">Eugene,Robinson</Value>
</Feature>
<Feature>
  <Name className="java.lang.String">source</Name>
  <Value className="java.lang.String">My,San,Antonio</Value>
</Feature>
<Feature>
  <Name className="java.lang.String">side</Name>
  <Value className="java.lang.String">pro</Value>
</Feature>
<Feature>
  <Name className="java.lang.String">url</Name>
  <Value className="java.lang.String">http://www.mysanantonio.com/default/article/Health-care-bill-the-first-step-not-the-last-857974.php </Value>
</Feature>
</Annotation>
<Annotation Id="2" Type="rel" StartNode="227" EndNode="257">
<Feature>
  <Name className="java.lang.String">id</Name>
  <Value className="java.lang.String">r1</Value>
</Feature>
</Annotation>
<Annotation Id="4" Type="arg" StartNode="574" EndNode="712">
<Feature>
  <Name className="java.lang.String">type</Name>
  <Value className="java.lang.String">label</Value>
</Feature>
<Feature>
  <Name className="java.lang.String">ss-label</Name>
  <Value className="java.lang.String">healthcare_is_a_right</Value>
</Feature>
<Feature>
  <Name className="java.lang.String">polarity</Name>
  <Value className="java.lang.String">positive</Value>
</Feature>
</Annotation>
<Annotation Id="5" Type="arg" StartNode="714" EndNode="811">
<Feature>
  <Name className="java.lang.String">type</Name>
  <Value className="java.lang.String">label</Value>
</Feature>
<Feature>
  <Name className="java.lang.String">ss-label</Name>
  <Value className="java.lang.String">healthcare_should_not_depend_on_wealth</Value>
</Feature>
<Feature>
  <Name className="java.lang.String">polarity</Name>
  <Value className="java.lang.String">negative</Value>
</Feature>
</Annotation>
<Annotation Id="6" Type="arg" StartNode="1619" EndNode="1843">
<Feature>
  <Name className="java.lang.String"></Name>
  <Value className="java.lang.String">label</Value>
</Feature>
<Feature>
  <Name className="java.lang.String">prospect</Name>
  <Value className="java.lang.String">gain</Value>
</Feature>
<Feature>
  <Name className="java.lang.String">ss-label</Name>
  <Value className="java.lang.String">expands/guarentees_access_to_insurance</Value>
</Feature>
<Feature>
  <Name className="java.lang.String">group</Name>
  <Value className="java.lang.String">self-group</Value>
</Feature>
<Feature>
  <Name className="java.lang.String">polarity</Name>
  <Value className="java.lang.String">negative</Value>
</Feature>
</Annotation>
<Annotation Id="7" Type="arg" StartNode="1845" EndNode="2016">
<Feature>
  <Name className="java.lang.String">ss-label</Name>
  <Value className="java.lang.String">healthcare_should_not_depend_on_wealth</Value>
</Feature>
<Feature>
  <Name className="java.lang.String">unclear</Name>
  <Value className="java.lang.String">true</Value>
</Feature>
<Feature>
  <Name className="java.lang.String">type</Name>
  <Value className="java.lang.String">label</Value>
</Feature>
<Feature>
  <Name className="java.lang.String">polarity</Name>
  <Value className="java.lang.String">negative</Value>
</Feature>
</Annotation>
<Annotation Id="8" Type="arg" StartNode="2057" EndNode="2186">
<Feature>
  <Name className="java.lang.String">type</Name>
  <Value className="java.lang.String">else</Value>
</Feature>
<Feature>
  <Name className="java.lang.String">polarity</Name>
  <Value className="java.lang.String">negative</Value>
</Feature>
</Annotation>
<Annotation Id="9" Type="rel" StartNode="2828" EndNode="2854">
<Feature>
  <Name className="java.lang.String">id</Name>
  <Value className="java.lang.String">r2</Value>
</Feature>
</Annotation>
<Annotation Id="10" Type="arg" StartNode="2857" EndNode="3097">
<Feature>
  <Name className="java.lang.String">unclear</Name>
  <Value className="java.lang.String">true</Value>
</Feature>
<Feature>
  <Name className="java.lang.String">ss-label</Name>
  <Value className="java.lang.String">current_system_leads_to_corporate_exploitation</Value>
</Feature>
<Feature>
  <Name className="java.lang.String">type</Name>
  <Value className="java.lang.String">label</Value>
</Feature>
<Feature>
  <Name className="java.lang.String">about-rel</Name>
  <Value className="java.lang.String">r2</Value>
</Feature>
<Feature>
  <Name className="java.lang.String">polarity</Name>
  <Value className="java.lang.String">negative</Value>
</Feature>
</Annotation>
<Annotation Id="11" Type="arg" StartNode="3099" EndNode="3224">
<Feature>
  <Name className="java.lang.String">type</Name>
  <Value className="java.lang.String">label</Value>
</Feature>
<Feature>
  <Name className="java.lang.String">ss-label</Name>
  <Value className="java.lang.String">current_system_leads_to_corporate_exploitation</Value>
</Feature>
<Feature>
  <Name className="java.lang.String">polarity</Name>
  <Value className="java.lang.String">negative</Value>
</Feature>
</Annotation>
<Annotation Id="12" Type="arg" StartNode="3270" EndNode="3396">
<Feature>
  <Name className="java.lang.String">ss-label</Name>
  <Value className="java.lang.String">bill_is_step_in_right_direction</Value>
</Feature>
<Feature>
  <Name className="java.lang.String">unclear</Name>
  <Value className="java.lang.String">true</Value>
</Feature>
<Feature>
  <Name className="java.lang.String">type</Name>
  <Value className="java.lang.String">label</Value>
</Feature>
<Feature>
  <Name className="java.lang.String">polarity</Name>
  <Value className="java.lang.String">positive</Value>
</Feature>
</Annotation>
<Annotation Id="13" Type="arg" StartNode="3553" EndNode="3662">
<Feature>
  <Name className="java.lang.String">type</Name>
  <Value className="java.lang.String">label</Value>
</Feature>
<Feature>
  <Name className="java.lang.String">ss-label</Name>
  <Value className="java.lang.String">healthcare_is_a_right</Value>
</Feature>
<Feature>
  <Name className="java.lang.String">polarity</Name>
  <Value className="java.lang.String">both</Value>
</Feature>
</Annotation>
<Annotation Id="14" Type="arg" StartNode="3664" EndNode="3772">
<Feature>
  <Name className="java.lang.String">prospect</Name>
  <Value className="java.lang.String">loss</Value>
</Feature>
<Feature>
  <Name className="java.lang.String">ss-label</Name>
  <Value className="java.lang.String">protects_individuals_from_medical_bankrupcy</Value>
</Feature>
<Feature>
  <Name className="java.lang.String">type</Name>
  <Value className="java.lang.String">label</Value>
</Feature>
<Feature>
  <Name className="java.lang.String">group</Name>
  <Value className="java.lang.String">self-group</Value>
</Feature>
<Feature>
  <Name className="java.lang.String">polarity</Name>
  <Value className="java.lang.String">negative</Value>
</Feature>
</Annotation>
<Annotation Id="15" Type="arg" StartNode="0" EndNode="45">
<Feature>
  <Name className="java.lang.String">type</Name>
  <Value className="java.lang.String">label</Value>
</Feature>
<Feature>
  <Name className="java.lang.String">ss-label</Name>
  <Value className="java.lang.String">bill_is_step_in_right_direction</Value>
</Feature>
<Feature>
  <Name className="java.lang.String">polarity</Name>
  <Value className="java.lang.String">positive</Value>
</Feature>
</Annotation>
<Annotation Id="17" Type="rel" StartNode="813" EndNode="878">
<Feature>
  <Name className="java.lang.String">type</Name>
  <Value className="java.lang.String">label</Value>
</Feature>
<Feature>
  <Name className="java.lang.String">ss-label</Name>
  <Value className="java.lang.String">healthcare_should_not_depend_on_wealth</Value>
</Feature>
</Annotation>
<Annotation Id="16" Type="arg" StartNode="96" EndNode="385">
<Feature>
  <Name className="java.lang.String">type</Name>
  <Value className="java.lang.String">label</Value>
</Feature>
<Feature>
  <Name className="java.lang.String">ss-label</Name>
  <Value className="java.lang.String">bill_will_improve_healthcare_system</Value>
</Feature>
<Feature>
  <Name className="java.lang.String">polarity</Name>
  <Value className="java.lang.String">positive</Value>
</Feature>
</Annotation>
<Annotation Id="19" Type="rel" StartNode="1197" EndNode="1243">
<Feature>
  <Name className="java.lang.String">type</Name>
  <Value className="java.lang.String">label</Value>
</Feature>
<Feature>
  <Name className="java.lang.String">ss-label</Name>
  <Value className="java.lang.String">healthcare_is_a_right</Value>
</Feature>
</Annotation>
<Annotation Id="18" Type="rel" StartNode="1093" EndNode="1194">
<Feature>
  <Name className="java.lang.String">type</Name>
  <Value className="java.lang.String">label</Value>
</Feature>
<Feature>
  <Name className="java.lang.String">ss-label</Name>
  <Value className="java.lang.String">healthcare_is_a_right</Value>
</Feature>
</Annotation>
<Annotation Id="21" Type="arg" StartNode="2194" EndNode="2307">
<Feature>
  <Name className="java.lang.String">type</Name>
  <Value className="java.lang.String">else</Value>
</Feature>
<Feature>
  <Name className="java.lang.String">polarity</Name>
  <Value className="java.lang.String">negative</Value>
</Feature>
</Annotation>
<Annotation Id="23" Type="rel" StartNode="2756" EndNode="2854">
<Feature>
  <Name className="java.lang.String">type</Name>
  <Value className="java.lang.String">label</Value>
</Feature>
<Feature>
  <Name className="java.lang.String">ss-label</Name>
  <Value className="java.lang.String">current_system_leads_to_corporate_exploitation</Value>
</Feature>
</Annotation>
<Annotation Id="22" Type="rel" StartNode="2322" EndNode="2362">
<Feature>
  <Name className="java.lang.String">type</Name>
  <Value className="java.lang.String">label</Value>
</Feature>
<Feature>
  <Name className="java.lang.String">unclear</Name>
  <Value className="java.lang.String">true</Value>
</Feature>
<Feature>
  <Name className="java.lang.String">ss-label</Name>
  <Value className="java.lang.String">bill_is_step_in_right_direction</Value>
</Feature>
</Annotation>
<Annotation Id="25" Type="rel" StartNode="2530" EndNode="2617">
<Feature>
  <Name className="java.lang.String">type</Name>
  <Value className="java.lang.String">label</Value>
</Feature>
<Feature>
  <Name className="java.lang.String">ss-label</Name>
  <Value className="java.lang.String">current_system_leads_to_corporate_exploitation</Value>
</Feature>
</Annotation>
<Annotation Id="24" Type="rel" StartNode="2365" EndNode="2527">
<Feature>
  <Name className="java.lang.String">type</Name>
  <Value className="java.lang.String">label</Value>
</Feature>
<Feature>
  <Name className="java.lang.String">ss-label</Name>
  <Value className="java.lang.String">current_system_leads_to_corporate_exploitation</Value>
</Feature>
</Annotation>
<Annotation Id="27" Type="arg" StartNode="2019" EndNode="2054">
<Feature>
  <Name className="java.lang.String">type</Name>
  <Value className="java.lang.String">else</Value>
</Feature>
<Feature>
  <Name className="java.lang.String">polarity</Name>
  <Value className="java.lang.String">positive</Value>
</Feature>
</Annotation>
<Annotation Id="26" Type="rel" StartNode="2620" EndNode="2753">
<Feature>
  <Name className="java.lang.String">type</Name>
  <Value className="java.lang.String">label</Value>
</Feature>
<Feature>
  <Name className="java.lang.String">ss-label</Name>
  <Value className="java.lang.String">current_system_leads_to_corporate_exploitation</Value>
</Feature>
</Annotation>
<Annotation Id="29" Type="rel" StartNode="3774" EndNode="3864">
<Feature>
  <Name className="java.lang.String">type</Name>
  <Value className="java.lang.String">label</Value>
</Feature>
<Feature>
  <Name className="java.lang.String">ss-label</Name>
  <Value className="java.lang.String">healthcare_is_a_right</Value>
</Feature>
</Annotation>
<Annotation Id="28" Type="rel" StartNode="3399" EndNode="3550">
<Feature>
  <Name className="java.lang.String">type</Name>
  <Value className="java.lang.String">label</Value>
</Feature>
<Feature>
  <Name className="java.lang.String">ss-label</Name>
  <Value className="java.lang.String">healthcare_is_a_right</Value>
</Feature>
</Annotation>
<Annotation Id="31" Type="gfbf-object" StartNode="612" EndNode="710">
<Feature>
  <Name className="java.lang.String">writerAtt</Name>
  <Value className="java.lang.String">positive</Value>
</Feature>
</Annotation>
<Annotation Id="30" Type="gfbf" StartNode="603" EndNode="611">
<Feature>
  <Name className="java.lang.String">agentId</Name>
  <Value className="java.lang.String">42</Value>
</Feature>
<Feature>
  <Name className="java.lang.String">objectId</Name>
  <Value className="java.lang.String">31</Value>
</Feature>
<Feature>
  <Name className="java.lang.String">polarity</Name>
  <Value className="java.lang.String">goodfor</Value>
</Feature>
</Annotation>
<Annotation Id="34" Type="gfbf-object" StartNode="1958" EndNode="1996">
<Feature>
  <Name className="java.lang.String">writerAtt</Name>
  <Value className="java.lang.String">positive</Value>
</Feature>
</Annotation>
<Annotation Id="35" Type="gfbf" StartNode="2107" EndNode="2113">
<Feature>
  <Name className="java.lang.String">agentId</Name>
  <Value className="java.lang.String">45</Value>
</Feature>
<Feature>
  <Name className="java.lang.String">unclear</Name>
  <Value className="java.lang.String">true</Value>
</Feature>
<Feature>
  <Name className="java.lang.String">objectId</Name>
  <Value className="java.lang.String">36</Value>
</Feature>
<Feature>
  <Name className="java.lang.String">polarity</Name>
  <Value className="java.lang.String">goodfor</Value>
</Feature>
</Annotation>
<Annotation Id="32" Type="gfbf" StartNode="1936" EndNode="1957">
<Feature>
  <Name className="java.lang.String">agentId</Name>
  <Value className="java.lang.String">44</Value>
</Feature>
<Feature>
  <Name className="java.lang.String">objectId</Name>
  <Value className="java.lang.String">34</Value>
</Feature>
<Feature>
  <Name className="java.lang.String">polarity</Name>
  <Value className="java.lang.String">goodfor</Value>
</Feature>
</Annotation>
<Annotation Id="33" Type="influencer" StartNode="1942" EndNode="1951">
<Feature>
  <Name className="java.lang.String">effect</Name>
  <Value className="java.lang.String">reverse</Value>
</Feature>
<Feature>
  <Name className="java.lang.String">agentId</Name>
  <Value className="java.lang.String">44</Value>
</Feature>
<Feature>
  <Name className="java.lang.String">objectId</Name>
  <Value className="java.lang.String">32</Value>
</Feature>
</Annotation>
<Annotation Id="38" Type="gfbf-object" StartNode="2907" EndNode="2929">
<Feature>
  <Name className="java.lang.String">writerAtt</Name>
  <Value className="java.lang.String">negative</Value>
</Feature>
</Annotation>
<Annotation Id="39" Type="gfbf" StartNode="2981" EndNode="2990">
<Feature>
  <Name className="java.lang.String">agentId</Name>
  <Value className="java.lang.String">47</Value>
</Feature>
<Feature>
  <Name className="java.lang.String">objectId</Name>
  <Value className="java.lang.String">41</Value>
</Feature>
<Feature>
  <Name className="java.lang.String">polarity</Name>
  <Value className="java.lang.String">badfor</Value>
</Feature>
</Annotation>
<Annotation Id="36" Type="gfbf-object" StartNode="2114" EndNode="2129">
<Feature>
  <Name className="java.lang.String">unclear</Name>
  <Value className="java.lang.String">true</Value>
</Feature>
<Feature>
  <Name className="java.lang.String">writerAtt</Name>
  <Value className="java.lang.String">negative</Value>
</Feature>
</Annotation>
<Annotation Id="37" Type="gfbf" StartNode="2898" EndNode="2906">
<Feature>
  <Name className="java.lang.String">agentId</Name>
  <Value className="java.lang.String">47</Value>
</Feature>
<Feature>
  <Name className="java.lang.String">objectId</Name>
  <Value className="java.lang.String">38</Value>
</Feature>
<Feature>
  <Name className="java.lang.String">polarity</Name>
  <Value className="java.lang.String">goodfor</Value>
</Feature>
</Annotation>
<Annotation Id="42" Type="gfbf-agent" StartNode="595" EndNode="597">
<Feature>
  <Name className="java.lang.String">writerAtt</Name>
  <Value className="java.lang.String">positive</Value>
</Feature>
</Annotation>
<Annotation Id="41" Type="gfbf-object" StartNode="2991" EndNode="3032">
<Feature>
  <Name className="java.lang.String">writerAtt</Name>
  <Value className="java.lang.String">positive</Value>
</Feature>
</Annotation>
<Annotation Id="47" Type="gfbf-agent" StartNode="2857" EndNode="2882">
<Feature>
  <Name className="java.lang.String">writerAtt</Name>
  <Value className="java.lang.String">negative</Value>
</Feature>
</Annotation>
<Annotation Id="44" Type="gfbf-agent" StartNode="1889" EndNode="1935">
<Feature>
  <Name className="java.lang.String">comment</Name>
  <Value className="java.lang.String">ironic?</Value>
</Feature>
<Feature>
  <Name className="java.lang.String">unclear</Name>
  <Value className="java.lang.String">true</Value>
</Feature>
<Feature>
  <Name className="java.lang.String">writerAtt</Name>
  <Value className="java.lang.String">negative</Value>
</Feature>
</Annotation>
<Annotation Id="45" Type="gfbf-agent" StartNode="2079" EndNode="2094">
<Feature>
  <Name className="java.lang.String">unclear</Name>
  <Value className="java.lang.String">true</Value>
</Feature>
<Feature>
  <Name className="java.lang.String">writerAtt</Name>
  <Value className="java.lang.String">positive</Value>
</Feature>
</Annotation>
<Annotation Id="50" Type="gfbf-agent" StartNode="1632" EndNode="1635">
<Feature>
  <Name className="java.lang.String">reference</Name>
  <Value className="java.lang.String">true</Value>
</Feature>
<Feature>
  <Name className="java.lang.String">referentId</Name>
  <Value className="java.lang.String">52</Value>
</Feature>
<Feature>
  <Name className="java.lang.String">writerAtt</Name>
  <Value className="java.lang.String">negative</Value>
</Feature>
</Annotation>
<Annotation Id="49" Type="gfbf-object" StartNode="1654" EndNode="1669">
<Feature>
  <Name className="java.lang.String">writerAtt</Name>
  <Value className="java.lang.String">positive</Value>
</Feature>
</Annotation>
<Annotation Id="48" Type="gfbf" StartNode="1646" EndNode="1653">
<Feature>
  <Name className="java.lang.String">agentId</Name>
  <Value className="java.lang.String">50</Value>
</Feature>
<Feature>
  <Name className="java.lang.String">objectId</Name>
  <Value className="java.lang.String">49</Value>
</Feature>
<Feature>
  <Name className="java.lang.String">polarity</Name>
  <Value className="java.lang.String">badfor</Value>
</Feature>
</Annotation>
<Annotation Id="55" Type="influencer" StartNode="2040" EndNode="2043">
<Feature>
  <Name className="java.lang.String">effect</Name>
  <Value className="java.lang.String">reverse</Value>
</Feature>
<Feature>
  <Name className="java.lang.String">agentId</Name>
  <Value className="java.lang.String">implicit</Value>
</Feature>
<Feature>
  <Name className="java.lang.String">objectId</Name>
  <Value className="java.lang.String">54</Value>
</Feature>
</Annotation>
<Annotation Id="54" Type="gfbf" StartNode="2044" EndNode="2054">
<Feature>
  <Name className="java.lang.String">agentId</Name>
  <Value className="java.lang.String">implicit</Value>
</Feature>
<Feature>
  <Name className="java.lang.String">objectId</Name>
  <Value className="java.lang.String">56</Value>
</Feature>
<Feature>
  <Name className="java.lang.String">polarity</Name>
  <Value className="java.lang.String">goodfor</Value>
</Feature>
</Annotation>
<Annotation Id="53" Type="gfbf" StartNode="2032" EndNode="2038">
<Feature>
  <Name className="java.lang.String">agentId</Name>
  <Value className="java.lang.String">implicit</Value>
</Feature>
<Feature>
  <Name className="java.lang.String">objectId</Name>
  <Value className="java.lang.String">56</Value>
</Feature>
<Feature>
  <Name className="java.lang.String">polarity</Name>
  <Value className="java.lang.String">badfor</Value>
</Feature>
</Annotation>
<Annotation Id="52" Type="referent" StartNode="1619" EndNode="1631">
<Feature>
  <Name className="java.lang.String">writerAtt</Name>
  <Value className="java.lang.String">negative</Value>
</Feature>
</Annotation>
<Annotation Id="59" Type="gfbf-object" StartNode="3042" EndNode="3059">
<Feature>
  <Name className="java.lang.String">writerAtt</Name>
  <Value className="java.lang.String">positive</Value>
</Feature>
</Annotation>
<Annotation Id="58" Type="gfbf" StartNode="3034" EndNode="3041">
<Feature>
  <Name className="java.lang.String">agentId</Name>
  <Value className="java.lang.String">47</Value>
</Feature>
<Feature>
  <Name className="java.lang.String">objectId</Name>
  <Value className="java.lang.String">59</Value>
</Feature>
<Feature>
  <Name className="java.lang.String">polarity</Name>
  <Value className="java.lang.String">badfor</Value>
</Feature>
</Annotation>
<Annotation Id="57" Type="referent" StartNode="1845" EndNode="2016">
<Feature>
  <Name className="java.lang.String">writerAtt</Name>
  <Value className="java.lang.String">negative</Value>
</Feature>
</Annotation>
<Annotation Id="56" Type="gfbf-object" StartNode="2019" EndNode="2021">
<Feature>
  <Name className="java.lang.String">referentId</Name>
  <Value className="java.lang.String">57</Value>
</Feature>
<Feature>
  <Name className="java.lang.String">writerAtt</Name>
  <Value className="java.lang.String">negative</Value>
</Feature>
<Feature>
  <Name className="java.lang.String">refererence</Name>
  <Value className="java.lang.String">true</Value>
</Feature>
</Annotation>
<Annotation Id="63" Type="gfbf-object" StartNode="3316" EndNode="3374">
<Feature>
  <Name className="java.lang.String">writerAtt</Name>
  <Value className="java.lang.String">positive</Value>
</Feature>
</Annotation>
<Annotation Id="62" Type="gfbf" StartNode="3307" EndNode="3315">
<Feature>
  <Name className="java.lang.String">agentId</Name>
  <Value className="java.lang.String">64</Value>
</Feature>
<Feature>
  <Name className="java.lang.String">objectId</Name>
  <Value className="java.lang.String">63</Value>
</Feature>
<Feature>
  <Name className="java.lang.String">polarity</Name>
  <Value className="java.lang.String">goodfor</Value>
</Feature>
</Annotation>
<Annotation Id="61" Type="gfbf-object" StartNode="3069" EndNode="3095">
<Feature>
  <Name className="java.lang.String">writerAtt</Name>
  <Value className="java.lang.String">negative</Value>
</Feature>
</Annotation>
<Annotation Id="60" Type="gfbf" StartNode="3061" EndNode="3068">
<Feature>
  <Name className="java.lang.String">agentId</Name>
  <Value className="java.lang.String">47</Value>
</Feature>
<Feature>
  <Name className="java.lang.String">objectId</Name>
  <Value className="java.lang.String">61</Value>
</Feature>
<Feature>
  <Name className="java.lang.String">polarity</Name>
  <Value className="java.lang.String">goodfor</Value>
</Feature>
</Annotation>
<Annotation Id="64" Type="gfbf-agent" StartNode="3302" EndNode="3306">
<Feature>
  <Name className="java.lang.String">referentId</Name>
  <Value className="java.lang.String">65</Value>
</Feature>
<Feature>
  <Name className="java.lang.String">reference</Name>
  <Value className="java.lang.String">true</Value>
</Feature>
<Feature>
  <Name className="java.lang.String">writerAtt</Name>
  <Value className="java.lang.String">negative</Value>
</Feature>
</Annotation>
<Annotation Id="65" Type="referent" StartNode="3281" EndNode="3301">
<Feature>
  <Name className="java.lang.String">writerAtt</Name>
  <Value className="java.lang.String">negative</Value>
</Feature>
</Annotation>
<Annotation Id="66" Type="influencer" StartNode="3275" EndNode="3280">
<Feature>
  <Name className="java.lang.String">effect</Name>
  <Value className="java.lang.String">reverse</Value>
</Feature>
<Feature>
  <Name className="java.lang.String">agentId</Name>
  <Value className="java.lang.String">64</Value>
</Feature>
<Feature>
  <Name className="java.lang.String">objectId</Name>
  <Value className="java.lang.String">62</Value>
</Feature>
</Annotation>
</AnnotationSet>

<!-- Named annotation set -->

<AnnotationSet Name="Original markups">
<Annotation Id="0" Type="paragraph" StartNode="0" EndNode="3894">
</Annotation>
</AnnotationSet>

</GateDocument>
