<?xml version='1.0' encoding='MacRoman'?>
<GateDocument>
<!-- The document's features-->

<GateDocumentFeatures>
<Feature>
  <Name className="java.lang.String">gate.SourceURL</Name>
  <Value className="java.lang.String">file:/E:/Users/conrada/Documents/My%20Dropbox/healthcare_devel_data_final/hc016.txt</Value>
</Feature>
<Feature>
  <Name className="java.lang.String">MimeType</Name>
  <Value className="java.lang.String">text/plain</Value>
</Feature>
<Feature>
  <Name className="java.lang.String">docNewLineType</Name>
  <Value className="java.lang.String">CRLF</Value>
</Feature>
</GateDocumentFeatures>
<!-- The document content area with serialized nodes -->

<TextWithNodes><Node id="0" />Editorial: Health care and jobs
 Insurers and drug companies have been boosting their prices by much more than overall inflation yet again this year.
 There are always lots of complaints about federal tax rates, which are at the lowest they've been in many decades.
(Why isn't the economy surging?)
 What about the <Node id="315" />big annual increases in the "taxes" <Node id="351" />levied on us <Node id="364" />by health insurers and pharmaceutical companies<Node id="411" />, particularly tough to take in a country where middle-class standards of living have been falling?
 <Node id="512" />The health-care bills in Congress<Node id="545" />, for all their flaws (and all such legislation has flaws -- it's done by people with innumerable competing pressures on them) would help <Node id="683" />curb<Node id="687" /> <Node id="688" />these ever-more gigantic expenses<Node id="721" />.
<Node id="723" />
 And health care is a big problem for jobs.
 <Node id="769" />The increasingly costly and chaotic health-care "system"<Node id="825" /> severely <Node id="835" />hurts<Node id="840" /> <Node id="841" />employment<Node id="851" />.<Node id="852" />
 <Node id="854" />Firms must pay soaring premiums instead of expanding employment, and individuals must pay ever-higher premiums and co-pays, which come out of money that they could spend on other things, such as starting new businesses. <Node id="1074" />

 <Node id="1077" />The majority of jobs<Node id="1097" /> are <Node id="1102" />created<Node id="1109" /> by <Node id="1113" />small firms<Node id="1124" />, most of which can ill afford the staggering annual increases in health-insurance prices.
 <Node id="1216" />The near-universal coverage envisioned in congressional health-care bills would make it much easier for <Node id="1320" />people<Node id="1326" /> to leave their jobs and go out and <Node id="1362" />start<Node id="1367" /> <Node id="1368" />new enterprises<Node id="1383" />.
<Node id="1385" />
 It would also ease the way for younger workers because scared older ones would feel less compelled to hang onto their jobs for their employment-based insurance until they get Medicare, at age 65.
 <Node id="1584" />Health-care reform<Node id="1602" /> would, in short, <Node id="1620" />energize<Node id="1628" /> <Node id="1629" />the economy<Node id="1640" />.
<Node id="1642" />
 <Node id="1644" />The House and Senate health-care bills contain <Node id="1691" />provisions<Node id="1701" /> to <Node id="1705" />slow<Node id="1709" /> <Node id="1710" />health-care cost increases<Node id="1736" /> even as they would widen coverage to the tens of millions of Americans who now have no insurance, some of whom die because of that lack.
 <Node id="1875" />Barring reform, however, <Node id="1900" />health-care costs<Node id="1917" /> threaten to <Node id="1930" />derail<Node id="1936" /> <Node id="1937" />the economy<Node id="1948" />.
<Node id="1950" />
 <Node id="1952" />The soaring insurance bills you're getting now (if you have insurance) is a good indication of what will worsen without major reform<Node id="2084" />, which, the GOP is correct to say, should include tough controls on medical lawsuits.
 <Node id="2172" />President Obama and congressional Democrats<Node id="2215" /> should <Node id="2223" />not<Node id="2226" /> <Node id="2227" />give up on<Node id="2237" /> <Node id="2238" />a program<Node id="2247" /> that would <Node id="2259" />boost<Node id="2264" /> <Node id="2265" />the economy<Node id="2276" /> and <Node id="2281" />save<Node id="2285" /> <Node id="2286" />lives<Node id="2291" />.
<Node id="2293" />
 They should remember that <Node id="2321" />America's only near-universal health-care program, in Massachusetts, which lacks the cost controls in the congressional legislation, has the support of about 70 percent of the Bay State's electorate.
<Node id="2521" />
 Indeed, U.S. Sen.-elect Scott Brown, in a display of deep cynicism and hypocrisy, voted for the state program and didn't dare campaign against it this year even as he said he'd join <Node id="2705" />the GOP<Node id="2712" /> filibuster against<Node id="2731" /> <Node id="2732" />similar but more fiscally responsible plans in Congress<Node id="2787" />!
 (<Node id="2791" />The GOP fears that health-care reform, once actually implemented, would make the Democrats dangerously popular.<Node id="2902" />)
 <Node id="2905" />In fact, <Node id="2914" />the proposed bills in Congress<Node id="2944" /> would <Node id="2951" />help<Node id="2955" /> <Node id="2956" />Massachusetts<Node id="2969" />, too, by controlling costs and sending money to some underfunded parts of the Bay State plan<Node id="3062" />.
 <Node id="3066" />That<Node id="3070" /> would <Node id="3077" />help<Node id="3081" /> <Node id="3082" />job creation<Node id="3094" /> - even in Massachusetts.
<Node id="3120" /></TextWithNodes>
<!-- The default annotation set -->

<AnnotationSet>
<Annotation Id="1" Type="doc" StartNode="0" EndNode="3120">
<Feature>
  <Name className="java.lang.String">id</Name>
  <Value className="java.lang.String">hc016</Value>
</Feature>
<Feature>
  <Name className="java.lang.String">date</Name>
  <Value className="java.lang.String">20100202</Value>
</Feature>
<Feature>
  <Name className="java.lang.String">source</Name>
  <Value className="java.lang.String">projo,Providence,Journal</Value>
</Feature>
<Feature>
  <Name className="java.lang.String">side</Name>
  <Value className="java.lang.String">pro</Value>
</Feature>
<Feature>
  <Name className="java.lang.String">url</Name>
  <Value className="java.lang.String">http://www.projo.com/opinion/editorials/content/ED_health2_02-02-10_B8H8OMK_v79.3f88b8f.html </Value>
</Feature>
</Annotation>
<Annotation Id="4" Type="arg" StartNode="512" EndNode="723">
<Feature>
  <Name className="java.lang.String">unclear</Name>
  <Value className="java.lang.String">true</Value>
</Feature>
<Feature>
  <Name className="java.lang.String">ss-label</Name>
  <Value className="java.lang.String">bill_will_improve_healthcare_system</Value>
</Feature>
<Feature>
  <Name className="java.lang.String">type</Name>
  <Value className="java.lang.String">label</Value>
</Feature>
<Feature>
  <Name className="java.lang.String">polarity</Name>
  <Value className="java.lang.String">positive</Value>
</Feature>
<Feature>
  <Name className="java.lang.String">incomplete</Name>
  <Value className="java.lang.String">true</Value>
</Feature>
</Annotation>
<Annotation Id="7" Type="arg" StartNode="1216" EndNode="1385">
<Feature>
  <Name className="java.lang.String">type</Name>
  <Value className="java.lang.String">label</Value>
</Feature>
<Feature>
  <Name className="java.lang.String">ss-label</Name>
  <Value className="java.lang.String">promotes_entrepeneurship</Value>
</Feature>
<Feature>
  <Name className="java.lang.String">polarity</Name>
  <Value className="java.lang.String">positive</Value>
</Feature>
</Annotation>
<Annotation Id="8" Type="arg" StartNode="1584" EndNode="1642">
<Feature>
  <Name className="java.lang.String">type</Name>
  <Value className="java.lang.String">label</Value>
</Feature>
<Feature>
  <Name className="java.lang.String">ss-label</Name>
  <Value className="java.lang.String">helps_economy</Value>
</Feature>
<Feature>
  <Name className="java.lang.String">polarity</Name>
  <Value className="java.lang.String">positive</Value>
</Feature>
</Annotation>
<Annotation Id="9" Type="arg" StartNode="1644" EndNode="1736">
<Feature>
  <Name className="java.lang.String">type</Name>
  <Value className="java.lang.String">else</Value>
</Feature>
<Feature>
  <Name className="java.lang.String">ss-label</Name>
  <Value className="java.lang.String">controls_healthcare_costs</Value>
</Feature>
<Feature>
  <Name className="java.lang.String">polarity</Name>
  <Value className="java.lang.String">negative</Value>
</Feature>
</Annotation>
<Annotation Id="10" Type="arg" StartNode="1875" EndNode="1950">
<Feature>
  <Name className="java.lang.String">type</Name>
  <Value className="java.lang.String">label</Value>
</Feature>
<Feature>
  <Name className="java.lang.String">ss-label</Name>
  <Value className="java.lang.String">heathcare_urgently_needs_addressing</Value>
</Feature>
<Feature>
  <Name className="java.lang.String">polarity</Name>
  <Value className="java.lang.String">negative</Value>
</Feature>
</Annotation>
<Annotation Id="11" Type="arg" StartNode="1952" EndNode="2084">
<Feature>
  <Name className="java.lang.String">prospect</Name>
  <Value className="java.lang.String">loss</Value>
</Feature>
<Feature>
  <Name className="java.lang.String">ss-label</Name>
  <Value className="java.lang.String">heathcare_urgently_needs_addressing</Value>
</Feature>
<Feature>
  <Name className="java.lang.String">type</Name>
  <Value className="java.lang.String">label</Value>
</Feature>
<Feature>
  <Name className="java.lang.String">group</Name>
  <Value className="java.lang.String">self-group</Value>
</Feature>
<Feature>
  <Name className="java.lang.String">polarity</Name>
  <Value className="java.lang.String">negative</Value>
</Feature>
</Annotation>
<Annotation Id="12" Type="arg" StartNode="2172" EndNode="2293">
<Feature>
  <Name className="java.lang.String">unclear</Name>
  <Value className="java.lang.String">true</Value>
</Feature>
<Feature>
  <Name className="java.lang.String">ss-label</Name>
  <Value className="java.lang.String">bill_will_improve_healthcare_system</Value>
</Feature>
<Feature>
  <Name className="java.lang.String">type</Name>
  <Value className="java.lang.String">label</Value>
</Feature>
<Feature>
  <Name className="java.lang.String">polarity</Name>
  <Value className="java.lang.String">positive</Value>
</Feature>
</Annotation>
<Annotation Id="13" Type="arg" StartNode="2321" EndNode="2521">
<Feature>
  <Name className="java.lang.String">type</Name>
  <Value className="java.lang.String">label</Value>
</Feature>
<Feature>
  <Name className="java.lang.String">ss-label</Name>
  <Value className="java.lang.String">similar_to_popular_system_in_massachusetts</Value>
</Feature>
<Feature>
  <Name className="java.lang.String">polarity</Name>
  <Value className="java.lang.String">positive</Value>
</Feature>
</Annotation>
<Annotation Id="14" Type="arg" StartNode="2791" EndNode="2902">
<Feature>
  <Name className="java.lang.String">type</Name>
  <Value className="java.lang.String">label</Value>
</Feature>
<Feature>
  <Name className="java.lang.String">ss-label</Name>
  <Value className="java.lang.String">opposition_exploiting_fear_to_block_reform</Value>
</Feature>
<Feature>
  <Name className="java.lang.String">polarity</Name>
  <Value className="java.lang.String">negative</Value>
</Feature>
</Annotation>
<Annotation Id="15" Type="arg" StartNode="769" EndNode="852">
<Feature>
  <Name className="java.lang.String">type</Name>
  <Value className="java.lang.String">label</Value>
</Feature>
<Feature>
  <Name className="java.lang.String">ss-label</Name>
  <Value className="java.lang.String">healthcare_costs_hurting_economy</Value>
</Feature>
<Feature>
  <Name className="java.lang.String">polarity</Name>
  <Value className="java.lang.String">negative</Value>
</Feature>
</Annotation>
<Annotation Id="17" Type="gfbf" StartNode="683" EndNode="687">
<Feature>
  <Name className="java.lang.String">agentId</Name>
  <Value className="java.lang.String">31</Value>
</Feature>
<Feature>
  <Name className="java.lang.String">objectId</Name>
  <Value className="java.lang.String">18</Value>
</Feature>
<Feature>
  <Name className="java.lang.String">polarity</Name>
  <Value className="java.lang.String">badfor</Value>
</Feature>
</Annotation>
<Annotation Id="16" Type="rel" StartNode="854" EndNode="1074">
<Feature>
  <Name className="java.lang.String">type</Name>
  <Value className="java.lang.String">label</Value>
</Feature>
<Feature>
  <Name className="java.lang.String">ss-label</Name>
  <Value className="java.lang.String">healthcare_costs_hurting_economy</Value>
</Feature>
</Annotation>
<Annotation Id="19" Type="gfbf" StartNode="835" EndNode="840">
<Feature>
  <Name className="java.lang.String">agentId</Name>
  <Value className="java.lang.String">32</Value>
</Feature>
<Feature>
  <Name className="java.lang.String">objectId</Name>
  <Value className="java.lang.String">20</Value>
</Feature>
<Feature>
  <Name className="java.lang.String">polarity</Name>
  <Value className="java.lang.String">badfor</Value>
</Feature>
</Annotation>
<Annotation Id="18" Type="gfbf-object" StartNode="688" EndNode="721">
<Feature>
  <Name className="java.lang.String">writerAtt</Name>
  <Value className="java.lang.String">negative</Value>
</Feature>
</Annotation>
<Annotation Id="21" Type="gfbf" StartNode="1362" EndNode="1367">
<Feature>
  <Name className="java.lang.String">agentId</Name>
  <Value className="java.lang.String">33</Value>
</Feature>
<Feature>
  <Name className="java.lang.String">objectId</Name>
  <Value className="java.lang.String">22</Value>
</Feature>
<Feature>
  <Name className="java.lang.String">polarity</Name>
  <Value className="java.lang.String">goodfor</Value>
</Feature>
</Annotation>
<Annotation Id="20" Type="gfbf-object" StartNode="841" EndNode="851">
<Feature>
  <Name className="java.lang.String">writerAtt</Name>
  <Value className="java.lang.String">positive</Value>
</Feature>
</Annotation>
<Annotation Id="23" Type="gfbf" StartNode="1620" EndNode="1628">
<Feature>
  <Name className="java.lang.String">agentId</Name>
  <Value className="java.lang.String">34</Value>
</Feature>
<Feature>
  <Name className="java.lang.String">objectId</Name>
  <Value className="java.lang.String">24</Value>
</Feature>
<Feature>
  <Name className="java.lang.String">polarity</Name>
  <Value className="java.lang.String">goodfor</Value>
</Feature>
</Annotation>
<Annotation Id="22" Type="gfbf-object" StartNode="1368" EndNode="1383">
<Feature>
  <Name className="java.lang.String">writerAtt</Name>
  <Value className="java.lang.String">positive</Value>
</Feature>
</Annotation>
<Annotation Id="25" Type="gfbf" StartNode="1705" EndNode="1709">
<Feature>
  <Name className="java.lang.String">agentId</Name>
  <Value className="java.lang.String">35</Value>
</Feature>
<Feature>
  <Name className="java.lang.String">objectId</Name>
  <Value className="java.lang.String">26</Value>
</Feature>
<Feature>
  <Name className="java.lang.String">polarity</Name>
  <Value className="java.lang.String">badfor</Value>
</Feature>
</Annotation>
<Annotation Id="24" Type="gfbf-object" StartNode="1629" EndNode="1640">
<Feature>
  <Name className="java.lang.String">writerAtt</Name>
  <Value className="java.lang.String">positive</Value>
</Feature>
</Annotation>
<Annotation Id="27" Type="gfbf" StartNode="2259" EndNode="2264">
<Feature>
  <Name className="java.lang.String">agentId</Name>
  <Value className="java.lang.String">36</Value>
</Feature>
<Feature>
  <Name className="java.lang.String">objectId</Name>
  <Value className="java.lang.String">28</Value>
</Feature>
<Feature>
  <Name className="java.lang.String">polarity</Name>
  <Value className="java.lang.String">goodfor</Value>
</Feature>
</Annotation>
<Annotation Id="26" Type="gfbf-object" StartNode="1710" EndNode="1736">
<Feature>
  <Name className="java.lang.String">writerAtt</Name>
  <Value className="java.lang.String">negative</Value>
</Feature>
</Annotation>
<Annotation Id="29" Type="gfbf" StartNode="2281" EndNode="2285">
<Feature>
  <Name className="java.lang.String">agentId</Name>
  <Value className="java.lang.String">36</Value>
</Feature>
<Feature>
  <Name className="java.lang.String">objectId</Name>
  <Value className="java.lang.String">30</Value>
</Feature>
<Feature>
  <Name className="java.lang.String">polarity</Name>
  <Value className="java.lang.String">goodfor</Value>
</Feature>
</Annotation>
<Annotation Id="28" Type="gfbf-object" StartNode="2265" EndNode="2276">
<Feature>
  <Name className="java.lang.String">writerAtt</Name>
  <Value className="java.lang.String">positive</Value>
</Feature>
</Annotation>
<Annotation Id="31" Type="gfbf-agent" StartNode="512" EndNode="545">
<Feature>
  <Name className="java.lang.String">writerAtt</Name>
  <Value className="java.lang.String">positive</Value>
</Feature>
</Annotation>
<Annotation Id="30" Type="gfbf-object" StartNode="2286" EndNode="2291">
<Feature>
  <Name className="java.lang.String">writerAtt</Name>
  <Value className="java.lang.String">positive</Value>
</Feature>
</Annotation>
<Annotation Id="34" Type="gfbf-agent" StartNode="1584" EndNode="1602">
<Feature>
  <Name className="java.lang.String">writerAtt</Name>
  <Value className="java.lang.String">positive</Value>
</Feature>
</Annotation>
<Annotation Id="35" Type="gfbf-agent" StartNode="1691" EndNode="1701">
<Feature>
  <Name className="java.lang.String">comment</Name>
  <Value className="java.lang.String">nested</Value>
</Feature>
<Feature>
  <Name className="java.lang.String">writerAtt</Name>
  <Value className="java.lang.String">positive</Value>
</Feature>
</Annotation>
<Annotation Id="32" Type="gfbf-agent" StartNode="769" EndNode="825">
<Feature>
  <Name className="java.lang.String">writerAtt</Name>
  <Value className="java.lang.String">negative</Value>
</Feature>
</Annotation>
<Annotation Id="33" Type="gfbf-agent" StartNode="1320" EndNode="1326">
<Feature>
  <Name className="java.lang.String">writerAtt</Name>
  <Value className="java.lang.String">positive</Value>
</Feature>
</Annotation>
<Annotation Id="38" Type="gfbf" StartNode="2227" EndNode="2237">
<Feature>
  <Name className="java.lang.String">agentId</Name>
  <Value className="java.lang.String">37</Value>
</Feature>
<Feature>
  <Name className="java.lang.String">polarity</Name>
  <Value className="java.lang.String">badfor</Value>
</Feature>
<Feature>
  <Name className="java.lang.String">objectId</Name>
  <Value className="java.lang.String">62</Value>
</Feature>
</Annotation>
<Annotation Id="36" Type="gfbf-agent" StartNode="2238" EndNode="2247">
<Feature>
  <Name className="java.lang.String">writerAtt</Name>
  <Value className="java.lang.String">positive</Value>
</Feature>
</Annotation>
<Annotation Id="37" Type="gfbf-agent" StartNode="2172" EndNode="2215">
<Feature>
  <Name className="java.lang.String">writerAtt</Name>
  <Value className="java.lang.String">positive</Value>
</Feature>
</Annotation>
<Annotation Id="42" Type="gfbf" StartNode="1102" EndNode="1109">
<Feature>
  <Name className="java.lang.String">agentId</Name>
  <Value className="java.lang.String">43</Value>
</Feature>
<Feature>
  <Name className="java.lang.String">objectId</Name>
  <Value className="java.lang.String">44</Value>
</Feature>
<Feature>
  <Name className="java.lang.String">polarity</Name>
  <Value className="java.lang.String">goodfor</Value>
</Feature>
</Annotation>
<Annotation Id="43" Type="gfbf-agent" StartNode="1113" EndNode="1124">
<Feature>
  <Name className="java.lang.String">writerAtt</Name>
  <Value className="java.lang.String">positive</Value>
</Feature>
</Annotation>
<Annotation Id="40" Type="influencer" StartNode="2223" EndNode="2226">
<Feature>
  <Name className="java.lang.String">effect</Name>
  <Value className="java.lang.String">reverse</Value>
</Feature>
<Feature>
  <Name className="java.lang.String">agentId</Name>
  <Value className="java.lang.String">37</Value>
</Feature>
<Feature>
  <Name className="java.lang.String">objectId</Name>
  <Value className="java.lang.String">38</Value>
</Feature>
</Annotation>
<Annotation Id="41" Type="others" StartNode="351" EndNode="364">
</Annotation>
<Annotation Id="46" Type="gfbf-object" StartNode="1937" EndNode="1948">
<Feature>
  <Name className="java.lang.String">writerAtt</Name>
  <Value className="java.lang.String">positive</Value>
</Feature>
</Annotation>
<Annotation Id="44" Type="gfbf-object" StartNode="1077" EndNode="1097">
<Feature>
  <Name className="java.lang.String">writerAtt</Name>
  <Value className="java.lang.String">positive</Value>
</Feature>
</Annotation>
<Annotation Id="45" Type="gfbf" StartNode="1930" EndNode="1936">
<Feature>
  <Name className="java.lang.String">agentId</Name>
  <Value className="java.lang.String">48</Value>
</Feature>
<Feature>
  <Name className="java.lang.String">objectId</Name>
  <Value className="java.lang.String">46</Value>
</Feature>
<Feature>
  <Name className="java.lang.String">polarity</Name>
  <Value className="java.lang.String">badfor</Value>
</Feature>
</Annotation>
<Annotation Id="48" Type="gfbf-agent" StartNode="1900" EndNode="1917">
<Feature>
  <Name className="java.lang.String">writerAtt</Name>
  <Value className="java.lang.String">negative</Value>
</Feature>
</Annotation>
<Annotation Id="55" Type="gfbf" StartNode="2951" EndNode="2955">
<Feature>
  <Name className="java.lang.String">agentId</Name>
  <Value className="java.lang.String">57</Value>
</Feature>
<Feature>
  <Name className="java.lang.String">objectId</Name>
  <Value className="java.lang.String">56</Value>
</Feature>
<Feature>
  <Name className="java.lang.String">polarity</Name>
  <Value className="java.lang.String">goodfor</Value>
</Feature>
</Annotation>
<Annotation Id="54" Type="gfbf-agent" StartNode="2705" EndNode="2712">
<Feature>
  <Name className="java.lang.String">writerAtt</Name>
  <Value className="java.lang.String">negative</Value>
</Feature>
</Annotation>
<Annotation Id="53" Type="gfbf-object" StartNode="2732" EndNode="2787">
<Feature>
  <Name className="java.lang.String">writerAtt</Name>
  <Value className="java.lang.String">positive</Value>
</Feature>
</Annotation>
<Annotation Id="52" Type="gfbf" StartNode="2712" EndNode="2731">
<Feature>
  <Name className="java.lang.String">agentId</Name>
  <Value className="java.lang.String">54</Value>
</Feature>
<Feature>
  <Name className="java.lang.String">objectId</Name>
  <Value className="java.lang.String">53</Value>
</Feature>
<Feature>
  <Name className="java.lang.String">polarity</Name>
  <Value className="java.lang.String">badfor</Value>
</Feature>
</Annotation>
<Annotation Id="59" Type="gfbf-object" StartNode="3082" EndNode="3094">
<Feature>
  <Name className="java.lang.String">writerAtt</Name>
  <Value className="java.lang.String">positive</Value>
</Feature>
</Annotation>
<Annotation Id="58" Type="gfbf" StartNode="3077" EndNode="3081">
<Feature>
  <Name className="java.lang.String">agentId</Name>
  <Value className="java.lang.String">60</Value>
</Feature>
<Feature>
  <Name className="java.lang.String">objectId</Name>
  <Value className="java.lang.String">59</Value>
</Feature>
<Feature>
  <Name className="java.lang.String">polarity</Name>
  <Value className="java.lang.String">goodfor</Value>
</Feature>
</Annotation>
<Annotation Id="57" Type="gfbf-agent" StartNode="2914" EndNode="2944">
<Feature>
  <Name className="java.lang.String">writerAtt</Name>
  <Value className="java.lang.String">positive</Value>
</Feature>
</Annotation>
<Annotation Id="56" Type="gfbf-object" StartNode="2956" EndNode="2969">
<Feature>
  <Name className="java.lang.String">writerAtt</Name>
  <Value className="java.lang.String">positive</Value>
</Feature>
</Annotation>
<Annotation Id="63" Type="referent" StartNode="2905" EndNode="3062">
</Annotation>
<Annotation Id="62" Type="gfbf-object" StartNode="2238" EndNode="2291">
<Feature>
  <Name className="java.lang.String">writerAtt</Name>
  <Value className="java.lang.String">positive</Value>
</Feature>
</Annotation>
<Annotation Id="60" Type="gfbf-agent" StartNode="3066" EndNode="3070">
<Feature>
  <Name className="java.lang.String">referentId</Name>
  <Value className="java.lang.String">63</Value>
</Feature>
<Feature>
  <Name className="java.lang.String">reference</Name>
  <Value className="java.lang.String">true</Value>
</Feature>
<Feature>
  <Name className="java.lang.String">writerAtt</Name>
  <Value className="java.lang.String">positive</Value>
</Feature>
</Annotation>
</AnnotationSet>

<!-- Named annotation set -->

<AnnotationSet Name="Original markups">
<Annotation Id="0" Type="paragraph" StartNode="0" EndNode="3120">
</Annotation>
<Annotation Id="3" Type="arg" StartNode="315" EndNode="411">
<Feature>
  <Name className="java.lang.String">prospect</Name>
  <Value className="java.lang.String">loss</Value>
</Feature>
<Feature>
  <Name className="java.lang.String">ss-label</Name>
  <Value className="java.lang.String">current_system_leads_to_corporate_exploitation</Value>
</Feature>
<Feature>
  <Name className="java.lang.String">type</Name>
  <Value className="java.lang.String">label</Value>
</Feature>
<Feature>
  <Name className="java.lang.String">group</Name>
  <Value className="java.lang.String">self-group</Value>
</Feature>
<Feature>
  <Name className="java.lang.String">polarity</Name>
  <Value className="java.lang.String">negative</Value>
</Feature>
</Annotation>
</AnnotationSet>

</GateDocument>
