<?xml version='1.0' encoding='US-ASCII'?>
<GateDocument version="2">
<!-- The document's features-->

<GateDocumentFeatures>
<Feature>
  <Name className="java.lang.String">MimeType</Name>
  <Value className="java.lang.String">text/plain</Value>
</Feature>
<Feature>
  <Name className="java.lang.String">gate.SourceURL</Name>
  <Value className="java.lang.String">file:/E:/Users/conrada/Documents/My%20Dropbox/healthcare_devel_data_final/hc011.txt</Value>
</Feature>
<Feature>
  <Name className="java.lang.String">docNewLineType</Name>
  <Value className="java.lang.String">CRLF</Value>
</Feature>
</GateDocumentFeatures>
<!-- The document content area with serialized nodes -->

<TextWithNodes><Node id="0"/>J.C. WATTS: The continuing health care nightmare
<Node id="49"/>Repeal of ObamaCare can't come fast enough<Node id="91"/>
J.C. WATTS
MORE COLUMNS
 <Node id="117"/>We<Node id="119"/> "have to <Node id="129"/>pass<Node id="133"/> <Node id="134"/>the bill<Node id="142"/> so you can find out what is in it," proclaimed House Speaker Nancy Pelosi at the end of last spring's congressional health care debate.
<Node id="279"/>
 <Node id="281"/>Indeed, Americans are rapidly witnessing just how much <Node id="336"/>an ever-expanding federal government<Node id="372"/> is <Node id="376"/>siphoning away<Node id="390"/> <Node id="391"/>states' power<Node id="404"/> and saddling them with new costs.
<Node id="439"/>
 <Node id="441"/>A first glimpse was seen with communications firm AT&amp;T's $1 billion write down against earnings thanks to the <Node id="551"/>tax changes buried in the new 2,300-page health care law<Node id="607"/>.
 <Node id="610"/>The Heritage Foundation calculates that is a full third of AT&amp;T's $3 billion earnings for the fourth quarter of 2009<Node id="726"/>.
 <Node id="729"/>Other write downs have occurred, and a major reason involves the new tax treatment of <Node id="815"/>prescription drug benefits<Node id="841"/> for retirees<Node id="854"/>.

<Node id="857"/>Companies<Node id="866"/> that currently deduct part of their costs for <Node id="913"/>providing these benefits to<Node id="940"/> <Node id="941"/>retirees<Node id="949"/> will <Node id="955"/>no longer<Node id="964"/> be able to do so.<Node id="982"/>
 <Node id="984"/>Roland McDevitt, director of health research at Towers Watson, estimates that just <Node id="1067"/>this tax change<Node id="1082"/> alone <Node id="1089"/>eliminates<Node id="1099"/> <Node id="1100"/>$14 billion in US corporate profits<Node id="1135"/>.
<Node id="1137"/>
<Node id="1138"/>At a time when the national jobless rate hovers at almost 10 percent, this wholesale destruction of wealth and capital is a national tragedy toward unemployment<Node id="1298"/>.

 <Node id="1302"/>ObamaCare<Node id="1311"/> not only <Node id="1321"/>limits<Node id="1327"/> <Node id="1328"/>doctor-patient choice<Node id="1349"/>, <Node id="1351"/>it will -- if not reversed -- eventually <Node id="1392"/>force<Node id="1397"/> <Node id="1398"/>private insurance companies<Node id="1425"/> out of business and <Node id="1446"/>put everyone under a government-run system<Node id="1488"/>.
 An Aug. 5 Wall Street Journal editorial warns, "<Node id="1539"/>ObamaCare<Node id="1548"/> <Node id="1549"/>mandates<Node id="1557"/> that <Node id="1563"/>insurers<Node id="1571"/> spend a certain percentage of premium dollars on benefits, but <Node id="1635"/>Democrats<Node id="1644"/> <Node id="1645"/>never<Node id="1650"/> <Node id="1651"/>got around to<Node id="1664"/> writing <Node id="1673"/>the fine print of what counts as a benefit<Node id="1715"/>.<Node id="1716"/>
 <Node id="1718"/>So, a handful of regulators are now choosing among the tens of thousands of services that doctors, hospitals and insurers offer.
<Node id="1847"/>
 <Node id="1849"/>Few government decisions will do more to shape tomorrow's health market, or what's left of it<Node id="1942"/>."
 <Node id="1946"/>What will the government's final regulations be when they are issued this fall?<Node id="2025"/>
 <Node id="2027"/>Will the bureaucrats decide on a narrow definition of medical expenses?<Node id="2098"/>

 <Node id="2101"/>The insurance industry<Node id="2123"/> hopes not, and is rightfully <Node id="2153"/>lobbying for<Node id="2165"/> <Node id="2166"/>a less rigid standard<Node id="2187"/>.
 After all, as the Journal notes, it will be easier to run a business and turn a profit if more of the costs are considered truly medical in nature.
 <Node id="2339"/>Critics were right to ask how President Obama and proponents said <Node id="2405"/>they<Node id="2409"/> <Node id="2410"/>wouldn't<Node id="2418"/> <Node id="2419"/>raise<Node id="2424"/> <Node id="2425"/>taxes<Node id="2430"/> on anyone making less than $250,000 a year, yet their bill included <Node id="2499"/>$20 billion in new taxes on medical devices (along with the aforementioned new costs regarding prescription drugs)<Node id="2613"/>.
 <Node id="2616"/>Even the non-partisan Congressional Budget Office warns that these taxes will be passed along to patients<Node id="2721"/>.
 <Node id="2724"/>The Medicaid program<Node id="2744"/>, <Node id="2746"/>Florida Attorney General Bill McCollum<Node id="2784"/> notes, could soon be <Node id="2806"/>eating up<Node id="2815"/> <Node id="2816"/>36 percent of his state's budget<Node id="2848"/> -- and that's before ObamaCare's new costs kick in<Node id="2899"/>.
 <Node id="2902"/>Federal health, educational, environmental and labor mandates<Node id="2963"/> are <Node id="2968"/>chipping away at<Node id="2984"/> <Node id="2985"/>the states<Node id="2995"/>' ability to keep their taxes low, to <Node id="3033"/>expand<Node id="3039"/> <Node id="3040"/>jobs<Node id="3044"/> and to target money for their own priorities<Node id="3089"/>.
 <Node id="3092"/>So it is no wonder <Node id="3111"/>McCollum<Node id="3119"/>'s counterparts in 19 other hard-pressed states joined <Node id="3174"/>him<Node id="3177"/> to <Node id="3181"/>file<Node id="3185"/> <Node id="3186"/>a constitutional lawsuit to <Node id="3214"/>get out of<Node id="3224"/> <Node id="3225"/>Obamacare<Node id="3234"/>.
<Node id="3236"/>
 (<Node id="3239"/>It is also no wonder that <Node id="3265"/>more than 70 percent of the Missouri residents who turned out at the polls<Node id="3339"/> recently voted to <Node id="3358"/>annul<Node id="3363"/> <Node id="3364"/>the "individual mandate" within state lines<Node id="3407"/> -- the ObamaCare requirement that everyone buy insurance or else pay a tax<Node id="3482"/>.)
 "<Node id="3487"/>The brazen nature of this administration<Node id="3527"/> is <Node id="3531"/>undermining<Node id="3542"/> <Node id="3543"/>the basic rule of law<Node id="3564"/>, <Node id="3566"/>the confidence of the public<Node id="3594"/>, and <Node id="3600"/>taking away<Node id="3611"/> <Node id="3612"/>states' authority<Node id="3629"/> -- <Node id="3633"/>creating<Node id="3641"/> <Node id="3642"/>an ever stronger federal government<Node id="3677"/>.<Node id="3678"/>

 My role is to make clear we're not going to put up with this," says McCollum about the lawsuit.
 <Node id="3778"/>President Obama and the Democrats controlling Congress<Node id="3832"/> still <Node id="3839"/>refuse to<Node id="3848"/> <Node id="3849"/>admit<Node id="3854"/> that <Node id="3860"/>their budget-busting legislation<Node id="3892"/>, bullied through on a party-line vote, <Node id="3932"/>doesn't<Node id="3939"/> "<Node id="3941"/>lower<Node id="3946"/> <Node id="3947"/>costs<Node id="3952"/>."<Node id="3954"/>

 <Node id="3957"/>The president<Node id="3970"/> has been less than forthcoming because he never admitted that his real goal is the imposition of federal power over everything from doctors to health insurance.
<Node id="4132"/>
 <Node id="4134"/>The CBO<Node id="4141"/> <Node id="4142"/>confirmed<Node id="4151"/> <Node id="4152"/>the dishonesty<Node id="4166"/> when it concluded the other day that <Node id="4204"/>the new bureaucracy<Node id="4223"/> <Node id="4224"/>the health care legislation<Node id="4251"/> <Node id="4252"/>creates<Node id="4259"/> is so complex and indiscriminate that its size and cost is "currently unknowable."<Node id="4342"/>
Incredible.
 <Node id="4356"/>The defunding of this new health care bill by a new Congress next year, as well as driving a stake through its heart by its eventual rollback, cannot come fast enough.
<Node id="4524"/>
J.C. Watts (JCWatts01@jcwatts.com) is chairman of J.C. Watts Companies, a business consulting group.
 He is former chairman of the Republican Conference of the US House, where he served as an Oklahoma representative from 1995 to 2002.
<Node id="4760"/>
<Node id="4761"/></TextWithNodes>
<!-- The default annotation set -->

<AnnotationSet>
<Annotation Id="1" Type="doc" StartNode="0" EndNode="4760">
<Feature>
  <Name className="java.lang.String">id</Name>
  <Value className="java.lang.String">hc011</Value>
</Feature>
<Feature>
  <Name className="java.lang.String">author</Name>
  <Value className="java.lang.String">J.,C.,Watts</Value>
</Feature>
<Feature>
  <Name className="java.lang.String">source</Name>
  <Value className="java.lang.String">,Las,Vegas,Review,Journal</Value>
</Feature>
<Feature>
  <Name className="java.lang.String">date</Name>
  <Value className="java.lang.String"></Value>
</Feature>
<Feature>
  <Name className="java.lang.String">side</Name>
  <Value className="java.lang.String">anti</Value>
</Feature>
<Feature>
  <Name className="java.lang.String">url</Name>
  <Value className="java.lang.String">http://www.lvrj.com/opinion/the-continuing-health-care-nightmare-101250054.html </Value>
</Feature>
</Annotation>
<Annotation Id="2" Type="arg" StartNode="117" EndNode="279">
<Feature>
  <Name className="java.lang.String">ss-label</Name>
  <Value className="java.lang.String">bill_pushed_through_too_quickly</Value>
</Feature>
<Feature>
  <Name className="java.lang.String">unclear</Name>
  <Value className="java.lang.String">true</Value>
</Feature>
<Feature>
  <Name className="java.lang.String">type</Name>
  <Value className="java.lang.String">label</Value>
</Feature>
<Feature>
  <Name className="java.lang.String">polarity</Name>
  <Value className="java.lang.String">negative</Value>
</Feature>
</Annotation>
<Annotation Id="3" Type="arg" StartNode="281" EndNode="439">
<Feature>
  <Name className="java.lang.String">ss-label</Name>
  <Value className="java.lang.String">interferes_with_states_ability_to_regulate</Value>
</Feature>
<Feature>
  <Name className="java.lang.String">unclear</Name>
  <Value className="java.lang.String">true</Value>
</Feature>
<Feature>
  <Name className="java.lang.String">type</Name>
  <Value className="java.lang.String">label</Value>
</Feature>
<Feature>
  <Name className="java.lang.String">polarity</Name>
  <Value className="java.lang.String">negative</Value>
</Feature>
</Annotation>
<Annotation Id="4" Type="arg" StartNode="857" EndNode="982">
<Feature>
  <Name className="java.lang.String">id</Name>
  <Value className="java.lang.String">a1</Value>
</Feature>
<Feature>
  <Name className="java.lang.String">ss-label</Name>
  <Value className="java.lang.String">hurts_businesses</Value>
</Feature>
<Feature>
  <Name className="java.lang.String">type</Name>
  <Value className="java.lang.String">label</Value>
</Feature>
<Feature>
  <Name className="java.lang.String">about-rel</Name>
  <Value className="java.lang.String">r1</Value>
</Feature>
<Feature>
  <Name className="java.lang.String">polarity</Name>
  <Value className="java.lang.String">negative</Value>
</Feature>
<Feature>
  <Name className="java.lang.String">incomplete</Name>
  <Value className="java.lang.String">true</Value>
</Feature>
</Annotation>
<Annotation Id="5" Type="rel" StartNode="815" EndNode="841">
<Feature>
  <Name className="java.lang.String">id</Name>
  <Value className="java.lang.String">r1</Value>
</Feature>
</Annotation>
<Annotation Id="7" Type="arg" StartNode="984" EndNode="1137">
<Feature>
  <Name className="java.lang.String">ss-label</Name>
  <Value className="java.lang.String">hurts_businesses</Value>
</Feature>
<Feature>
  <Name className="java.lang.String">unclear</Name>
  <Value className="java.lang.String">true</Value>
</Feature>
<Feature>
  <Name className="java.lang.String">type</Name>
  <Value className="java.lang.String">label</Value>
</Feature>
<Feature>
  <Name className="java.lang.String">about-rel</Name>
  <Value className="java.lang.String">r2</Value>
</Feature>
<Feature>
  <Name className="java.lang.String">polarity</Name>
  <Value className="java.lang.String">negative</Value>
</Feature>
</Annotation>
<Annotation Id="8" Type="rel" StartNode="551" EndNode="607">
<Feature>
  <Name className="java.lang.String">id</Name>
  <Value className="java.lang.String">r2</Value>
</Feature>
</Annotation>
<Annotation Id="10" Type="arg" StartNode="1138" EndNode="1298">
<Feature>
  <Name className="java.lang.String">ss-label</Name>
  <Value className="java.lang.String">causes_unemployment</Value>
</Feature>
<Feature>
  <Name className="java.lang.String">unclear</Name>
  <Value className="java.lang.String">true</Value>
</Feature>
<Feature>
  <Name className="java.lang.String">type</Name>
  <Value className="java.lang.String">label</Value>
</Feature>
<Feature>
  <Name className="java.lang.String">about-rel</Name>
  <Value className="java.lang.String">a2</Value>
</Feature>
<Feature>
  <Name className="java.lang.String">polarity</Name>
  <Value className="java.lang.String">negative</Value>
</Feature>
</Annotation>
<Annotation Id="11" Type="rel" StartNode="1302" EndNode="1311">
<Feature>
  <Name className="java.lang.String">id</Name>
  <Value className="java.lang.String">r3</Value>
</Feature>
</Annotation>
<Annotation Id="12" Type="arg" StartNode="1302" EndNode="1349">
<Feature>
  <Name className="java.lang.String">prospect</Name>
  <Value className="java.lang.String">loss</Value>
</Feature>
<Feature>
  <Name className="java.lang.String">ss-label</Name>
  <Value className="java.lang.String">restricts_healthcare_choice</Value>
</Feature>
<Feature>
  <Name className="java.lang.String">group</Name>
  <Value className="java.lang.String">self-group</Value>
</Feature>
<Feature>
  <Name className="java.lang.String">type</Name>
  <Value className="java.lang.String">label</Value>
</Feature>
<Feature>
  <Name className="java.lang.String">about-rel</Name>
  <Value className="java.lang.String">r3</Value>
</Feature>
<Feature>
  <Name className="java.lang.String">polarity</Name>
  <Value className="java.lang.String">negative</Value>
</Feature>
</Annotation>
<Annotation Id="13" Type="arg" StartNode="1351" EndNode="1488">
<Feature>
  <Name className="java.lang.String">ss-label</Name>
  <Value className="java.lang.String">will_eliminate_private_insurance</Value>
</Feature>
<Feature>
  <Name className="java.lang.String">type</Name>
  <Value className="java.lang.String">label</Value>
</Feature>
<Feature>
  <Name className="java.lang.String">about-rel</Name>
  <Value className="java.lang.String">r3</Value>
</Feature>
<Feature>
  <Name className="java.lang.String">polarity</Name>
  <Value className="java.lang.String">negative</Value>
</Feature>
</Annotation>
<Annotation Id="15" Type="rel" StartNode="1718" EndNode="1847">
<Feature>
  <Name className="java.lang.String">type</Name>
  <Value className="java.lang.String">label</Value>
</Feature>
<Feature>
  <Name className="java.lang.String">ss-label</Name>
  <Value className="java.lang.String">govt_determines_what_is_covered</Value>
</Feature>
<Feature>
  <Name className="java.lang.String">polarity</Name>
  <Value className="java.lang.String">negative</Value>
</Feature>
</Annotation>
<Annotation Id="16" Type="rel" StartNode="1539" EndNode="1716">
<Feature>
  <Name className="java.lang.String">type</Name>
  <Value className="java.lang.String">label</Value>
</Feature>
<Feature>
  <Name className="java.lang.String">ss-label</Name>
  <Value className="java.lang.String">govt_determines_what_is_covered</Value>
</Feature>
</Annotation>
<Annotation Id="19" Type="rel" StartNode="2499" EndNode="2613">
<Feature>
  <Name className="java.lang.String">id</Name>
  <Value className="java.lang.String">r4</Value>
</Feature>
</Annotation>
<Annotation Id="21" Type="rel" StartNode="2746" EndNode="2784">
<Feature>
  <Name className="java.lang.String">id</Name>
  <Value className="java.lang.String">r5</Value>
</Feature>
</Annotation>
<Annotation Id="20" Type="arg" StartNode="2616" EndNode="2721">
<Feature>
  <Name className="java.lang.String">prospect</Name>
  <Value className="java.lang.String">loss</Value>
</Feature>
<Feature>
  <Name className="java.lang.String">ss-label</Name>
  <Value className="java.lang.String">individuals_will_pay_more</Value>
</Feature>
<Feature>
  <Name className="java.lang.String">group</Name>
  <Value className="java.lang.String">self-group</Value>
</Feature>
<Feature>
  <Name className="java.lang.String">type</Name>
  <Value className="java.lang.String">label</Value>
</Feature>
<Feature>
  <Name className="java.lang.String">about-rel</Name>
  <Value className="java.lang.String">r4</Value>
</Feature>
<Feature>
  <Name className="java.lang.String">polarity</Name>
  <Value className="java.lang.String">negative</Value>
</Feature>
</Annotation>
<Annotation Id="23" Type="arg" StartNode="3239" EndNode="3482">
<Feature>
  <Name className="java.lang.String">type</Name>
  <Value className="java.lang.String">label</Value>
</Feature>
<Feature>
  <Name className="java.lang.String">ss-label</Name>
  <Value className="java.lang.String">mandate_unpopular</Value>
</Feature>
<Feature>
  <Name className="java.lang.String">polarity</Name>
  <Value className="java.lang.String">negative</Value>
</Feature>
</Annotation>
<Annotation Id="22" Type="arg" StartNode="3092" EndNode="3236">
<Feature>
  <Name className="java.lang.String">type</Name>
  <Value className="java.lang.String">label</Value>
</Feature>
<Feature>
  <Name className="java.lang.String">ss-label</Name>
  <Value className="java.lang.String">some_states_dislike</Value>
</Feature>
<Feature>
  <Name className="java.lang.String">polarity</Name>
  <Value className="java.lang.String">negative</Value>
</Feature>
</Annotation>
<Annotation Id="25" Type="arg" StartNode="3778" EndNode="3954">
<Feature>
  <Name className="java.lang.String">unclear</Name>
  <Value className="java.lang.String">true</Value>
</Feature>
<Feature>
  <Name className="java.lang.String">ss-label</Name>
  <Value className="java.lang.String">increases_govt_spending</Value>
</Feature>
<Feature>
  <Name className="java.lang.String">type</Name>
  <Value className="java.lang.String">label</Value>
</Feature>
<Feature>
  <Name className="java.lang.String">polarity</Name>
  <Value className="java.lang.String">negative</Value>
</Feature>
</Annotation>
<Annotation Id="24" Type="arg" StartNode="3487" EndNode="3678">
<Feature>
  <Name className="java.lang.String"></Name>
  <Value className="java.lang.String">label</Value>
</Feature>
<Feature>
  <Name className="java.lang.String">ss-label</Name>
  <Value className="java.lang.String">expands_govt</Value>
</Feature>
<Feature>
  <Name className="java.lang.String">unclear</Name>
  <Value className="java.lang.String">true</Value>
</Feature>
<Feature>
  <Name className="java.lang.String">polarity</Name>
  <Value className="java.lang.String">negative</Value>
</Feature>
<Feature>
  <Name className="java.lang.String">incomplete</Name>
  <Value className="java.lang.String">true</Value>
</Feature>
</Annotation>
<Annotation Id="27" Type="arg" StartNode="4356" EndNode="4524">
<Feature>
  <Name className="java.lang.String">type</Name>
  <Value className="java.lang.String">label</Value>
</Feature>
<Feature>
  <Name className="java.lang.String">ss-label</Name>
  <Value className="java.lang.String">bill_should_be_defunded/not_passed</Value>
</Feature>
<Feature>
  <Name className="java.lang.String">polarity</Name>
  <Value className="java.lang.String">positive</Value>
</Feature>
</Annotation>
<Annotation Id="26" Type="arg" StartNode="3957" EndNode="4132">
<Feature>
  <Name className="java.lang.String">ss-label</Name>
  <Value className="java.lang.String">goal_is_to_expand_entitlements</Value>
</Feature>
<Feature>
  <Name className="java.lang.String">unclear</Name>
  <Value className="java.lang.String">true</Value>
</Feature>
<Feature>
  <Name className="java.lang.String">type</Name>
  <Value className="java.lang.String">label</Value>
</Feature>
<Feature>
  <Name className="java.lang.String">polarity</Name>
  <Value className="java.lang.String">negative</Value>
</Feature>
</Annotation>
<Annotation Id="29" Type="arg" StartNode="4134" EndNode="4342">
<Feature>
  <Name className="java.lang.String">ss-label</Name>
  <Value className="java.lang.String">will_cost_more_than_anticipated</Value>
</Feature>
<Feature>
  <Name className="java.lang.String">unclear</Name>
  <Value className="java.lang.String">true</Value>
</Feature>
<Feature>
  <Name className="java.lang.String">type</Name>
  <Value className="java.lang.String">label</Value>
</Feature>
<Feature>
  <Name className="java.lang.String">polarity</Name>
  <Value className="java.lang.String">negative</Value>
</Feature>
</Annotation>
<Annotation Id="30" Type="rel" StartNode="441" EndNode="607">
<Feature>
  <Name className="java.lang.String">type</Name>
  <Value className="java.lang.String">label</Value>
</Feature>
<Feature>
  <Name className="java.lang.String">ss-label</Name>
  <Value className="java.lang.String">hurts_businesses</Value>
</Feature>
</Annotation>
<Annotation Id="34" Type="rel" StartNode="1849" EndNode="1942">
<Feature>
  <Name className="java.lang.String">ss-label</Name>
  <Value className="java.lang.String">hurts_private_insurance</Value>
</Feature>
<Feature>
  <Name className="java.lang.String">unclear</Name>
  <Value className="java.lang.String">true</Value>
</Feature>
<Feature>
  <Name className="java.lang.String">type</Name>
  <Value className="java.lang.String">label</Value>
</Feature>
<Feature>
  <Name className="java.lang.String">polarity</Name>
  <Value className="java.lang.String">negative</Value>
</Feature>
</Annotation>
<Annotation Id="35" Type="rel" StartNode="1946" EndNode="2025">
<Feature>
  <Name className="java.lang.String">type</Name>
  <Value className="java.lang.String">label</Value>
</Feature>
<Feature>
  <Name className="java.lang.String">ss-label</Name>
  <Value className="java.lang.String">govt_determines_what_is_covered</Value>
</Feature>
</Annotation>
<Annotation Id="33" Type="arg" StartNode="49" EndNode="91">
<Feature>
  <Name className="java.lang.String">type</Name>
  <Value className="java.lang.String">label</Value>
</Feature>
<Feature>
  <Name className="java.lang.String">ss-label</Name>
  <Value className="java.lang.String">should_be_repealed</Value>
</Feature>
<Feature>
  <Name className="java.lang.String">polarity</Name>
  <Value className="java.lang.String">positive</Value>
</Feature>
</Annotation>
<Annotation Id="38" Type="rel" StartNode="2724" EndNode="2899">
<Feature>
  <Name className="java.lang.String">type</Name>
  <Value className="java.lang.String">label</Value>
</Feature>
<Feature>
  <Name className="java.lang.String">ss-label</Name>
  <Value className="java.lang.String">increases_govt_spending</Value>
</Feature>
</Annotation>
<Annotation Id="39" Type="arg" StartNode="2902" EndNode="3089">
<Feature>
  <Name className="java.lang.String">ss-label</Name>
  <Value className="java.lang.String">increases_govt_spending</Value>
</Feature>
<Feature>
  <Name className="java.lang.String">unclear</Name>
  <Value className="java.lang.String">true</Value>
</Feature>
<Feature>
  <Name className="java.lang.String">type</Name>
  <Value className="java.lang.String">label</Value>
</Feature>
<Feature>
  <Name className="java.lang.String">polarity</Name>
  <Value className="java.lang.String">negative</Value>
</Feature>
</Annotation>
<Annotation Id="36" Type="rel" StartNode="2027" EndNode="2098">
<Feature>
  <Name className="java.lang.String">type</Name>
  <Value className="java.lang.String">label</Value>
</Feature>
<Feature>
  <Name className="java.lang.String">ss-label</Name>
  <Value className="java.lang.String">govt_determines_what_is_covered</Value>
</Feature>
</Annotation>
<Annotation Id="37" Type="arg" StartNode="2339" EndNode="2613">
<Feature>
  <Name className="java.lang.String"></Name>
  <Value className="java.lang.String">individuals_will_pay_more</Value>
</Feature>
<Feature>
  <Name className="java.lang.String">ss-label</Name>
  <Value className="java.lang.String">individuals_will_pay_more</Value>
</Feature>
<Feature>
  <Name className="java.lang.String">type</Name>
  <Value className="java.lang.String">label</Value>
</Feature>
<Feature>
  <Name className="java.lang.String">polarity</Name>
  <Value className="java.lang.String">negative</Value>
</Feature>
</Annotation>
<Annotation Id="40" Type="gfbf" StartNode="376" EndNode="390">
<Feature>
  <Name className="java.lang.String">agentId</Name>
  <Value className="java.lang.String">55</Value>
</Feature>
<Feature>
  <Name className="java.lang.String">polarity</Name>
  <Value className="java.lang.String">badfor</Value>
</Feature>
<Feature>
  <Name className="java.lang.String">objectId</Name>
  <Value className="java.lang.String">41</Value>
</Feature>
</Annotation>
<Annotation Id="41" Type="gfbf-object" StartNode="391" EndNode="404">
<Feature>
  <Name className="java.lang.String">writerAtt</Name>
  <Value className="java.lang.String">positive</Value>
</Feature>
</Annotation>
<Annotation Id="46" Type="gfbf" StartNode="1321" EndNode="1327">
<Feature>
  <Name className="java.lang.String">agentId</Name>
  <Value className="java.lang.String">58</Value>
</Feature>
<Feature>
  <Name className="java.lang.String">polarity</Name>
  <Value className="java.lang.String">badfor</Value>
</Feature>
<Feature>
  <Name className="java.lang.String">objectId</Name>
  <Value className="java.lang.String">47</Value>
</Feature>
</Annotation>
<Annotation Id="47" Type="gfbf-object" StartNode="1328" EndNode="1349">
<Feature>
  <Name className="java.lang.String">writerAtt</Name>
  <Value className="java.lang.String">positive</Value>
</Feature>
</Annotation>
<Annotation Id="44" Type="gfbf" StartNode="1089" EndNode="1099">
<Feature>
  <Name className="java.lang.String">agentId</Name>
  <Value className="java.lang.String">57</Value>
</Feature>
<Feature>
  <Name className="java.lang.String">polarity</Name>
  <Value className="java.lang.String">badfor</Value>
</Feature>
<Feature>
  <Name className="java.lang.String">objectId</Name>
  <Value className="java.lang.String">45</Value>
</Feature>
<Feature>
  <Name className="java.lang.String">not_writer</Name>
  <Value className="java.lang.String">true</Value>
</Feature>
</Annotation>
<Annotation Id="45" Type="gfbf-object" StartNode="1100" EndNode="1135">
<Feature>
  <Name className="java.lang.String">writerAtt</Name>
  <Value className="java.lang.String">positive</Value>
</Feature>
</Annotation>
<Annotation Id="51" Type="gfbf" StartNode="3531" EndNode="3542">
<Feature>
  <Name className="java.lang.String">agentId</Name>
  <Value className="java.lang.String">59</Value>
</Feature>
<Feature>
  <Name className="java.lang.String">polarity</Name>
  <Value className="java.lang.String">badfor</Value>
</Feature>
<Feature>
  <Name className="java.lang.String">objectId</Name>
  <Value className="java.lang.String">52</Value>
</Feature>
<Feature>
  <Name className="java.lang.String">not_writer</Name>
  <Value className="java.lang.String">true</Value>
</Feature>
</Annotation>
<Annotation Id="50" Type="others" StartNode="1446" EndNode="1488">
<Feature>
  <Name className="java.lang.String">comment</Name>
  <Value className="java.lang.String">put sb under xxx...XXX is important</Value>
</Feature>
</Annotation>
<Annotation Id="49" Type="gfbf-object" StartNode="1398" EndNode="1425">
<Feature>
  <Name className="java.lang.String">writerAtt</Name>
  <Value className="java.lang.String">positive</Value>
</Feature>
</Annotation>
<Annotation Id="48" Type="gfbf" StartNode="1392" EndNode="1397">
<Feature>
  <Name className="java.lang.String">agentId</Name>
  <Value className="java.lang.String">58</Value>
</Feature>
<Feature>
  <Name className="java.lang.String">polarity</Name>
  <Value className="java.lang.String">badfor</Value>
</Feature>
<Feature>
  <Name className="java.lang.String">objectId</Name>
  <Value className="java.lang.String">49</Value>
</Feature>
</Annotation>
<Annotation Id="55" Type="gfbf-agent" StartNode="336" EndNode="372">
<Feature>
  <Name className="java.lang.String">writerAtt</Name>
  <Value className="java.lang.String">negative</Value>
</Feature>
</Annotation>
<Annotation Id="54" Type="gfbf-object" StartNode="3612" EndNode="3629">
<Feature>
  <Name className="java.lang.String">writerAtt</Name>
  <Value className="java.lang.String">positive</Value>
</Feature>
</Annotation>
<Annotation Id="53" Type="gfbf" StartNode="3600" EndNode="3611">
<Feature>
  <Name className="java.lang.String">agentId</Name>
  <Value className="java.lang.String">59</Value>
</Feature>
<Feature>
  <Name className="java.lang.String">polarity</Name>
  <Value className="java.lang.String">badfor</Value>
</Feature>
<Feature>
  <Name className="java.lang.String">objectId</Name>
  <Value className="java.lang.String">54</Value>
</Feature>
<Feature>
  <Name className="java.lang.String">not_writer</Name>
  <Value className="java.lang.String">true</Value>
</Feature>
</Annotation>
<Annotation Id="52" Type="gfbf-object" StartNode="3543" EndNode="3564">
<Feature>
  <Name className="java.lang.String">writerAtt</Name>
  <Value className="java.lang.String">positive</Value>
</Feature>
</Annotation>
<Annotation Id="59" Type="gfbf-agent" StartNode="3487" EndNode="3527">
<Feature>
  <Name className="java.lang.String">writerAtt</Name>
  <Value className="java.lang.String">negative</Value>
</Feature>
</Annotation>
<Annotation Id="58" Type="gfbf-agent" StartNode="1302" EndNode="1311">
<Feature>
  <Name className="java.lang.String">writerAtt</Name>
  <Value className="java.lang.String">negative</Value>
</Feature>
</Annotation>
<Annotation Id="57" Type="gfbf-agent" StartNode="1067" EndNode="1082">
<Feature>
  <Name className="java.lang.String">writerAtt</Name>
  <Value className="java.lang.String">negative</Value>
</Feature>
</Annotation>
<Annotation Id="56" Type="gfbf-agent" StartNode="857" EndNode="866">
<Feature>
  <Name className="java.lang.String">writerAtt</Name>
  <Value className="java.lang.String">positive</Value>
</Feature>
</Annotation>
<Annotation Id="63" Type="gfbf-object" StartNode="3642" EndNode="3677">
<Feature>
  <Name className="java.lang.String">writerAtt</Name>
  <Value className="java.lang.String">negative</Value>
</Feature>
</Annotation>
<Annotation Id="62" Type="gfbf" StartNode="3633" EndNode="3641">
<Feature>
  <Name className="java.lang.String">agentId</Name>
  <Value className="java.lang.String">59</Value>
</Feature>
<Feature>
  <Name className="java.lang.String">polarity</Name>
  <Value className="java.lang.String">goodfor</Value>
</Feature>
<Feature>
  <Name className="java.lang.String">objectId</Name>
  <Value className="java.lang.String">63</Value>
</Feature>
<Feature>
  <Name className="java.lang.String">not_writer</Name>
  <Value className="java.lang.String">true</Value>
</Feature>
</Annotation>
<Annotation Id="61" Type="gfbf-object" StartNode="3566" EndNode="3594">
<Feature>
  <Name className="java.lang.String">writerAtt</Name>
  <Value className="java.lang.String">positive</Value>
</Feature>
</Annotation>
<Annotation Id="60" Type="gfbf" StartNode="3531" EndNode="3542">
<Feature>
  <Name className="java.lang.String">agentId</Name>
  <Value className="java.lang.String">59</Value>
</Feature>
<Feature>
  <Name className="java.lang.String">polarity</Name>
  <Value className="java.lang.String">badfor</Value>
</Feature>
<Feature>
  <Name className="java.lang.String">objectId</Name>
  <Value className="java.lang.String">61</Value>
</Feature>
<Feature>
  <Name className="java.lang.String">not_writer</Name>
  <Value className="java.lang.String">true</Value>
</Feature>
</Annotation>
<Annotation Id="68" Type="gfbf-agent" StartNode="2724" EndNode="2744">
<Feature>
  <Name className="java.lang.String">writerAtt</Name>
  <Value className="java.lang.String">negative</Value>
</Feature>
</Annotation>
<Annotation Id="69" Type="gfbf" StartNode="2968" EndNode="2984">
<Feature>
  <Name className="java.lang.String">agentId</Name>
  <Value className="java.lang.String">71</Value>
</Feature>
<Feature>
  <Name className="java.lang.String">polarity</Name>
  <Value className="java.lang.String">badfor</Value>
</Feature>
<Feature>
  <Name className="java.lang.String">objectId</Name>
  <Value className="java.lang.String">70</Value>
</Feature>
</Annotation>
<Annotation Id="70" Type="gfbf-object" StartNode="2985" EndNode="3089">
<Feature>
  <Name className="java.lang.String">writerAtt</Name>
  <Value className="java.lang.String">positive</Value>
</Feature>
</Annotation>
<Annotation Id="71" Type="gfbf-agent" StartNode="2902" EndNode="2963">
<Feature>
  <Name className="java.lang.String">writerAtt</Name>
  <Value className="java.lang.String">negative</Value>
</Feature>
</Annotation>
<Annotation Id="66" Type="gfbf" StartNode="2806" EndNode="2815">
<Feature>
  <Name className="java.lang.String">agentId</Name>
  <Value className="java.lang.String">68</Value>
</Feature>
<Feature>
  <Name className="java.lang.String">polarity</Name>
  <Value className="java.lang.String">badfor</Value>
</Feature>
<Feature>
  <Name className="java.lang.String">objectId</Name>
  <Value className="java.lang.String">67</Value>
</Feature>
</Annotation>
<Annotation Id="67" Type="gfbf-object" StartNode="2816" EndNode="2848">
<Feature>
  <Name className="java.lang.String">writerAtt</Name>
  <Value className="java.lang.String">positive</Value>
</Feature>
</Annotation>
<Annotation Id="79" Type="gfbf-agent" StartNode="3265" EndNode="3339">
<Feature>
  <Name className="java.lang.String">writerAtt</Name>
  <Value className="java.lang.String">positive</Value>
</Feature>
</Annotation>
<Annotation Id="72" Type="gfbf" StartNode="3181" EndNode="3185">
<Feature>
  <Name className="java.lang.String">agentId</Name>
  <Value className="java.lang.String">74</Value>
</Feature>
<Feature>
  <Name className="java.lang.String">polarity</Name>
  <Value className="java.lang.String">goodfor</Value>
</Feature>
<Feature>
  <Name className="java.lang.String">objectId</Name>
  <Value className="java.lang.String">73</Value>
</Feature>
</Annotation>
<Annotation Id="73" Type="gfbf-object" StartNode="3186" EndNode="3234">
<Feature>
  <Name className="java.lang.String">writerAtt</Name>
  <Value className="java.lang.String">positive</Value>
</Feature>
</Annotation>
<Annotation Id="74" Type="gfbf-agent" StartNode="3174" EndNode="3177">
<Feature>
  <Name className="java.lang.String">reference</Name>
  <Value className="java.lang.String">true</Value>
</Feature>
<Feature>
  <Name className="java.lang.String">referentId</Name>
  <Value className="java.lang.String">75</Value>
</Feature>
<Feature>
  <Name className="java.lang.String">writerAtt</Name>
  <Value className="java.lang.String">positive</Value>
</Feature>
</Annotation>
<Annotation Id="75" Type="referent" StartNode="3111" EndNode="3119">
<Feature>
  <Name className="java.lang.String">writerAtt</Name>
  <Value className="java.lang.String">positive</Value>
</Feature>
</Annotation>
<Annotation Id="85" Type="gfbf-agent" StartNode="3860" EndNode="3892">
<Feature>
  <Name className="java.lang.String">reference</Name>
  <Value className="java.lang.String">true</Value>
</Feature>
<Feature>
  <Name className="java.lang.String">referentId</Name>
  <Value className="java.lang.String">86</Value>
</Feature>
<Feature>
  <Name className="java.lang.String">writerAtt</Name>
  <Value className="java.lang.String">negative</Value>
</Feature>
</Annotation>
<Annotation Id="84" Type="influencer" StartNode="3932" EndNode="3939">
<Feature>
  <Name className="java.lang.String">effect</Name>
  <Value className="java.lang.String">reverse</Value>
</Feature>
<Feature>
  <Name className="java.lang.String">agentId</Name>
  <Value className="java.lang.String">85</Value>
</Feature>
<Feature>
  <Name className="java.lang.String">objectId</Name>
  <Value className="java.lang.String">82</Value>
</Feature>
</Annotation>
<Annotation Id="87" Type="gfbf" StartNode="4142" EndNode="4151">
<Feature>
  <Name className="java.lang.String">agentId</Name>
  <Value className="java.lang.String">89</Value>
</Feature>
<Feature>
  <Name className="java.lang.String">polarity</Name>
  <Value className="java.lang.String">goodfor</Value>
</Feature>
<Feature>
  <Name className="java.lang.String">objectId</Name>
  <Value className="java.lang.String">88</Value>
</Feature>
</Annotation>
<Annotation Id="86" Type="gfbf-agent" StartNode="3778" EndNode="3832">
<Feature>
  <Name className="java.lang.String">writerAtt</Name>
  <Value className="java.lang.String">negative</Value>
</Feature>
</Annotation>
<Annotation Id="80" Type="gfbf" StartNode="3358" EndNode="3363">
<Feature>
  <Name className="java.lang.String">agentId</Name>
  <Value className="java.lang.String">79</Value>
</Feature>
<Feature>
  <Name className="java.lang.String">polarity</Name>
  <Value className="java.lang.String">badfor</Value>
</Feature>
<Feature>
  <Name className="java.lang.String">objectId</Name>
  <Value className="java.lang.String">102</Value>
</Feature>
</Annotation>
<Annotation Id="83" Type="gfbf-object" StartNode="3947" EndNode="3952">
<Feature>
  <Name className="java.lang.String">writerAtt</Name>
  <Value className="java.lang.String">negative</Value>
</Feature>
</Annotation>
<Annotation Id="82" Type="gfbf" StartNode="3941" EndNode="3946">
<Feature>
  <Name className="java.lang.String">agentId</Name>
  <Value className="java.lang.String">85</Value>
</Feature>
<Feature>
  <Name className="java.lang.String">polarity</Name>
  <Value className="java.lang.String">badfor</Value>
</Feature>
<Feature>
  <Name className="java.lang.String">objectId</Name>
  <Value className="java.lang.String">83</Value>
</Feature>
<Feature>
  <Name className="java.lang.String">not_writer</Name>
  <Value className="java.lang.String">true</Value>
</Feature>
</Annotation>
<Annotation Id="93" Type="gfbf" StartNode="2419" EndNode="2424">
<Feature>
  <Name className="java.lang.String">agentId</Name>
  <Value className="java.lang.String">95</Value>
</Feature>
<Feature>
  <Name className="java.lang.String">polarity</Name>
  <Value className="java.lang.String">goodfor</Value>
</Feature>
<Feature>
  <Name className="java.lang.String">objectId</Name>
  <Value className="java.lang.String">94</Value>
</Feature>
<Feature>
  <Name className="java.lang.String">not_writer</Name>
  <Value className="java.lang.String">true</Value>
</Feature>
</Annotation>
<Annotation Id="92" Type="gfbf-agent" StartNode="117" EndNode="119">
<Feature>
  <Name className="java.lang.String">writerAtt</Name>
  <Value className="java.lang.String">none</Value>
</Feature>
</Annotation>
<Annotation Id="95" Type="gfbf-agent" StartNode="2405" EndNode="2409">
<Feature>
  <Name className="java.lang.String">writerAtt</Name>
  <Value className="java.lang.String">negative</Value>
</Feature>
</Annotation>
<Annotation Id="94" Type="gfbf-object" StartNode="2425" EndNode="2430">
<Feature>
  <Name className="java.lang.String">writerAtt</Name>
  <Value className="java.lang.String">negative</Value>
</Feature>
</Annotation>
<Annotation Id="89" Type="gfbf-agent" StartNode="4134" EndNode="4141">
<Feature>
  <Name className="java.lang.String">writerAtt</Name>
  <Value className="java.lang.String">negative</Value>
</Feature>
</Annotation>
<Annotation Id="88" Type="gfbf-object" StartNode="4152" EndNode="4166">
<Feature>
  <Name className="java.lang.String">writerAtt</Name>
  <Value className="java.lang.String">negative</Value>
</Feature>
</Annotation>
<Annotation Id="91" Type="gfbf-object" StartNode="134" EndNode="142">
<Feature>
  <Name className="java.lang.String">writerAtt</Name>
  <Value className="java.lang.String">negative</Value>
</Feature>
</Annotation>
<Annotation Id="90" Type="gfbf" StartNode="129" EndNode="133">
<Feature>
  <Name className="java.lang.String">agentId</Name>
  <Value className="java.lang.String">92</Value>
</Feature>
<Feature>
  <Name className="java.lang.String">polarity</Name>
  <Value className="java.lang.String">goodfor</Value>
</Feature>
<Feature>
  <Name className="java.lang.String">objectId</Name>
  <Value className="java.lang.String">91</Value>
</Feature>
<Feature>
  <Name className="java.lang.String">not_writer</Name>
  <Value className="java.lang.String">true</Value>
</Feature>
</Annotation>
<Annotation Id="102" Type="gfbf-object" StartNode="3364" EndNode="3407">
<Feature>
  <Name className="java.lang.String">writerAtt</Name>
  <Value className="java.lang.String">negative</Value>
</Feature>
</Annotation>
<Annotation Id="103" Type="gfbf" StartNode="3849" EndNode="3854">
<Feature>
  <Name className="java.lang.String">agentId</Name>
  <Value className="java.lang.String">86</Value>
</Feature>
<Feature>
  <Name className="java.lang.String">objectId</Name>
  <Value className="java.lang.String">128</Value>
</Feature>
<Feature>
  <Name className="java.lang.String">polarity</Name>
  <Value className="java.lang.String">goodfor</Value>
</Feature>
</Annotation>
<Annotation Id="100" Type="gfbf" StartNode="3214" EndNode="3224">
<Feature>
  <Name className="java.lang.String">agentId</Name>
  <Value className="java.lang.String">74</Value>
</Feature>
<Feature>
  <Name className="java.lang.String">polarity</Name>
  <Value className="java.lang.String">badfor</Value>
</Feature>
<Feature>
  <Name className="java.lang.String">objectId</Name>
  <Value className="java.lang.String">101</Value>
</Feature>
</Annotation>
<Annotation Id="101" Type="gfbf-object" StartNode="3225" EndNode="3234">
<Feature>
  <Name className="java.lang.String">writerAtt</Name>
  <Value className="java.lang.String">negative</Value>
</Feature>
</Annotation>
<Annotation Id="98" Type="gfbf-object" StartNode="3040" EndNode="3044">
<Feature>
  <Name className="java.lang.String">writerAtt</Name>
  <Value className="java.lang.String">positive</Value>
</Feature>
</Annotation>
<Annotation Id="99" Type="gfbf-agent" StartNode="2985" EndNode="2995">
<Feature>
  <Name className="java.lang.String">writerAtt</Name>
  <Value className="java.lang.String">positive</Value>
</Feature>
</Annotation>
<Annotation Id="96" Type="influencer" StartNode="2410" EndNode="2418">
<Feature>
  <Name className="java.lang.String">effect</Name>
  <Value className="java.lang.String">reverse</Value>
</Feature>
<Feature>
  <Name className="java.lang.String">agentId</Name>
  <Value className="java.lang.String">95</Value>
</Feature>
<Feature>
  <Name className="java.lang.String">objectId</Name>
  <Value className="java.lang.String">93</Value>
</Feature>
</Annotation>
<Annotation Id="97" Type="gfbf" StartNode="3033" EndNode="3039">
<Feature>
  <Name className="java.lang.String">agentId</Name>
  <Value className="java.lang.String">99</Value>
</Feature>
<Feature>
  <Name className="java.lang.String">objectId</Name>
  <Value className="java.lang.String">98</Value>
</Feature>
<Feature>
  <Name className="java.lang.String">polarity</Name>
  <Value className="java.lang.String">goodfor</Value>
</Feature>
</Annotation>
<Annotation Id="110" Type="referent" StartNode="3957" EndNode="3970">
</Annotation>
<Annotation Id="111" Type="gfbf" StartNode="4252" EndNode="4259">
<Feature>
  <Name className="java.lang.String">agentId</Name>
  <Value className="java.lang.String">112</Value>
</Feature>
<Feature>
  <Name className="java.lang.String">polarity</Name>
  <Value className="java.lang.String">goodfor</Value>
</Feature>
<Feature>
  <Name className="java.lang.String">objectId</Name>
  <Value className="java.lang.String">113</Value>
</Feature>
</Annotation>
<Annotation Id="105" Type="influencer" StartNode="3839" EndNode="3848">
<Feature>
  <Name className="java.lang.String">effect</Name>
  <Value className="java.lang.String">reverse</Value>
</Feature>
<Feature>
  <Name className="java.lang.String">agentId</Name>
  <Value className="java.lang.String">86</Value>
</Feature>
<Feature>
  <Name className="java.lang.String">objectId</Name>
  <Value className="java.lang.String">103</Value>
</Feature>
</Annotation>
<Annotation Id="119" Type="gfbf" StartNode="1549" EndNode="1557">
<Feature>
  <Name className="java.lang.String">agentId</Name>
  <Value className="java.lang.String">118</Value>
</Feature>
<Feature>
  <Name className="java.lang.String">objectId</Name>
  <Value className="java.lang.String">120</Value>
</Feature>
<Feature>
  <Name className="java.lang.String">polarity</Name>
  <Value className="java.lang.String">badfor</Value>
</Feature>
<Feature>
  <Name className="java.lang.String">not_writer</Name>
  <Value className="java.lang.String">true</Value>
</Feature>
</Annotation>
<Annotation Id="118" Type="gfbf-agent" StartNode="1539" EndNode="1548">
<Feature>
  <Name className="java.lang.String">writerAtt</Name>
  <Value className="java.lang.String">negative</Value>
</Feature>
</Annotation>
<Annotation Id="117" Type="influencer" StartNode="955" EndNode="964">
<Feature>
  <Name className="java.lang.String">effect</Name>
  <Value className="java.lang.String">reverse</Value>
</Feature>
<Feature>
  <Name className="java.lang.String">agentId</Name>
  <Value className="java.lang.String">56</Value>
</Feature>
<Feature>
  <Name className="java.lang.String">objectId</Name>
  <Value className="java.lang.String">115</Value>
</Feature>
</Annotation>
<Annotation Id="116" Type="gfbf-object" StartNode="941" EndNode="949">
<Feature>
  <Name className="java.lang.String">writerAtt</Name>
  <Value className="java.lang.String">positive</Value>
</Feature>
</Annotation>
<Annotation Id="115" Type="gfbf" StartNode="913" EndNode="940">
<Feature>
  <Name className="java.lang.String">agentId</Name>
  <Value className="java.lang.String">56</Value>
</Feature>
<Feature>
  <Name className="java.lang.String">objectId</Name>
  <Value className="java.lang.String">116</Value>
</Feature>
<Feature>
  <Name className="java.lang.String">polarity</Name>
  <Value className="java.lang.String">goodfor</Value>
</Feature>
</Annotation>
<Annotation Id="113" Type="gfbf-object" StartNode="4204" EndNode="4223">
<Feature>
  <Name className="java.lang.String">writerAtt</Name>
  <Value className="java.lang.String">negative</Value>
</Feature>
</Annotation>
<Annotation Id="112" Type="gfbf-agent" StartNode="4224" EndNode="4251">
<Feature>
  <Name className="java.lang.String">writerAtt</Name>
  <Value className="java.lang.String">negative</Value>
</Feature>
</Annotation>
<Annotation Id="127" Type="gfbf-agent" StartNode="2101" EndNode="2123">
<Feature>
  <Name className="java.lang.String">writerAtt</Name>
  <Value className="java.lang.String">positive</Value>
</Feature>
</Annotation>
<Annotation Id="126" Type="gfbf-object" StartNode="2166" EndNode="2187">
<Feature>
  <Name className="java.lang.String">writerAtt</Name>
  <Value className="java.lang.String">positive</Value>
</Feature>
</Annotation>
<Annotation Id="125" Type="gfbf" StartNode="2153" EndNode="2165">
<Feature>
  <Name className="java.lang.String">agentId</Name>
  <Value className="java.lang.String">127</Value>
</Feature>
<Feature>
  <Name className="java.lang.String">objectId</Name>
  <Value className="java.lang.String">126</Value>
</Feature>
<Feature>
  <Name className="java.lang.String">polarity</Name>
  <Value className="java.lang.String">goodfor</Value>
</Feature>
</Annotation>
<Annotation Id="124" Type="influencer" StartNode="1645" EndNode="1650">
<Feature>
  <Name className="java.lang.String">effect</Name>
  <Value className="java.lang.String">reverse</Value>
</Feature>
<Feature>
  <Name className="java.lang.String">agentId</Name>
  <Value className="java.lang.String">123</Value>
</Feature>
<Feature>
  <Name className="java.lang.String">objectId</Name>
  <Value className="java.lang.String">121</Value>
</Feature>
</Annotation>
<Annotation Id="123" Type="gfbf-agent" StartNode="1635" EndNode="1644">
<Feature>
  <Name className="java.lang.String">writerAtt</Name>
  <Value className="java.lang.String">negative</Value>
</Feature>
</Annotation>
<Annotation Id="122" Type="gfbf-object" StartNode="1673" EndNode="1715">
<Feature>
  <Name className="java.lang.String">writerAtt</Name>
  <Value className="java.lang.String">positive</Value>
</Feature>
</Annotation>
<Annotation Id="121" Type="gfbf" StartNode="1651" EndNode="1664">
<Feature>
  <Name className="java.lang.String">agentId</Name>
  <Value className="java.lang.String">123</Value>
</Feature>
<Feature>
  <Name className="java.lang.String">objectId</Name>
  <Value className="java.lang.String">122</Value>
</Feature>
<Feature>
  <Name className="java.lang.String">polarity</Name>
  <Value className="java.lang.String">goodfor</Value>
</Feature>
<Feature>
  <Name className="java.lang.String">not_writer</Name>
  <Value className="java.lang.String">true</Value>
</Feature>
</Annotation>
<Annotation Id="120" Type="gfbf-object" StartNode="1563" EndNode="1571">
<Feature>
  <Name className="java.lang.String">writerAtt</Name>
  <Value className="java.lang.String">positive</Value>
</Feature>
</Annotation>
<Annotation Id="128" Type="gfbf-object" StartNode="3860" EndNode="3952">
<Feature>
  <Name className="java.lang.String">writerAtt</Name>
  <Value className="java.lang.String">positive</Value>
</Feature>
</Annotation>
</AnnotationSet>

<!-- Named annotation set -->

<AnnotationSet Name="Original markups">
<Annotation Id="0" Type="paragraph" StartNode="0" EndNode="4761">
</Annotation>
<Annotation Id="32" Type="rel" StartNode="729" EndNode="854">
<Feature>
  <Name className="java.lang.String">type</Name>
  <Value className="java.lang.String">label</Value>
</Feature>
<Feature>
  <Name className="java.lang.String">ss-label</Name>
  <Value className="java.lang.String">hurts_businesses</Value>
</Feature>
</Annotation>
<Annotation Id="31" Type="rel" StartNode="610" EndNode="726">
<Feature>
  <Name className="java.lang.String">type</Name>
  <Value className="java.lang.String">label</Value>
</Feature>
<Feature>
  <Name className="java.lang.String">ss-label</Name>
  <Value className="java.lang.String">hurts_businesses</Value>
</Feature>
</Annotation>
</AnnotationSet>

</GateDocument>
