<?xml version='1.0' encoding='US-ASCII'?>
<GateDocument version="2">
<!-- The document's features-->

<GateDocumentFeatures>
<Feature>
  <Name className="java.lang.String">MimeType</Name>
  <Value className="java.lang.String">text/plain</Value>
</Feature>
<Feature>
  <Name className="java.lang.String">gate.SourceURL</Name>
  <Value className="java.lang.String">file:/home/conrada/Dropbox/healthcare_devel_data_final/hc021.txt</Value>
</Feature>
<Feature>
  <Name className="java.lang.String">docNewLineType</Name>
  <Value className="java.lang.String">CRLF</Value>
</Feature>
</GateDocumentFeatures>
<!-- The document content area with serialized nodes -->

<TextWithNodes><Node id="0"/>GOP<Node id="3"/> <Node id="4"/>Attack on<Node id="13"/> <Node id="14"/>Health Care Reform<Node id="32"/> Is a <Node id="38"/>Fight Against<Node id="51"/> <Node id="52"/>Racial Justice<Node id="66"/>
 <Node id="68"/>House Republicans<Node id="85"/> are making good on their pledge to <Node id="121"/>repeal<Node id="127"/> <Node id="128"/>every provision of the new law<Node id="158"/> in a vote next week<Node id="178"/>.
 <Node id="181"/>And while it's a long shot that the GOP's effort will <Node id="235"/>make it through<Node id="250"/> both houses of Congress, what's clear is that less than 72 hours after assuming power <Node id="337"/>Republicans<Node id="348"/> are already <Node id="361"/>breaking<Node id="369"/> <Node id="370"/>their own promises<Node id="388"/> and potentially <Node id="405"/>putting <Node id="413"/>the lives of millions of poor and uninsured people of color<Node id="472"/> at risk<Node id="480"/>.

 First, <Node id="491"/>let's<Node id="496"/> <Node id="497"/>break down<Node id="507"/> <Node id="508"/>the fight<Node id="517"/>.
 <Node id="520"/>The attempt to <Node id="535"/>repeal<Node id="541"/> <Node id="542"/>the health care law<Node id="561"/> is primarily about <Node id="581"/>attacking<Node id="590"/> <Node id="591"/>one of the Obama administration's biggest accomplishments<Node id="648"/>, thereby <Node id="658"/>setting the stage for<Node id="679"/> <Node id="680"/>the 2012 presidential elections<Node id="711"/>.

 <Node id="715"/>Republicans<Node id="726"/> are set to <Node id="738"/>vote on<Node id="745"/> <Node id="746"/>their<Node id="751"/> <Node id="752"/>repeal of<Node id="761"/> <Node id="762"/>the health insurance bill<Node id="787"/>, formally known as the Affordable Care Act next Wednesday, and for all that effort they still haven't managed to come up with a better name for it other than, "<Node id="948"/>Repealing<Node id="957"/> <Node id="958"/>the Job-Killing Health Care Law Act<Node id="993"/>."
<Node id="996"/>
 Since they already control the House, the bill's expected to pass fairly easily.
 Though it faces considerably more challenging odds in the Democratic-controlled Senate, <Node id="1168"/>President Obama<Node id="1183"/> said Thursday that <Node id="1203"/>he<Node id="1205"/>'ll <Node id="1209"/>veto<Node id="1213"/> <Node id="1214"/>any repeal measure that reaches his desk<Node id="1254"/>.
 In <Node id="1260"/>the president's promise<Node id="1283"/> to <Node id="1287"/>veto<Node id="1291"/> <Node id="1292"/>the repeal effort<Node id="1309"/>, the White House cited new data from the Congressional Budget Office that showed just how much is at stake if Republicans get their way.
 <Node id="1448"/>The CBO found that if Republicans do get their repeal, an additional 32 million people would be left uninsured, bringing the total amount of non-elderly adults without coverage to 17 percent, a number that's roughly equivalent to what it is today<Node id="1694"/>.

 <Node id="1698"/>Perhaps more noteworthy, though, is <Node id="1734"/>the office's estimate that <Node id="1761"/>a repeal<Node id="1769"/> would <Node id="1776"/>add $320 billion to<Node id="1795"/> <Node id="1796"/>the federal deficit<Node id="1815"/> over the next decade<Node id="1836"/>. Coincidently, that's exactly what the party promised to avoid doing in the first place.
 Of course, <Node id="1938"/>House leadership<Node id="1954"/> already knows this.
 <Node id="1976"/>So <Node id="1979"/>they<Node id="1983"/>'ve simply decided to change their own rules and continue <Node id="2041"/>lying to<Node id="2049"/> <Node id="2050"/>the public<Node id="2060"/> about what <Node id="2072"/>repealing<Node id="2081"/> <Node id="2082"/>the law<Node id="2089"/> would really mean<Node id="2107"/>.
 <Node id="2110"/>This week <Node id="2120"/>Majority Leader Eric Cantor<Node id="2147"/> <Node id="2148"/>defended<Node id="2156"/> <Node id="2157"/>the party<Node id="2166"/>'s apparent <Node id="2178"/>disregard for<Node id="2191"/> <Node id="2192"/>their own mantra of fiscal responsibility<Node id="2233"/>.

 "<Node id="2238"/>About the budget implications, I think most people understand that the CBO did the job it was asked to do by the then-Democrat majority, and it was really comparing apples to oranges," Cantor told the New York Times<Node id="2453"/>.
 "It talked about 10 years' worth of tax hikes and six years' worth of benefits.
 <Node id="2537"/>Everyone knows beyond the 10-year window, <Node id="2579"/>this bill<Node id="2588"/> has the potential to <Node id="2610"/>bankrupt<Node id="2618"/> <Node id="2619"/>this federal government as well as the states<Node id="2664"/>."
 <Node id="2668"/>Ezra Klein points out at the Washington Post that Cantor's views and comparisons simply have no merit<Node id="2769"/>.
 <Node id="2772"/>Perhaps more importantly,<Node id="2797"/> <Node id="2798"/>Cantor<Node id="2804"/>'s lies<Node id="2811"/> have helped <Node id="2824"/>push<Node id="2828"/> <Node id="2829"/>his party's agenda<Node id="2847"/> at the expense of raising the public's awareness<Node id="2896"/>.<Node id="2897"/>

 <Node id="2900"/>For instance, a Kaiser Health Tracking poll released last spring found that while <Node id="2982"/>46 percent of the American public<Node id="3015"/> favored <Node id="3024"/>reforming<Node id="3033"/> <Node id="3034"/>the law<Node id="3041"/>, that view was based largely on the uninformed belief that it would add to the federal deficit<Node id="3136"/>.
 <Node id="3139"/>And that was as untrue one year ago as it will be for the next two decades<Node id="3213"/>.

 <Node id="3217"/>But if <Node id="3224"/>the health care bill<Node id="3244"/> were to be <Node id="3256"/>repealed<Node id="3264"/>, people of color and many of the country's poorest residents stand to lose the most<Node id="3348"/>.

 <Node id="3352"/>According to Leslie Russell at the Center for American Progress, people of color are more likely to be left uninsured and suffer disproportionately from health disparities<Node id="3523"/>.
 <Node id="3526"/>Some of the estimates show that while 12 percent of white residents are uninsured, those numbers are nearly double for African-Americans<Node id="3662"/>.
 <Node id="3665"/>The numbers are about the same for Latinos and American Indians, whose rates of uninsured total about 32 percent<Node id="3777"/>.
 <Node id="3780"/>Even for those people of color who are insured, they're more likely to get substandard care<Node id="3871"/>.
 <Node id="3874"/>And it's well documented that people of color face much higher rates of cancer, obesity, diabetes, and heart disease<Node id="3990"/>.

 <Node id="3994"/>Conservatives have gone to great lengths to portray <Node id="4046"/>the bill<Node id="4054"/> as a "job killer,"<Node id="4073"/> <Node id="4074"/>when really it's an effort to catch up to <Node id="4116"/>every other industrialized nation in the world<Node id="4162"/> in <Node id="4166"/>offering affordable public health insurance to<Node id="4212"/> <Node id="4213"/>working people<Node id="4227"/>.

 <Node id="4231"/>According to many liberal observers, <Node id="4268"/>such a move<Node id="4279"/> could <Node id="4286"/>free<Node id="4290"/> <Node id="4291"/>a large swath of the public<Node id="4318"/> from the jaws of over zealous private insurers<Node id="4365"/>.

 <Node id="4369"/>So the fight to maintain the health care law is as much a battle for racial justice and health equity as it is one of maintaining one of the Democratic party's landmark victories of the past two years<Node id="4569"/>.
<Node id="4571"/></TextWithNodes>
<!-- The default annotation set -->

<AnnotationSet>
<Annotation Id="1" Type="doc" StartNode="0" EndNode="4571">
<Feature>
  <Name className="java.lang.String">id</Name>
  <Value className="java.lang.String">hc021</Value>
</Feature>
<Feature>
  <Name className="java.lang.String">source</Name>
  <Value className="java.lang.String">colorlines,Color,Lines</Value>
</Feature>
<Feature>
  <Name className="java.lang.String">date</Name>
  <Value className="java.lang.String">201101</Value>
</Feature>
<Feature>
  <Name className="java.lang.String">side</Name>
  <Value className="java.lang.String">pro</Value>
</Feature>
<Feature>
  <Name className="java.lang.String">url</Name>
  <Value className="java.lang.String">http://colorlines.com/archives/2011/01/in_an_email_blast_to.html </Value>
</Feature>
</Annotation>
<Annotation Id="2" Type="arg" StartNode="520" EndNode="711">
<Feature>
  <Name className="java.lang.String">type</Name>
  <Value className="java.lang.String">label</Value>
</Feature>
<Feature>
  <Name className="java.lang.String">ss-label</Name>
  <Value className="java.lang.String">opposition_based_on_political_gain</Value>
</Feature>
<Feature>
  <Name className="java.lang.String">polarity</Name>
  <Value className="java.lang.String">positive</Value>
</Feature>
</Annotation>
<Annotation Id="3" Type="arg" StartNode="181" EndNode="480">
<Feature>
  <Name className="java.lang.String">ss-label</Name>
  <Value className="java.lang.String">repeal_hurts_racial_equality</Value>
</Feature>
<Feature>
  <Name className="java.lang.String">unclear</Name>
  <Value className="java.lang.String">true</Value>
</Feature>
<Feature>
  <Name className="java.lang.String">type</Name>
  <Value className="java.lang.String">label</Value>
</Feature>
<Feature>
  <Name className="java.lang.String">polarity</Name>
  <Value className="java.lang.String">negative</Value>
</Feature>
</Annotation>
<Annotation Id="4" Type="rel" StartNode="715" EndNode="996">
<Feature>
  <Name className="java.lang.String">unclear</Name>
  <Value className="java.lang.String">true</Value>
</Feature>
<Feature>
  <Name className="java.lang.String">ss-label</Name>
  <Value className="java.lang.String">opposition_has_no_plan</Value>
</Feature>
<Feature>
  <Name className="java.lang.String">type</Name>
  <Value className="java.lang.String">label</Value>
</Feature>
<Feature>
  <Name className="java.lang.String">polarity</Name>
  <Value className="java.lang.String">negative</Value>
</Feature>
</Annotation>
<Annotation Id="5" Type="arg" StartNode="1448" EndNode="1694">
<Feature>
  <Name className="java.lang.String">type</Name>
  <Value className="java.lang.String">label</Value>
</Feature>
<Feature>
  <Name className="java.lang.String">ss-label</Name>
  <Value className="java.lang.String">repeal_leaves_many_uninsured</Value>
</Feature>
<Feature>
  <Name className="java.lang.String">polarity</Name>
  <Value className="java.lang.String">negative</Value>
</Feature>
</Annotation>
<Annotation Id="6" Type="arg" StartNode="1698" EndNode="1836">
<Feature>
  <Name className="java.lang.String">type</Name>
  <Value className="java.lang.String">label</Value>
</Feature>
<Feature>
  <Name className="java.lang.String">ss-label</Name>
  <Value className="java.lang.String">repeal_increases_deficit</Value>
</Feature>
<Feature>
  <Name className="java.lang.String">polarity</Name>
  <Value className="java.lang.String">negative</Value>
</Feature>
</Annotation>
<Annotation Id="8" Type="arg" StartNode="2537" EndNode="2664">
<Feature>
  <Name className="java.lang.String">type</Name>
  <Value className="java.lang.String">else</Value>
</Feature>
<Feature>
  <Name className="java.lang.String">polarity</Name>
  <Value className="java.lang.String">negative</Value>
</Feature>
</Annotation>
<Annotation Id="9" Type="rel" StartNode="1938" EndNode="1954">
<Feature>
  <Name className="java.lang.String">id</Name>
  <Value className="java.lang.String">r1</Value>
</Feature>
</Annotation>
<Annotation Id="10" Type="rel" StartNode="2110" EndNode="2233">
<Feature>
  <Name className="java.lang.String">type</Name>
  <Value className="java.lang.String">label</Value>
</Feature>
<Feature>
  <Name className="java.lang.String">ss-label</Name>
  <Value className="java.lang.String">opposition_based_on_political_gain</Value>
</Feature>
<Feature>
  <Name className="java.lang.String">about-rel</Name>
  <Value className="java.lang.String">r1</Value>
</Feature>
</Annotation>
<Annotation Id="11" Type="arg" StartNode="2772" EndNode="2897">
<Feature>
  <Name className="java.lang.String">type</Name>
  <Value className="java.lang.String">label</Value>
</Feature>
<Feature>
  <Name className="java.lang.String">ss-label</Name>
  <Value className="java.lang.String">opposition_based_on_political_gain</Value>
</Feature>
<Feature>
  <Name className="java.lang.String">polarity</Name>
  <Value className="java.lang.String">negative</Value>
</Feature>
</Annotation>
<Annotation Id="12" Type="rel" StartNode="2900" EndNode="3136">
<Feature>
  <Name className="java.lang.String">type</Name>
  <Value className="java.lang.String">label</Value>
</Feature>
<Feature>
  <Name className="java.lang.String">ss-label</Name>
  <Value className="java.lang.String">opposition_demagogues_bill</Value>
</Feature>
</Annotation>
<Annotation Id="13" Type="arg" StartNode="3217" EndNode="3348">
<Feature>
  <Name className="java.lang.String">prospect</Name>
  <Value className="java.lang.String">loss</Value>
</Feature>
<Feature>
  <Name className="java.lang.String">ss-label</Name>
  <Value className="java.lang.String">repeal_hurts_racial_equality</Value>
</Feature>
<Feature>
  <Name className="java.lang.String">group</Name>
  <Value className="java.lang.String">self-group</Value>
</Feature>
<Feature>
  <Name className="java.lang.String">type</Name>
  <Value className="java.lang.String">label</Value>
</Feature>
<Feature>
  <Name className="java.lang.String">polarity</Name>
  <Value className="java.lang.String">negative</Value>
</Feature>
</Annotation>
<Annotation Id="15" Type="rel" StartNode="4046" EndNode="4054">
<Feature>
  <Name className="java.lang.String">id</Name>
  <Value className="java.lang.String">r2</Value>
</Feature>
</Annotation>
<Annotation Id="17" Type="arg" StartNode="3994" EndNode="4073">
<Feature>
  <Name className="java.lang.String">unclear</Name>
  <Value className="java.lang.String">true</Value>
</Feature>
<Feature>
  <Name className="java.lang.String">ss-label</Name>
  <Value className="java.lang.String">opposition_demagogues_bill</Value>
</Feature>
<Feature>
  <Name className="java.lang.String">type</Name>
  <Value className="java.lang.String">label</Value>
</Feature>
<Feature>
  <Name className="java.lang.String">polarity</Name>
  <Value className="java.lang.String">negative</Value>
</Feature>
</Annotation>
<Annotation Id="16" Type="arg" StartNode="4074" EndNode="4227">
<Feature>
  <Name className="java.lang.String">ss-label</Name>
  <Value className="java.lang.String">most_other_industrialized_countries_guarentee_healthcare</Value>
</Feature>
<Feature>
  <Name className="java.lang.String">type</Name>
  <Value className="java.lang.String">label</Value>
</Feature>
<Feature>
  <Name className="java.lang.String">about-rel</Name>
  <Value className="java.lang.String">r2</Value>
</Feature>
<Feature>
  <Name className="java.lang.String">polarity</Name>
  <Value className="java.lang.String">positive</Value>
</Feature>
<Feature>
  <Name className="java.lang.String">incomplete</Name>
  <Value className="java.lang.String">true</Value>
</Feature>
</Annotation>
<Annotation Id="19" Type="arg" StartNode="4369" EndNode="4569">
<Feature>
  <Name className="java.lang.String">type</Name>
  <Value className="java.lang.String">label</Value>
</Feature>
<Feature>
  <Name className="java.lang.String">ss-label</Name>
  <Value className="java.lang.String">improves_racial_equality</Value>
</Feature>
<Feature>
  <Name className="java.lang.String">polarity</Name>
  <Value className="java.lang.String">positive</Value>
</Feature>
</Annotation>
<Annotation Id="18" Type="arg" StartNode="4231" EndNode="4365">
<Feature>
  <Name className="java.lang.String">ss-label</Name>
  <Value className="java.lang.String">prevents_corporate_exploitation</Value>
</Feature>
<Feature>
  <Name className="java.lang.String">unclear</Name>
  <Value className="java.lang.String">true</Value>
</Feature>
<Feature>
  <Name className="java.lang.String">type</Name>
  <Value className="java.lang.String">label</Value>
</Feature>
<Feature>
  <Name className="java.lang.String">polarity</Name>
  <Value className="java.lang.String">positive</Value>
</Feature>
<Feature>
  <Name className="java.lang.String">incomplete</Name>
  <Value className="java.lang.String">true</Value>
</Feature>
</Annotation>
<Annotation Id="21" Type="rel" StartNode="68" EndNode="178">
<Feature>
  <Name className="java.lang.String">type</Name>
  <Value className="java.lang.String">label</Value>
</Feature>
<Feature>
  <Name className="java.lang.String">ss-label</Name>
  <Value className="java.lang.String">opposition_based_on_political_gain</Value>
</Feature>
<Feature>
  <Name className="java.lang.String">unclear</Name>
  <Value className="java.lang.String">true</Value>
</Feature>
</Annotation>
<Annotation Id="20" Type="arg" StartNode="0" EndNode="66">
<Feature>
  <Name className="java.lang.String">ss-label</Name>
  <Value className="java.lang.String">repeal_hurts_racial_equality</Value>
</Feature>
<Feature>
  <Name className="java.lang.String">type</Name>
  <Value className="java.lang.String">label</Value>
</Feature>
<Feature>
  <Name className="java.lang.String">polarity</Name>
  <Value className="java.lang.String">negative</Value>
</Feature>
<Feature>
  <Name className="java.lang.String">incomplete</Name>
  <Value className="java.lang.String"></Value>
</Feature>
</Annotation>
<Annotation Id="23" Type="arg" StartNode="1976" EndNode="2107">
<Feature>
  <Name className="java.lang.String">type</Name>
  <Value className="java.lang.String">label</Value>
</Feature>
<Feature>
  <Name className="java.lang.String">ss-label</Name>
  <Value className="java.lang.String">opposition_based_on_political_gain</Value>
</Feature>
<Feature>
  <Name className="java.lang.String">polarity</Name>
  <Value className="java.lang.String">negative</Value>
</Feature>
</Annotation>
<Annotation Id="25" Type="arg" StartNode="2668" EndNode="2769">
<Feature>
  <Name className="java.lang.String">type</Name>
  <Value className="java.lang.String">label</Value>
</Feature>
<Feature>
  <Name className="java.lang.String">ss-label</Name>
  <Value className="java.lang.String">opposition_demagogues_bill</Value>
</Feature>
<Feature>
  <Name className="java.lang.String">polarity</Name>
  <Value className="java.lang.String">negative</Value>
</Feature>
</Annotation>
<Annotation Id="24" Type="arg" StartNode="2238" EndNode="2453">
<Feature>
  <Name className="java.lang.String">type</Name>
  <Value className="java.lang.String">else</Value>
</Feature>
<Feature>
  <Name className="java.lang.String">polarity</Name>
  <Value className="java.lang.String">negative</Value>
</Feature>
</Annotation>
<Annotation Id="27" Type="rel" StartNode="3352" EndNode="3523">
<Feature>
  <Name className="java.lang.String">type</Name>
  <Value className="java.lang.String">label</Value>
</Feature>
<Feature>
  <Name className="java.lang.String">ss-label</Name>
  <Value className="java.lang.String">repeal_hurts_racial_equality</Value>
</Feature>
</Annotation>
<Annotation Id="26" Type="arg" StartNode="3139" EndNode="3213">
<Feature>
  <Name className="java.lang.String">type</Name>
  <Value className="java.lang.String">else</Value>
</Feature>
<Feature>
  <Name className="java.lang.String">unclear</Name>
  <Value className="java.lang.String">true</Value>
</Feature>
<Feature>
  <Name className="java.lang.String">polarity</Name>
  <Value className="java.lang.String">negative</Value>
</Feature>
</Annotation>
<Annotation Id="29" Type="rel" StartNode="3665" EndNode="3777">
<Feature>
  <Name className="java.lang.String">type</Name>
  <Value className="java.lang.String">label</Value>
</Feature>
<Feature>
  <Name className="java.lang.String">ss-label</Name>
  <Value className="java.lang.String">repeal_hurts_racial_equality</Value>
</Feature>
</Annotation>
<Annotation Id="28" Type="rel" StartNode="3526" EndNode="3662">
<Feature>
  <Name className="java.lang.String">type</Name>
  <Value className="java.lang.String">label</Value>
</Feature>
<Feature>
  <Name className="java.lang.String">ss-label</Name>
  <Value className="java.lang.String">repeal_hurts_racial_equality</Value>
</Feature>
</Annotation>
<Annotation Id="31" Type="rel" StartNode="3874" EndNode="3990">
<Feature>
  <Name className="java.lang.String">type</Name>
  <Value className="java.lang.String">label</Value>
</Feature>
<Feature>
  <Name className="java.lang.String">ss-label</Name>
  <Value className="java.lang.String">repeal_hurts_racial_equality</Value>
</Feature>
</Annotation>
<Annotation Id="30" Type="rel" StartNode="3780" EndNode="3871">
<Feature>
  <Name className="java.lang.String">type</Name>
  <Value className="java.lang.String">label</Value>
</Feature>
<Feature>
  <Name className="java.lang.String">ss-label</Name>
  <Value className="java.lang.String">repeal_hurts_racial_equality</Value>
</Feature>
</Annotation>
<Annotation Id="34" Type="gfbf-object" StartNode="370" EndNode="388">
<Feature>
  <Name className="java.lang.String">referentId</Name>
  <Value className="java.lang.String">49</Value>
</Feature>
<Feature>
  <Name className="java.lang.String">writerAtt</Name>
  <Value className="java.lang.String">positive</Value>
</Feature>
<Feature>
  <Name className="java.lang.String">refererence</Name>
  <Value className="java.lang.String">true</Value>
</Feature>
</Annotation>
<Annotation Id="35" Type="gfbf" StartNode="405" EndNode="480">
<Feature>
  <Name className="java.lang.String">agentId</Name>
  <Value className="java.lang.String">49</Value>
</Feature>
<Feature>
  <Name className="java.lang.String">uncertain</Name>
  <Value className="java.lang.String">true</Value>
</Feature>
<Feature>
  <Name className="java.lang.String">comment</Name>
  <Value className="java.lang.String">put at risk</Value>
</Feature>
<Feature>
  <Name className="java.lang.String">polarity</Name>
  <Value className="java.lang.String">badfor</Value>
</Feature>
<Feature>
  <Name className="java.lang.String">objectId</Name>
  <Value className="java.lang.String">36</Value>
</Feature>
</Annotation>
<Annotation Id="32" Type="others" StartNode="235" EndNode="250">
</Annotation>
<Annotation Id="33" Type="gfbf" StartNode="361" EndNode="369">
<Feature>
  <Name className="java.lang.String">agentId</Name>
  <Value className="java.lang.String">49</Value>
</Feature>
<Feature>
  <Name className="java.lang.String">objectId</Name>
  <Value className="java.lang.String">34</Value>
</Feature>
<Feature>
  <Name className="java.lang.String">polarity</Name>
  <Value className="java.lang.String">badfor</Value>
</Feature>
</Annotation>
<Annotation Id="38" Type="gfbf-object" StartNode="542" EndNode="561">
<Feature>
  <Name className="java.lang.String">writerAtt</Name>
  <Value className="java.lang.String">positive</Value>
</Feature>
</Annotation>
<Annotation Id="39" Type="gfbf" StartNode="581" EndNode="590">
<Feature>
  <Name className="java.lang.String">agentId</Name>
  <Value className="java.lang.String">52</Value>
</Feature>
<Feature>
  <Name className="java.lang.String">polarity</Name>
  <Value className="java.lang.String">badfor</Value>
</Feature>
<Feature>
  <Name className="java.lang.String">objectId</Name>
  <Value className="java.lang.String">40</Value>
</Feature>
</Annotation>
<Annotation Id="36" Type="gfbf-object" StartNode="413" EndNode="472">
<Feature>
  <Name className="java.lang.String">writerAtt</Name>
  <Value className="java.lang.String">positive</Value>
</Feature>
</Annotation>
<Annotation Id="37" Type="gfbf" StartNode="535" EndNode="541">
<Feature>
  <Name className="java.lang.String">agentId</Name>
  <Value className="java.lang.String">implicit</Value>
</Feature>
<Feature>
  <Name className="java.lang.String">objectId</Name>
  <Value className="java.lang.String">38</Value>
</Feature>
<Feature>
  <Name className="java.lang.String">polarity</Name>
  <Value className="java.lang.String">badfor</Value>
</Feature>
</Annotation>
<Annotation Id="42" Type="gfbf-object" StartNode="2082" EndNode="2089">
<Feature>
  <Name className="java.lang.String">writerAtt</Name>
  <Value className="java.lang.String">positive</Value>
</Feature>
</Annotation>
<Annotation Id="43" Type="gfbf" StartNode="2824" EndNode="2828">
<Feature>
  <Name className="java.lang.String">agentId</Name>
  <Value className="java.lang.String">50</Value>
</Feature>
<Feature>
  <Name className="java.lang.String">phaseII</Name>
  <Value className="java.lang.String">phaseII</Value>
</Feature>
<Feature>
  <Name className="java.lang.String">objectId</Name>
  <Value className="java.lang.String">44</Value>
</Feature>
<Feature>
  <Name className="java.lang.String">polarity</Name>
  <Value className="java.lang.String">goodfor</Value>
</Feature>
</Annotation>
<Annotation Id="40" Type="gfbf-object" StartNode="591" EndNode="648">
<Feature>
  <Name className="java.lang.String">writerAtt</Name>
  <Value className="java.lang.String">positive</Value>
</Feature>
</Annotation>
<Annotation Id="41" Type="gfbf" StartNode="2072" EndNode="2081">
<Feature>
  <Name className="java.lang.String">agentId</Name>
  <Value className="java.lang.String">implicit</Value>
</Feature>
<Feature>
  <Name className="java.lang.String">objectId</Name>
  <Value className="java.lang.String">42</Value>
</Feature>
<Feature>
  <Name className="java.lang.String">polarity</Name>
  <Value className="java.lang.String">badfor</Value>
</Feature>
</Annotation>
<Annotation Id="47" Type="others" StartNode="4286" EndNode="4365">
<Feature>
  <Name className="java.lang.String">comment</Name>
  <Value className="java.lang.String">free sb from ...</Value>
</Feature>
</Annotation>
<Annotation Id="44" Type="gfbf-object" StartNode="2829" EndNode="2847">
<Feature>
  <Name className="java.lang.String">referentId</Name>
  <Value className="java.lang.String">100</Value>
</Feature>
<Feature>
  <Name className="java.lang.String">writerAtt</Name>
  <Value className="java.lang.String">negative</Value>
</Feature>
<Feature>
  <Name className="java.lang.String">refererence</Name>
  <Value className="java.lang.String">true</Value>
</Feature>
</Annotation>
<Annotation Id="50" Type="gfbf-agent" StartNode="2798" EndNode="2811">
<Feature>
  <Name className="java.lang.String">writerAtt</Name>
  <Value className="java.lang.String">negative</Value>
</Feature>
</Annotation>
<Annotation Id="49" Type="gfbf-agent" StartNode="337" EndNode="348">
<Feature>
  <Name className="java.lang.String">writerAtt</Name>
  <Value className="java.lang.String">negative</Value>
</Feature>
</Annotation>
<Annotation Id="55" Type="gfbf" StartNode="1209" EndNode="1213">
<Feature>
  <Name className="java.lang.String">agentId</Name>
  <Value className="java.lang.String">57</Value>
</Feature>
<Feature>
  <Name className="java.lang.String">polarity</Name>
  <Value className="java.lang.String">badfor</Value>
</Feature>
<Feature>
  <Name className="java.lang.String">objectId</Name>
  <Value className="java.lang.String">56</Value>
</Feature>
</Annotation>
<Annotation Id="52" Type="gfbf-agent" StartNode="520" EndNode="561">
<Feature>
  <Name className="java.lang.String">writerAtt</Name>
  <Value className="java.lang.String">negative</Value>
</Feature>
</Annotation>
<Annotation Id="59" Type="gfbf" StartNode="1287" EndNode="1291">
<Feature>
  <Name className="java.lang.String">agentId</Name>
  <Value className="java.lang.String">61</Value>
</Feature>
<Feature>
  <Name className="java.lang.String">polarity</Name>
  <Value className="java.lang.String">badfor</Value>
</Feature>
<Feature>
  <Name className="java.lang.String">objectId</Name>
  <Value className="java.lang.String">60</Value>
</Feature>
</Annotation>
<Annotation Id="58" Type="referent" StartNode="1168" EndNode="1183">
<Feature>
  <Name className="java.lang.String">writerAtt</Name>
  <Value className="java.lang.String">positive</Value>
</Feature>
</Annotation>
<Annotation Id="57" Type="gfbf-agent" StartNode="1203" EndNode="1205">
<Feature>
  <Name className="java.lang.String">reference</Name>
  <Value className="java.lang.String">true</Value>
</Feature>
<Feature>
  <Name className="java.lang.String">referentId</Name>
  <Value className="java.lang.String">58</Value>
</Feature>
<Feature>
  <Name className="java.lang.String">writerAtt</Name>
  <Value className="java.lang.String">positive</Value>
</Feature>
</Annotation>
<Annotation Id="56" Type="gfbf-object" StartNode="1214" EndNode="1254">
<Feature>
  <Name className="java.lang.String">writerAtt</Name>
  <Value className="java.lang.String">negative</Value>
</Feature>
</Annotation>
<Annotation Id="63" Type="gfbf-object" StartNode="2050" EndNode="2060">
<Feature>
  <Name className="java.lang.String">writerAtt</Name>
  <Value className="java.lang.String">positive</Value>
</Feature>
</Annotation>
<Annotation Id="62" Type="gfbf" StartNode="2041" EndNode="2049">
<Feature>
  <Name className="java.lang.String">agentId</Name>
  <Value className="java.lang.String">64</Value>
</Feature>
<Feature>
  <Name className="java.lang.String">uncertain</Name>
  <Value className="java.lang.String">true</Value>
</Feature>
<Feature>
  <Name className="java.lang.String">objectId</Name>
  <Value className="java.lang.String">63</Value>
</Feature>
<Feature>
  <Name className="java.lang.String">polarity</Name>
  <Value className="java.lang.String">badfor</Value>
</Feature>
</Annotation>
<Annotation Id="61" Type="gfbf-agent" StartNode="1260" EndNode="1283">
<Feature>
  <Name className="java.lang.String">writerAtt</Name>
  <Value className="java.lang.String">positive</Value>
</Feature>
</Annotation>
<Annotation Id="60" Type="gfbf-object" StartNode="1292" EndNode="1309">
<Feature>
  <Name className="java.lang.String">writerAtt</Name>
  <Value className="java.lang.String">negative</Value>
</Feature>
</Annotation>
<Annotation Id="68" Type="gfbf-agent" StartNode="2120" EndNode="2147">
<Feature>
  <Name className="java.lang.String">writerAtt</Name>
  <Value className="java.lang.String">negative</Value>
</Feature>
</Annotation>
<Annotation Id="69" Type="gfbf" StartNode="2610" EndNode="2618">
<Feature>
  <Name className="java.lang.String">agentId</Name>
  <Value className="java.lang.String">72</Value>
</Feature>
<Feature>
  <Name className="java.lang.String">polarity</Name>
  <Value className="java.lang.String">badfor</Value>
</Feature>
<Feature>
  <Name className="java.lang.String">objectId</Name>
  <Value className="java.lang.String">71</Value>
</Feature>
</Annotation>
<Annotation Id="71" Type="gfbf-object" StartNode="2619" EndNode="2664">
<Feature>
  <Name className="java.lang.String">writerAtt</Name>
  <Value className="java.lang.String">positive</Value>
</Feature>
</Annotation>
<Annotation Id="64" Type="gfbf-agent" StartNode="1979" EndNode="1983">
<Feature>
  <Name className="java.lang.String">reference</Name>
  <Value className="java.lang.String">true</Value>
</Feature>
<Feature>
  <Name className="java.lang.String">referentId</Name>
  <Value className="java.lang.String">65</Value>
</Feature>
<Feature>
  <Name className="java.lang.String">writerAtt</Name>
  <Value className="java.lang.String">negative</Value>
</Feature>
</Annotation>
<Annotation Id="65" Type="referent" StartNode="1938" EndNode="1954">
<Feature>
  <Name className="java.lang.String">writerAtt</Name>
  <Value className="java.lang.String">negative</Value>
</Feature>
</Annotation>
<Annotation Id="66" Type="gfbf" StartNode="2148" EndNode="2156">
<Feature>
  <Name className="java.lang.String">agentId</Name>
  <Value className="java.lang.String">68</Value>
</Feature>
<Feature>
  <Name className="java.lang.String">polarity</Name>
  <Value className="java.lang.String">goodfor</Value>
</Feature>
<Feature>
  <Name className="java.lang.String">objectId</Name>
  <Value className="java.lang.String">67</Value>
</Feature>
</Annotation>
<Annotation Id="67" Type="gfbf-object" StartNode="2157" EndNode="2233">
<Feature>
  <Name className="java.lang.String">writerAtt</Name>
  <Value className="java.lang.String">negative</Value>
</Feature>
</Annotation>
<Annotation Id="76" Type="gfbf-agent" StartNode="4268" EndNode="4279">
<Feature>
  <Name className="java.lang.String">writerAtt</Name>
  <Value className="java.lang.String">positive</Value>
</Feature>
</Annotation>
<Annotation Id="77" Type="gfbf" StartNode="4" EndNode="13">
<Feature>
  <Name className="java.lang.String">agentId</Name>
  <Value className="java.lang.String">79</Value>
</Feature>
<Feature>
  <Name className="java.lang.String">polarity</Name>
  <Value className="java.lang.String">badfor</Value>
</Feature>
<Feature>
  <Name className="java.lang.String">objectId</Name>
  <Value className="java.lang.String">78</Value>
</Feature>
</Annotation>
<Annotation Id="78" Type="gfbf-object" StartNode="14" EndNode="32">
<Feature>
  <Name className="java.lang.String">writerAtt</Name>
  <Value className="java.lang.String">positive</Value>
</Feature>
</Annotation>
<Annotation Id="79" Type="gfbf-agent" StartNode="0" EndNode="3">
<Feature>
  <Name className="java.lang.String">writerAtt</Name>
  <Value className="java.lang.String">negative</Value>
</Feature>
</Annotation>
<Annotation Id="72" Type="gfbf-agent" StartNode="2579" EndNode="2588">
<Feature>
  <Name className="java.lang.String">writerAtt</Name>
  <Value className="java.lang.String">positive</Value>
</Feature>
</Annotation>
<Annotation Id="74" Type="gfbf" StartNode="4286" EndNode="4290">
<Feature>
  <Name className="java.lang.String">agentId</Name>
  <Value className="java.lang.String">76</Value>
</Feature>
<Feature>
  <Name className="java.lang.String">polarity</Name>
  <Value className="java.lang.String">goodfor</Value>
</Feature>
<Feature>
  <Name className="java.lang.String">objectId</Name>
  <Value className="java.lang.String">75</Value>
</Feature>
</Annotation>
<Annotation Id="75" Type="gfbf-object" StartNode="4291" EndNode="4318">
<Feature>
  <Name className="java.lang.String">writerAtt</Name>
  <Value className="java.lang.String">positive</Value>
</Feature>
</Annotation>
<Annotation Id="85" Type="gfbf-agent" StartNode="68" EndNode="85">
<Feature>
  <Name className="java.lang.String">writerAtt</Name>
  <Value className="java.lang.String">negative</Value>
</Feature>
</Annotation>
<Annotation Id="84" Type="gfbf-object" StartNode="128" EndNode="158">
<Feature>
  <Name className="java.lang.String">writerAtt</Name>
  <Value className="java.lang.String">positive</Value>
</Feature>
</Annotation>
<Annotation Id="87" Type="gfbf-object" StartNode="508" EndNode="517">
<Feature>
  <Name className="java.lang.String">writerAtt</Name>
  <Value className="java.lang.String">negative</Value>
</Feature>
</Annotation>
<Annotation Id="86" Type="gfbf" StartNode="497" EndNode="507">
<Feature>
  <Name className="java.lang.String">agentId</Name>
  <Value className="java.lang.String">88</Value>
</Feature>
<Feature>
  <Name className="java.lang.String">polarity</Name>
  <Value className="java.lang.String">badfor</Value>
</Feature>
<Feature>
  <Name className="java.lang.String">objectId</Name>
  <Value className="java.lang.String">87</Value>
</Feature>
</Annotation>
<Annotation Id="81" Type="gfbf-object" StartNode="52" EndNode="66">
<Feature>
  <Name className="java.lang.String">writerAtt</Name>
  <Value className="java.lang.String">positive</Value>
</Feature>
</Annotation>
<Annotation Id="80" Type="gfbf" StartNode="38" EndNode="51">
<Feature>
  <Name className="java.lang.String">agentId</Name>
  <Value className="java.lang.String">82</Value>
</Feature>
<Feature>
  <Name className="java.lang.String">polarity</Name>
  <Value className="java.lang.String">badfor</Value>
</Feature>
<Feature>
  <Name className="java.lang.String">objectId</Name>
  <Value className="java.lang.String">81</Value>
</Feature>
</Annotation>
<Annotation Id="83" Type="gfbf" StartNode="121" EndNode="127">
<Feature>
  <Name className="java.lang.String">agentId</Name>
  <Value className="java.lang.String">85</Value>
</Feature>
<Feature>
  <Name className="java.lang.String">polarity</Name>
  <Value className="java.lang.String">badfor</Value>
</Feature>
<Feature>
  <Name className="java.lang.String">objectId</Name>
  <Value className="java.lang.String">84</Value>
</Feature>
</Annotation>
<Annotation Id="82" Type="gfbf-agent" StartNode="0" EndNode="32">
<Feature>
  <Name className="java.lang.String">writerAtt</Name>
  <Value className="java.lang.String">negative</Value>
</Feature>
</Annotation>
<Annotation Id="93" Type="gfbf-object" StartNode="762" EndNode="787">
<Feature>
  <Name className="java.lang.String">writerAtt</Name>
  <Value className="java.lang.String">positive</Value>
</Feature>
</Annotation>
<Annotation Id="95" Type="influencer" StartNode="738" EndNode="745">
<Feature>
  <Name className="java.lang.String">effect</Name>
  <Value className="java.lang.String">retain</Value>
</Feature>
<Feature>
  <Name className="java.lang.String">agentId</Name>
  <Value className="java.lang.String">96</Value>
</Feature>
<Feature>
  <Name className="java.lang.String">objectId</Name>
  <Value className="java.lang.String">91</Value>
</Feature>
</Annotation>
<Annotation Id="94" Type="gfbf-agent" StartNode="746" EndNode="751">
<Feature>
  <Name className="java.lang.String">reference</Name>
  <Value className="java.lang.String">true</Value>
</Feature>
<Feature>
  <Name className="java.lang.String">referentId</Name>
  <Value className="java.lang.String">96</Value>
</Feature>
<Feature>
  <Name className="java.lang.String">writerAtt</Name>
  <Value className="java.lang.String">negative</Value>
</Feature>
</Annotation>
<Annotation Id="89" Type="gfbf" StartNode="658" EndNode="679">
<Feature>
  <Name className="java.lang.String">uncertain</Name>
  <Value className="java.lang.String">true</Value>
</Feature>
<Feature>
  <Name className="java.lang.String">agentId</Name>
  <Value className="java.lang.String">implicit</Value>
</Feature>
<Feature>
  <Name className="java.lang.String">objectId</Name>
  <Value className="java.lang.String">90</Value>
</Feature>
<Feature>
  <Name className="java.lang.String">polarity</Name>
  <Value className="java.lang.String">goodfor</Value>
</Feature>
</Annotation>
<Annotation Id="88" Type="gfbf-agent" StartNode="491" EndNode="496">
<Feature>
  <Name className="java.lang.String">writerAtt</Name>
  <Value className="java.lang.String">positive</Value>
</Feature>
</Annotation>
<Annotation Id="91" Type="gfbf" StartNode="752" EndNode="761">
<Feature>
  <Name className="java.lang.String">agentId</Name>
  <Value className="java.lang.String">94</Value>
</Feature>
<Feature>
  <Name className="java.lang.String">polarity</Name>
  <Value className="java.lang.String">badfor</Value>
</Feature>
<Feature>
  <Name className="java.lang.String">objectId</Name>
  <Value className="java.lang.String">93</Value>
</Feature>
</Annotation>
<Annotation Id="90" Type="gfbf-object" StartNode="680" EndNode="711">
<Feature>
  <Name className="java.lang.String">uncertain</Name>
  <Value className="java.lang.String">true</Value>
</Feature>
<Feature>
  <Name className="java.lang.String">writerAtt</Name>
  <Value className="java.lang.String">positive</Value>
</Feature>
</Annotation>
<Annotation Id="102" Type="gfbf" StartNode="3024" EndNode="3033">
<Feature>
  <Name className="java.lang.String">agentId</Name>
  <Value className="java.lang.String">101</Value>
</Feature>
<Feature>
  <Name className="java.lang.String">polarity</Name>
  <Value className="java.lang.String">badfor</Value>
</Feature>
<Feature>
  <Name className="java.lang.String">objectId</Name>
  <Value className="java.lang.String">103</Value>
</Feature>
</Annotation>
<Annotation Id="103" Type="gfbf-object" StartNode="3034" EndNode="3041">
<Feature>
  <Name className="java.lang.String">writerAtt</Name>
  <Value className="java.lang.String">positive</Value>
</Feature>
</Annotation>
<Annotation Id="100" Type="referent" StartNode="2798" EndNode="2804">
</Annotation>
<Annotation Id="101" Type="gfbf-agent" StartNode="2982" EndNode="3015">
<Feature>
  <Name className="java.lang.String">writerAtt</Name>
  <Value className="java.lang.String">none</Value>
</Feature>
</Annotation>
<Annotation Id="98" Type="gfbf-agent" StartNode="2157" EndNode="2166">
<Feature>
  <Name className="java.lang.String">writerAtt</Name>
  <Value className="java.lang.String">negative</Value>
</Feature>
</Annotation>
<Annotation Id="99" Type="gfbf-object" StartNode="2192" EndNode="2233">
<Feature>
  <Name className="java.lang.String">writerAtt</Name>
  <Value className="java.lang.String">negative</Value>
</Feature>
</Annotation>
<Annotation Id="96" Type="gfbf-agent" StartNode="715" EndNode="726">
<Feature>
  <Name className="java.lang.String">writerAtt</Name>
  <Value className="java.lang.String">negative</Value>
</Feature>
</Annotation>
<Annotation Id="97" Type="gfbf" StartNode="2178" EndNode="2191">
<Feature>
  <Name className="java.lang.String">agentId</Name>
  <Value className="java.lang.String">98</Value>
</Feature>
<Feature>
  <Name className="java.lang.String">polarity</Name>
  <Value className="java.lang.String">badfor</Value>
</Feature>
<Feature>
  <Name className="java.lang.String">objectId</Name>
  <Value className="java.lang.String">99</Value>
</Feature>
</Annotation>
<Annotation Id="108" Type="gfbf-object" StartNode="4213" EndNode="4227">
<Feature>
  <Name className="java.lang.String">writerAtt</Name>
  <Value className="java.lang.String">positive</Value>
</Feature>
</Annotation>
<Annotation Id="106" Type="gfbf-agent" StartNode="4116" EndNode="4162">
<Feature>
  <Name className="java.lang.String">writerAtt</Name>
  <Value className="java.lang.String">positive</Value>
</Feature>
</Annotation>
<Annotation Id="107" Type="gfbf" StartNode="4166" EndNode="4212">
<Feature>
  <Name className="java.lang.String">agentId</Name>
  <Value className="java.lang.String">106</Value>
</Feature>
<Feature>
  <Name className="java.lang.String">polarity</Name>
  <Value className="java.lang.String">goodfor</Value>
</Feature>
<Feature>
  <Name className="java.lang.String">objectId</Name>
  <Value className="java.lang.String">108</Value>
</Feature>
</Annotation>
<Annotation Id="104" Type="gfbf" StartNode="3256" EndNode="3264">
<Feature>
  <Name className="java.lang.String">agentId</Name>
  <Value className="java.lang.String">implicit</Value>
</Feature>
<Feature>
  <Name className="java.lang.String">polarity</Name>
  <Value className="java.lang.String">badfor</Value>
</Feature>
<Feature>
  <Name className="java.lang.String">objectId</Name>
  <Value className="java.lang.String">105</Value>
</Feature>
</Annotation>
<Annotation Id="105" Type="gfbf-object" StartNode="3224" EndNode="3244">
<Feature>
  <Name className="java.lang.String">writerAtt</Name>
  <Value className="java.lang.String">positive</Value>
</Feature>
</Annotation>
<Annotation Id="119" Type="gfbf-agent" StartNode="1761" EndNode="1769">
<Feature>
  <Name className="java.lang.String">writerAtt</Name>
  <Value className="java.lang.String">negative</Value>
</Feature>
</Annotation>
<Annotation Id="118" Type="gfbf-object" StartNode="1796" EndNode="1815">
<Feature>
  <Name className="java.lang.String">writerAtt</Name>
  <Value className="java.lang.String">negative</Value>
</Feature>
</Annotation>
<Annotation Id="117" Type="gfbf" StartNode="1776" EndNode="1795">
<Feature>
  <Name className="java.lang.String">agentId</Name>
  <Value className="java.lang.String">119</Value>
</Feature>
<Feature>
  <Name className="java.lang.String">phaseII</Name>
  <Value className="java.lang.String">phaseII</Value>
</Feature>
<Feature>
  <Name className="java.lang.String">objectId</Name>
  <Value className="java.lang.String">118</Value>
</Feature>
<Feature>
  <Name className="java.lang.String">polarity</Name>
  <Value className="java.lang.String">goodfor</Value>
</Feature>
</Annotation>
<Annotation Id="116" Type="highlight" StartNode="2797" EndNode="2896">
</Annotation>
<Annotation Id="115" Type="highlight" StartNode="1734" EndNode="1836">
<Feature>
  <Name className="java.lang.String">agree</Name>
  <Value className="java.lang.String">agree</Value>
</Feature>
</Annotation>
<Annotation Id="114" Type="gfbf-object" StartNode="958" EndNode="993">
<Feature>
  <Name className="java.lang.String">writerAtt</Name>
  <Value className="java.lang.String">negative</Value>
</Feature>
</Annotation>
<Annotation Id="113" Type="gfbf" StartNode="948" EndNode="957">
<Feature>
  <Name className="java.lang.String">agentId</Name>
  <Value className="java.lang.String">implicit</Value>
</Feature>
<Feature>
  <Name className="java.lang.String">polarity</Name>
  <Value className="java.lang.String">badfor</Value>
</Feature>
<Feature>
  <Name className="java.lang.String">objectId</Name>
  <Value className="java.lang.String">114</Value>
</Feature>
</Annotation>
</AnnotationSet>

<!-- Named annotation set -->

<AnnotationSet Name="Original markups">
<Annotation Id="0" Type="paragraph" StartNode="0" EndNode="4571">
</Annotation>
</AnnotationSet>

</GateDocument>
