<?xml version='1.0' encoding='MacRoman'?>
<GateDocument>
<!-- The document's features-->

<GateDocumentFeatures>
<Feature>
  <Name className="java.lang.String">gate.SourceURL</Name>
  <Value className="java.lang.String">file:/E:/Users/conrada/Documents/My%20Dropbox/healthcare_devel_data_final/hc028.txt</Value>
</Feature>
<Feature>
  <Name className="java.lang.String">MimeType</Name>
  <Value className="java.lang.String">text/plain</Value>
</Feature>
<Feature>
  <Name className="java.lang.String">docNewLineType</Name>
  <Value className="java.lang.String">CRLF</Value>
</Feature>
</GateDocumentFeatures>
<!-- The document content area with serialized nodes -->

<TextWithNodes><Node id="0" />More Obamacare insanity: Sebelius' shameless attempt to jawbone insurers on costs<Node id="81" />
ANDREA TANTAROS
 <Node id="99" />In early September, <Node id="119" />Health and Human Services Secretary <Node id="155" />Kathleen Sebelius<Node id="172" /> - throwing her new weight around after the passage of Obamacare - <Node id="239" />threatened<Node id="249" /> <Node id="250" />the health insurance industry<Node id="279" /> with a letter that spelled out "zero tolerance" for "unjustified rate increases."<Node id="361" />

 <Node id="364" />This week, her agency unveiled a new rule that allows the federal government to decide what counts as an "unreasonable" rate increase<Node id="497" />.

 <Node id="501" />The upshot: If an insurance company increases the cost of a premium to above 10%, it may well feel the wrath of the feds<Node id="621" />.
 There's just one problem: Under Obamacare, <Node id="667" />the federal government<Node id="689" /> does <Node id="695" />not<Node id="698" /> have the authority to <Node id="721" />block<Node id="726" /> or <Node id="730" />overturn<Node id="738" /> <Node id="739" />an insurance price increase<Node id="766" />.
 (Congress debated whether or not to give the Health and Human Services Department this authority during the crafting of the legislation, but it was ultimately rejected.)
 <Node id="940" />In point of fact, <Node id="958" />43 states already regulate and approve rates in the individual or small business market<Node id="1045" /> through their insurance commissioners<Node id="1083" />.
 <Node id="1086" />This new law would let them continue to do their job - unless the federal government were to decide that their reviews weren't "effective<Node id="1223" />."

 <Node id="1228" />Once again, government is overreaching and telling private business what to do.<Node id="1307" />

 Stop for a moment and digest how silly all this is.
 <Node id="1363" />Sebelius and her crew can scold insurance companies in public, but they have zero actual power to actually get a company to lower the objectionable cost<Node id="1515" />.

 <Node id="1519" />It's the politicization of price controls - big government at its strong-arming worst<Node id="1604" />.

 <Node id="1608" />But there's a deeper problem here: The idea that <Node id="1657" />our federal government<Node id="1679" />, <Node id="1681" />which<Node id="1686" /> is <Node id="1690" />mandating<Node id="1699" /> <Node id="1700" />that insurance companies<Node id="1724" /> to do more and more, can at the very same time be bullying by way of executive power to force them to charge less and less<Node id="1847" />.

 <Node id="1851" />We often decry "unfunded mandates" when they hit states and local governments; why should we just roll our eyes when the target is private industry?<Node id="1999" />
 <Node id="2001" />The disconnect within <Node id="2023" />the Obama administration<Node id="2047" /> either reveals <Node id="2063" />how little<Node id="2073" /> <Node id="2074" />it<Node id="2076" /> <Node id="2077" />cares about<Node id="2088" /> <Node id="2089" />the laws of economics<Node id="2110" /> or how convinced it is that it can single-handedly rewrite them<Node id="2174" />.

 <Node id="2178" />With the passage of Obamacare, <Node id="2209" />the government<Node id="2223" /> <Node id="2224" />slapped<Node id="2231" /> <Node id="2232" />the managed care industry<Node id="2257" /> with a plethora of new must-do's<Node id="2290" />: <Node id="2292" />For example, requiring that the insurers cover young adults until they're 26  and banning them from denying coverage for anyone with preexisting conditions; mandating coverage of immunizations, and getting rid of lifetime limits<Node id="2520" />.

 <Node id="2524" />To add all these new requirements, then in the same breath to tell insurers that <Node id="2605" />they<Node id="2609" /> <Node id="2610" />cannot<Node id="2616" /> <Node id="2617" />raise<Node id="2622" /> <Node id="2623" />premiums<Node id="2631" />, is like telling General Motors that the cars it produces need to have side air bags, hybrid engines and state-of-the-art sound systems, but they can't raise a single sticker price<Node id="2812" />.

 "<Node id="2817" />The regulatory apparatus developing in the wake of the health reform law<Node id="2889" /> is <Node id="2893" />leading to<Node id="2903" /> <Node id="2904" />the politicization of the US health care system<Node id="2953" />," says Bill Smith, a former pharmaceutical executive and now a health care consultant with National Strategies in Washington, "and we have seen in the European context how <Node id="3126" />political control of health care<Node id="3158" /> <Node id="3159" />destroys<Node id="3167" /> <Node id="3168" />innovation<Node id="3178" />."
 So what does this mean for the insurance industry?
 <Node id="3234" />Expect the market - which was already distorted in many ways - to get even more chaotic<Node id="3321" />.
 <Node id="3324" />Besides <Node id="3332" />the regulations<Node id="3347" /> <Node id="3348" />creating<Node id="3356" /> <Node id="3357" />a media frenzy<Node id="3371" /> for press-hungry politicians who can use insurers as a punching bag,  insurers will have to publicly justify why they are raising rates (through a statement on their website, for example)<Node id="3559" />.
 <Node id="3562" />For a provider in a state like New York, <Node id="3603" />a lashing from Washington<Node id="3628" /> could <Node id="3635" />put pressure on<Node id="3650" /> our insurance commissioner to <Node id="3681" />rein in<Node id="3688" /> <Node id="3689" />any proposed increases<Node id="3711" />.

 <Node id="3715" />The insurer could be pressured into keeping the rate low, which could in turn lead a New York-based insurer to pull out of the small-group or individual market, thus giving us fewer options<Node id="3904" />.

 <Node id="3908" />So while <Node id="3917" />Sebelius' new rule<Node id="3935" /> gives her little new legal authority, it does give her the power to alter insurers' behavior through public shaming - a powerful political tool when anti-business sentiment is running so high<Node id="4127" />.
 <Node id="4130" />And although <Node id="4143" />insurers<Node id="4151" /> are required to <Node id="4168" />cover<Node id="4173" /> <Node id="4174" />certain benefits<Node id="4190" />, <Node id="4192" />they<Node id="4196" /> could <Node id="4203" />diminish<Node id="4211" /> <Node id="4212" />other, less essential ones<Node id="4238" />, thus giving us, the patients, a watered-down product<Node id="4292" />.

 <Node id="4296" />Plus, Obamacare was bad enough<Node id="4326" />.
 <Node id="4329" />Now, thousands of additional regulations are sprouting up in addition to the bill<Node id="4410" />.
 (Sebelius' new rule is 136 pages long - on top of a 2,000-plus page health care bill).
 <Node id="4501" />But, under the Medical Loss Ratio rule in the Obamacare bill, insurers are not allowed to spend more on administrative costs<Node id="4625" />.
 <Node id="4628" />So how are they supposed to read through this mountain of new mandates?<Node id="4699" />

 <Node id="4702" />The irony of it all is that <Node id="4730" />Obamacare<Node id="4739" /> was supposed to provide coverage for everyone, and now <Node id="4795" />it<Node id="4797" />'s <Node id="4800" />squeezing<Node id="4809" /> <Node id="4810" />the same industry that provides the coverage<Node id="4854" />. <Node id="4856" />This puts our nation on the road to a public option, the left's ultimate goal<Node id="4933" />.
 <Node id="4936" />When <Node id="4941" />premiums<Node id="4949" /> are <Node id="4954" />squeezed<Node id="4962" /> but <Node id="4967" />benefits<Node id="4975" /> are <Node id="4980" />enriched<Node id="4988" />, it is a recipe for insurers to withdraw from the market.<Node id="5046" />

 <Node id="5049" />This could help politicians make the case for a government option in 2014, when the insurance exchanges go into effect<Node id="5167" />.
 <Node id="5170" />Since an estimated 30 million people could be buying insurance through these exchanges, the threat is very real - and very troublesome<Node id="5304" />.

 <Node id="5308" />So while Obama and Sebelius tighten their grip, we, the patients, stand to pay the price.<Node id="5397" />
 It's enough to make us sick.
andrea@andreatantaros.com
Andrea Tantaros, whose column appears on Thursdays on NYDailyNews.com and often in the print edition of the newspaper, is a political commentator as well as a corporate communications executive.
She previously served as a senior adviser on a number of political campaigns and as communications director for former Massachusetts Gov. Bill Weld and Rep. Thomas Reynolds, and on Capitol Hill as press secretary for Republican leadership.
Tantaros lives in New York City.
<Node id="5922" /></TextWithNodes>
<!-- The default annotation set -->

<AnnotationSet>
<Annotation Id="1" Type="doc" StartNode="0" EndNode="5922">
<Feature>
  <Name className="java.lang.String">id</Name>
  <Value className="java.lang.String">hc028</Value>
</Feature>
<Feature>
  <Name className="java.lang.String">author</Name>
  <Value className="java.lang.String">Andrea,Tantaros</Value>
</Feature>
<Feature>
  <Name className="java.lang.String">source</Name>
  <Value className="java.lang.String">nydailynews,New,York,Daily,News</Value>
</Feature>
<Feature>
  <Name className="java.lang.String">date</Name>
  <Value className="java.lang.String">20101223</Value>
</Feature>
<Feature>
  <Name className="java.lang.String">side</Name>
  <Value className="java.lang.String">anti</Value>
</Feature>
<Feature>
  <Name className="java.lang.String">url</Name>
  <Value className="java.lang.String">http://www.nydailynews.com/opinions/2010/12/23/2010-12-23_more_obamacare_insanity_kathleen_sebelius_shameless_attempt_to_jawbone_insurers_.html </Value>
</Feature>
</Annotation>
<Annotation Id="2" Type="arg" StartNode="0" EndNode="81">
<Feature>
  <Name className="java.lang.String">ss-label</Name>
  <Value className="java.lang.String">bill_will_hurt_healthcare_system</Value>
</Feature>
<Feature>
  <Name className="java.lang.String">type</Name>
  <Value className="java.lang.String">label</Value>
</Feature>
<Feature>
  <Name className="java.lang.String">polarity</Name>
  <Value className="java.lang.String">negative</Value>
</Feature>
<Feature>
  <Name className="java.lang.String">incomplete</Name>
  <Value className="java.lang.String">true</Value>
</Feature>
</Annotation>
<Annotation Id="3" Type="rel" StartNode="364" EndNode="497">
<Feature>
  <Name className="java.lang.String">ss-label</Name>
  <Value className="java.lang.String">centralizes_healthcare_control</Value>
</Feature>
<Feature>
  <Name className="java.lang.String">unclear</Name>
  <Value className="java.lang.String">true</Value>
</Feature>
<Feature>
  <Name className="java.lang.String">type</Name>
  <Value className="java.lang.String">label</Value>
</Feature>
<Feature>
  <Name className="java.lang.String">about-rel</Name>
  <Value className="java.lang.String">r1</Value>
</Feature>
<Feature>
  <Name className="java.lang.String">polarity</Name>
  <Value className="java.lang.String">negative</Value>
</Feature>
</Annotation>
<Annotation Id="4" Type="rel" StartNode="155" EndNode="172">
<Feature>
  <Name className="java.lang.String">id</Name>
  <Value className="java.lang.String">r1</Value>
</Feature>
</Annotation>
<Annotation Id="5" Type="rel" StartNode="99" EndNode="361">
<Feature>
  <Name className="java.lang.String">type</Name>
  <Value className="java.lang.String">label</Value>
</Feature>
<Feature>
  <Name className="java.lang.String">ss-label</Name>
  <Value className="java.lang.String">centralizes_healthcare_control</Value>
</Feature>
</Annotation>
<Annotation Id="6" Type="rel" StartNode="958" EndNode="1045">
<Feature>
  <Name className="java.lang.String">id</Name>
  <Value className="java.lang.String">r2</Value>
</Feature>
</Annotation>
<Annotation Id="7" Type="rel" StartNode="1086" EndNode="1223">
<Feature>
  <Name className="java.lang.String">unclear</Name>
  <Value className="java.lang.String">true</Value>
</Feature>
<Feature>
  <Name className="java.lang.String">ss-label</Name>
  <Value className="java.lang.String">interferes_with_states_ability_to_regulate</Value>
</Feature>
<Feature>
  <Name className="java.lang.String">type</Name>
  <Value className="java.lang.String">label</Value>
</Feature>
<Feature>
  <Name className="java.lang.String">about-rel</Name>
  <Value className="java.lang.String">r2</Value>
</Feature>
<Feature>
  <Name className="java.lang.String">polarity</Name>
  <Value className="java.lang.String">negative</Value>
</Feature>
</Annotation>
<Annotation Id="8" Type="arg" StartNode="1228" EndNode="1307">
<Feature>
  <Name className="java.lang.String">type</Name>
  <Value className="java.lang.String">label</Value>
</Feature>
<Feature>
  <Name className="java.lang.String">ss-label</Name>
  <Value className="java.lang.String">govt_reaching_beyond_authority</Value>
</Feature>
<Feature>
  <Name className="java.lang.String">polarity</Name>
  <Value className="java.lang.String">negative</Value>
</Feature>
</Annotation>
<Annotation Id="9" Type="rel" StartNode="1363" EndNode="1515">
<Feature>
  <Name className="java.lang.String">type</Name>
  <Value className="java.lang.String">label</Value>
</Feature>
<Feature>
  <Name className="java.lang.String">ss-label</Name>
  <Value className="java.lang.String">govt_reaching_beyond_authority</Value>
</Feature>
</Annotation>
<Annotation Id="10" Type="arg" StartNode="1519" EndNode="1604">
<Feature>
  <Name className="java.lang.String">ss-label</Name>
  <Value className="java.lang.String">govt_reaching_beyond_authority</Value>
</Feature>
<Feature>
  <Name className="java.lang.String">type</Name>
  <Value className="java.lang.String">label</Value>
</Feature>
<Feature>
  <Name className="java.lang.String">polarity</Name>
  <Value className="java.lang.String">negative</Value>
</Feature>
<Feature>
  <Name className="java.lang.String">incomplete</Name>
  <Value className="java.lang.String">true</Value>
</Feature>
</Annotation>
<Annotation Id="11" Type="arg" StartNode="1608" EndNode="1847">
<Feature>
  <Name className="java.lang.String">unclear</Name>
  <Value className="java.lang.String">true</Value>
</Feature>
<Feature>
  <Name className="java.lang.String">ss-label</Name>
  <Value className="java.lang.String">requires_insurers_to_do_too_much</Value>
</Feature>
<Feature>
  <Name className="java.lang.String">type</Name>
  <Value className="java.lang.String">label</Value>
</Feature>
<Feature>
  <Name className="java.lang.String">polarity</Name>
  <Value className="java.lang.String">negative</Value>
</Feature>
</Annotation>
<Annotation Id="13" Type="rel" StartNode="1851" EndNode="1999">
<Feature>
  <Name className="java.lang.String">type</Name>
  <Value className="java.lang.String">label</Value>
</Feature>
<Feature>
  <Name className="java.lang.String">ss-label</Name>
  <Value className="java.lang.String">requires_insurers_to_do_too_much</Value>
</Feature>
</Annotation>
<Annotation Id="14" Type="arg" StartNode="2178" EndNode="2290">
<Feature>
  <Name className="java.lang.String">type</Name>
  <Value className="java.lang.String">label</Value>
</Feature>
<Feature>
  <Name className="java.lang.String">ss-label</Name>
  <Value className="java.lang.String">requires_insurers_to_do_too_much</Value>
</Feature>
<Feature>
  <Name className="java.lang.String">polarity</Name>
  <Value className="java.lang.String">negative</Value>
</Feature>
</Annotation>
<Annotation Id="15" Type="rel" StartNode="2292" EndNode="2520">
<Feature>
  <Name className="java.lang.String">type</Name>
  <Value className="java.lang.String">label</Value>
</Feature>
<Feature>
  <Name className="java.lang.String">ss-label</Name>
  <Value className="java.lang.String">requires_insurers_to_do_too_much</Value>
</Feature>
</Annotation>
<Annotation Id="17" Type="arg" StartNode="2524" EndNode="2812">
<Feature>
  <Name className="java.lang.String">ss-label</Name>
  <Value className="java.lang.String">places_too_many_limits_on_insurers</Value>
</Feature>
<Feature>
  <Name className="java.lang.String">unclear</Name>
  <Value className="java.lang.String">true</Value>
</Feature>
<Feature>
  <Name className="java.lang.String">type</Name>
  <Value className="java.lang.String">label</Value>
</Feature>
<Feature>
  <Name className="java.lang.String">polarity</Name>
  <Value className="java.lang.String">negative</Value>
</Feature>
<Feature>
  <Name className="java.lang.String">incomplete</Name>
  <Value className="java.lang.String">true</Value>
</Feature>
</Annotation>
<Annotation Id="19" Type="arg" StartNode="2817" EndNode="3178">
<Feature>
  <Name className="java.lang.String">unclear</Name>
  <Value className="java.lang.String">true</Value>
</Feature>
<Feature>
  <Name className="java.lang.String">ss-label</Name>
  <Value className="java.lang.String">politicizes_healthcare_system</Value>
</Feature>
<Feature>
  <Name className="java.lang.String">type</Name>
  <Value className="java.lang.String">label</Value>
</Feature>
<Feature>
  <Name className="java.lang.String">polarity</Name>
  <Value className="java.lang.String">negative</Value>
</Feature>
</Annotation>
<Annotation Id="21" Type="arg" StartNode="3324" EndNode="3559">
<Feature>
  <Name className="java.lang.String">type</Name>
  <Value className="java.lang.String">label</Value>
</Feature>
<Feature>
  <Name className="java.lang.String">ss-label</Name>
  <Value className="java.lang.String">attacks_on_insurance_companies_are_politically_motivated</Value>
</Feature>
<Feature>
  <Name className="java.lang.String">polarity</Name>
  <Value className="java.lang.String">negative</Value>
</Feature>
</Annotation>
<Annotation Id="23" Type="arg" StartNode="3715" EndNode="3904">
<Feature>
  <Name className="java.lang.String">type</Name>
  <Value className="java.lang.String">label</Value>
</Feature>
<Feature>
  <Name className="java.lang.String">ss-label</Name>
  <Value className="java.lang.String">hurts_insurance_market</Value>
</Feature>
<Feature>
  <Name className="java.lang.String">polarity</Name>
  <Value className="java.lang.String">negative</Value>
</Feature>
</Annotation>
<Annotation Id="22" Type="arg" StartNode="3562" EndNode="3711">
<Feature>
  <Name className="java.lang.String">unclear</Name>
  <Value className="java.lang.String">true</Value>
</Feature>
<Feature>
  <Name className="java.lang.String">ss-label</Name>
  <Value className="java.lang.String">places_too_many_limits_on_insurers</Value>
</Feature>
<Feature>
  <Name className="java.lang.String">type</Name>
  <Value className="java.lang.String">label</Value>
</Feature>
<Feature>
  <Name className="java.lang.String">polarity</Name>
  <Value className="java.lang.String">negative</Value>
</Feature>
</Annotation>
<Annotation Id="25" Type="rel" StartNode="3908" EndNode="4127">
<Feature>
  <Name className="java.lang.String">ss-label</Name>
  <Value className="java.lang.String">politicizes_healthcare_system</Value>
</Feature>
<Feature>
  <Name className="java.lang.String">unclear</Name>
  <Value className="java.lang.String">true</Value>
</Feature>
<Feature>
  <Name className="java.lang.String">type</Name>
  <Value className="java.lang.String">label</Value>
</Feature>
<Feature>
  <Name className="java.lang.String">polarity</Name>
  <Value className="java.lang.String">negative</Value>
</Feature>
</Annotation>
<Annotation Id="24" Type="rel" StartNode="3917" EndNode="3935">
<Feature>
  <Name className="java.lang.String">id</Name>
  <Value className="java.lang.String">r3</Value>
</Feature>
</Annotation>
<Annotation Id="27" Type="arg" StartNode="4296" EndNode="4326">
<Feature>
  <Name className="java.lang.String">unclear</Name>
  <Value className="java.lang.String">true</Value>
</Feature>
<Feature>
  <Name className="java.lang.String">ss-label</Name>
  <Value className="java.lang.String">bill_will_hurt_healthcare_system</Value>
</Feature>
<Feature>
  <Name className="java.lang.String">type</Name>
  <Value className="java.lang.String">label</Value>
</Feature>
<Feature>
  <Name className="java.lang.String">polarity</Name>
  <Value className="java.lang.String">negative</Value>
</Feature>
<Feature>
  <Name className="java.lang.String">incomplete</Name>
  <Value className="java.lang.String">true</Value>
</Feature>
</Annotation>
<Annotation Id="26" Type="arg" StartNode="4130" EndNode="4292">
<Feature>
  <Name className="java.lang.String">prospect</Name>
  <Value className="java.lang.String">loss</Value>
</Feature>
<Feature>
  <Name className="java.lang.String">ss-label</Name>
  <Value className="java.lang.String">diminishes_quality_of_care</Value>
</Feature>
<Feature>
  <Name className="java.lang.String">type</Name>
  <Value className="java.lang.String">label</Value>
</Feature>
<Feature>
  <Name className="java.lang.String">group</Name>
  <Value className="java.lang.String">self-group</Value>
</Feature>
<Feature>
  <Name className="java.lang.String">polarity</Name>
  <Value className="java.lang.String">negative</Value>
</Feature>
</Annotation>
<Annotation Id="29" Type="arg" StartNode="4936" EndNode="5046">
<Feature>
  <Name className="java.lang.String">type</Name>
  <Value className="java.lang.String">label</Value>
</Feature>
<Feature>
  <Name className="java.lang.String">ss-label</Name>
  <Value className="java.lang.String">hurts_insurance_market</Value>
</Feature>
<Feature>
  <Name className="java.lang.String">polarity</Name>
  <Value className="java.lang.String">negative</Value>
</Feature>
</Annotation>
<Annotation Id="28" Type="arg" StartNode="4856" EndNode="4933">
<Feature>
  <Name className="java.lang.String">ss-label</Name>
  <Value className="java.lang.String">goal_is_to_expand_entitlements</Value>
</Feature>
<Feature>
  <Name className="java.lang.String">type</Name>
  <Value className="java.lang.String">label</Value>
</Feature>
<Feature>
  <Name className="java.lang.String">polarity</Name>
  <Value className="java.lang.String">negative</Value>
</Feature>
<Feature>
  <Name className="java.lang.String">incomplete</Name>
  <Value className="java.lang.String">true</Value>
</Feature>
</Annotation>
<Annotation Id="31" Type="arg" StartNode="5308" EndNode="5397">
<Feature>
  <Name className="java.lang.String">prospect</Name>
  <Value className="java.lang.String">loss</Value>
</Feature>
<Feature>
  <Name className="java.lang.String">unclear</Name>
  <Value className="java.lang.String">true</Value>
</Feature>
<Feature>
  <Name className="java.lang.String">ss-label</Name>
  <Value className="java.lang.String">individuals_will_pay_more</Value>
</Feature>
<Feature>
  <Name className="java.lang.String">type</Name>
  <Value className="java.lang.String">label</Value>
</Feature>
<Feature>
  <Name className="java.lang.String">group</Name>
  <Value className="java.lang.String">self-group</Value>
</Feature>
<Feature>
  <Name className="java.lang.String">polarity</Name>
  <Value className="java.lang.String">negative</Value>
</Feature>
</Annotation>
<Annotation Id="34" Type="arg" StartNode="4702" EndNode="4854">
<Feature>
  <Name className="java.lang.String">unclear</Name>
  <Value className="java.lang.String">true</Value>
</Feature>
<Feature>
  <Name className="java.lang.String">ss-label</Name>
  <Value className="java.lang.String">hurts_private_insurance</Value>
</Feature>
<Feature>
  <Name className="java.lang.String">type</Name>
  <Value className="java.lang.String">label</Value>
</Feature>
<Feature>
  <Name className="java.lang.String">polarity</Name>
  <Value className="java.lang.String">negative</Value>
</Feature>
</Annotation>
<Annotation Id="35" Type="rel" StartNode="501" EndNode="621">
<Feature>
  <Name className="java.lang.String">type</Name>
  <Value className="java.lang.String">label</Value>
</Feature>
<Feature>
  <Name className="java.lang.String">ss-label</Name>
  <Value className="java.lang.String">centralizes_healthcare_control</Value>
</Feature>
</Annotation>
<Annotation Id="32" Type="rel" StartNode="5049" EndNode="5167">
<Feature>
  <Name className="java.lang.String">type</Name>
  <Value className="java.lang.String">label</Value>
</Feature>
<Feature>
  <Name className="java.lang.String">ss-label</Name>
  <Value className="java.lang.String">goal_is_to_expand_entitlements</Value>
</Feature>
</Annotation>
<Annotation Id="38" Type="arg" StartNode="2001" EndNode="2174">
<Feature>
  <Name className="java.lang.String">type</Name>
  <Value className="java.lang.String">label</Value>
</Feature>
<Feature>
  <Name className="java.lang.String">ss-label</Name>
  <Value className="java.lang.String">requires_insurers_to_do_too_much</Value>
</Feature>
<Feature>
  <Name className="java.lang.String">polarity</Name>
  <Value className="java.lang.String">negative</Value>
</Feature>
</Annotation>
<Annotation Id="39" Type="arg" StartNode="3234" EndNode="3321">
<Feature>
  <Name className="java.lang.String">type</Name>
  <Value className="java.lang.String">label</Value>
</Feature>
<Feature>
  <Name className="java.lang.String">ss-label</Name>
  <Value className="java.lang.String">leads_to_economic_uncertainty</Value>
</Feature>
<Feature>
  <Name className="java.lang.String">polarity</Name>
  <Value className="java.lang.String">negative</Value>
</Feature>
</Annotation>
<Annotation Id="37" Type="rel" StartNode="940" EndNode="1083">
<Feature>
  <Name className="java.lang.String">type</Name>
  <Value className="java.lang.String">label</Value>
</Feature>
<Feature>
  <Name className="java.lang.String">ss-label</Name>
  <Value className="java.lang.String">interferes_with_states_ability_to_regulate</Value>
</Feature>
</Annotation>
<Annotation Id="42" Type="rel" StartNode="4501" EndNode="4625">
<Feature>
  <Name className="java.lang.String">type</Name>
  <Value className="java.lang.String">label</Value>
</Feature>
<Feature>
  <Name className="java.lang.String">ss-label</Name>
  <Value className="java.lang.String">places_too_many_limits_on_insurers</Value>
</Feature>
</Annotation>
<Annotation Id="43" Type="rel" StartNode="4628" EndNode="4699">
<Feature>
  <Name className="java.lang.String">type</Name>
  <Value className="java.lang.String">label</Value>
</Feature>
<Feature>
  <Name className="java.lang.String">ss-label</Name>
  <Value className="java.lang.String">places_too_many_limits_on_insurers</Value>
</Feature>
</Annotation>
<Annotation Id="40" Type="rel" StartNode="4329" EndNode="4410">
<Feature>
  <Name className="java.lang.String">type</Name>
  <Value className="java.lang.String">label</Value>
</Feature>
<Feature>
  <Name className="java.lang.String">ss-label</Name>
  <Value className="java.lang.String">places_too_many_limits_on_insurers</Value>
</Feature>
</Annotation>
<Annotation Id="46" Type="gfbf" StartNode="2077" EndNode="2088">
<Feature>
  <Name className="java.lang.String">agentId</Name>
  <Value className="java.lang.String">48</Value>
</Feature>
<Feature>
  <Name className="java.lang.String">objectId</Name>
  <Value className="java.lang.String">47</Value>
</Feature>
<Feature>
  <Name className="java.lang.String">polarity</Name>
  <Value className="java.lang.String">goodfor</Value>
</Feature>
</Annotation>
<Annotation Id="47" Type="gfbf-object" StartNode="2089" EndNode="2110">
<Feature>
  <Name className="java.lang.String">writerAtt</Name>
  <Value className="java.lang.String">positive</Value>
</Feature>
</Annotation>
<Annotation Id="44" Type="rel" StartNode="5170" EndNode="5304">
<Feature>
  <Name className="java.lang.String">type</Name>
  <Value className="java.lang.String">label</Value>
</Feature>
<Feature>
  <Name className="java.lang.String">ss-label</Name>
  <Value className="java.lang.String">goal_is_to_expand_entitlements</Value>
</Feature>
</Annotation>
<Annotation Id="51" Type="gfbf" StartNode="2224" EndNode="2231">
<Feature>
  <Name className="java.lang.String">agentId</Name>
  <Value className="java.lang.String">53</Value>
</Feature>
<Feature>
  <Name className="java.lang.String">objectId</Name>
  <Value className="java.lang.String">52</Value>
</Feature>
<Feature>
  <Name className="java.lang.String">polarity</Name>
  <Value className="java.lang.String">badfor</Value>
</Feature>
</Annotation>
<Annotation Id="50" Type="referent" StartNode="2023" EndNode="2047">
<Feature>
  <Name className="java.lang.String">writerAtt</Name>
  <Value className="java.lang.String">negative</Value>
</Feature>
</Annotation>
<Annotation Id="49" Type="influencer" StartNode="2063" EndNode="2073">
<Feature>
  <Name className="java.lang.String">effect</Name>
  <Value className="java.lang.String">reverse</Value>
</Feature>
<Feature>
  <Name className="java.lang.String">agentId</Name>
  <Value className="java.lang.String">48</Value>
</Feature>
<Feature>
  <Name className="java.lang.String">objectId</Name>
  <Value className="java.lang.String">46</Value>
</Feature>
</Annotation>
<Annotation Id="48" Type="gfbf-agent" StartNode="2074" EndNode="2076">
<Feature>
  <Name className="java.lang.String">referentId</Name>
  <Value className="java.lang.String">50</Value>
</Feature>
<Feature>
  <Name className="java.lang.String">reference</Name>
  <Value className="java.lang.String">true</Value>
</Feature>
<Feature>
  <Name className="java.lang.String">writerAtt</Name>
  <Value className="java.lang.String">negative</Value>
</Feature>
</Annotation>
<Annotation Id="55" Type="gfbf-object" StartNode="2623" EndNode="2631">
<Feature>
  <Name className="java.lang.String">writerAtt</Name>
  <Value className="java.lang.String">positive</Value>
</Feature>
</Annotation>
<Annotation Id="54" Type="gfbf" StartNode="2617" EndNode="2622">
<Feature>
  <Name className="java.lang.String">agentId</Name>
  <Value className="java.lang.String">56</Value>
</Feature>
<Feature>
  <Name className="java.lang.String">objectId</Name>
  <Value className="java.lang.String">55</Value>
</Feature>
<Feature>
  <Name className="java.lang.String">polarity</Name>
  <Value className="java.lang.String">goodfor</Value>
</Feature>
</Annotation>
<Annotation Id="53" Type="gfbf-agent" StartNode="2209" EndNode="2223">
<Feature>
  <Name className="java.lang.String">writerAtt</Name>
  <Value className="java.lang.String">negative</Value>
</Feature>
</Annotation>
<Annotation Id="52" Type="gfbf-object" StartNode="2232" EndNode="2257">
<Feature>
  <Name className="java.lang.String">writerAtt</Name>
  <Value className="java.lang.String">positive</Value>
</Feature>
</Annotation>
<Annotation Id="59" Type="gfbf" StartNode="2893" EndNode="2903">
<Feature>
  <Name className="java.lang.String">agentId</Name>
  <Value className="java.lang.String">61</Value>
</Feature>
<Feature>
  <Name className="java.lang.String">objectId</Name>
  <Value className="java.lang.String">60</Value>
</Feature>
<Feature>
  <Name className="java.lang.String">polarity</Name>
  <Value className="java.lang.String">goodfor</Value>
</Feature>
</Annotation>
<Annotation Id="58" Type="referent" StartNode="2209" EndNode="2223">
<Feature>
  <Name className="java.lang.String">writerAtt</Name>
  <Value className="java.lang.String">negative</Value>
</Feature>
</Annotation>
<Annotation Id="57" Type="influencer" StartNode="2610" EndNode="2616">
<Feature>
  <Name className="java.lang.String">effect</Name>
  <Value className="java.lang.String">reverse</Value>
</Feature>
<Feature>
  <Name className="java.lang.String">agentId</Name>
  <Value className="java.lang.String">56</Value>
</Feature>
<Feature>
  <Name className="java.lang.String">objectId</Name>
  <Value className="java.lang.String">54</Value>
</Feature>
</Annotation>
<Annotation Id="56" Type="gfbf-agent" StartNode="2605" EndNode="2609">
<Feature>
  <Name className="java.lang.String">referentId</Name>
  <Value className="java.lang.String">58</Value>
</Feature>
<Feature>
  <Name className="java.lang.String">reference</Name>
  <Value className="java.lang.String">true</Value>
</Feature>
<Feature>
  <Name className="java.lang.String">writerAtt</Name>
  <Value className="java.lang.String">negative</Value>
</Feature>
</Annotation>
<Annotation Id="63" Type="gfbf" StartNode="3159" EndNode="3167">
<Feature>
  <Name className="java.lang.String">agentId</Name>
  <Value className="java.lang.String">62</Value>
</Feature>
<Feature>
  <Name className="java.lang.String">objectId</Name>
  <Value className="java.lang.String">64</Value>
</Feature>
<Feature>
  <Name className="java.lang.String">polarity</Name>
  <Value className="java.lang.String">badfor</Value>
</Feature>
</Annotation>
<Annotation Id="62" Type="gfbf-agent" StartNode="3126" EndNode="3158">
<Feature>
  <Name className="java.lang.String">writerAtt</Name>
  <Value className="java.lang.String">negative</Value>
</Feature>
</Annotation>
<Annotation Id="61" Type="gfbf-agent" StartNode="2817" EndNode="2889">
<Feature>
  <Name className="java.lang.String">writerAtt</Name>
  <Value className="java.lang.String">negative</Value>
</Feature>
</Annotation>
<Annotation Id="60" Type="gfbf-object" StartNode="2904" EndNode="2953">
<Feature>
  <Name className="java.lang.String">writerAtt</Name>
  <Value className="java.lang.String">negative</Value>
</Feature>
</Annotation>
<Annotation Id="68" Type="others" StartNode="3635" EndNode="3650">
</Annotation>
<Annotation Id="64" Type="gfbf-object" StartNode="3168" EndNode="3178">
<Feature>
  <Name className="java.lang.String">writerAtt</Name>
  <Value className="java.lang.String">positive</Value>
</Feature>
</Annotation>
<Annotation Id="65" Type="gfbf" StartNode="3348" EndNode="3356">
<Feature>
  <Name className="java.lang.String">agentId</Name>
  <Value className="java.lang.String">67</Value>
</Feature>
<Feature>
  <Name className="java.lang.String">objectId</Name>
  <Value className="java.lang.String">66</Value>
</Feature>
<Feature>
  <Name className="java.lang.String">polarity</Name>
  <Value className="java.lang.String">goodfor</Value>
</Feature>
</Annotation>
<Annotation Id="66" Type="gfbf-object" StartNode="3357" EndNode="3371">
<Feature>
  <Name className="java.lang.String">writerAtt</Name>
  <Value className="java.lang.String">negative</Value>
</Feature>
</Annotation>
<Annotation Id="67" Type="gfbf-agent" StartNode="3332" EndNode="3347">
<Feature>
  <Name className="java.lang.String">writerAtt</Name>
  <Value className="java.lang.String">negative</Value>
</Feature>
</Annotation>
<Annotation Id="76" Type="gfbf-object" StartNode="4174" EndNode="4190">
<Feature>
  <Name className="java.lang.String">writerAtt</Name>
  <Value className="java.lang.String">negative</Value>
</Feature>
</Annotation>
<Annotation Id="77" Type="gfbf-agent" StartNode="4143" EndNode="4151">
<Feature>
  <Name className="java.lang.String">writerAtt</Name>
  <Value className="java.lang.String">positive</Value>
</Feature>
</Annotation>
<Annotation Id="78" Type="gfbf-agent" StartNode="4192" EndNode="4196">
<Feature>
  <Name className="java.lang.String">referentId</Name>
  <Value className="java.lang.String">79</Value>
</Feature>
<Feature>
  <Name className="java.lang.String">reference</Name>
  <Value className="java.lang.String">true</Value>
</Feature>
<Feature>
  <Name className="java.lang.String">writerAtt</Name>
  <Value className="java.lang.String">negative</Value>
</Feature>
</Annotation>
<Annotation Id="79" Type="referent" StartNode="4143" EndNode="4151">
<Feature>
  <Name className="java.lang.String">writerAtt</Name>
  <Value className="java.lang.String">negative</Value>
</Feature>
</Annotation>
<Annotation Id="72" Type="gfbf-agent" StartNode="3603" EndNode="3628">
<Feature>
  <Name className="java.lang.String">writerAtt</Name>
  <Value className="java.lang.String">negative</Value>
</Feature>
</Annotation>
<Annotation Id="73" Type="gfbf" StartNode="3681" EndNode="3688">
<Feature>
  <Name className="java.lang.String">agentId</Name>
  <Value className="java.lang.String">72</Value>
</Feature>
<Feature>
  <Name className="java.lang.String">polarity</Name>
  <Value className="java.lang.String">badfor</Value>
</Feature>
<Feature>
  <Name className="java.lang.String">objectId</Name>
  <Value className="java.lang.String">74</Value>
</Feature>
</Annotation>
<Annotation Id="74" Type="gfbf-object" StartNode="3689" EndNode="3711">
<Feature>
  <Name className="java.lang.String">writerAtt</Name>
  <Value className="java.lang.String">positive</Value>
</Feature>
</Annotation>
<Annotation Id="75" Type="gfbf" StartNode="4168" EndNode="4173">
<Feature>
  <Name className="java.lang.String">agentId</Name>
  <Value className="java.lang.String">77</Value>
</Feature>
<Feature>
  <Name className="java.lang.String">objectId</Name>
  <Value className="java.lang.String">76</Value>
</Feature>
<Feature>
  <Name className="java.lang.String">polarity</Name>
  <Value className="java.lang.String">goodfor</Value>
</Feature>
</Annotation>
<Annotation Id="85" Type="referent" StartNode="4730" EndNode="4739">
<Feature>
  <Name className="java.lang.String">writerAtt</Name>
  <Value className="java.lang.String">negative</Value>
</Feature>
</Annotation>
<Annotation Id="84" Type="gfbf-agent" StartNode="4795" EndNode="4797">
<Feature>
  <Name className="java.lang.String">reference</Name>
  <Value className="java.lang.String">true</Value>
</Feature>
<Feature>
  <Name className="java.lang.String">referentId</Name>
  <Value className="java.lang.String">85</Value>
</Feature>
<Feature>
  <Name className="java.lang.String">writerAtt</Name>
  <Value className="java.lang.String">negative</Value>
</Feature>
</Annotation>
<Annotation Id="87" Type="gfbf-object" StartNode="4941" EndNode="4949">
<Feature>
  <Name className="java.lang.String">writerAtt</Name>
  <Value className="java.lang.String">positive</Value>
</Feature>
</Annotation>
<Annotation Id="86" Type="gfbf" StartNode="4954" EndNode="4962">
<Feature>
  <Name className="java.lang.String">agentId</Name>
  <Value className="java.lang.String">implicit</Value>
</Feature>
<Feature>
  <Name className="java.lang.String">polarity</Name>
  <Value className="java.lang.String">badfor</Value>
</Feature>
<Feature>
  <Name className="java.lang.String">objectId</Name>
  <Value className="java.lang.String">87</Value>
</Feature>
</Annotation>
<Annotation Id="81" Type="gfbf-object" StartNode="4212" EndNode="4238">
<Feature>
  <Name className="java.lang.String">writerAtt</Name>
  <Value className="java.lang.String">positive</Value>
</Feature>
</Annotation>
<Annotation Id="80" Type="gfbf" StartNode="4203" EndNode="4211">
<Feature>
  <Name className="java.lang.String">agentId</Name>
  <Value className="java.lang.String">78</Value>
</Feature>
<Feature>
  <Name className="java.lang.String">objectId</Name>
  <Value className="java.lang.String">81</Value>
</Feature>
<Feature>
  <Name className="java.lang.String">polarity</Name>
  <Value className="java.lang.String">badfor</Value>
</Feature>
</Annotation>
<Annotation Id="83" Type="gfbf-object" StartNode="4810" EndNode="4854">
<Feature>
  <Name className="java.lang.String">writerAtt</Name>
  <Value className="java.lang.String">positive</Value>
</Feature>
</Annotation>
<Annotation Id="82" Type="gfbf" StartNode="4800" EndNode="4809">
<Feature>
  <Name className="java.lang.String">agentId</Name>
  <Value className="java.lang.String">84</Value>
</Feature>
<Feature>
  <Name className="java.lang.String">objectId</Name>
  <Value className="java.lang.String">83</Value>
</Feature>
<Feature>
  <Name className="java.lang.String">polarity</Name>
  <Value className="java.lang.String">badfor</Value>
</Feature>
</Annotation>
<Annotation Id="93" Type="gfbf" StartNode="721" EndNode="726">
<Feature>
  <Name className="java.lang.String">agentId</Name>
  <Value className="java.lang.String">96</Value>
</Feature>
<Feature>
  <Name className="java.lang.String">objectId</Name>
  <Value className="java.lang.String">95</Value>
</Feature>
<Feature>
  <Name className="java.lang.String">polarity</Name>
  <Value className="java.lang.String">badfor</Value>
</Feature>
</Annotation>
<Annotation Id="92" Type="gfbf-object" StartNode="250" EndNode="279">
<Feature>
  <Name className="java.lang.String">writerAtt</Name>
  <Value className="java.lang.String">positive</Value>
</Feature>
</Annotation>
<Annotation Id="95" Type="gfbf-object" StartNode="739" EndNode="766">
<Feature>
  <Name className="java.lang.String">writerAtt</Name>
  <Value className="java.lang.String">negative</Value>
</Feature>
</Annotation>
<Annotation Id="94" Type="gfbf" StartNode="730" EndNode="738">
<Feature>
  <Name className="java.lang.String">agentId</Name>
  <Value className="java.lang.String">96</Value>
</Feature>
<Feature>
  <Name className="java.lang.String">objectId</Name>
  <Value className="java.lang.String">95</Value>
</Feature>
<Feature>
  <Name className="java.lang.String">polarity</Name>
  <Value className="java.lang.String">badfor</Value>
</Feature>
</Annotation>
<Annotation Id="89" Type="gfbf-object" StartNode="4967" EndNode="4975">
<Feature>
  <Name className="java.lang.String">writerAtt</Name>
  <Value className="java.lang.String">positive</Value>
</Feature>
</Annotation>
<Annotation Id="88" Type="gfbf" StartNode="4980" EndNode="4988">
<Feature>
  <Name className="java.lang.String">agentId</Name>
  <Value className="java.lang.String">implicit</Value>
</Feature>
<Feature>
  <Name className="java.lang.String">objectId</Name>
  <Value className="java.lang.String">89</Value>
</Feature>
<Feature>
  <Name className="java.lang.String">polarity</Name>
  <Value className="java.lang.String">goodfor</Value>
</Feature>
</Annotation>
<Annotation Id="91" Type="gfbf" StartNode="239" EndNode="249">
<Feature>
  <Name className="java.lang.String">agentId</Name>
  <Value className="java.lang.String">90</Value>
</Feature>
<Feature>
  <Name className="java.lang.String">objectId</Name>
  <Value className="java.lang.String">92</Value>
</Feature>
<Feature>
  <Name className="java.lang.String">polarity</Name>
  <Value className="java.lang.String">badfor</Value>
</Feature>
</Annotation>
<Annotation Id="90" Type="gfbf-agent" StartNode="119" EndNode="172">
<Feature>
  <Name className="java.lang.String">writerAtt</Name>
  <Value className="java.lang.String">negative</Value>
</Feature>
</Annotation>
<Annotation Id="102" Type="gfbf" StartNode="1690" EndNode="1699">
<Feature>
  <Name className="java.lang.String">agentId</Name>
  <Value className="java.lang.String">101</Value>
</Feature>
<Feature>
  <Name className="java.lang.String">objectId</Name>
  <Value className="java.lang.String">103</Value>
</Feature>
<Feature>
  <Name className="java.lang.String">polarity</Name>
  <Value className="java.lang.String">badfor</Value>
</Feature>
</Annotation>
<Annotation Id="103" Type="gfbf-object" StartNode="1700" EndNode="1724">
<Feature>
  <Name className="java.lang.String">writerAtt</Name>
  <Value className="java.lang.String">positive</Value>
</Feature>
</Annotation>
<Annotation Id="101" Type="gfbf-agent" StartNode="1681" EndNode="1686">
<Feature>
  <Name className="java.lang.String">referentId</Name>
  <Value className="java.lang.String">104</Value>
</Feature>
<Feature>
  <Name className="java.lang.String">reference</Name>
  <Value className="java.lang.String">true</Value>
</Feature>
<Feature>
  <Name className="java.lang.String">writerAtt</Name>
  <Value className="java.lang.String">negative</Value>
</Feature>
</Annotation>
<Annotation Id="96" Type="gfbf-agent" StartNode="667" EndNode="689">
<Feature>
  <Name className="java.lang.String">writerAtt</Name>
  <Value className="java.lang.String">positive</Value>
</Feature>
</Annotation>
<Annotation Id="106" Type="influencer" StartNode="695" EndNode="698">
<Feature>
  <Name className="java.lang.String">effect</Name>
  <Value className="java.lang.String">reverse</Value>
</Feature>
<Feature>
  <Name className="java.lang.String">agentId</Name>
  <Value className="java.lang.String">96</Value>
</Feature>
<Feature>
  <Name className="java.lang.String">objectId</Name>
  <Value className="java.lang.String">94</Value>
</Feature>
</Annotation>
<Annotation Id="104" Type="referent" StartNode="1657" EndNode="1679">
<Feature>
  <Name className="java.lang.String">writerAtt</Name>
  <Value className="java.lang.String">negative</Value>
</Feature>
</Annotation>
<Annotation Id="105" Type="influencer" StartNode="695" EndNode="698">
<Feature>
  <Name className="java.lang.String">effect</Name>
  <Value className="java.lang.String">reverse</Value>
</Feature>
<Feature>
  <Name className="java.lang.String">agentId</Name>
  <Value className="java.lang.String">96</Value>
</Feature>
<Feature>
  <Name className="java.lang.String">objectId</Name>
  <Value className="java.lang.String">93</Value>
</Feature>
</Annotation>
</AnnotationSet>

<!-- Named annotation set -->

<AnnotationSet Name="Original markups">
<Annotation Id="0" Type="paragraph" StartNode="0" EndNode="5922">
</Annotation>
</AnnotationSet>

</GateDocument>
