<?xml version='1.0' encoding='MacRoman'?>
<GateDocument>
<!-- The document's features-->

<GateDocumentFeatures>
<Feature>
  <Name className="java.lang.String">gate.SourceURL</Name>
  <Value className="java.lang.String">file:/home/conrada/Dropbox/healthcare_devel_data_final/hc024.txt</Value>
</Feature>
<Feature>
  <Name className="java.lang.String">MimeType</Name>
  <Value className="java.lang.String">text/plain</Value>
</Feature>
<Feature>
  <Name className="java.lang.String">docNewLineType</Name>
  <Value className="java.lang.String">CRLF</Value>
</Feature>
</GateDocumentFeatures>
<!-- The document content area with serialized nodes -->

<TextWithNodes><Node id="0" />Sicker by the day: Health care reform gets a little weaker with each ugly deal<Node id="78" />

 <Node id="81" />Deal by deal, favor by favor, the White House and congressional Democrats are making an ever more unsavory hash of health care reform<Node id="214" />.

 <Node id="218" />The latest maneuver<Node id="237" /> severely <Node id="247" />weakened<Node id="255" /> <Node id="256" />one of the best features of the bill that passed the Senate<Node id="315" />: an end to the tax exemption on so-called Cadillac health insurance plans<Node id="389" />.
 <Node id="392" />The legislation called for taxing the most expensive coverage plans as a way to raise revenue and, more importantly, put a brake on rising health costs<Node id="543" />.
 <Node id="547" />In the words of MIT economist Jonathan Gruber: "It's generally viewed as one of the very few things we know can actually help with health care cost control, which is an important goal of this bill<Node id="743" />."

 <Node id="748" />But now organized labor has muscled the Obama administration and congressional leaders into gutting the provision so that - outrageously - unionized workers who have top plans <Node id="924" />get<Node id="927" /> special treatment over employees who have similarly costly coverage but are not union members<Node id="1021" />.

 <Node id="1025" />Asterisk by asterisk, alteration by alteration, <Node id="1073" />the Democrats<Node id="1086" /> are <Node id="1091" />undermining<Node id="1102" /> <Node id="1103" />the goals of cost containment, fairness and economic feasibility<Node id="1167" /> in a last desperate push to get a bill done<Node id="1211" />.

 <Node id="1215" />That's what happened when Nebraska Sen. Ben Nelson wangled a special deal for his state that hammered New York<Node id="1325" />. <Node id="1327" />And that's what happened when labor demanded protection for its members as the tab for support<Node id="1421" />.

<Node id="1424" /></TextWithNodes>
<!-- The default annotation set -->

<AnnotationSet>
<Annotation Id="1" Type="doc" StartNode="0" EndNode="1424">
<Feature>
  <Name className="java.lang.String">id</Name>
  <Value className="java.lang.String">hc024</Value>
</Feature>
<Feature>
  <Name className="java.lang.String">date</Name>
  <Value className="java.lang.String">20100117</Value>
</Feature>
<Feature>
  <Name className="java.lang.String">source</Name>
  <Value className="java.lang.String">nydailynews,New,York,Daily,News</Value>
</Feature>
<Feature>
  <Name className="java.lang.String">side</Name>
  <Value className="java.lang.String">anti</Value>
</Feature>
<Feature>
  <Name className="java.lang.String">url</Name>
  <Value className="java.lang.String">ttp://www.nydailynews.com/opinions/2010/01/17/2010-01-17_sicker_by_the_day.html </Value>
</Feature>
</Annotation>
<Annotation Id="2" Type="arg" StartNode="0" EndNode="78">
<Feature>
  <Name className="java.lang.String">ss-label</Name>
  <Value className="java.lang.String">votes_bought_through_kickbacks</Value>
</Feature>
<Feature>
  <Name className="java.lang.String">unclear</Name>
  <Value className="java.lang.String">true</Value>
</Feature>
<Feature>
  <Name className="java.lang.String">type</Name>
  <Value className="java.lang.String">label</Value>
</Feature>
<Feature>
  <Name className="java.lang.String">polarity</Name>
  <Value className="java.lang.String">negative</Value>
</Feature>
</Annotation>
<Annotation Id="3" Type="arg" StartNode="81" EndNode="214">
<Feature>
  <Name className="java.lang.String">type</Name>
  <Value className="java.lang.String">label</Value>
</Feature>
<Feature>
  <Name className="java.lang.String">ss-label</Name>
  <Value className="java.lang.String">votes_bought_through_kickbacks</Value>
</Feature>
<Feature>
  <Name className="java.lang.String">polarity</Name>
  <Value className="java.lang.String">negative</Value>
</Feature>
</Annotation>
<Annotation Id="4" Type="arg" StartNode="748" EndNode="1021">
<Feature>
  <Name className="java.lang.String">type</Name>
  <Value className="java.lang.String">label</Value>
</Feature>
<Feature>
  <Name className="java.lang.String">ss-label</Name>
  <Value className="java.lang.String">unions_unfairly_favored</Value>
</Feature>
<Feature>
  <Name className="java.lang.String">polarity</Name>
  <Value className="java.lang.String">negative</Value>
</Feature>
</Annotation>
<Annotation Id="6" Type="arg" StartNode="1025" EndNode="1211">
<Feature>
  <Name className="java.lang.String">type</Name>
  <Value className="java.lang.String">label</Value>
</Feature>
<Feature>
  <Name className="java.lang.String">ss-label</Name>
  <Value className="java.lang.String">bill_passage_is_politically_motivated</Value>
</Feature>
<Feature>
  <Name className="java.lang.String">polarity</Name>
  <Value className="java.lang.String">negative</Value>
</Feature>
</Annotation>
<Annotation Id="7" Type="rel" StartNode="1215" EndNode="1325">
<Feature>
  <Name className="java.lang.String">ss-label</Name>
  <Value className="java.lang.String">votes_bought_through_kickbacks</Value>
</Feature>
<Feature>
  <Name className="java.lang.String">type</Name>
  <Value className="java.lang.String">label</Value>
</Feature>
<Feature>
  <Name className="java.lang.String">polarity</Name>
  <Value className="java.lang.String">negative</Value>
</Feature>
<Feature>
  <Name className="java.lang.String">incomplete</Name>
  <Value className="java.lang.String">true</Value>
</Feature>
</Annotation>
<Annotation Id="8" Type="rel" StartNode="1327" EndNode="1421">
<Feature>
  <Name className="java.lang.String">ss-label</Name>
  <Value className="java.lang.String">unions_unfairly_favored</Value>
</Feature>
<Feature>
  <Name className="java.lang.String">type</Name>
  <Value className="java.lang.String">label</Value>
</Feature>
<Feature>
  <Name className="java.lang.String">polarity</Name>
  <Value className="java.lang.String">negative</Value>
</Feature>
<Feature>
  <Name className="java.lang.String">incomplete</Name>
  <Value className="java.lang.String">true</Value>
</Feature>
</Annotation>
<Annotation Id="9" Type="rel" StartNode="218" EndNode="389">
<Feature>
  <Name className="java.lang.String">type</Name>
  <Value className="java.lang.String">label</Value>
</Feature>
<Feature>
  <Name className="java.lang.String">ss-label</Name>
  <Value className="java.lang.String">unions_unfairly_favored</Value>
</Feature>
</Annotation>
<Annotation Id="10" Type="rel" StartNode="392" EndNode="543">
<Feature>
  <Name className="java.lang.String">type</Name>
  <Value className="java.lang.String">label</Value>
</Feature>
<Feature>
  <Name className="java.lang.String">ss-label</Name>
  <Value className="java.lang.String">unions_unfairly_favored</Value>
</Feature>
</Annotation>
<Annotation Id="11" Type="rel" StartNode="547" EndNode="743">
<Feature>
  <Name className="java.lang.String">type</Name>
  <Value className="java.lang.String">label</Value>
</Feature>
<Feature>
  <Name className="java.lang.String">ss-label</Name>
  <Value className="java.lang.String">unions_unfairly_favored</Value>
</Feature>
</Annotation>
<Annotation Id="12" Type="others" StartNode="924" EndNode="927">
<Feature>
  <Name className="java.lang.String">comment</Name>
  <Value className="java.lang.String">property...</Value>
</Feature>
</Annotation>
<Annotation Id="13" Type="gfbf" StartNode="1091" EndNode="1102">
<Feature>
  <Name className="java.lang.String">agentId</Name>
  <Value className="java.lang.String">15</Value>
</Feature>
<Feature>
  <Name className="java.lang.String">objectId</Name>
  <Value className="java.lang.String">14</Value>
</Feature>
<Feature>
  <Name className="java.lang.String">polarity</Name>
  <Value className="java.lang.String">badfor</Value>
</Feature>
</Annotation>
<Annotation Id="14" Type="gfbf-object" StartNode="1103" EndNode="1167">
<Feature>
  <Name className="java.lang.String">writerAtt</Name>
  <Value className="java.lang.String">positive</Value>
</Feature>
</Annotation>
<Annotation Id="15" Type="gfbf-agent" StartNode="1073" EndNode="1086">
<Feature>
  <Name className="java.lang.String">writerAtt</Name>
  <Value className="java.lang.String">negative</Value>
</Feature>
</Annotation>
<Annotation Id="17" Type="gfbf-object" StartNode="256" EndNode="315">
<Feature>
  <Name className="java.lang.String">writerAtt</Name>
  <Value className="java.lang.String">positive</Value>
</Feature>
</Annotation>
<Annotation Id="16" Type="gfbf" StartNode="247" EndNode="255">
<Feature>
  <Name className="java.lang.String">agentId</Name>
  <Value className="java.lang.String">18</Value>
</Feature>
<Feature>
  <Name className="java.lang.String">polarity</Name>
  <Value className="java.lang.String">badfor</Value>
</Feature>
<Feature>
  <Name className="java.lang.String">objectId</Name>
  <Value className="java.lang.String">17</Value>
</Feature>
</Annotation>
<Annotation Id="18" Type="gfbf-agent" StartNode="218" EndNode="237">
<Feature>
  <Name className="java.lang.String">writerAtt</Name>
  <Value className="java.lang.String">negative</Value>
</Feature>
</Annotation>
</AnnotationSet>

<!-- Named annotation set -->

<AnnotationSet Name="Original markups">
<Annotation Id="0" Type="paragraph" StartNode="0" EndNode="1424">
</Annotation>
</AnnotationSet>

</GateDocument>
