<?xml version='1.0' encoding='MacRoman'?>
<GateDocument>
<!-- The document's features-->

<GateDocumentFeatures>
<Feature>
  <Name className="java.lang.String">gate.SourceURL</Name>
  <Value className="java.lang.String">file:/E:/Users/conrada/Documents/My%20Dropbox/healthcare_devel_data_final/hc029.txt</Value>
</Feature>
<Feature>
  <Name className="java.lang.String">MimeType</Name>
  <Value className="java.lang.String">text/plain</Value>
</Feature>
<Feature>
  <Name className="java.lang.String">docNewLineType</Name>
  <Value className="java.lang.String">CRLF</Value>
</Feature>
</GateDocumentFeatures>
<!-- The document content area with serialized nodes -->

<TextWithNodes><Node id="0" />Friday, November 19, 2010
<Node id="27" />Obamacare Headache: <Node id="47" />Get an Rx for Aspirin<Node id="68" />
 <Node id="71" />Starting next year, consumers proactive and responsible enough to set aside pre-tax income in Flexible Spending Accounts to pay for out-of-pocket medical expenses with their own money will be allowed to use the funds to purchase bandages but not Bayer aspirin, crutches but not Claritin allergy tabs, eyeglasses but not ibuprofen pain reliever<Node id="414" />.
 <Node id="418" />That is, unless those savvy consumers get their doctor to write a prescription for their over-the-counter medications<Node id="535" />.

 <Node id="540" />That's right - getting a prescription for aspirin in 2011<Node id="597" />.
 <Node id="601" />Apparently health care reformers believe the United States has so many physicians with empty appointment calendars that they are the Maytag repairmen of the 21st century<Node id="770" />.
 <Node id="774" />The doctors apparently need to fill up their time seeing mildly ill patients - and collecting their co-pays - to write prescriptions for medications the Food and Drug Administration has determined don't require them<Node id="989" />.
 <Node id="993" />The change<Node id="1003" /> <Node id="1004" />discourages<Node id="1015" />  <Node id="1017" />the kind of personal responsibility for medical bills that health reform was supposed to engender<Node id="1114" />.

 <Node id="1119" />Instead, <Node id="1128" />it<Node id="1130" /> <Node id="1131" />encourages<Node id="1141" /> <Node id="1142" />patients and physicians<Node id="1165" /> to <Node id="1169" />game<Node id="1173" /> <Node id="1174" />the system<Node id="1184" />. <Node id="1186" />Most folks will likely take two aspirin and call the Flexible Spending Accounts quits in the morning.<Node id="1287" />

 If the issue is the nation can no longer afford this meager middle-class tax break, then the looming 2013 reform - a cap on what can be set aside in the accounts - makes more sense.
 Unfortunately, the prescribed dosage is way off: The cap will be $2,500 while the average set-aside to date is well below it at $1,500.
 <Node id="1613" />Also unfortunate? <Node id="1631" />An alleged health care reform<Node id="1660" /> that <Node id="1666" />kills<Node id="1671" /> <Node id="1672" />personal responsibility<Node id="1695" /> <Node id="1696" />in favor of killing time<Node id="1720" /> - and trees for prescription pads<Node id="1754" />.
<Node id="1757" />
<Node id="1758" /></TextWithNodes>
<!-- The default annotation set -->

<AnnotationSet>
<Annotation Id="32" Type="referent" StartNode="993" EndNode="1003">
<Feature>
  <Name className="java.lang.String">writerAtt</Name>
  <Value className="java.lang.String">negative</Value>
</Feature>
</Annotation>
<Annotation Id="2" Type="doc" StartNode="0" EndNode="1757">
<Feature>
  <Name className="java.lang.String">id</Name>
  <Value className="java.lang.String">hc029</Value>
</Feature>
<Feature>
  <Name className="java.lang.String">date</Name>
  <Value className="java.lang.String">20101119</Value>
</Feature>
<Feature>
  <Name className="java.lang.String">source</Name>
  <Value className="java.lang.String">Albuquerque,Journal,ABQJournal</Value>
</Feature>
<Feature>
  <Name className="java.lang.String">side</Name>
  <Value className="java.lang.String">anti</Value>
</Feature>
<Feature>
  <Name className="java.lang.String">url</Name>
  <Value className="java.lang.String">http://www.abqjournal.com/opinion/editorials/192121210472opinioneditorials11-19-10.htm</Value>
</Feature>
</Annotation>
<Annotation Id="33" Type="others" StartNode="1696" EndNode="1720">
<Feature>
  <Name className="java.lang.String">comment</Name>
  <Value className="java.lang.String">how to deal with this?</Value>
</Feature>
</Annotation>
<Annotation Id="3" Type="arg" StartNode="27" EndNode="68">
<Feature>
  <Name className="java.lang.String">ss-label</Name>
  <Value className="java.lang.String">restricts_flexible_spending_accounts</Value>
</Feature>
<Feature>
  <Name className="java.lang.String">unclear</Name>
  <Value className="java.lang.String">true</Value>
</Feature>
<Feature>
  <Name className="java.lang.String">type</Name>
  <Value className="java.lang.String">label</Value>
</Feature>
<Feature>
  <Name className="java.lang.String">polarity</Name>
  <Value className="java.lang.String">negative</Value>
</Feature>
<Feature>
  <Name className="java.lang.String">incomplete</Name>
  <Value className="java.lang.String">true</Value>
</Feature>
</Annotation>
<Annotation Id="6" Type="arg" StartNode="993" EndNode="1114">
<Feature>
  <Name className="java.lang.String">type</Name>
  <Value className="java.lang.String">label</Value>
</Feature>
<Feature>
  <Name className="java.lang.String">ss-label</Name>
  <Value className="java.lang.String">discourages_personal_responsibility</Value>
</Feature>
<Feature>
  <Name className="java.lang.String">polarity</Name>
  <Value className="java.lang.String">negative</Value>
</Feature>
</Annotation>
<Annotation Id="7" Type="arg" StartNode="1613" EndNode="1754">
<Feature>
  <Name className="java.lang.String">type</Name>
  <Value className="java.lang.String">label</Value>
</Feature>
<Feature>
  <Name className="java.lang.String">ss-label</Name>
  <Value className="java.lang.String">discourages_personal_responsibility</Value>
</Feature>
<Feature>
  <Name className="java.lang.String">polarity</Name>
  <Value className="java.lang.String">negative</Value>
</Feature>
</Annotation>
<Annotation Id="8" Type="arg" StartNode="1186" EndNode="1287">
<Feature>
  <Name className="java.lang.String">unclear</Name>
  <Value className="java.lang.String">true</Value>
</Feature>
<Feature>
  <Name className="java.lang.String">ss-label</Name>
  <Value className="java.lang.String">discourages_personal_responsibility</Value>
</Feature>
<Feature>
  <Name className="java.lang.String">type</Name>
  <Value className="java.lang.String">label</Value>
</Feature>
<Feature>
  <Name className="java.lang.String">polarity</Name>
  <Value className="java.lang.String">negative</Value>
</Feature>
<Feature>
  <Name className="java.lang.String">incomplete</Name>
  <Value className="java.lang.String">true</Value>
</Feature>
</Annotation>
<Annotation Id="17" Type="others" StartNode="47" EndNode="68">
<Feature>
  <Name className="java.lang.String">comment</Name>
  <Value className="java.lang.String">get sth for sb....</Value>
</Feature>
</Annotation>
<Annotation Id="16" Type="arg" StartNode="1119" EndNode="1184">
<Feature>
  <Name className="java.lang.String">type</Name>
  <Value className="java.lang.String">label</Value>
</Feature>
<Feature>
  <Name className="java.lang.String">ss-label</Name>
  <Value className="java.lang.String">discourages_personal_responsibility</Value>
</Feature>
<Feature>
  <Name className="java.lang.String">polarity</Name>
  <Value className="java.lang.String">negative</Value>
</Feature>
</Annotation>
<Annotation Id="18" Type="gfbf" StartNode="1004" EndNode="1015">
<Feature>
  <Name className="java.lang.String">agentId</Name>
  <Value className="java.lang.String">24</Value>
</Feature>
<Feature>
  <Name className="java.lang.String">objectId</Name>
  <Value className="java.lang.String">25</Value>
</Feature>
<Feature>
  <Name className="java.lang.String">polarity</Name>
  <Value className="java.lang.String">badfor</Value>
</Feature>
</Annotation>
<Annotation Id="21" Type="gfbf-object" StartNode="1174" EndNode="1184">
<Feature>
  <Name className="java.lang.String">writerAtt</Name>
  <Value className="java.lang.String">positive</Value>
</Feature>
</Annotation>
<Annotation Id="20" Type="gfbf" StartNode="1169" EndNode="1173">
<Feature>
  <Name className="java.lang.String">agentId</Name>
  <Value className="java.lang.String">26</Value>
</Feature>
<Feature>
  <Name className="java.lang.String">objectId</Name>
  <Value className="java.lang.String">21</Value>
</Feature>
<Feature>
  <Name className="java.lang.String">polarity</Name>
  <Value className="java.lang.String">badfor</Value>
</Feature>
</Annotation>
<Annotation Id="23" Type="gfbf-object" StartNode="1672" EndNode="1695">
<Feature>
  <Name className="java.lang.String">writerAtt</Name>
  <Value className="java.lang.String">positive</Value>
</Feature>
</Annotation>
<Annotation Id="22" Type="gfbf" StartNode="1666" EndNode="1671">
<Feature>
  <Name className="java.lang.String">agentId</Name>
  <Value className="java.lang.String">28</Value>
</Feature>
<Feature>
  <Name className="java.lang.String">objectId</Name>
  <Value className="java.lang.String">23</Value>
</Feature>
<Feature>
  <Name className="java.lang.String">polarity</Name>
  <Value className="java.lang.String">badfor</Value>
</Feature>
</Annotation>
<Annotation Id="25" Type="gfbf-object" StartNode="1017" EndNode="1114">
<Feature>
  <Name className="java.lang.String">writerAtt</Name>
  <Value className="java.lang.String">positive</Value>
</Feature>
</Annotation>
<Annotation Id="24" Type="gfbf-agent" StartNode="993" EndNode="1003">
<Feature>
  <Name className="java.lang.String">writerAtt</Name>
  <Value className="java.lang.String">negative</Value>
</Feature>
</Annotation>
<Annotation Id="26" Type="gfbf-agent" StartNode="1142" EndNode="1165">
<Feature>
  <Name className="java.lang.String">writerAtt</Name>
  <Value className="java.lang.String">negative</Value>
</Feature>
</Annotation>
<Annotation Id="29" Type="gfbf" StartNode="1131" EndNode="1141">
<Feature>
  <Name className="java.lang.String">agentId</Name>
  <Value className="java.lang.String">30</Value>
</Feature>
<Feature>
  <Name className="java.lang.String">polarity</Name>
  <Value className="java.lang.String">goodfor</Value>
</Feature>
<Feature>
  <Name className="java.lang.String">objectId</Name>
  <Value className="java.lang.String">31</Value>
</Feature>
</Annotation>
<Annotation Id="28" Type="gfbf-agent" StartNode="1631" EndNode="1660">
<Feature>
  <Name className="java.lang.String">writerAtt</Name>
  <Value className="java.lang.String">negative</Value>
</Feature>
</Annotation>
<Annotation Id="31" Type="gfbf-object" StartNode="1142" EndNode="1165">
<Feature>
  <Name className="java.lang.String">writerAtt</Name>
  <Value className="java.lang.String">negative</Value>
</Feature>
</Annotation>
<Annotation Id="30" Type="gfbf-agent" StartNode="1128" EndNode="1130">
<Feature>
  <Name className="java.lang.String">reference</Name>
  <Value className="java.lang.String">true</Value>
</Feature>
<Feature>
  <Name className="java.lang.String">referentId</Name>
  <Value className="java.lang.String">32</Value>
</Feature>
<Feature>
  <Name className="java.lang.String">writerAtt</Name>
  <Value className="java.lang.String">negative</Value>
</Feature>
</Annotation>
</AnnotationSet>

<!-- Named annotation set -->

<AnnotationSet Name="Original markups">
<Annotation Id="0" Type="paragraph" StartNode="0" EndNode="1758">
</Annotation>
<Annotation Id="10" Type="rel" StartNode="71" EndNode="414">
<Feature>
  <Name className="java.lang.String">type</Name>
  <Value className="java.lang.String">label</Value>
</Feature>
<Feature>
  <Name className="java.lang.String">ss-label</Name>
  <Value className="java.lang.String">restricts_flexible_spending_accounts</Value>
</Feature>
</Annotation>
<Annotation Id="11" Type="rel" StartNode="418" EndNode="535">
<Feature>
  <Name className="java.lang.String">type</Name>
  <Value className="java.lang.String">label</Value>
</Feature>
<Feature>
  <Name className="java.lang.String">ss-label</Name>
  <Value className="java.lang.String">restricts_flexible_spending_accounts</Value>
</Feature>
</Annotation>
<Annotation Id="12" Type="rel" StartNode="540" EndNode="597">
<Feature>
  <Name className="java.lang.String">type</Name>
  <Value className="java.lang.String">label</Value>
</Feature>
<Feature>
  <Name className="java.lang.String">ss-label</Name>
  <Value className="java.lang.String">restricts_flexible_spending_accounts</Value>
</Feature>
</Annotation>
<Annotation Id="13" Type="arg" StartNode="601" EndNode="770">
<Feature>
  <Name className="java.lang.String">type</Name>
  <Value className="java.lang.String">else</Value>
</Feature>
<Feature>
  <Name className="java.lang.String">ss-label</Name>
  <Value className="java.lang.String">restricts_flexible_spending_accounts</Value>
</Feature>
<Feature>
  <Name className="java.lang.String">polarity</Name>
  <Value className="java.lang.String">negative</Value>
</Feature>
</Annotation>
<Annotation Id="14" Type="rel" StartNode="774" EndNode="989">
<Feature>
  <Name className="java.lang.String">type</Name>
  <Value className="java.lang.String">label</Value>
</Feature>
<Feature>
  <Name className="java.lang.String">ss-label</Name>
  <Value className="java.lang.String">restricts_flexible_spending_accounts</Value>
</Feature>
</Annotation>
</AnnotationSet>

</GateDocument>
