<?xml version='1.0' encoding='US-ASCII'?>
<GateDocument version="2">
<!-- The document's features-->

<GateDocumentFeatures>
<Feature>
  <Name className="java.lang.String">gate.SourceURL</Name>
  <Value className="java.lang.String">file:/home/conrada/Dropbox/healthcare_devel_data_final/hc025.txt</Value>
</Feature>
<Feature>
  <Name className="java.lang.String">MimeType</Name>
  <Value className="java.lang.String">text/plain</Value>
</Feature>
<Feature>
  <Name className="java.lang.String">docNewLineType</Name>
  <Value className="java.lang.String">CRLF</Value>
</Feature>
</GateDocumentFeatures>
<!-- The document content area with serialized nodes -->

<TextWithNodes><Node id="0"/>On health care reform, listen to Joe Baker<Node id="42"/>
By Doug Bates, The Oregonian
 <Node id="73"/>If <Node id="76"/>health reform legislation<Node id="101"/> pending in the U.S. House of Representatives becomes law, people with Medicare stand to benefit from <Node id="203"/>improved<Node id="211"/> <Node id="212"/>coverage of prescription drugs and preventive services<Node id="266"/>.<Node id="267"/>

 Says who?
 None other than <Node id="297"/>Joe Baker<Node id="306"/>, president of the Medicare Rights Center, the nation's preeminent advocacy group for people on Medicare.
 <Node id="413"/>Baker<Node id="418"/>, testifying Tuesday before a hearing of the New York State Senate Committee on Aging, also <Node id="510"/>debunked<Node id="518"/> <Node id="519"/>rumors and falsehoods<Node id="540"/> that have been used to <Node id="564"/>frighten<Node id="572"/> <Node id="573"/>older adults<Node id="585"/> into <Node id="591"/>opposing<Node id="599"/> <Node id="600"/>health reform legislation<Node id="625"/>.

 <Node id="629"/>Here are a few excerpts from what he told the panel about House Resolution 3200, "America's Affordable Health Choices Act" and its impact on senior citizens<Node id="785"/>:
 "<Node id="789"/>There has been a considerable effort to misinform and scare <Node id="849"/>senior citizens<Node id="864"/> into <Node id="870"/>opposing<Node id="878"/> <Node id="879"/>health care reform<Node id="897"/>, and your efforts to provide accurate information and informed debate are to be commended<Node id="987"/>.
 <Node id="990"/>HR 3200<Node id="997"/>, which is the product of three committees in the House of Representatives ... provides <Node id="1085"/>a number of improvements to<Node id="1112"/> <Node id="1113"/>Medicare coverage for older adults and people with disabilities<Node id="1176"/>.

 <Node id="1180"/>While there is <Node id="1195"/>a lot of talk<Node id="1208"/> about so-called <Node id="1225"/>"cuts" to<Node id="1234"/> <Node id="1235"/>Medicare<Node id="1243"/>, the untold story of reform is the approximately $320 million that <Node id="1311"/>HR 3200<Node id="1318"/> <Node id="1319"/>invests in<Node id="1329"/> <Node id="1330"/>Medicare<Node id="1338"/>.

 <Node id="1342"/>There are three major ways in which <Node id="1378"/>this legislation<Node id="1394"/> will <Node id="1400"/>benefit<Node id="1407"/> <Node id="1408"/>people with Medicare<Node id="1428"/>.
 <Node id="1431"/>The legislation<Node id="1446"/> works to make prescription drugs more affordable, <Node id="1497"/>improves<Node id="1505"/> <Node id="1506"/>access to primary and preventive care<Node id="1543"/> and <Node id="1548"/>broadens<Node id="1556"/> <Node id="1557"/>access to benefits for people with Medicare who have low incomes<Node id="1621"/>."
 Baker is right.
 <Node id="1642"/>The bill<Node id="1650"/> includes a gradual shrinking and eventual <Node id="1693"/>elimination of<Node id="1707"/> <Node id="1708"/>the dreaded "doughnut hole" -- the coverage gap in Medicare Part D prescription drug coverage<Node id="1801"/>.

 <Node id="1805"/>This gap will begin to narrow in 2011, and people who are in the doughnut hole will benefit from a new mandatory 50 percent discount on brand-name drugs required by the bill<Node id="1978"/>.

 More from Baker:
 "<Node id="2001"/>This provision<Node id="2015"/> will <Node id="2021"/>remove<Node id="2027"/> <Node id="2028"/>one of the concerns we hear most frequently through our work with people with Medicare -- the high cost of prescription drugs during the Part D doughnut hole<Node id="2185"/>.

 <Node id="2189"/>Currently, over 3.4 million people with Medicare hit this Part D coverage gap each year and must pay the full price for their medicines<Node id="2324"/>. <Node id="2326"/>We frequently receive calls on our consumer hotlines from individuals who must skip doses, split their pills, or forgo medications altogether because of the high out-of-pocket costs of prescription drugs when they are in the doughnut hole<Node id="2564"/>."

 <Node id="2569"/>Baker is also correct in asserting that the bill would make a sizable investment in primary and preventive care, which is precisely the kind of care that seniors and people with disabilities with Medicare need to be active members of their communities<Node id="2820"/>.

 Said Baker:
 "<Node id="2838"/>People with Medicare will benefit from <Node id="2877"/>provisions<Node id="2887"/> <Node id="2888"/>that<Node id="2892"/> will <Node id="2898"/>remove<Node id="2904"/> <Node id="2905"/>obstacles, such as high out-of-pocket payments, that prevent them from accessing <Node id="2986"/>wellness and prevention services<Node id="3018"/> <Node id="3019"/>covered<Node id="3026"/> by <Node id="3030"/>Medicare<Node id="3038"/>.<Node id="3039"/>

 <Node id="3042"/>The bill<Node id="3050"/> <Node id="3051"/>waives<Node id="3057"/> <Node id="3058"/>deductibles and cost-sharing for preventive benefits<Node id="3110"/>.
 <Node id="3113"/>For instance, Medicare currently covers 80 percent of the cost of a hepatitis B vaccine after the deductible is met, and the patient is responsible for the remaining 20 percent<Node id="3289"/>.
 <Node id="3292"/>HR 3200 would have Medicare cover the full cost, with no deductible<Node id="3359"/>.
 <Node id="3362"/>In fact, this bill helps to ensure that people with Medicare are able to get all necessary and federally recommended vaccines, including the relatively new shingles vaccine, by having Medicare Part B pay for them in full<Node id="3582"/>.

 <Node id="3586"/>Other preventive care, such as glaucoma screening and diabetes self-management training, would also be covered in full<Node id="3704"/>.

 <Node id="3708"/>HR 3200<Node id="3715"/> will also <Node id="3726"/>increase<Node id="3734"/> <Node id="3735"/>reimbursements to doctors who provide primary care<Node id="3785"/>, thereby offering them incentives to enter this practice area<Node id="3847"/>.

 <Node id="3851"/>The bill also provides incentives to those doctors or groups of doctors who provide a "medical home" to patients wherein they coordinate the care that those patients receive from a variety of providers<Node id="4052"/>."
 <Node id="4056"/>Yeah, you say, but what about the matter of those so-called "cuts" that many opponents of the bill mention in trying to drum up opposition to it<Node id="4200"/>? Listen to Baker:
 "<Node id="4221"/>These 'cuts' are actually <Node id="4247"/>savings<Node id="4254"/> <Node id="4255"/>that<Node id="4259"/> providers like hospitals have already agreed can be made in order to <Node id="4329"/>trim<Node id="4333"/> <Node id="4334"/>Medicare's budget<Node id="4351"/> and contribute to health care reform without affecting access to care for people with Medicare<Node id="4446"/>.

 <Node id="4450"/>To the extent that some providers disagree about the level of these savings, that is a legitimate debate that we can have, but all agree that they can contribute something<Node id="4621"/>.
 <Node id="4624"/>Secondly, and perhaps most importantly, there are <Node id="4674"/>no<Node id="4676"/> <Node id="4677"/>cuts to<Node id="4684"/> <Node id="4685"/>the actual benefits that <Node id="4710"/>seniors and people with disabilities with Medicare<Node id="4760"/> will actually receive<Node id="4782"/>, <Node id="4784"/>nor<Node id="4787"/> are there increased costs <Node id="4814"/>imposed upon<Node id="4826"/> <Node id="4827"/>them<Node id="4831"/> by <Node id="4835"/>this bill<Node id="4844"/>."
 <Node id="4848"/>Baker had more, much more, to say on the subject, and anyone on Medicare or nearing Medicare eligibility ought to read the full text of his comments, available here<Node id="5012"/>.
 The Medicare Rights Center, by the way, is a national, independent, nonprofit consumer service organization that works to ensure access to affordable health care for older adults and people with disabilities through individual counseling and advocacy, educational programs and public policy initiatives.
- Doug Bates, associate editor; dougbates@news.oregonian.com
<Node id="5380"/></TextWithNodes>
<!-- The default annotation set -->

<AnnotationSet>
<Annotation Id="1" Type="doc" StartNode="0" EndNode="5380">
<Feature>
  <Name className="java.lang.String">id</Name>
  <Value className="java.lang.String">hc025</Value>
</Feature>
<Feature>
  <Name className="java.lang.String">author</Name>
  <Value className="java.lang.String">Doug,Bates</Value>
</Feature>
<Feature>
  <Name className="java.lang.String">source</Name>
  <Value className="java.lang.String">The,Oregonian</Value>
</Feature>
<Feature>
  <Name className="java.lang.String">date</Name>
  <Value className="java.lang.String">200909</Value>
</Feature>
<Feature>
  <Name className="java.lang.String">side</Name>
  <Value className="java.lang.String">pro</Value>
</Feature>
<Feature>
  <Name className="java.lang.String">url</Name>
  <Value className="java.lang.String">http://www.oregonlive.com/opinion/index.ssf/2009/09/on_health_care_reform_listen_t.html </Value>
</Feature>
</Annotation>
<Annotation Id="2" Type="arg" StartNode="73" EndNode="267">
<Feature>
  <Name className="java.lang.String">prospect</Name>
  <Value className="java.lang.String">gain</Value>
</Feature>
<Feature>
  <Name className="java.lang.String">ss-label</Name>
  <Value className="java.lang.String">maintains/improves_medicare_benefits</Value>
</Feature>
<Feature>
  <Name className="java.lang.String">type</Name>
  <Value className="java.lang.String">label</Value>
</Feature>
<Feature>
  <Name className="java.lang.String">group</Name>
  <Value className="java.lang.String">self-group</Value>
</Feature>
<Feature>
  <Name className="java.lang.String">polarity</Name>
  <Value className="java.lang.String">positive</Value>
</Feature>
</Annotation>
<Annotation Id="3" Type="rel" StartNode="297" EndNode="306">
<Feature>
  <Name className="java.lang.String">id</Name>
  <Value className="java.lang.String">r1</Value>
</Feature>
</Annotation>
<Annotation Id="4" Type="arg" StartNode="413" EndNode="625">
<Feature>
  <Name className="java.lang.String">ss-label</Name>
  <Value className="java.lang.String">opposition_exploiting_fear_to_block_reform</Value>
</Feature>
<Feature>
  <Name className="java.lang.String">type</Name>
  <Value className="java.lang.String">label</Value>
</Feature>
<Feature>
  <Name className="java.lang.String">about-rel</Name>
  <Value className="java.lang.String">r1</Value>
</Feature>
<Feature>
  <Name className="java.lang.String">polarity</Name>
  <Value className="java.lang.String">negative</Value>
</Feature>
</Annotation>
<Annotation Id="5" Type="arg" StartNode="789" EndNode="987">
<Feature>
  <Name className="java.lang.String">type</Name>
  <Value className="java.lang.String">label</Value>
</Feature>
<Feature>
  <Name className="java.lang.String">ss-label</Name>
  <Value className="java.lang.String">opposition_exploiting_fear_to_block_reform</Value>
</Feature>
<Feature>
  <Name className="java.lang.String">polarity</Name>
  <Value className="java.lang.String">negative</Value>
</Feature>
</Annotation>
<Annotation Id="6" Type="rel" StartNode="990" EndNode="997">
<Feature>
  <Name className="java.lang.String">id</Name>
  <Value className="java.lang.String">r2</Value>
</Feature>
</Annotation>
<Annotation Id="7" Type="arg" StartNode="990" EndNode="1176">
<Feature>
  <Name className="java.lang.String">prospect</Name>
  <Value className="java.lang.String">gain</Value>
</Feature>
<Feature>
  <Name className="java.lang.String">ss-label</Name>
  <Value className="java.lang.String">maintains/improves_medicare_benefits</Value>
</Feature>
<Feature>
  <Name className="java.lang.String">type</Name>
  <Value className="java.lang.String">label</Value>
</Feature>
<Feature>
  <Name className="java.lang.String">group</Name>
  <Value className="java.lang.String">self-group</Value>
</Feature>
<Feature>
  <Name className="java.lang.String">about-rel</Name>
  <Value className="java.lang.String">r2</Value>
</Feature>
<Feature>
  <Name className="java.lang.String">polarity</Name>
  <Value className="java.lang.String">positive</Value>
</Feature>
</Annotation>
<Annotation Id="8" Type="arg" StartNode="1180" EndNode="1338">
<Feature>
  <Name className="java.lang.String">ss-label</Name>
  <Value className="java.lang.String">invests_in_medicare</Value>
</Feature>
<Feature>
  <Name className="java.lang.String">unclear</Name>
  <Value className="java.lang.String">true</Value>
</Feature>
<Feature>
  <Name className="java.lang.String">type</Name>
  <Value className="java.lang.String">label</Value>
</Feature>
<Feature>
  <Name className="java.lang.String">polarity</Name>
  <Value className="java.lang.String">positive</Value>
</Feature>
</Annotation>
<Annotation Id="9" Type="arg" StartNode="1342" EndNode="1428">
<Feature>
  <Name className="java.lang.String">prospect</Name>
  <Value className="java.lang.String">gain</Value>
</Feature>
<Feature>
  <Name className="java.lang.String">ss-label</Name>
  <Value className="java.lang.String">maintains/improves_medicare_benefits</Value>
</Feature>
<Feature>
  <Name className="java.lang.String">type</Name>
  <Value className="java.lang.String">label</Value>
</Feature>
<Feature>
  <Name className="java.lang.String">group</Name>
  <Value className="java.lang.String">self-group</Value>
</Feature>
<Feature>
  <Name className="java.lang.String">polarity</Name>
  <Value className="java.lang.String">positive</Value>
</Feature>
</Annotation>
<Annotation Id="10" Type="arg" StartNode="1431" EndNode="1621">
<Feature>
  <Name className="java.lang.String">prospect</Name>
  <Value className="java.lang.String">gain</Value>
</Feature>
<Feature>
  <Name className="java.lang.String">ss-label</Name>
  <Value className="java.lang.String">maintains/improves_medicare_benefits</Value>
</Feature>
<Feature>
  <Name className="java.lang.String">type</Name>
  <Value className="java.lang.String">label</Value>
</Feature>
<Feature>
  <Name className="java.lang.String">group</Name>
  <Value className="java.lang.String">self-group</Value>
</Feature>
<Feature>
  <Name className="java.lang.String">polarity</Name>
  <Value className="java.lang.String">positive</Value>
</Feature>
</Annotation>
<Annotation Id="11" Type="arg" StartNode="1642" EndNode="1801">
<Feature>
  <Name className="java.lang.String">prospect</Name>
  <Value className="java.lang.String">gain</Value>
</Feature>
<Feature>
  <Name className="java.lang.String">ss-label</Name>
  <Value className="java.lang.String">helps_seniors_pay_for_meds</Value>
</Feature>
<Feature>
  <Name className="java.lang.String">type</Name>
  <Value className="java.lang.String">label</Value>
</Feature>
<Feature>
  <Name className="java.lang.String">group</Name>
  <Value className="java.lang.String">self-group</Value>
</Feature>
<Feature>
  <Name className="java.lang.String">polarity</Name>
  <Value className="java.lang.String">positive</Value>
</Feature>
</Annotation>
<Annotation Id="12" Type="rel" StartNode="1805" EndNode="1978">
<Feature>
  <Name className="java.lang.String">type</Name>
  <Value className="java.lang.String">label</Value>
</Feature>
<Feature>
  <Name className="java.lang.String">ss-label</Name>
  <Value className="java.lang.String">helps_seniors_pay_for_meds</Value>
</Feature>
</Annotation>
<Annotation Id="13" Type="arg" StartNode="2001" EndNode="2185">
<Feature>
  <Name className="java.lang.String">polarity</Name>
  <Value className="java.lang.String">positive</Value>
</Feature>
<Feature>
  <Name className="java.lang.String">prospect</Name>
  <Value className="java.lang.String">gain</Value>
</Feature>
<Feature>
  <Name className="java.lang.String">unclear</Name>
  <Value className="java.lang.String">true</Value>
</Feature>
<Feature>
  <Name className="java.lang.String">ss-label</Name>
  <Value className="java.lang.String">helps_seniors_pay_for_meds</Value>
</Feature>
<Feature>
  <Name className="java.lang.String">type</Name>
  <Value className="java.lang.String">label</Value>
</Feature>
<Feature>
  <Name className="java.lang.String">group</Name>
  <Value className="java.lang.String">self-group</Value>
</Feature>
<Feature>
  <Name className="java.lang.String">incomplete</Name>
  <Value className="java.lang.String">true</Value>
</Feature>
</Annotation>
<Annotation Id="15" Type="arg" StartNode="2569" EndNode="2820">
<Feature>
  <Name className="java.lang.String">prospect</Name>
  <Value className="java.lang.String">gain</Value>
</Feature>
<Feature>
  <Name className="java.lang.String">ss-label</Name>
  <Value className="java.lang.String">expands/guarantees_access_to_preventative_care</Value>
</Feature>
<Feature>
  <Name className="java.lang.String">type</Name>
  <Value className="java.lang.String">label</Value>
</Feature>
<Feature>
  <Name className="java.lang.String">group</Name>
  <Value className="java.lang.String">self-group</Value>
</Feature>
<Feature>
  <Name className="java.lang.String">polarity</Name>
  <Value className="java.lang.String">positive</Value>
</Feature>
</Annotation>
<Annotation Id="17" Type="arg" StartNode="2838" EndNode="3039">
<Feature>
  <Name className="java.lang.String">prospect</Name>
  <Value className="java.lang.String">gain</Value>
</Feature>
<Feature>
  <Name className="java.lang.String">ss-label</Name>
  <Value className="java.lang.String">limits_out_of_pocket_expenses</Value>
</Feature>
<Feature>
  <Name className="java.lang.String">type</Name>
  <Value className="java.lang.String">label</Value>
</Feature>
<Feature>
  <Name className="java.lang.String">group</Name>
  <Value className="java.lang.String">self-group</Value>
</Feature>
<Feature>
  <Name className="java.lang.String">about-rel</Name>
  <Value className="java.lang.String"></Value>
</Feature>
<Feature>
  <Name className="java.lang.String">polarity</Name>
  <Value className="java.lang.String">positive</Value>
</Feature>
</Annotation>
<Annotation Id="18" Type="arg" StartNode="3042" EndNode="3110">
<Feature>
  <Name className="java.lang.String"></Name>
  <Value className="java.lang.String">expands/guarantees_access_to_preventative_care</Value>
</Feature>
<Feature>
  <Name className="java.lang.String">ss-label</Name>
  <Value className="java.lang.String">limits_out_of_pocket_expenses</Value>
</Feature>
<Feature>
  <Name className="java.lang.String">type</Name>
  <Value className="java.lang.String">label</Value>
</Feature>
<Feature>
  <Name className="java.lang.String">polarity</Name>
  <Value className="java.lang.String">positive</Value>
</Feature>
</Annotation>
<Annotation Id="21" Type="arg" StartNode="3708" EndNode="3847">
<Feature>
  <Name className="java.lang.String">type</Name>
  <Value className="java.lang.String">label</Value>
</Feature>
<Feature>
  <Name className="java.lang.String">ss-label</Name>
  <Value className="java.lang.String">more_primary_care</Value>
</Feature>
<Feature>
  <Name className="java.lang.String">polarity</Name>
  <Value className="java.lang.String">positive</Value>
</Feature>
</Annotation>
<Annotation Id="20" Type="rel" StartNode="3586" EndNode="3704">
<Feature>
  <Name className="java.lang.String">prospect</Name>
  <Value className="java.lang.String">gain</Value>
</Feature>
<Feature>
  <Name className="java.lang.String">ss-label</Name>
  <Value className="java.lang.String">expands/guarantees_access_to_preventative_care</Value>
</Feature>
<Feature>
  <Name className="java.lang.String">type</Name>
  <Value className="java.lang.String">label</Value>
</Feature>
<Feature>
  <Name className="java.lang.String">group</Name>
  <Value className="java.lang.String">self-group</Value>
</Feature>
<Feature>
  <Name className="java.lang.String">polarity</Name>
  <Value className="java.lang.String">positive</Value>
</Feature>
</Annotation>
<Annotation Id="23" Type="arg" StartNode="3851" EndNode="4052">
<Feature>
  <Name className="java.lang.String">type</Name>
  <Value className="java.lang.String">label</Value>
</Feature>
<Feature>
  <Name className="java.lang.String">ss-label</Name>
  <Value className="java.lang.String">more_primary_care</Value>
</Feature>
<Feature>
  <Name className="java.lang.String">polarity</Name>
  <Value className="java.lang.String">positive</Value>
</Feature>
</Annotation>
<Annotation Id="25" Type="arg" StartNode="4221" EndNode="4446">
<Feature>
  <Name className="java.lang.String">type</Name>
  <Value className="java.lang.String">label</Value>
</Feature>
<Feature>
  <Name className="java.lang.String">ss-label</Name>
  <Value className="java.lang.String">improves_efficiency_of_healthcare_buracracy</Value>
</Feature>
<Feature>
  <Name className="java.lang.String">polarity</Name>
  <Value className="java.lang.String">positive</Value>
</Feature>
</Annotation>
<Annotation Id="24" Type="rel" StartNode="4056" EndNode="4200">
<Feature>
  <Name className="java.lang.String">type</Name>
  <Value className="java.lang.String">label</Value>
</Feature>
<Feature>
  <Name className="java.lang.String">ss-label</Name>
  <Value className="java.lang.String">opposition_exploiting_fear_to_block_reform</Value>
</Feature>
<Feature>
  <Name className="java.lang.String">polarity</Name>
  <Value className="java.lang.String">negative</Value>
</Feature>
</Annotation>
<Annotation Id="27" Type="arg" StartNode="0" EndNode="42">
<Feature>
  <Name className="java.lang.String">type</Name>
  <Value className="java.lang.String">else</Value>
</Feature>
<Feature>
  <Name className="java.lang.String">polarity</Name>
  <Value className="java.lang.String">positive</Value>
</Feature>
</Annotation>
<Annotation Id="26" Type="arg" StartNode="4624" EndNode="4844">
<Feature>
  <Name className="java.lang.String">prospect</Name>
  <Value className="java.lang.String">gain</Value>
</Feature>
<Feature>
  <Name className="java.lang.String">ss-label</Name>
  <Value className="java.lang.String">does_not_interfere_with_care</Value>
</Feature>
<Feature>
  <Name className="java.lang.String">type</Name>
  <Value className="java.lang.String">label</Value>
</Feature>
<Feature>
  <Name className="java.lang.String">group</Name>
  <Value className="java.lang.String">self-group</Value>
</Feature>
<Feature>
  <Name className="java.lang.String">polarity</Name>
  <Value className="java.lang.String">negative</Value>
</Feature>
</Annotation>
<Annotation Id="29" Type="rel" StartNode="2189" EndNode="2324">
<Feature>
  <Name className="java.lang.String">type</Name>
  <Value className="java.lang.String">label</Value>
</Feature>
<Feature>
  <Name className="java.lang.String">ss-label</Name>
  <Value className="java.lang.String">helps_seniors_pay_for_meds</Value>
</Feature>
</Annotation>
<Annotation Id="28" Type="rel" StartNode="629" EndNode="785">
<Feature>
  <Name className="java.lang.String">type</Name>
  <Value className="java.lang.String">label</Value>
</Feature>
<Feature>
  <Name className="java.lang.String">ss-label</Name>
  <Value className="java.lang.String">maintains/improves_medicare_benefits</Value>
</Feature>
</Annotation>
<Annotation Id="31" Type="rel" StartNode="3113" EndNode="3289">
<Feature>
  <Name className="java.lang.String">type</Name>
  <Value className="java.lang.String">label</Value>
</Feature>
<Feature>
  <Name className="java.lang.String">ss-label</Name>
  <Value className="java.lang.String">expands/limits_out_of_pocket_expenses</Value>
</Feature>
</Annotation>
<Annotation Id="30" Type="rel" StartNode="2326" EndNode="2564">
<Feature>
  <Name className="java.lang.String">type</Name>
  <Value className="java.lang.String">label</Value>
</Feature>
<Feature>
  <Name className="java.lang.String">ss-label</Name>
  <Value className="java.lang.String">helps_seniors_pay_for_meds</Value>
</Feature>
</Annotation>
<Annotation Id="34" Type="rel" StartNode="4450" EndNode="4621">
<Feature>
  <Name className="java.lang.String">type</Name>
  <Value className="java.lang.String">label</Value>
</Feature>
<Feature>
  <Name className="java.lang.String">ss-label</Name>
  <Value className="java.lang.String">improves_efficiency_of_healthcare_buracracy</Value>
</Feature>
</Annotation>
<Annotation Id="35" Type="arg" StartNode="4848" EndNode="5012">
<Feature>
  <Name className="java.lang.String">type</Name>
  <Value className="java.lang.String">else</Value>
</Feature>
<Feature>
  <Name className="java.lang.String">polarity</Name>
  <Value className="java.lang.String">positive</Value>
</Feature>
</Annotation>
<Annotation Id="32" Type="rel" StartNode="3292" EndNode="3359">
<Feature>
  <Name className="java.lang.String">type</Name>
  <Value className="java.lang.String">label</Value>
</Feature>
<Feature>
  <Name className="java.lang.String">ss-label</Name>
  <Value className="java.lang.String">limits_out_of_pocket_expenses</Value>
</Feature>
</Annotation>
<Annotation Id="33" Type="arg" StartNode="3362" EndNode="3582">
<Feature>
  <Name className="java.lang.String">type</Name>
  <Value className="java.lang.String">label</Value>
</Feature>
<Feature>
  <Name className="java.lang.String">ss-label</Name>
  <Value className="java.lang.String">expands/guarantees_access_to_preventative_care</Value>
</Feature>
<Feature>
  <Name className="java.lang.String">polarity</Name>
  <Value className="java.lang.String">positive</Value>
</Feature>
</Annotation>
<Annotation Id="38" Type="gfbf-agent" StartNode="76" EndNode="101">
<Feature>
  <Name className="java.lang.String">writerAtt</Name>
  <Value className="java.lang.String">positive</Value>
</Feature>
</Annotation>
<Annotation Id="39" Type="gfbf" StartNode="510" EndNode="518">
<Feature>
  <Name className="java.lang.String">agentId</Name>
  <Value className="java.lang.String">41</Value>
</Feature>
<Feature>
  <Name className="java.lang.String">objectId</Name>
  <Value className="java.lang.String">40</Value>
</Feature>
<Feature>
  <Name className="java.lang.String">polarity</Name>
  <Value className="java.lang.String">badfor</Value>
</Feature>
</Annotation>
<Annotation Id="36" Type="gfbf" StartNode="203" EndNode="211">
<Feature>
  <Name className="java.lang.String">agentId</Name>
  <Value className="java.lang.String">38</Value>
</Feature>
<Feature>
  <Name className="java.lang.String">objectId</Name>
  <Value className="java.lang.String">37</Value>
</Feature>
<Feature>
  <Name className="java.lang.String">polarity</Name>
  <Value className="java.lang.String">goodfor</Value>
</Feature>
</Annotation>
<Annotation Id="37" Type="gfbf-object" StartNode="212" EndNode="266">
<Feature>
  <Name className="java.lang.String">writerAtt</Name>
  <Value className="java.lang.String">unknown</Value>
</Feature>
</Annotation>
<Annotation Id="42" Type="gfbf-agent" StartNode="519" EndNode="540">
<Feature>
  <Name className="java.lang.String">writerAtt</Name>
  <Value className="java.lang.String">negative</Value>
</Feature>
</Annotation>
<Annotation Id="43" Type="gfbf" StartNode="564" EndNode="572">
<Feature>
  <Name className="java.lang.String">agentId</Name>
  <Value className="java.lang.String">42</Value>
</Feature>
<Feature>
  <Name className="java.lang.String">objectId</Name>
  <Value className="java.lang.String">44</Value>
</Feature>
<Feature>
  <Name className="java.lang.String">polarity</Name>
  <Value className="java.lang.String">badfor</Value>
</Feature>
</Annotation>
<Annotation Id="40" Type="gfbf-object" StartNode="519" EndNode="625">
<Feature>
  <Name className="java.lang.String">writerAtt</Name>
  <Value className="java.lang.String">negative</Value>
</Feature>
</Annotation>
<Annotation Id="41" Type="gfbf-agent" StartNode="413" EndNode="418">
<Feature>
  <Name className="java.lang.String">writerAtt</Name>
  <Value className="java.lang.String">positive</Value>
</Feature>
</Annotation>
<Annotation Id="46" Type="gfbf" StartNode="591" EndNode="599">
<Feature>
  <Name className="java.lang.String">agentId</Name>
  <Value className="java.lang.String">45</Value>
</Feature>
<Feature>
  <Name className="java.lang.String">objectId</Name>
  <Value className="java.lang.String">47</Value>
</Feature>
<Feature>
  <Name className="java.lang.String">polarity</Name>
  <Value className="java.lang.String">badfor</Value>
</Feature>
</Annotation>
<Annotation Id="47" Type="gfbf-object" StartNode="600" EndNode="625">
<Feature>
  <Name className="java.lang.String">writerAtt</Name>
  <Value className="java.lang.String">positive</Value>
</Feature>
</Annotation>
<Annotation Id="44" Type="gfbf-object" StartNode="573" EndNode="585">
<Feature>
  <Name className="java.lang.String">writerAtt</Name>
  <Value className="java.lang.String">positive</Value>
</Feature>
</Annotation>
<Annotation Id="45" Type="gfbf-agent" StartNode="573" EndNode="585">
<Feature>
  <Name className="java.lang.String">writerAtt</Name>
  <Value className="java.lang.String">positive</Value>
</Feature>
</Annotation>
<Annotation Id="51" Type="gfbf-agent" StartNode="849" EndNode="864">
<Feature>
  <Name className="java.lang.String">writerAtt</Name>
  <Value className="java.lang.String">positive</Value>
</Feature>
</Annotation>
<Annotation Id="55" Type="gfbf-object" StartNode="1113" EndNode="1176">
<Feature>
  <Name className="java.lang.String">writerAtt</Name>
  <Value className="java.lang.String">positive</Value>
</Feature>
</Annotation>
<Annotation Id="53" Type="gfbf-object" StartNode="879" EndNode="897">
<Feature>
  <Name className="java.lang.String">writerAtt</Name>
  <Value className="java.lang.String">positive</Value>
</Feature>
</Annotation>
<Annotation Id="52" Type="gfbf" StartNode="870" EndNode="878">
<Feature>
  <Name className="java.lang.String">agentId</Name>
  <Value className="java.lang.String">51</Value>
</Feature>
<Feature>
  <Name className="java.lang.String">objectId</Name>
  <Value className="java.lang.String">53</Value>
</Feature>
<Feature>
  <Name className="java.lang.String">polarity</Name>
  <Value className="java.lang.String">badfor</Value>
</Feature>
</Annotation>
<Annotation Id="59" Type="gfbf" StartNode="1319" EndNode="1329">
<Feature>
  <Name className="java.lang.String">agentId</Name>
  <Value className="java.lang.String">60</Value>
</Feature>
<Feature>
  <Name className="java.lang.String">objectId</Name>
  <Value className="java.lang.String">61</Value>
</Feature>
<Feature>
  <Name className="java.lang.String">polarity</Name>
  <Value className="java.lang.String">goodfor</Value>
</Feature>
</Annotation>
<Annotation Id="58" Type="gfbf" StartNode="1085" EndNode="1112">
<Feature>
  <Name className="java.lang.String">agentId</Name>
  <Value className="java.lang.String">56</Value>
</Feature>
<Feature>
  <Name className="java.lang.String">polarity</Name>
  <Value className="java.lang.String">goodfor</Value>
</Feature>
<Feature>
  <Name className="java.lang.String">objectId</Name>
  <Value className="java.lang.String">55</Value>
</Feature>
</Annotation>
<Annotation Id="56" Type="gfbf-agent" StartNode="990" EndNode="997">
<Feature>
  <Name className="java.lang.String">writerAtt</Name>
  <Value className="java.lang.String">positive</Value>
</Feature>
</Annotation>
<Annotation Id="63" Type="gfbf" StartNode="1225" EndNode="1234">
<Feature>
  <Name className="java.lang.String">agentId</Name>
  <Value className="java.lang.String">62</Value>
</Feature>
<Feature>
  <Name className="java.lang.String">objectId</Name>
  <Value className="java.lang.String">64</Value>
</Feature>
<Feature>
  <Name className="java.lang.String">polarity</Name>
  <Value className="java.lang.String">badfor</Value>
</Feature>
</Annotation>
<Annotation Id="62" Type="gfbf-agent" StartNode="1195" EndNode="1208">
<Feature>
  <Name className="java.lang.String">writerAtt</Name>
  <Value className="java.lang.String">negative</Value>
</Feature>
</Annotation>
<Annotation Id="61" Type="gfbf-object" StartNode="1330" EndNode="1338">
<Feature>
  <Name className="java.lang.String">writerAtt</Name>
  <Value className="java.lang.String">positive</Value>
</Feature>
</Annotation>
<Annotation Id="60" Type="gfbf-agent" StartNode="1311" EndNode="1318">
<Feature>
  <Name className="java.lang.String">writerAtt</Name>
  <Value className="java.lang.String">positive</Value>
</Feature>
</Annotation>
<Annotation Id="68" Type="gfbf" StartNode="1497" EndNode="1505">
<Feature>
  <Name className="java.lang.String">agentId</Name>
  <Value className="java.lang.String">70</Value>
</Feature>
<Feature>
  <Name className="java.lang.String">polarity</Name>
  <Value className="java.lang.String">goodfor</Value>
</Feature>
<Feature>
  <Name className="java.lang.String">objectId</Name>
  <Value className="java.lang.String">69</Value>
</Feature>
</Annotation>
<Annotation Id="69" Type="gfbf-object" StartNode="1506" EndNode="1543">
<Feature>
  <Name className="java.lang.String">writerAtt</Name>
  <Value className="java.lang.String">positive</Value>
</Feature>
</Annotation>
<Annotation Id="70" Type="gfbf-agent" StartNode="1431" EndNode="1446">
<Feature>
  <Name className="java.lang.String">writerAtt</Name>
  <Value className="java.lang.String">positive</Value>
</Feature>
</Annotation>
<Annotation Id="64" Type="gfbf-object" StartNode="1235" EndNode="1243">
<Feature>
  <Name className="java.lang.String">writerAtt</Name>
  <Value className="java.lang.String">positive</Value>
</Feature>
</Annotation>
<Annotation Id="65" Type="gfbf" StartNode="1400" EndNode="1407">
<Feature>
  <Name className="java.lang.String">agentId</Name>
  <Value className="java.lang.String">67</Value>
</Feature>
<Feature>
  <Name className="java.lang.String">objectId</Name>
  <Value className="java.lang.String">66</Value>
</Feature>
<Feature>
  <Name className="java.lang.String">polarity</Name>
  <Value className="java.lang.String">goodfor</Value>
</Feature>
</Annotation>
<Annotation Id="66" Type="gfbf-object" StartNode="1408" EndNode="1428">
<Feature>
  <Name className="java.lang.String">writerAtt</Name>
  <Value className="java.lang.String">positive</Value>
</Feature>
</Annotation>
<Annotation Id="67" Type="gfbf-agent" StartNode="1378" EndNode="1394">
<Feature>
  <Name className="java.lang.String">writerAtt</Name>
  <Value className="java.lang.String">positive</Value>
</Feature>
</Annotation>
<Annotation Id="76" Type="gfbf-object" StartNode="1708" EndNode="1801">
<Feature>
  <Name className="java.lang.String">writerAtt</Name>
  <Value className="java.lang.String">negative</Value>
</Feature>
</Annotation>
<Annotation Id="77" Type="gfbf-agent" StartNode="1642" EndNode="1650">
<Feature>
  <Name className="java.lang.String">writerAtt</Name>
  <Value className="java.lang.String">positive</Value>
</Feature>
</Annotation>
<Annotation Id="79" Type="gfbf" StartNode="2021" EndNode="2027">
<Feature>
  <Name className="java.lang.String">agentId</Name>
  <Value className="java.lang.String">81</Value>
</Feature>
<Feature>
  <Name className="java.lang.String">objectId</Name>
  <Value className="java.lang.String">80</Value>
</Feature>
<Feature>
  <Name className="java.lang.String">polarity</Name>
  <Value className="java.lang.String">badfor</Value>
</Feature>
</Annotation>
<Annotation Id="72" Type="gfbf" StartNode="1548" EndNode="1556">
<Feature>
  <Name className="java.lang.String">agentId</Name>
  <Value className="java.lang.String">70</Value>
</Feature>
<Feature>
  <Name className="java.lang.String">objectId</Name>
  <Value className="java.lang.String">73</Value>
</Feature>
<Feature>
  <Name className="java.lang.String">polarity</Name>
  <Value className="java.lang.String">goodfor</Value>
</Feature>
</Annotation>
<Annotation Id="73" Type="gfbf-object" StartNode="1557" EndNode="1621">
<Feature>
  <Name className="java.lang.String">writerAtt</Name>
  <Value className="java.lang.String">positive</Value>
</Feature>
</Annotation>
<Annotation Id="75" Type="gfbf" StartNode="1693" EndNode="1707">
<Feature>
  <Name className="java.lang.String">agentId</Name>
  <Value className="java.lang.String">77</Value>
</Feature>
<Feature>
  <Name className="java.lang.String">objectId</Name>
  <Value className="java.lang.String">76</Value>
</Feature>
<Feature>
  <Name className="java.lang.String">polarity</Name>
  <Value className="java.lang.String">badfor</Value>
</Feature>
</Annotation>
<Annotation Id="85" Type="referent" StartNode="2877" EndNode="2887">
<Feature>
  <Name className="java.lang.String">writerAtt</Name>
  <Value className="java.lang.String">positive</Value>
</Feature>
</Annotation>
<Annotation Id="84" Type="gfbf-agent" StartNode="2888" EndNode="2892">
<Feature>
  <Name className="java.lang.String">referentId</Name>
  <Value className="java.lang.String">85</Value>
</Feature>
<Feature>
  <Name className="java.lang.String">reference</Name>
  <Value className="java.lang.String">true</Value>
</Feature>
<Feature>
  <Name className="java.lang.String">writerAtt</Name>
  <Value className="java.lang.String">positive</Value>
</Feature>
</Annotation>
<Annotation Id="87" Type="gfbf" StartNode="3019" EndNode="3026">
<Feature>
  <Name className="java.lang.String">agentId</Name>
  <Value className="java.lang.String">88</Value>
</Feature>
<Feature>
  <Name className="java.lang.String">objectId</Name>
  <Value className="java.lang.String">86</Value>
</Feature>
<Feature>
  <Name className="java.lang.String">polarity</Name>
  <Value className="java.lang.String">goodfor</Value>
</Feature>
</Annotation>
<Annotation Id="86" Type="gfbf-object" StartNode="2986" EndNode="3018">
<Feature>
  <Name className="java.lang.String">writerAtt</Name>
  <Value className="java.lang.String">positive</Value>
</Feature>
</Annotation>
<Annotation Id="81" Type="gfbf-agent" StartNode="2001" EndNode="2015">
<Feature>
  <Name className="java.lang.String">writerAtt</Name>
  <Value className="java.lang.String">positive</Value>
</Feature>
</Annotation>
<Annotation Id="80" Type="gfbf-object" StartNode="2028" EndNode="2185">
<Feature>
  <Name className="java.lang.String">writerAtt</Name>
  <Value className="java.lang.String">negative</Value>
</Feature>
</Annotation>
<Annotation Id="83" Type="gfbf-object" StartNode="2905" EndNode="3038">
<Feature>
  <Name className="java.lang.String">writerAtt</Name>
  <Value className="java.lang.String">negative</Value>
</Feature>
</Annotation>
<Annotation Id="82" Type="gfbf" StartNode="2898" EndNode="2904">
<Feature>
  <Name className="java.lang.String">agentId</Name>
  <Value className="java.lang.String">84</Value>
</Feature>
<Feature>
  <Name className="java.lang.String">polarity</Name>
  <Value className="java.lang.String">badfor</Value>
</Feature>
<Feature>
  <Name className="java.lang.String">objectId</Name>
  <Value className="java.lang.String">83</Value>
</Feature>
</Annotation>
<Annotation Id="93" Type="gfbf-object" StartNode="3735" EndNode="3785">
<Feature>
  <Name className="java.lang.String">writerAtt</Name>
  <Value className="java.lang.String">positive</Value>
</Feature>
</Annotation>
<Annotation Id="92" Type="gfbf" StartNode="3726" EndNode="3734">
<Feature>
  <Name className="java.lang.String">agentId</Name>
  <Value className="java.lang.String">94</Value>
</Feature>
<Feature>
  <Name className="java.lang.String">objectId</Name>
  <Value className="java.lang.String">93</Value>
</Feature>
<Feature>
  <Name className="java.lang.String">polarity</Name>
  <Value className="java.lang.String">goodfor</Value>
</Feature>
</Annotation>
<Annotation Id="95" Type="gfbf" StartNode="4329" EndNode="4333">
<Feature>
  <Name className="java.lang.String">agentId</Name>
  <Value className="java.lang.String">97</Value>
</Feature>
<Feature>
  <Name className="java.lang.String">polarity</Name>
  <Value className="java.lang.String">badfor</Value>
</Feature>
<Feature>
  <Name className="java.lang.String">objectId</Name>
  <Value className="java.lang.String">96</Value>
</Feature>
</Annotation>
<Annotation Id="94" Type="gfbf-agent" StartNode="3708" EndNode="3715">
<Feature>
  <Name className="java.lang.String">writerAtt</Name>
  <Value className="java.lang.String">positive</Value>
</Feature>
</Annotation>
<Annotation Id="89" Type="gfbf" StartNode="3051" EndNode="3057">
<Feature>
  <Name className="java.lang.String">agentId</Name>
  <Value className="java.lang.String">91</Value>
</Feature>
<Feature>
  <Name className="java.lang.String">objectId</Name>
  <Value className="java.lang.String">90</Value>
</Feature>
<Feature>
  <Name className="java.lang.String">polarity</Name>
  <Value className="java.lang.String">badfor</Value>
</Feature>
</Annotation>
<Annotation Id="88" Type="gfbf-agent" StartNode="3030" EndNode="3038">
<Feature>
  <Name className="java.lang.String">writerAtt</Name>
  <Value className="java.lang.String">positive</Value>
</Feature>
</Annotation>
<Annotation Id="91" Type="gfbf-agent" StartNode="3042" EndNode="3050">
<Feature>
  <Name className="java.lang.String">writerAtt</Name>
  <Value className="java.lang.String">positive</Value>
</Feature>
</Annotation>
<Annotation Id="90" Type="gfbf-object" StartNode="3058" EndNode="3110">
<Feature>
  <Name className="java.lang.String">writerAtt</Name>
  <Value className="java.lang.String">negative</Value>
</Feature>
</Annotation>
<Annotation Id="102" Type="gfbf" StartNode="4814" EndNode="4826">
<Feature>
  <Name className="java.lang.String">agentId</Name>
  <Value className="java.lang.String">105</Value>
</Feature>
<Feature>
  <Name className="java.lang.String">objectId</Name>
  <Value className="java.lang.String">103</Value>
</Feature>
<Feature>
  <Name className="java.lang.String">polarity</Name>
  <Value className="java.lang.String">badfor</Value>
</Feature>
</Annotation>
<Annotation Id="103" Type="gfbf-object" StartNode="4827" EndNode="4831">
<Feature>
  <Name className="java.lang.String">referentId</Name>
  <Value className="java.lang.String">106</Value>
</Feature>
<Feature>
  <Name className="java.lang.String">refererence</Name>
  <Value className="java.lang.String">true</Value>
</Feature>
<Feature>
  <Name className="java.lang.String">writerAtt</Name>
  <Value className="java.lang.String">positive</Value>
</Feature>
</Annotation>
<Annotation Id="100" Type="gfbf-object" StartNode="4685" EndNode="4782">
<Feature>
  <Name className="java.lang.String">writerAtt</Name>
  <Value className="java.lang.String">negative</Value>
</Feature>
</Annotation>
<Annotation Id="98" Type="referent" StartNode="4247" EndNode="4254">
<Feature>
  <Name className="java.lang.String">writerAtt</Name>
  <Value className="java.lang.String">positive</Value>
</Feature>
</Annotation>
<Annotation Id="99" Type="gfbf" StartNode="4677" EndNode="4684">
<Feature>
  <Name className="java.lang.String">agentId</Name>
  <Value className="java.lang.String">implicit</Value>
</Feature>
<Feature>
  <Name className="java.lang.String">polarity</Name>
  <Value className="java.lang.String">badfor</Value>
</Feature>
<Feature>
  <Name className="java.lang.String">objectId</Name>
  <Value className="java.lang.String">100</Value>
</Feature>
</Annotation>
<Annotation Id="96" Type="gfbf-object" StartNode="4334" EndNode="4351">
<Feature>
  <Name className="java.lang.String">writerAtt</Name>
  <Value className="java.lang.String">negative</Value>
</Feature>
</Annotation>
<Annotation Id="97" Type="gfbf-agent" StartNode="4255" EndNode="4259">
<Feature>
  <Name className="java.lang.String">referentId</Name>
  <Value className="java.lang.String">98</Value>
</Feature>
<Feature>
  <Name className="java.lang.String">reference</Name>
  <Value className="java.lang.String">true</Value>
</Feature>
<Feature>
  <Name className="java.lang.String">writerAtt</Name>
  <Value className="java.lang.String">positive</Value>
</Feature>
</Annotation>
<Annotation Id="106" Type="referent" StartNode="4710" EndNode="4760">
<Feature>
  <Name className="java.lang.String">writerAtt</Name>
  <Value className="java.lang.String">positive</Value>
</Feature>
</Annotation>
<Annotation Id="107" Type="influencer" StartNode="4674" EndNode="4676">
<Feature>
  <Name className="java.lang.String">effect</Name>
  <Value className="java.lang.String">reverse</Value>
</Feature>
<Feature>
  <Name className="java.lang.String">agentId</Name>
  <Value className="java.lang.String">implicit</Value>
</Feature>
<Feature>
  <Name className="java.lang.String">objectId</Name>
  <Value className="java.lang.String">99</Value>
</Feature>
</Annotation>
<Annotation Id="104" Type="influencer" StartNode="4784" EndNode="4787">
<Feature>
  <Name className="java.lang.String">effect</Name>
  <Value className="java.lang.String">reverse</Value>
</Feature>
<Feature>
  <Name className="java.lang.String">agentId</Name>
  <Value className="java.lang.String">105</Value>
</Feature>
<Feature>
  <Name className="java.lang.String">objectId</Name>
  <Value className="java.lang.String">102</Value>
</Feature>
</Annotation>
<Annotation Id="105" Type="gfbf-agent" StartNode="4835" EndNode="4844">
<Feature>
  <Name className="java.lang.String">writerAtt</Name>
  <Value className="java.lang.String">positive</Value>
</Feature>
</Annotation>
</AnnotationSet>

<!-- Named annotation set -->

<AnnotationSet Name="Original markups">
<Annotation Id="0" Type="paragraph" StartNode="0" EndNode="5380">
</Annotation>
</AnnotationSet>

</GateDocument>
