<?xml version='1.0' encoding='US-ASCII'?>
<GateDocument version="2">
<!-- The document's features-->

<GateDocumentFeatures>
<Feature>
  <Name className="java.lang.String">gate.SourceURL</Name>
  <Value className="java.lang.String">file:/home/conrada/Dropbox/healthcare_devel_data_final/hc037.txt</Value>
</Feature>
<Feature>
  <Name className="java.lang.String">MimeType</Name>
  <Value className="java.lang.String">text/plain</Value>
</Feature>
<Feature>
  <Name className="java.lang.String">docNewLineType</Name>
  <Value className="java.lang.String">CRLF</Value>
</Feature>
</GateDocumentFeatures>
<!-- The document content area with serialized nodes -->

<TextWithNodes><Node id="0"/>Al Franken: <Node id="12"/>Health reform<Node id="25"/> has <Node id="30"/>made a difference for<Node id="51"/> <Node id="52"/>Minnesotans<Node id="63"/>
There's finally security<Node id="88"/>. Why would anyone reject that?
By AL FRANKEN
 <Node id="135"/>Just six months after President Obama signed health reform into law, Minnesotans are already beginning to reap its benefits<Node id="258"/>.
 During the health care debate, I met with Minnesotans of all stripes -- doctors, nurses, seniors, small-business owners, middle-class families.
 <Node id="406"/>One thing I heard over and over is that people felt like they were paying more and more for insurance without getting real health security in return<Node id="554"/>.
 <Node id="557"/>It seemed <Node id="567"/>as if<Node id="572"/> the insurance companies always <Node id="604"/>found a way to get out of<Node id="629"/> delivering the benefits they promised -- and that you paid for -- when you needed them<Node id="716"/>.

 <Node id="720"/>The new law<Node id="731"/> is already <Node id="743"/>closing<Node id="750"/> <Node id="751"/>those loopholes<Node id="766"/>.

 <Node id="770"/>Some of <Node id="778"/>the worst insurance company practices<Node id="815"/>, like <Node id="822"/>taking away<Node id="833"/> <Node id="834"/>coverage<Node id="842"/> when you get sick<Node id="860"/> or <Node id="864"/>limiting<Node id="872"/> <Node id="873"/>the amount of care you can receive in a lifetime<Node id="921"/>, are now <Node id="931"/>prohibited<Node id="941"/>.

 <Node id="945"/>Insurance companies<Node id="964"/> can <Node id="969"/>no longer<Node id="978"/> <Node id="979"/>deny<Node id="983"/> <Node id="984"/>coverage to kids with preexisting conditions<Node id="1028"/>.

 <Node id="1032"/>Young adults can now stay on their parents' insurance through age 26.
<Node id="1102"/>
 <Node id="1104"/>With many college graduates struggling to find work, this is critically important for many Minnesota families.
<Node id="1215"/>
 <Node id="1217"/>One aspect of the law that I worked on -- called "medical loss ratio" -- makes sure that starting this year, at least 80 cents out of every dollar you spend on health insurance will actually go for health care -- not administration, marketing and profits<Node id="1471"/>.

 <Node id="1475"/>Seniors and small-business owners I spoke with were especially concerned about rising costs<Node id="1566"/>.
 <Node id="1569"/>Seniors falling into the Medicare "donut hole" were forced to choose between buying groceries and paying for prescriptions.<Node id="1692"/>

 <Node id="1695"/>Small-business owners were forced to choose between cutting off health benefits and laying off workers.<Node id="1798"/>

 <Node id="1801"/>The new law is already helping<Node id="1831"/>.
 <Node id="1834"/>Seniors hitting that donut hole are <Node id="1870"/>receiving $250 rebate checks<Node id="1898"/> (the law will close it entirely by 2020)<Node id="1939"/>.

 <Node id="1943"/>Medicare beneficiaries will now <Node id="1975"/>receive<Node id="1982"/> free preventive care as part of their coverage.<Node id="2030"/>

 <Node id="2033"/>Nearly 78,000 Minnesota small-business owners<Node id="2078"/> are now eligible for tax credits to help <Node id="2120"/>cover<Node id="2125"/> <Node id="2126"/>employees<Node id="2135"/>, and many qualify for incentives to <Node id="2172"/>help<Node id="2176"/> <Node id="2177"/>them<Node id="2181"/> <Node id="2182"/>offer coverage to retirees<Node id="2208"/> who haven't yet reached age 65 to qualify for Medicare<Node id="2263"/>.

 <Node id="2267"/>Eventually, <Node id="2279"/>reform<Node id="2285"/> will <Node id="2291"/>slow<Node id="2295"/> <Node id="2296"/>rising<Node id="2302"/> <Node id="2303"/>costs for everyone<Node id="2321"/>.

 <Node id="2325"/>Many Minnesotans were surprised to learn that they pay an average of $1,100 a year in higher premiums to cover care for the uninsured.<Node id="2459"/>

 <Node id="2462"/>As those Americans gain coverage, <Node id="2496"/>Minnesotans already with insurance<Node id="2530"/> will be <Node id="2539"/>relieved <Node id="2548"/>of this hidden cost.
<Node id="2569"/>
 <Node id="2571"/>And, despite what some would have you believe, the nonpartisan Congressional Budget Office says <Node id="2667"/>the new law<Node id="2678"/> will <Node id="2684"/>decrease<Node id="2692"/> <Node id="2693"/>the deficit<Node id="2704"/> by $130 billion over the next decade<Node id="2741"/>.

 <Node id="2745"/>Of course, some longer-term benefits -- like consumer-friendly exchanges to help you pick the right plan for your family -- won't take effect for a few years<Node id="2902"/>.
 <Node id="2905"/>So it's perfectly understandable that some skepticism about reform endures<Node id="2979"/>.
 <Node id="2982"/>But <Node id="2986"/>those<Node id="2991"/> who seek to <Node id="3004"/>repeal<Node id="3010"/> <Node id="3011"/>the law<Node id="3018"/> would <Node id="3025"/>take away<Node id="3034"/> all of the things I've outlined that are already in place<Node id="3092"/>.
<Node id="3094"/>
 <Node id="3096"/>And <Node id="3100"/>those who seek to have our state "opt out" of the law<Node id="3153"/> are <Node id="3158"/>denying<Node id="3165"/> <Node id="3166"/>Minnesota its fair share of the benefits<Node id="3206"/>.
<Node id="3208"/>
 Already, our state is one of the very few choosing to walk away from federal grant money, a decision the Mayo Clinic says could jeopardize its position as a national standard-bearer for care and as a key driver of jobs and economic growth for Minnesota.
 <Node id="3465"/>There are going to be more opportunities to <Node id="3509"/>receive federal funding<Node id="3532"/>; we can't afford to <Node id="3553"/>miss out<Node id="3561"/> next time<Node id="3571"/>.
 Our state has been a leader in health care for decades.
 It would be a real shame to fall behind the curve.
 There's still work to be done.
 And I'll keep listening to Minnesotans. <Node id="3755"/>But <Node id="3759"/>I<Node id="3760"/> <Node id="3761"/>supported<Node id="3770"/> <Node id="3771"/>reform<Node id="3777"/> because I heard too many stories about how our system was falling short -- stories about <Node id="3867"/>Minnesotans<Node id="3878"/> <Node id="3879"/>driven<Node id="3885"/> into bankruptcy because they <Node id="3915"/>got sick<Node id="3923"/> or <Node id="3927"/>prevented<Node id="3936"/> from starting a small business because their preexisting condition would make it impossible to find health insurance.
<Node id="4055"/>
<Node id="4056"/></TextWithNodes>
<!-- The default annotation set -->

<AnnotationSet>
<Annotation Id="1" Type="doc" StartNode="0" EndNode="4056">
<Feature>
  <Name className="java.lang.String">id</Name>
  <Value className="java.lang.String">hc037</Value>
</Feature>
<Feature>
  <Name className="java.lang.String">author</Name>
  <Value className="java.lang.String">Al,Albert,Franken</Value>
</Feature>
<Feature>
  <Name className="java.lang.String">source</Name>
  <Value className="java.lang.String">Star,Tribune</Value>
</Feature>
<Feature>
  <Name className="java.lang.String">side</Name>
  <Value className="java.lang.String">pro</Value>
</Feature>
<Feature>
  <Name className="java.lang.String">url</Name>
  <Value className="java.lang.String">http://www.startribune.com/opinion/commentary/103575594.html </Value>
</Feature>
</Annotation>
<Annotation Id="2" Type="arg" StartNode="557" EndNode="716">
<Feature>
  <Name className="java.lang.String">prospect</Name>
  <Value className="java.lang.String">loss</Value>
</Feature>
<Feature>
  <Name className="java.lang.String">ss-label</Name>
  <Value className="java.lang.String">current_system_leads_to_corporate_exploitation</Value>
</Feature>
<Feature>
  <Name className="java.lang.String">type</Name>
  <Value className="java.lang.String">label</Value>
</Feature>
<Feature>
  <Name className="java.lang.String">group</Name>
  <Value className="java.lang.String">self-group</Value>
</Feature>
<Feature>
  <Name className="java.lang.String">polarity</Name>
  <Value className="java.lang.String">negative</Value>
</Feature>
</Annotation>
<Annotation Id="3" Type="arg" StartNode="720" EndNode="766">
<Feature>
  <Name className="java.lang.String">unclear</Name>
  <Value className="java.lang.String">true</Value>
</Feature>
<Feature>
  <Name className="java.lang.String">ss-label</Name>
  <Value className="java.lang.String">prevents_corporate_exploitation</Value>
</Feature>
<Feature>
  <Name className="java.lang.String">type</Name>
  <Value className="java.lang.String">label</Value>
</Feature>
<Feature>
  <Name className="java.lang.String">polarity</Name>
  <Value className="java.lang.String">positive</Value>
</Feature>
<Feature>
  <Name className="java.lang.String">incomplete</Name>
  <Value className="java.lang.String">true</Value>
</Feature>
</Annotation>
<Annotation Id="4" Type="arg" StartNode="770" EndNode="941">
<Feature>
  <Name className="java.lang.String">prospect</Name>
  <Value className="java.lang.String">gain</Value>
</Feature>
<Feature>
  <Name className="java.lang.String"></Name>
  <Value className="java.lang.String">prevents_insurers_from_dropping_the_sick</Value>
</Feature>
<Feature>
  <Name className="java.lang.String">type</Name>
  <Value className="java.lang.String">label</Value>
</Feature>
<Feature>
  <Name className="java.lang.String">group</Name>
  <Value className="java.lang.String">self-group</Value>
</Feature>
<Feature>
  <Name className="java.lang.String">polarity</Name>
  <Value className="java.lang.String">negative</Value>
</Feature>
</Annotation>
<Annotation Id="5" Type="arg" StartNode="1032" EndNode="1102">
<Feature>
  <Name className="java.lang.String">prospect</Name>
  <Value className="java.lang.String">gain</Value>
</Feature>
<Feature>
  <Name className="java.lang.String">ss-label</Name>
  <Value className="java.lang.String">children_can_stay_on_parent_plans_longer</Value>
</Feature>
<Feature>
  <Name className="java.lang.String">unclear</Name>
  <Value className="java.lang.String">true</Value>
</Feature>
<Feature>
  <Name className="java.lang.String">type</Name>
  <Value className="java.lang.String">label</Value>
</Feature>
<Feature>
  <Name className="java.lang.String">group</Name>
  <Value className="java.lang.String">self-group</Value>
</Feature>
<Feature>
  <Name className="java.lang.String">polarity</Name>
  <Value className="java.lang.String">positive</Value>
</Feature>
</Annotation>
<Annotation Id="6" Type="arg" StartNode="945" EndNode="1028">
<Feature>
  <Name className="java.lang.String">prospect</Name>
  <Value className="java.lang.String">gain</Value>
</Feature>
<Feature>
  <Name className="java.lang.String">ss-label</Name>
  <Value className="java.lang.String">eliminates_pre-existing_conditions_for_children</Value>
</Feature>
<Feature>
  <Name className="java.lang.String">type</Name>
  <Value className="java.lang.String">label</Value>
</Feature>
<Feature>
  <Name className="java.lang.String">group</Name>
  <Value className="java.lang.String">other-group</Value>
</Feature>
<Feature>
  <Name className="java.lang.String">polarity</Name>
  <Value className="java.lang.String">negative</Value>
</Feature>
</Annotation>
<Annotation Id="7" Type="arg" StartNode="1104" EndNode="1215">
<Feature>
  <Name className="java.lang.String">ss-label</Name>
  <Value className="java.lang.String">children_can_stay_on_parent_plans_longer</Value>
</Feature>
<Feature>
  <Name className="java.lang.String">type</Name>
  <Value className="java.lang.String">label</Value>
</Feature>
<Feature>
  <Name className="java.lang.String">polarity</Name>
  <Value className="java.lang.String">positive</Value>
</Feature>
<Feature>
  <Name className="java.lang.String">incomplete</Name>
  <Value className="java.lang.String">true</Value>
</Feature>
</Annotation>
<Annotation Id="8" Type="arg" StartNode="1217" EndNode="1471">
<Feature>
  <Name className="java.lang.String">type</Name>
  <Value className="java.lang.String">label</Value>
</Feature>
<Feature>
  <Name className="java.lang.String">ss-label</Name>
  <Value className="java.lang.String">improves_efficiency_of_insurers</Value>
</Feature>
<Feature>
  <Name className="java.lang.String">polarity</Name>
  <Value className="java.lang.String">both</Value>
</Feature>
</Annotation>
<Annotation Id="9" Type="arg" StartNode="1834" EndNode="1939">
<Feature>
  <Name className="java.lang.String">prospect</Name>
  <Value className="java.lang.String">gain</Value>
</Feature>
<Feature>
  <Name className="java.lang.String">ss-label</Name>
  <Value className="java.lang.String">helps_seniors_pay_for_meds</Value>
</Feature>
<Feature>
  <Name className="java.lang.String">type</Name>
  <Value className="java.lang.String">label</Value>
</Feature>
<Feature>
  <Name className="java.lang.String">group</Name>
  <Value className="java.lang.String">self-group</Value>
</Feature>
<Feature>
  <Name className="java.lang.String">polarity</Name>
  <Value className="java.lang.String">positive</Value>
</Feature>
</Annotation>
<Annotation Id="10" Type="rel" StartNode="1569" EndNode="1692">
<Feature>
  <Name className="java.lang.String">ss-label</Name>
  <Value className="java.lang.String">helps_seniors_pay_for_meds</Value>
</Feature>
<Feature>
  <Name className="java.lang.String">unclear</Name>
  <Value className="java.lang.String">true</Value>
</Feature>
<Feature>
  <Name className="java.lang.String">type</Name>
  <Value className="java.lang.String">label</Value>
</Feature>
<Feature>
  <Name className="java.lang.String">polarity</Name>
  <Value className="java.lang.String">negative</Value>
</Feature>
</Annotation>
<Annotation Id="11" Type="rel" StartNode="1695" EndNode="1798">
<Feature>
  <Name className="java.lang.String">unclear</Name>
  <Value className="java.lang.String">true</Value>
</Feature>
<Feature>
  <Name className="java.lang.String">ss-label</Name>
  <Value className="java.lang.String">helps_small_business</Value>
</Feature>
<Feature>
  <Name className="java.lang.String">type</Name>
  <Value className="java.lang.String">label</Value>
</Feature>
<Feature>
  <Name className="java.lang.String">polarity</Name>
  <Value className="java.lang.String">negative</Value>
</Feature>
</Annotation>
<Annotation Id="12" Type="arg" StartNode="1943" EndNode="2030">
<Feature>
  <Name className="java.lang.String">prospect</Name>
  <Value className="java.lang.String">gain</Value>
</Feature>
<Feature>
  <Name className="java.lang.String">ss-label</Name>
  <Value className="java.lang.String">expands/guarantees_access_to_preventative_care</Value>
</Feature>
<Feature>
  <Name className="java.lang.String">type</Name>
  <Value className="java.lang.String">label</Value>
</Feature>
<Feature>
  <Name className="java.lang.String">group</Name>
  <Value className="java.lang.String">self-group</Value>
</Feature>
<Feature>
  <Name className="java.lang.String">polarity</Name>
  <Value className="java.lang.String">positive</Value>
</Feature>
</Annotation>
<Annotation Id="14" Type="arg" StartNode="2033" EndNode="2263">
<Feature>
  <Name className="java.lang.String">type</Name>
  <Value className="java.lang.String">label</Value>
</Feature>
<Feature>
  <Name className="java.lang.String">ss-label</Name>
  <Value className="java.lang.String">helps_small_business</Value>
</Feature>
<Feature>
  <Name className="java.lang.String">polarity</Name>
  <Value className="java.lang.String">positive</Value>
</Feature>
</Annotation>
<Annotation Id="15" Type="arg" StartNode="2267" EndNode="2321">
<Feature>
  <Name className="java.lang.String">type</Name>
  <Value className="java.lang.String">label</Value>
</Feature>
<Feature>
  <Name className="java.lang.String">ss-label</Name>
  <Value className="java.lang.String">controls_healthcare_costs</Value>
</Feature>
<Feature>
  <Name className="java.lang.String">polarity</Name>
  <Value className="java.lang.String">positive</Value>
</Feature>
</Annotation>
<Annotation Id="17" Type="arg" StartNode="2462" EndNode="2569">
<Feature>
  <Name className="java.lang.String">ss-label</Name>
  <Value className="java.lang.String">uninsured_are_burden_on_taxpayers</Value>
</Feature>
<Feature>
  <Name className="java.lang.String">unclear</Name>
  <Value className="java.lang.String">true</Value>
</Feature>
<Feature>
  <Name className="java.lang.String">type</Name>
  <Value className="java.lang.String">label</Value>
</Feature>
<Feature>
  <Name className="java.lang.String">polarity</Name>
  <Value className="java.lang.String">positive</Value>
</Feature>
</Annotation>
<Annotation Id="16" Type="rel" StartNode="2325" EndNode="2459">
<Feature>
  <Name className="java.lang.String">prospect</Name>
  <Value className="java.lang.String">loss</Value>
</Feature>
<Feature>
  <Name className="java.lang.String">unclear</Name>
  <Value className="java.lang.String">true</Value>
</Feature>
<Feature>
  <Name className="java.lang.String">ss-label</Name>
  <Value className="java.lang.String">uninsured_are_burden_on_taxpayers</Value>
</Feature>
<Feature>
  <Name className="java.lang.String">type</Name>
  <Value className="java.lang.String">label</Value>
</Feature>
<Feature>
  <Name className="java.lang.String">group</Name>
  <Value className="java.lang.String">self-group</Value>
</Feature>
<Feature>
  <Name className="java.lang.String">polarity</Name>
  <Value className="java.lang.String">negative</Value>
</Feature>
</Annotation>
<Annotation Id="19" Type="arg" StartNode="2571" EndNode="2741">
<Feature>
  <Name className="java.lang.String">type</Name>
  <Value className="java.lang.String">label</Value>
</Feature>
<Feature>
  <Name className="java.lang.String">ss-label</Name>
  <Value className="java.lang.String">maintains/reduces_govt_deficit</Value>
</Feature>
<Feature>
  <Name className="java.lang.String">polarity</Name>
  <Value className="java.lang.String">positive</Value>
</Feature>
</Annotation>
<Annotation Id="21" Type="arg" StartNode="2982" EndNode="3094">
<Feature>
  <Name className="java.lang.String">prospect</Name>
  <Value className="java.lang.String"></Value>
</Feature>
<Feature>
  <Name className="java.lang.String">unclear</Name>
  <Value className="java.lang.String">true</Value>
</Feature>
<Feature>
  <Name className="java.lang.String">ss-label</Name>
  <Value className="java.lang.String">bill_will_improve_healthcare_system</Value>
</Feature>
<Feature>
  <Name className="java.lang.String">type</Name>
  <Value className="java.lang.String">label</Value>
</Feature>
<Feature>
  <Name className="java.lang.String">polarity</Name>
  <Value className="java.lang.String">positive</Value>
</Feature>
</Annotation>
<Annotation Id="20" Type="rel" StartNode="2745" EndNode="2902">
<Feature>
  <Name className="java.lang.String">ss-label</Name>
  <Value className="java.lang.String">exchanges_support_informed_choice</Value>
</Feature>
<Feature>
  <Name className="java.lang.String">type</Name>
  <Value className="java.lang.String">label</Value>
</Feature>
<Feature>
  <Name className="java.lang.String">polarity</Name>
  <Value className="java.lang.String">positive</Value>
</Feature>
<Feature>
  <Name className="java.lang.String">incomplete</Name>
  <Value className="java.lang.String">true</Value>
</Feature>
</Annotation>
<Annotation Id="23" Type="arg" StartNode="3755" EndNode="3923">
<Feature>
  <Name className="java.lang.String">prospect</Name>
  <Value className="java.lang.String">loss</Value>
</Feature>
<Feature>
  <Name className="java.lang.String">ss-label</Name>
  <Value className="java.lang.String">individuals_currently_bankrupted_from_illness</Value>
</Feature>
<Feature>
  <Name className="java.lang.String">type</Name>
  <Value className="java.lang.String">label</Value>
</Feature>
<Feature>
  <Name className="java.lang.String">group</Name>
  <Value className="java.lang.String">self-group</Value>
</Feature>
<Feature>
  <Name className="java.lang.String">polarity</Name>
  <Value className="java.lang.String">negative</Value>
</Feature>
</Annotation>
<Annotation Id="22" Type="arg" StartNode="3096" EndNode="3208">
<Feature>
  <Name className="java.lang.String">ss-label</Name>
  <Value className="java.lang.String">bill_will_improve_healthcare_system</Value>
</Feature>
<Feature>
  <Name className="java.lang.String">unclear</Name>
  <Value className="java.lang.String">true</Value>
</Feature>
<Feature>
  <Name className="java.lang.String">type</Name>
  <Value className="java.lang.String">label</Value>
</Feature>
<Feature>
  <Name className="java.lang.String">polarity</Name>
  <Value className="java.lang.String">negative</Value>
</Feature>
</Annotation>
<Annotation Id="25" Type="arg" StartNode="0" EndNode="88">
<Feature>
  <Name className="java.lang.String">type</Name>
  <Value className="java.lang.String">label</Value>
</Feature>
<Feature>
  <Name className="java.lang.String">ss-label</Name>
  <Value className="java.lang.String">expands/guarentees_access_to_insurance</Value>
</Feature>
<Feature>
  <Name className="java.lang.String">polarity</Name>
  <Value className="java.lang.String">positive</Value>
</Feature>
</Annotation>
<Annotation Id="24" Type="arg" StartNode="3927" EndNode="4055">
<Feature>
  <Name className="java.lang.String"></Name>
  <Value className="java.lang.String">label</Value>
</Feature>
<Feature>
  <Name className="java.lang.String">ss-label</Name>
  <Value className="java.lang.String">pre-existing_conditions_currently_block_coverage</Value>
</Feature>
<Feature>
  <Name className="java.lang.String">polarity</Name>
  <Value className="java.lang.String">negative</Value>
</Feature>
<Feature>
  <Name className="java.lang.String">incomplete</Name>
  <Value className="java.lang.String">true</Value>
</Feature>
</Annotation>
<Annotation Id="27" Type="rel" StartNode="406" EndNode="554">
<Feature>
  <Name className="java.lang.String">type</Name>
  <Value className="java.lang.String">label</Value>
</Feature>
<Feature>
  <Name className="java.lang.String">ss-label</Name>
  <Value className="java.lang.String">consumers_pay_too_much_for_healthcare</Value>
</Feature>
</Annotation>
<Annotation Id="26" Type="arg" StartNode="135" EndNode="258">
<Feature>
  <Name className="java.lang.String">type</Name>
  <Value className="java.lang.String">label</Value>
</Feature>
<Feature>
  <Name className="java.lang.String">ss-label</Name>
  <Value className="java.lang.String">bills_impact_is_positive</Value>
</Feature>
<Feature>
  <Name className="java.lang.String">polarity</Name>
  <Value className="java.lang.String">positive</Value>
</Feature>
</Annotation>
<Annotation Id="29" Type="arg" StartNode="1801" EndNode="1831">
<Feature>
  <Name className="java.lang.String">type</Name>
  <Value className="java.lang.String">label</Value>
</Feature>
<Feature>
  <Name className="java.lang.String">ss-label</Name>
  <Value className="java.lang.String">bills_impact_is_positive</Value>
</Feature>
<Feature>
  <Name className="java.lang.String">polarity</Name>
  <Value className="java.lang.String">positive</Value>
</Feature>
</Annotation>
<Annotation Id="28" Type="rel" StartNode="1475" EndNode="1566">
<Feature>
  <Name className="java.lang.String">type</Name>
  <Value className="java.lang.String">label</Value>
</Feature>
<Feature>
  <Name className="java.lang.String">ss-label</Name>
  <Value className="java.lang.String">controls_healthcare_costs</Value>
</Feature>
</Annotation>
<Annotation Id="31" Type="arg" StartNode="3465" EndNode="3571">
<Feature>
  <Name className="java.lang.String">type</Name>
  <Value className="java.lang.String">else</Value>
</Feature>
<Feature>
  <Name className="java.lang.String">polarity</Name>
  <Value className="java.lang.String">negative</Value>
</Feature>
</Annotation>
<Annotation Id="30" Type="rel" StartNode="2905" EndNode="2979">
<Feature>
  <Name className="java.lang.String">type</Name>
  <Value className="java.lang.String">label</Value>
</Feature>
<Feature>
  <Name className="java.lang.String">ss-label</Name>
  <Value className="java.lang.String">people_dont_know_truth_about_bill</Value>
</Feature>
</Annotation>
<Annotation Id="34" Type="others" StartNode="567" EndNode="572">
<Feature>
  <Name className="java.lang.String">comment</Name>
  <Value className="java.lang.String">negative?</Value>
</Feature>
</Annotation>
<Annotation Id="35" Type="others" StartNode="604" EndNode="629">
<Feature>
  <Name className="java.lang.String">comment</Name>
  <Value className="java.lang.String">??? good or bad???</Value>
</Feature>
</Annotation>
<Annotation Id="32" Type="gfbf" StartNode="30" EndNode="51">
<Feature>
  <Name className="java.lang.String">unclear</Name>
  <Value className="java.lang.String">true</Value>
</Feature>
<Feature>
  <Name className="java.lang.String">agentId</Name>
  <Value className="java.lang.String">76</Value>
</Feature>
<Feature>
  <Name className="java.lang.String">objectId</Name>
  <Value className="java.lang.String">33</Value>
</Feature>
<Feature>
  <Name className="java.lang.String">polarity</Name>
  <Value className="java.lang.String">goodfor</Value>
</Feature>
</Annotation>
<Annotation Id="33" Type="gfbf-object" StartNode="52" EndNode="63">
<Feature>
  <Name className="java.lang.String">writerAtt</Name>
  <Value className="java.lang.String">positive</Value>
</Feature>
</Annotation>
<Annotation Id="38" Type="others" StartNode="822" EndNode="842">
<Feature>
  <Name className="java.lang.String">comment</Name>
  <Value className="java.lang.String">BadFor Agent...</Value>
</Feature>
</Annotation>
<Annotation Id="39" Type="gfbf" StartNode="864" EndNode="872">
<Feature>
  <Name className="java.lang.String">agentId</Name>
  <Value className="java.lang.String">78</Value>
</Feature>
<Feature>
  <Name className="java.lang.String">objectId</Name>
  <Value className="java.lang.String">40</Value>
</Feature>
<Feature>
  <Name className="java.lang.String">polarity</Name>
  <Value className="java.lang.String">badfor</Value>
</Feature>
</Annotation>
<Annotation Id="36" Type="gfbf" StartNode="743" EndNode="750">
<Feature>
  <Name className="java.lang.String">agentId</Name>
  <Value className="java.lang.String">77</Value>
</Feature>
<Feature>
  <Name className="java.lang.String">polarity</Name>
  <Value className="java.lang.String">badfor</Value>
</Feature>
<Feature>
  <Name className="java.lang.String">objectId</Name>
  <Value className="java.lang.String">37</Value>
</Feature>
</Annotation>
<Annotation Id="37" Type="gfbf-object" StartNode="751" EndNode="766">
<Feature>
  <Name className="java.lang.String">writerAtt</Name>
  <Value className="java.lang.String">negative</Value>
</Feature>
</Annotation>
<Annotation Id="43" Type="gfbf" StartNode="979" EndNode="983">
<Feature>
  <Name className="java.lang.String">agentId</Name>
  <Value className="java.lang.String">79</Value>
</Feature>
<Feature>
  <Name className="java.lang.String">polarity</Name>
  <Value className="java.lang.String">badfor</Value>
</Feature>
<Feature>
  <Name className="java.lang.String">objectId</Name>
  <Value className="java.lang.String">80</Value>
</Feature>
</Annotation>
<Annotation Id="40" Type="gfbf-object" StartNode="873" EndNode="921">
<Feature>
  <Name className="java.lang.String">writerAtt</Name>
  <Value className="java.lang.String">positive</Value>
</Feature>
</Annotation>
<Annotation Id="41" Type="influencer" StartNode="931" EndNode="941">
<Feature>
  <Name className="java.lang.String">effect</Name>
  <Value className="java.lang.String">reverse</Value>
</Feature>
<Feature>
  <Name className="java.lang.String">agentId</Name>
  <Value className="java.lang.String">implicit</Value>
</Feature>
<Feature>
  <Name className="java.lang.String">objectId</Name>
  <Value className="java.lang.String">89</Value>
</Feature>
</Annotation>
<Annotation Id="46" Type="others" StartNode="1870" EndNode="1898">
<Feature>
  <Name className="java.lang.String">comment</Name>
  <Value className="java.lang.String">GoodFor Agent?</Value>
</Feature>
</Annotation>
<Annotation Id="47" Type="others" StartNode="1975" EndNode="1982">
<Feature>
  <Name className="java.lang.String">comment</Name>
  <Value className="java.lang.String">GoodFor Agent?</Value>
</Feature>
</Annotation>
<Annotation Id="45" Type="influencer" StartNode="969" EndNode="978">
<Feature>
  <Name className="java.lang.String">effect</Name>
  <Value className="java.lang.String">reverse</Value>
</Feature>
<Feature>
  <Name className="java.lang.String">agentId</Name>
  <Value className="java.lang.String">79</Value>
</Feature>
<Feature>
  <Name className="java.lang.String">objectId</Name>
  <Value className="java.lang.String">43</Value>
</Feature>
</Annotation>
<Annotation Id="51" Type="gfbf" StartNode="2172" EndNode="2176">
<Feature>
  <Name className="java.lang.String">agentId</Name>
  <Value className="java.lang.String">82</Value>
</Feature>
<Feature>
  <Name className="java.lang.String">polarity</Name>
  <Value className="java.lang.String">goodfor</Value>
</Feature>
<Feature>
  <Name className="java.lang.String">objectId</Name>
  <Value className="java.lang.String">52</Value>
</Feature>
</Annotation>
<Annotation Id="50" Type="gfbf-object" StartNode="2126" EndNode="2135">
<Feature>
  <Name className="java.lang.String">writerAtt</Name>
  <Value className="java.lang.String">positive</Value>
</Feature>
</Annotation>
<Annotation Id="49" Type="gfbf" StartNode="2120" EndNode="2125">
<Feature>
  <Name className="java.lang.String">agentId</Name>
  <Value className="java.lang.String">82</Value>
</Feature>
<Feature>
  <Name className="java.lang.String">polarity</Name>
  <Value className="java.lang.String">goodfor</Value>
</Feature>
<Feature>
  <Name className="java.lang.String">objectId</Name>
  <Value className="java.lang.String">50</Value>
</Feature>
</Annotation>
<Annotation Id="55" Type="gfbf-object" StartNode="2303" EndNode="2321">
<Feature>
  <Name className="java.lang.String">writerAtt</Name>
  <Value className="java.lang.String">negative</Value>
</Feature>
</Annotation>
<Annotation Id="54" Type="gfbf" StartNode="2296" EndNode="2302">
<Feature>
  <Name className="java.lang.String">agentId</Name>
  <Value className="java.lang.String">83</Value>
</Feature>
<Feature>
  <Name className="java.lang.String">polarity</Name>
  <Value className="java.lang.String">goodfor</Value>
</Feature>
<Feature>
  <Name className="java.lang.String">objectId</Name>
  <Value className="java.lang.String">55</Value>
</Feature>
</Annotation>
<Annotation Id="53" Type="others" StartNode="2182" EndNode="2208">
<Feature>
  <Name className="java.lang.String">comment</Name>
  <Value className="java.lang.String">offer sth to sb.</Value>
</Feature>
</Annotation>
<Annotation Id="52" Type="gfbf-object" StartNode="2177" EndNode="2181">
<Feature>
  <Name className="java.lang.String">referentId</Name>
  <Value className="java.lang.String">88</Value>
</Feature>
<Feature>
  <Name className="java.lang.String">refererence</Name>
  <Value className="java.lang.String">true</Value>
</Feature>
<Feature>
  <Name className="java.lang.String">writerAtt</Name>
  <Value className="java.lang.String">positive</Value>
</Feature>
</Annotation>
<Annotation Id="59" Type="gfbf" StartNode="2684" EndNode="2692">
<Feature>
  <Name className="java.lang.String">agentId</Name>
  <Value className="java.lang.String">81</Value>
</Feature>
<Feature>
  <Name className="java.lang.String">polarity</Name>
  <Value className="java.lang.String">badfor</Value>
</Feature>
<Feature>
  <Name className="java.lang.String">objectId</Name>
  <Value className="java.lang.String">60</Value>
</Feature>
</Annotation>
<Annotation Id="58" Type="gfbf-object" StartNode="2496" EndNode="2530">
<Feature>
  <Name className="java.lang.String">writerAtt</Name>
  <Value className="java.lang.String">positive</Value>
</Feature>
</Annotation>
<Annotation Id="57" Type="gfbf" StartNode="2539" EndNode="2548">
<Feature>
  <Name className="java.lang.String">agentId</Name>
  <Value className="java.lang.String">implicit</Value>
</Feature>
<Feature>
  <Name className="java.lang.String">polarity</Name>
  <Value className="java.lang.String">goodfor</Value>
</Feature>
<Feature>
  <Name className="java.lang.String">objectId</Name>
  <Value className="java.lang.String">58</Value>
</Feature>
</Annotation>
<Annotation Id="63" Type="others" StartNode="3025" EndNode="3034">
<Feature>
  <Name className="java.lang.String">comment</Name>
  <Value className="java.lang.String">BadFor Agent</Value>
</Feature>
</Annotation>
<Annotation Id="62" Type="gfbf-object" StartNode="3011" EndNode="3018">
<Feature>
  <Name className="java.lang.String">writerAtt</Name>
  <Value className="java.lang.String">positive</Value>
</Feature>
</Annotation>
<Annotation Id="61" Type="gfbf" StartNode="3004" EndNode="3010">
<Feature>
  <Name className="java.lang.String">agentId</Name>
  <Value className="java.lang.String">85</Value>
</Feature>
<Feature>
  <Name className="java.lang.String">objectId</Name>
  <Value className="java.lang.String">62</Value>
</Feature>
<Feature>
  <Name className="java.lang.String">polarity</Name>
  <Value className="java.lang.String">badfor</Value>
</Feature>
</Annotation>
<Annotation Id="60" Type="gfbf-object" StartNode="2693" EndNode="2704">
<Feature>
  <Name className="java.lang.String">writerAtt</Name>
  <Value className="java.lang.String">negative</Value>
</Feature>
</Annotation>
<Annotation Id="68" Type="gfbf" StartNode="3761" EndNode="3770">
<Feature>
  <Name className="java.lang.String">agentId</Name>
  <Value className="java.lang.String">87</Value>
</Feature>
<Feature>
  <Name className="java.lang.String">polarity</Name>
  <Value className="java.lang.String">goodfor</Value>
</Feature>
<Feature>
  <Name className="java.lang.String">objectId</Name>
  <Value className="java.lang.String">69</Value>
</Feature>
</Annotation>
<Annotation Id="69" Type="gfbf-object" StartNode="3771" EndNode="3777">
<Feature>
  <Name className="java.lang.String">writerAtt</Name>
  <Value className="java.lang.String">positive</Value>
</Feature>
</Annotation>
<Annotation Id="70" Type="gfbf" StartNode="3879" EndNode="3885">
<Feature>
  <Name className="java.lang.String">agentId</Name>
  <Value className="java.lang.String">implicit</Value>
</Feature>
<Feature>
  <Name className="java.lang.String">polarity</Name>
  <Value className="java.lang.String">badfor</Value>
</Feature>
<Feature>
  <Name className="java.lang.String">objectId</Name>
  <Value className="java.lang.String">71</Value>
</Feature>
</Annotation>
<Annotation Id="71" Type="gfbf-object" StartNode="3867" EndNode="3878">
<Feature>
  <Name className="java.lang.String">writerAtt</Name>
  <Value className="java.lang.String">positive</Value>
</Feature>
</Annotation>
<Annotation Id="64" Type="gfbf" StartNode="3158" EndNode="3165">
<Feature>
  <Name className="java.lang.String">agentId</Name>
  <Value className="java.lang.String">86</Value>
</Feature>
<Feature>
  <Name className="java.lang.String">polarity</Name>
  <Value className="java.lang.String">badfor</Value>
</Feature>
<Feature>
  <Name className="java.lang.String">objectId</Name>
  <Value className="java.lang.String">65</Value>
</Feature>
</Annotation>
<Annotation Id="65" Type="gfbf-object" StartNode="3166" EndNode="3206">
<Feature>
  <Name className="java.lang.String">writerAtt</Name>
  <Value className="java.lang.String">positive</Value>
</Feature>
</Annotation>
<Annotation Id="66" Type="others" StartNode="3509" EndNode="3532">
<Feature>
  <Name className="java.lang.String">comment</Name>
  <Value className="java.lang.String">GoodFor Agent;properties</Value>
</Feature>
</Annotation>
<Annotation Id="67" Type="others" StartNode="3553" EndNode="3561">
<Feature>
  <Name className="java.lang.String">comment</Name>
  <Value className="java.lang.String">GoodFor Agent;properties</Value>
</Feature>
<Feature>
  <Name className="java.lang.String">polarity</Name>
  <Value className="java.lang.String"></Value>
</Feature>
</Annotation>
<Annotation Id="76" Type="gfbf-agent" StartNode="12" EndNode="25">
<Feature>
  <Name className="java.lang.String">writerAtt</Name>
  <Value className="java.lang.String">positive</Value>
</Feature>
</Annotation>
<Annotation Id="77" Type="gfbf-agent" StartNode="720" EndNode="731">
<Feature>
  <Name className="java.lang.String">writerAtt</Name>
  <Value className="java.lang.String">positive</Value>
</Feature>
</Annotation>
<Annotation Id="78" Type="gfbf-agent" StartNode="778" EndNode="815">
<Feature>
  <Name className="java.lang.String">writerAtt</Name>
  <Value className="java.lang.String">negative</Value>
</Feature>
</Annotation>
<Annotation Id="79" Type="gfbf-agent" StartNode="945" EndNode="964">
<Feature>
  <Name className="java.lang.String">unclear</Name>
  <Value className="java.lang.String">true</Value>
</Feature>
<Feature>
  <Name className="java.lang.String">writerAtt</Name>
  <Value className="java.lang.String">negative</Value>
</Feature>
</Annotation>
<Annotation Id="72" Type="others" StartNode="3915" EndNode="3923">
<Feature>
  <Name className="java.lang.String">comment</Name>
  <Value className="java.lang.String">GoodFor Agent</Value>
</Feature>
</Annotation>
<Annotation Id="73" Type="others" StartNode="3927" EndNode="3936">
<Feature>
  <Name className="java.lang.String">comment</Name>
  <Value className="java.lang.String">it's not an influence acturally, I'd rather classify it into prevent sb from doing sth...</Value>
</Feature>
</Annotation>
<Annotation Id="85" Type="gfbf-agent" StartNode="2986" EndNode="2991">
<Feature>
  <Name className="java.lang.String">writerAtt</Name>
  <Value className="java.lang.String">negative</Value>
</Feature>
</Annotation>
<Annotation Id="84" Type="influencer" StartNode="2291" EndNode="2295">
<Feature>
  <Name className="java.lang.String">effect</Name>
  <Value className="java.lang.String">reverse</Value>
</Feature>
<Feature>
  <Name className="java.lang.String">agentId</Name>
  <Value className="java.lang.String">83</Value>
</Feature>
<Feature>
  <Name className="java.lang.String">objectId</Name>
  <Value className="java.lang.String">54</Value>
</Feature>
</Annotation>
<Annotation Id="87" Type="gfbf-agent" StartNode="3759" EndNode="3760">
<Feature>
  <Name className="java.lang.String">writerAtt</Name>
  <Value className="java.lang.String">positive</Value>
</Feature>
</Annotation>
<Annotation Id="86" Type="gfbf-agent" StartNode="3100" EndNode="3153">
<Feature>
  <Name className="java.lang.String">writerAtt</Name>
  <Value className="java.lang.String">negative</Value>
</Feature>
</Annotation>
<Annotation Id="81" Type="gfbf-agent" StartNode="2667" EndNode="2678">
<Feature>
  <Name className="java.lang.String">writerAtt</Name>
  <Value className="java.lang.String">positive</Value>
</Feature>
</Annotation>
<Annotation Id="80" Type="gfbf-object" StartNode="984" EndNode="1028">
<Feature>
  <Name className="java.lang.String">writerAtt</Name>
  <Value className="java.lang.String">positive</Value>
</Feature>
</Annotation>
<Annotation Id="83" Type="gfbf-agent" StartNode="2279" EndNode="2285">
<Feature>
  <Name className="java.lang.String">writerAtt</Name>
  <Value className="java.lang.String">positive</Value>
</Feature>
</Annotation>
<Annotation Id="82" Type="gfbf-agent" StartNode="2033" EndNode="2078">
<Feature>
  <Name className="java.lang.String">writerAtt</Name>
  <Value className="java.lang.String">positive</Value>
</Feature>
</Annotation>
<Annotation Id="93" Type="gfbf-object" StartNode="3034" EndNode="3092">
<Feature>
  <Name className="java.lang.String">writerAtt</Name>
  <Value className="java.lang.String">positive</Value>
</Feature>
</Annotation>
<Annotation Id="92" Type="gfbf" StartNode="3025" EndNode="3034">
<Feature>
  <Name className="java.lang.String">agentId</Name>
  <Value className="java.lang.String">85</Value>
</Feature>
<Feature>
  <Name className="java.lang.String">polarity</Name>
  <Value className="java.lang.String">badfor</Value>
</Feature>
<Feature>
  <Name className="java.lang.String">objectId</Name>
  <Value className="java.lang.String">93</Value>
</Feature>
</Annotation>
<Annotation Id="89" Type="gfbf" StartNode="822" EndNode="833">
<Feature>
  <Name className="java.lang.String">agentId</Name>
  <Value className="java.lang.String">78</Value>
</Feature>
<Feature>
  <Name className="java.lang.String">objectId</Name>
  <Value className="java.lang.String">90</Value>
</Feature>
<Feature>
  <Name className="java.lang.String">polarity</Name>
  <Value className="java.lang.String">badfor</Value>
</Feature>
</Annotation>
<Annotation Id="88" Type="referent" StartNode="2033" EndNode="2078">
<Feature>
  <Name className="java.lang.String">writerAtt</Name>
  <Value className="java.lang.String">positive</Value>
</Feature>
</Annotation>
<Annotation Id="91" Type="influencer" StartNode="931" EndNode="941">
<Feature>
  <Name className="java.lang.String">effect</Name>
  <Value className="java.lang.String">reverse</Value>
</Feature>
<Feature>
  <Name className="java.lang.String">agentId</Name>
  <Value className="java.lang.String">implicit</Value>
</Feature>
<Feature>
  <Name className="java.lang.String">objectId</Name>
  <Value className="java.lang.String">39</Value>
</Feature>
</Annotation>
<Annotation Id="90" Type="gfbf-object" StartNode="834" EndNode="860">
<Feature>
  <Name className="java.lang.String">writerAtt</Name>
  <Value className="java.lang.String">positive</Value>
</Feature>
</Annotation>
</AnnotationSet>

<!-- Named annotation set -->

<AnnotationSet Name="Original markups">
<Annotation Id="0" Type="paragraph" StartNode="0" EndNode="4056">
</Annotation>
</AnnotationSet>

</GateDocument>
