<?xml version='1.0' encoding='US-ASCII'?>
<GateDocument version="2">
<!-- The document's features-->

<GateDocumentFeatures>
<Feature>
  <Name className="java.lang.String">MimeType</Name>
  <Value className="java.lang.String">text/plain</Value>
</Feature>
<Feature>
  <Name className="java.lang.String">gate.SourceURL</Name>
  <Value className="java.lang.String">file:/home/conrada/Dropbox/healthcare_devel_data_final/hc032.txt</Value>
</Feature>
<Feature>
  <Name className="java.lang.String">docNewLineType</Name>
  <Value className="java.lang.String">CRLF</Value>
</Feature>
</GateDocumentFeatures>
<!-- The document content area with serialized nodes -->

<TextWithNodes><Node id="0"/>ObamaCare &amp; AARP
Tuesday, December 7, 2010
 <Node id="44"/>Had their employer been more careful about what it wished for, 4,500 AARP employees, retirees and dependents wouldn't<Node id="161"/> be facing such stiff hikes in their health insurance premiums<Node id="223"/>.
 The 40-million-member group, which lobbies on behalf of Americans age 50 and older, provided key support for ObamaCare just days before its House passage by a narrow margin.
 <Node id="401"/>But now, AARP is telling its employees that ObamaCare is a factor in premium increases of 8 percent to 13 percent that they'll have to pay next year<Node id="549"/>.

 <Node id="553"/>An Oct. 25 AARP e-mail to its employees cited rapidly rising medical costs as the main reason for the premium hikes; the group's legislative affairs director has since sought to minimize ObamaCare's role in those increases<Node id="775"/>.
 <Node id="778"/>Still, the e-mail cited <Node id="802"/>AARP's desire<Node id="815"/> to <Node id="819"/>avoid<Node id="824"/> <Node id="825"/>ObamaCare's 40 percent tax on high-cost "Cadillac" health plans<Node id="888"/>, which takes effect in 2018, as a reason for changing its employees' coverage and premiums<Node id="979"/>.

 <Node id="983"/>AARP contends <Node id="997"/>ObamaCare<Node id="1006"/> will<Node id="1011"/> be beneficial for<Node id="1029"/> <Node id="1030"/>its broad membership<Node id="1050"/>, whose interests come before those of its employees<Node id="1102"/>.
 <Node id="1105"/>That's cruelly cold comfort for <Node id="1137"/>those AARP employees<Node id="1157"/>, <Node id="1159"/>who<Node id="1162"/> will <Node id="1168"/>pay<Node id="1171"/> the price -- literally -- for <Node id="1202"/>ObamaCare<Node id="1211"/> and for <Node id="1220"/>their employer's support of government<Node id="1258"/> meddling that <Node id="1273"/>the American people<Node id="1292"/> <Node id="1293"/>oppose<Node id="1299"/>.

<Node id="1302"/>
<Node id="1303"/></TextWithNodes>
<!-- The default annotation set -->

<AnnotationSet>
<Annotation Id="1" Type="doc" StartNode="0" EndNode="1303">
<Feature>
  <Name className="java.lang.String">id</Name>
  <Value className="java.lang.String">hc032</Value>
</Feature>
<Feature>
  <Name className="java.lang.String">date</Name>
  <Value className="java.lang.String">20101207</Value>
</Feature>
<Feature>
  <Name className="java.lang.String">source</Name>
  <Value className="java.lang.String">Pittsburgh,Tribune-Review,Tribune,Review</Value>
</Feature>
<Feature>
  <Name className="java.lang.String">side</Name>
  <Value className="java.lang.String">anti</Value>
</Feature>
<Feature>
  <Name className="java.lang.String">url</Name>
  <Value className="java.lang.String">http://www.pittsburghlive.com/x/pittsburghtrib/opinion/s_712505.html </Value>
</Feature>
</Annotation>
<Annotation Id="2" Type="arg" StartNode="401" EndNode="549">
<Feature>
  <Name className="java.lang.String">prospect</Name>
  <Value className="java.lang.String">loss</Value>
</Feature>
<Feature>
  <Name className="java.lang.String">ss-label</Name>
  <Value className="java.lang.String">individuals_will_pay_more</Value>
</Feature>
<Feature>
  <Name className="java.lang.String">group</Name>
  <Value className="java.lang.String">other-group</Value>
</Feature>
<Feature>
  <Name className="java.lang.String">type</Name>
  <Value className="java.lang.String">label</Value>
</Feature>
<Feature>
  <Name className="java.lang.String">polarity</Name>
  <Value className="java.lang.String">negative</Value>
</Feature>
</Annotation>
<Annotation Id="3" Type="arg" StartNode="778" EndNode="979">
<Feature>
  <Name className="java.lang.String">prospect</Name>
  <Value className="java.lang.String">loss</Value>
</Feature>
<Feature>
  <Name className="java.lang.String"></Name>
  <Value className="java.lang.String">individuals_will_pay_more</Value>
</Feature>
<Feature>
  <Name className="java.lang.String">unclear</Name>
  <Value className="java.lang.String">true</Value>
</Feature>
<Feature>
  <Name className="java.lang.String">group</Name>
  <Value className="java.lang.String">other-group</Value>
</Feature>
<Feature>
  <Name className="java.lang.String">type</Name>
  <Value className="java.lang.String">label</Value>
</Feature>
<Feature>
  <Name className="java.lang.String">polarity</Name>
  <Value className="java.lang.String">negative</Value>
</Feature>
</Annotation>
<Annotation Id="4" Type="arg" StartNode="1105" EndNode="1299">
<Feature>
  <Name className="java.lang.String">prospect</Name>
  <Value className="java.lang.String">loss</Value>
</Feature>
<Feature>
  <Name className="java.lang.String">ss-label</Name>
  <Value className="java.lang.String">individuals_will_pay_higher_taxes</Value>
</Feature>
<Feature>
  <Name className="java.lang.String">group</Name>
  <Value className="java.lang.String">other-group</Value>
</Feature>
<Feature>
  <Name className="java.lang.String">type</Name>
  <Value className="java.lang.String">label</Value>
</Feature>
<Feature>
  <Name className="java.lang.String">polarity</Name>
  <Value className="java.lang.String">negative</Value>
</Feature>
<Feature>
  <Name className="java.lang.String">incomplete</Name>
  <Value className="java.lang.String">true</Value>
</Feature>
</Annotation>
<Annotation Id="6" Type="arg" StartNode="983" EndNode="1102">
<Feature>
  <Name className="java.lang.String">type</Name>
  <Value className="java.lang.String">else</Value>
</Feature>
<Feature>
  <Name className="java.lang.String">polarity</Name>
  <Value className="java.lang.String">positive</Value>
</Feature>
</Annotation>
<Annotation Id="7" Type="rel" StartNode="553" EndNode="775">
<Feature>
  <Name className="java.lang.String">type</Name>
  <Value className="java.lang.String">label</Value>
</Feature>
<Feature>
  <Name className="java.lang.String">ss-label</Name>
  <Value className="java.lang.String">individuals_will_pay_more</Value>
</Feature>
</Annotation>
<Annotation Id="8" Type="arg" StartNode="44" EndNode="223">
<Feature>
  <Name className="java.lang.String">type</Name>
  <Value className="java.lang.String">label</Value>
</Feature>
<Feature>
  <Name className="java.lang.String">ss-label</Name>
  <Value className="java.lang.String">individuals_will_pay_more</Value>
</Feature>
<Feature>
  <Name className="java.lang.String">polarity</Name>
  <Value className="java.lang.String">negative</Value>
</Feature>
</Annotation>
<Annotation Id="9" Type="others" StartNode="44" EndNode="161">
<Feature>
  <Name className="java.lang.String">comment</Name>
  <Value className="java.lang.String">Had...wouldn't...</Value>
</Feature>
</Annotation>
<Annotation Id="10" Type="gfbf" StartNode="819" EndNode="824">
<Feature>
  <Name className="java.lang.String">agentId</Name>
  <Value className="java.lang.String">16</Value>
</Feature>
<Feature>
  <Name className="java.lang.String">polarity</Name>
  <Value className="java.lang.String">badfor</Value>
</Feature>
<Feature>
  <Name className="java.lang.String">objectId</Name>
  <Value className="java.lang.String">11</Value>
</Feature>
</Annotation>
<Annotation Id="11" Type="gfbf-object" StartNode="825" EndNode="888">
<Feature>
  <Name className="java.lang.String">writerAtt</Name>
  <Value className="java.lang.String">negative</Value>
</Feature>
</Annotation>
<Annotation Id="12" Type="gfbf" StartNode="1168" EndNode="1171">
<Feature>
  <Name className="java.lang.String">agentId</Name>
  <Value className="java.lang.String">19</Value>
</Feature>
<Feature>
  <Name className="java.lang.String">comment</Name>
  <Value className="java.lang.String">pay for</Value>
</Feature>
<Feature>
  <Name className="java.lang.String">objectId</Name>
  <Value className="java.lang.String">13</Value>
</Feature>
<Feature>
  <Name className="java.lang.String">polarity</Name>
  <Value className="java.lang.String">badfor</Value>
</Feature>
</Annotation>
<Annotation Id="13" Type="gfbf-object" StartNode="1202" EndNode="1211">
<Feature>
  <Name className="java.lang.String">writerAtt</Name>
  <Value className="java.lang.String">negative</Value>
</Feature>
</Annotation>
<Annotation Id="14" Type="gfbf-object" StartNode="1220" EndNode="1258">
<Feature>
  <Name className="java.lang.String">writerAtt</Name>
  <Value className="java.lang.String">negative</Value>
</Feature>
</Annotation>
<Annotation Id="15" Type="gfbf" StartNode="1168" EndNode="1171">
<Feature>
  <Name className="java.lang.String">agentId</Name>
  <Value className="java.lang.String">19</Value>
</Feature>
<Feature>
  <Name className="java.lang.String">comment</Name>
  <Value className="java.lang.String">pay for</Value>
</Feature>
<Feature>
  <Name className="java.lang.String">objectId</Name>
  <Value className="java.lang.String">14</Value>
</Feature>
<Feature>
  <Name className="java.lang.String">polarity</Name>
  <Value className="java.lang.String">badfor</Value>
</Feature>
</Annotation>
<Annotation Id="16" Type="gfbf-agent" StartNode="802" EndNode="815">
<Feature>
  <Name className="java.lang.String">writerAtt</Name>
  <Value className="java.lang.String">positive</Value>
</Feature>
</Annotation>
<Annotation Id="19" Type="gfbf-agent" StartNode="1159" EndNode="1162">
<Feature>
  <Name className="java.lang.String">referentId</Name>
  <Value className="java.lang.String">18</Value>
</Feature>
<Feature>
  <Name className="java.lang.String">reference</Name>
  <Value className="java.lang.String">true</Value>
</Feature>
<Feature>
  <Name className="java.lang.String">writerAtt</Name>
  <Value className="java.lang.String">positive</Value>
</Feature>
</Annotation>
<Annotation Id="18" Type="referent" StartNode="1137" EndNode="1157">
<Feature>
  <Name className="java.lang.String">writerAtt</Name>
  <Value className="java.lang.String">positive</Value>
</Feature>
</Annotation>
<Annotation Id="23" Type="gfbf-agent" StartNode="997" EndNode="1006">
<Feature>
  <Name className="java.lang.String">writerAtt</Name>
  <Value className="java.lang.String">negative</Value>
</Feature>
</Annotation>
<Annotation Id="25" Type="gfbf-object" StartNode="1030" EndNode="1050">
<Feature>
  <Name className="java.lang.String">writerAtt</Name>
  <Value className="java.lang.String">negative</Value>
</Feature>
</Annotation>
<Annotation Id="24" Type="gfbf" StartNode="1011" EndNode="1029">
<Feature>
  <Name className="java.lang.String">agentId</Name>
  <Value className="java.lang.String">23</Value>
</Feature>
<Feature>
  <Name className="java.lang.String">objectId</Name>
  <Value className="java.lang.String">25</Value>
</Feature>
<Feature>
  <Name className="java.lang.String">polarity</Name>
  <Value className="java.lang.String">goodfor</Value>
</Feature>
</Annotation>
<Annotation Id="27" Type="influencer" StartNode="1293" EndNode="1299">
<Feature>
  <Name className="java.lang.String">effect</Name>
  <Value className="java.lang.String">reverse</Value>
</Feature>
<Feature>
  <Name className="java.lang.String">agentId</Name>
  <Value className="java.lang.String">26</Value>
</Feature>
<Feature>
  <Name className="java.lang.String">objectId</Name>
  <Value className="java.lang.String">12</Value>
</Feature>
</Annotation>
<Annotation Id="26" Type="gfbf-agent" StartNode="1273" EndNode="1292">
<Feature>
  <Name className="java.lang.String">writerAtt</Name>
  <Value className="java.lang.String">positive</Value>
</Feature>
</Annotation>
<Annotation Id="28" Type="influencer" StartNode="1293" EndNode="1299">
<Feature>
  <Name className="java.lang.String">effect</Name>
  <Value className="java.lang.String">reverse</Value>
</Feature>
<Feature>
  <Name className="java.lang.String">agentId</Name>
  <Value className="java.lang.String">26</Value>
</Feature>
<Feature>
  <Name className="java.lang.String">objectId</Name>
  <Value className="java.lang.String">15</Value>
</Feature>
</Annotation>
</AnnotationSet>

<!-- Named annotation set -->

<AnnotationSet Name="Original markups">
<Annotation Id="0" Type="paragraph" StartNode="0" EndNode="1302">
</Annotation>
</AnnotationSet>

</GateDocument>
