<?xml version='1.0' encoding='US-ASCII'?>
<GateDocument version="2">
<!-- The document's features-->

<GateDocumentFeatures>
<Feature>
  <Name className="java.lang.String">gate.SourceURL</Name>
  <Value className="java.lang.String">file:/home/conrada/Dropbox/healthcare_devel_data_final/hc039.txt</Value>
</Feature>
<Feature>
  <Name className="java.lang.String">MimeType</Name>
  <Value className="java.lang.String">text/plain</Value>
</Feature>
<Feature>
  <Name className="java.lang.String">docNewLineType</Name>
  <Value className="java.lang.String">CRLF</Value>
</Feature>
</GateDocumentFeatures>
<!-- The document content area with serialized nodes -->

<TextWithNodes><Node id="0"/>Young victims of ObamaCare<Node id="26"/>
By Michelle Malkin
Monday, December 6, 2010
 <Node id="72"/>It's time for America's youth to buckle up and take a rough ride on the Reality Highway<Node id="159"/>.
 <Node id="162"/>For the past two years, President Obama has promised our children the moon, stars, rainbows, unicorns and universal health care for all<Node id="297"/>.
 <Node id="300"/>But the White House Santa's cradle-to-grave entitlement mandates are a spectacularly predictable bust.<Node id="402"/>

 Don't take it from me.
 Take it from ObamaCare's own biggest cheerleaders.
 <Node id="481"/>Recently the Service Employees International Union informed dues-paying members of its behemoth 1199 affiliate in New York that it was dropping its health care coverage for children<Node id="662"/>.

 That's right.
 <Node id="681"/>A radical leftist union<Node id="704"/>, <Node id="706"/>not<Node id="709"/> <Node id="710"/>an evil Republican corporation<Node id="740"/>, is <Node id="745"/>abandoning<Node id="755"/> <Node id="756"/>the young<Node id="765"/> to cut costs<Node id="778"/>.

 <Node id="782"/>More than 30,000 low-wage families will be affected, according to The Wall Street Journal<Node id="871"/>.
 Who's to blame?
 <Node id="891"/>SEIU 1199 benefits manager Mitra Behroozi singled out oppressive new state and federal regulations, including the much-ballyhooed ObamaCare rule forcing insurers to cover dependents well into their 20s.<Node id="1093"/>

 <Node id="1096"/>In a related development, over the past several months <Node id="1151"/>insurers across California, Colorado, Ohio and Missouri<Node id="1206"/> have <Node id="1212"/>dropped<Node id="1219"/> <Node id="1220"/>child-only plans<Node id="1236"/> because of ObamaCare-induced premium increases<Node id="1283"/>.

 <Node id="1287"/>Untold tens of thousands of families<Node id="1323"/> who purchase their plans in the private individual health market will be <Node id="1397"/>affected<Node id="1405"/>.
 <Node id="1408"/>To sell ObamaCare and manufacture support, <Node id="1451"/>desperate Democrats<Node id="1470"/> <Node id="1471"/>pandered to<Node id="1482"/> <Node id="1483"/>the college set and their parents<Node id="1516"/>.
 <Node id="1519"/>Former SEIU chief Andy Stern<Node id="1547"/> specifically <Node id="1561"/>touted<Node id="1567"/> <Node id="1568"/>the unfunded kiddie insurance mandate as a strategic selling point<Node id="1634"/>.
 <Node id="1637"/>Now, confronted with the thorny allocation of scarce resources, <Node id="1701"/>profligate money managers at the SEIU<Node id="1738"/> are <Node id="1743"/>dropping<Node id="1751"/> <Node id="1752"/>thousands of kids' health coverage<Node id="1786"/> because they can't afford to foot the <Node id="1825"/>bill<Node id="1829"/> <Node id="1830"/>imposed<Node id="1837"/> by <Node id="1841"/>the president whom their union bosses spent more than $60 million to elect<Node id="1915"/>.
 The SEIU also pumped tens of millions of dollars in union funds directly into the campaign for ObamaCare.
 Workers regurgitated White House talking points hyping increased access, lower premiums and peace of mind for the working class.
 SEIU 1199 -- which is now cutting off health care coverage to children whose parents work in the health care industry -- was at the forefront of those D.C.-directed "reform" rallies.
 <Node id="2339"/>Yes, the union road to hell is paved with workers' own hard-earned dues money<Node id="2416"/>.

 How far we've come from the halcyon moment when President Obama rallied college students at George Mason University in March.
 To wild applause, he pledged: "If you buy a new plan, there won't be lifetime or restrictive annual limits on the amount of care you receive from your insurance companies.
 (Applause.)
 And by the way, to all the young people here today, starting this year if you don't have insurance, all new plans will allow you to stay on your parents' plan until you are 26 years old.
 (Applause.)"
 Cue bitter laughter here.
 <Node id="2962"/>More financially strapped union affiliates like SEIU 1199<Node id="3019"/> will undoubtedly be <Node id="3040"/>canceling<Node id="3049"/> <Node id="3050"/>children's coverage<Node id="3069"/> to escape the costs tied to Obama's vow<Node id="3109"/>.

 <Node id="3113"/>For the kiddie human shields who helped Democrats dig their own ditch, reality bites<Node id="3197"/>.
 Live and learn.
Michelle Malkin is the author of "Culture of Corruption: Obama and his Team of Tax Cheats, Crooks &amp; Cronies" (Regnery 2009).
<Node id="3341"/></TextWithNodes>
<!-- The default annotation set -->

<AnnotationSet>
<Annotation Id="1" Type="doc" StartNode="0" EndNode="3341">
<Feature>
  <Name className="java.lang.String">id</Name>
  <Value className="java.lang.String">hc039</Value>
</Feature>
<Feature>
  <Name className="java.lang.String">author</Name>
  <Value className="java.lang.String">Michelle,Malkin</Value>
</Feature>
<Feature>
  <Name className="java.lang.String">source</Name>
  <Value className="java.lang.String">Pittsburgh,Tribune-Review,Tribune,Review</Value>
</Feature>
<Feature>
  <Name className="java.lang.String">date</Name>
  <Value className="java.lang.String">20101206</Value>
</Feature>
<Feature>
  <Name className="java.lang.String">side</Name>
  <Value className="java.lang.String">anti</Value>
</Feature>
<Feature>
  <Name className="java.lang.String">url</Name>
  <Value className="java.lang.String">http://www.pittsburghlive.com/x/pittsburghtrib/opinion/s_712156.html</Value>
</Feature>
</Annotation>
<Annotation Id="2" Type="arg" StartNode="300" EndNode="402">
<Feature>
  <Name className="java.lang.String">type</Name>
  <Value className="java.lang.String">label</Value>
</Feature>
<Feature>
  <Name className="java.lang.String">ss-label</Name>
  <Value className="java.lang.String">bill_will_hurt_healthcare_system</Value>
</Feature>
<Feature>
  <Name className="java.lang.String">polarity</Name>
  <Value className="java.lang.String">negative</Value>
</Feature>
</Annotation>
<Annotation Id="3" Type="rel" StartNode="481" EndNode="662">
<Feature>
  <Name className="java.lang.String">prospect</Name>
  <Value className="java.lang.String">loss</Value>
</Feature>
<Feature>
  <Name className="java.lang.String">ss-label</Name>
  <Value className="java.lang.String">insurers_will_stop_insuring_children</Value>
</Feature>
<Feature>
  <Name className="java.lang.String">type</Name>
  <Value className="java.lang.String">label</Value>
</Feature>
<Feature>
  <Name className="java.lang.String">group</Name>
  <Value className="java.lang.String">other-group</Value>
</Feature>
<Feature>
  <Name className="java.lang.String">polarity</Name>
  <Value className="java.lang.String">negative</Value>
</Feature>
</Annotation>
<Annotation Id="4" Type="arg" StartNode="681" EndNode="778">
<Feature>
  <Name className="java.lang.String">prospect</Name>
  <Value className="java.lang.String">loss</Value>
</Feature>
<Feature>
  <Name className="java.lang.String">ss-label</Name>
  <Value className="java.lang.String">insurers_will_stop_insuring_children</Value>
</Feature>
<Feature>
  <Name className="java.lang.String">unclear</Name>
  <Value className="java.lang.String">true</Value>
</Feature>
<Feature>
  <Name className="java.lang.String">type</Name>
  <Value className="java.lang.String">label</Value>
</Feature>
<Feature>
  <Name className="java.lang.String">group</Name>
  <Value className="java.lang.String">other-group</Value>
</Feature>
<Feature>
  <Name className="java.lang.String">polarity</Name>
  <Value className="java.lang.String">negative</Value>
</Feature>
</Annotation>
<Annotation Id="5" Type="rel" StartNode="891" EndNode="1093">
<Feature>
  <Name className="java.lang.String">type</Name>
  <Value className="java.lang.String">label</Value>
</Feature>
<Feature>
  <Name className="java.lang.String">ss-label</Name>
  <Value className="java.lang.String">insurers_will_stop_insuring_children</Value>
</Feature>
</Annotation>
<Annotation Id="6" Type="arg" StartNode="1096" EndNode="1283">
<Feature>
  <Name className="java.lang.String">type</Name>
  <Value className="java.lang.String">label</Value>
</Feature>
<Feature>
  <Name className="java.lang.String">ss-label</Name>
  <Value className="java.lang.String">insurers_will_stop_insuring_children</Value>
</Feature>
<Feature>
  <Name className="java.lang.String">polarity</Name>
  <Value className="java.lang.String">negative</Value>
</Feature>
</Annotation>
<Annotation Id="7" Type="rel" StartNode="1408" EndNode="1516">
<Feature>
  <Name className="java.lang.String">unclear</Name>
  <Value className="java.lang.String">true</Value>
</Feature>
<Feature>
  <Name className="java.lang.String">ss-label</Name>
  <Value className="java.lang.String">insurers_will_stop_insuring_children</Value>
</Feature>
<Feature>
  <Name className="java.lang.String">type</Name>
  <Value className="java.lang.String">label</Value>
</Feature>
<Feature>
  <Name className="java.lang.String">polarity</Name>
  <Value className="java.lang.String">negative</Value>
</Feature>
</Annotation>
<Annotation Id="8" Type="arg" StartNode="1637" EndNode="1915">
<Feature>
  <Name className="java.lang.String">type</Name>
  <Value className="java.lang.String">label</Value>
</Feature>
<Feature>
  <Name className="java.lang.String">ss-label</Name>
  <Value className="java.lang.String">insurers_will_stop_insuring_children</Value>
</Feature>
<Feature>
  <Name className="java.lang.String">polarity</Name>
  <Value className="java.lang.String">negative</Value>
</Feature>
</Annotation>
<Annotation Id="9" Type="rel" StartNode="2339" EndNode="2416">
<Feature>
  <Name className="java.lang.String">type</Name>
  <Value className="java.lang.String">label</Value>
</Feature>
<Feature>
  <Name className="java.lang.String">ss-label</Name>
  <Value className="java.lang.String">getting_insurance_will_be_harder</Value>
</Feature>
<Feature>
  <Name className="java.lang.String">unclear</Name>
  <Value className="java.lang.String">true</Value>
</Feature>
</Annotation>
<Annotation Id="12" Type="arg" StartNode="2962" EndNode="3109">
<Feature>
  <Name className="java.lang.String">prospect</Name>
  <Value className="java.lang.String">loss</Value>
</Feature>
<Feature>
  <Name className="java.lang.String">ss-label</Name>
  <Value className="java.lang.String">insurers_will_stop_insuring_children</Value>
</Feature>
<Feature>
  <Name className="java.lang.String">type</Name>
  <Value className="java.lang.String">label</Value>
</Feature>
<Feature>
  <Name className="java.lang.String">group</Name>
  <Value className="java.lang.String">self-group</Value>
</Feature>
<Feature>
  <Name className="java.lang.String">polarity</Name>
  <Value className="java.lang.String">negative</Value>
</Feature>
</Annotation>
<Annotation Id="13" Type="rel" StartNode="3113" EndNode="3197">
<Feature>
  <Name className="java.lang.String">type</Name>
  <Value className="java.lang.String">label</Value>
</Feature>
<Feature>
  <Name className="java.lang.String">ss-label</Name>
  <Value className="java.lang.String">insurers_will_stop_insuring_children</Value>
</Feature>
</Annotation>
<Annotation Id="14" Type="rel" StartNode="0" EndNode="26">
<Feature>
  <Name className="java.lang.String">type</Name>
  <Value className="java.lang.String">label</Value>
</Feature>
<Feature>
  <Name className="java.lang.String">ss-label</Name>
  <Value className="java.lang.String">insurers_will_stop_insuring_children</Value>
</Feature>
</Annotation>
<Annotation Id="15" Type="rel" StartNode="72" EndNode="159">
<Feature>
  <Name className="java.lang.String">type</Name>
  <Value className="java.lang.String">label</Value>
</Feature>
<Feature>
  <Name className="java.lang.String">ss-label</Name>
  <Value className="java.lang.String">insurers_will_stop_insuring_children</Value>
</Feature>
</Annotation>
<Annotation Id="17" Type="rel" StartNode="782" EndNode="871">
<Feature>
  <Name className="java.lang.String">type</Name>
  <Value className="java.lang.String">else</Value>
</Feature>
<Feature>
  <Name className="java.lang.String">ss-label</Name>
  <Value className="java.lang.String">insurers_will_stop_insuring_children</Value>
</Feature>
</Annotation>
<Annotation Id="16" Type="rel" StartNode="162" EndNode="297">
<Feature>
  <Name className="java.lang.String">type</Name>
  <Value className="java.lang.String">label</Value>
</Feature>
<Feature>
  <Name className="java.lang.String">ss-label</Name>
  <Value className="java.lang.String">insurers_will_stop_insuring_children</Value>
</Feature>
</Annotation>
<Annotation Id="19" Type="rel" StartNode="1519" EndNode="1634">
<Feature>
  <Name className="java.lang.String">type</Name>
  <Value className="java.lang.String">label</Value>
</Feature>
<Feature>
  <Name className="java.lang.String">ss-label</Name>
  <Value className="java.lang.String">insurers_will_stop_insuring_children</Value>
</Feature>
</Annotation>
<Annotation Id="18" Type="arg" StartNode="1287" EndNode="1405">
<Feature>
  <Name className="java.lang.String">type</Name>
  <Value className="java.lang.String">label</Value>
</Feature>
<Feature>
  <Name className="java.lang.String">ss-label</Name>
  <Value className="java.lang.String">insurers_will_stop_insuring_children</Value>
</Feature>
<Feature>
  <Name className="java.lang.String">polarity</Name>
  <Value className="java.lang.String">negative</Value>
</Feature>
</Annotation>
<Annotation Id="21" Type="gfbf-object" StartNode="756" EndNode="765">
<Feature>
  <Name className="java.lang.String">writerAtt</Name>
  <Value className="java.lang.String">positive</Value>
</Feature>
</Annotation>
<Annotation Id="20" Type="gfbf" StartNode="745" EndNode="755">
<Feature>
  <Name className="java.lang.String">agentId</Name>
  <Value className="java.lang.String">32</Value>
</Feature>
<Feature>
  <Name className="java.lang.String">polarity</Name>
  <Value className="java.lang.String">badfor</Value>
</Feature>
<Feature>
  <Name className="java.lang.String">objectId</Name>
  <Value className="java.lang.String">21</Value>
</Feature>
</Annotation>
<Annotation Id="23" Type="gfbf-object" StartNode="1220" EndNode="1236">
<Feature>
  <Name className="java.lang.String">writerAtt</Name>
  <Value className="java.lang.String">positive</Value>
</Feature>
</Annotation>
<Annotation Id="22" Type="gfbf" StartNode="1212" EndNode="1219">
<Feature>
  <Name className="java.lang.String">agentId</Name>
  <Value className="java.lang.String">36</Value>
</Feature>
<Feature>
  <Name className="java.lang.String">polarity</Name>
  <Value className="java.lang.String">badfor</Value>
</Feature>
<Feature>
  <Name className="java.lang.String">objectId</Name>
  <Value className="java.lang.String">23</Value>
</Feature>
</Annotation>
<Annotation Id="25" Type="gfbf-object" StartNode="1287" EndNode="1323">
<Feature>
  <Name className="java.lang.String">writerAtt</Name>
  <Value className="java.lang.String">positive</Value>
</Feature>
</Annotation>
<Annotation Id="24" Type="gfbf" StartNode="1397" EndNode="1405">
<Feature>
  <Name className="java.lang.String">agentId</Name>
  <Value className="java.lang.String">implicit</Value>
</Feature>
<Feature>
  <Name className="java.lang.String">polarity</Name>
  <Value className="java.lang.String">badfor</Value>
</Feature>
<Feature>
  <Name className="java.lang.String">objectId</Name>
  <Value className="java.lang.String">25</Value>
</Feature>
</Annotation>
<Annotation Id="27" Type="gfbf-object" StartNode="1752" EndNode="1786">
<Feature>
  <Name className="java.lang.String">writerAtt</Name>
  <Value className="java.lang.String">positive</Value>
</Feature>
</Annotation>
<Annotation Id="26" Type="gfbf" StartNode="1743" EndNode="1751">
<Feature>
  <Name className="java.lang.String">agentId</Name>
  <Value className="java.lang.String">37</Value>
</Feature>
<Feature>
  <Name className="java.lang.String">polarity</Name>
  <Value className="java.lang.String">badfor</Value>
</Feature>
<Feature>
  <Name className="java.lang.String">objectId</Name>
  <Value className="java.lang.String">27</Value>
</Feature>
</Annotation>
<Annotation Id="29" Type="gfbf-object" StartNode="1825" EndNode="1829">
<Feature>
  <Name className="java.lang.String">writerAtt</Name>
  <Value className="java.lang.String">negative</Value>
</Feature>
</Annotation>
<Annotation Id="28" Type="gfbf" StartNode="1830" EndNode="1837">
<Feature>
  <Name className="java.lang.String">agentId</Name>
  <Value className="java.lang.String">39</Value>
</Feature>
<Feature>
  <Name className="java.lang.String">unclear</Name>
  <Value className="java.lang.String">true</Value>
</Feature>
<Feature>
  <Name className="java.lang.String">objectId</Name>
  <Value className="java.lang.String">29</Value>
</Feature>
<Feature>
  <Name className="java.lang.String">polarity</Name>
  <Value className="java.lang.String">goodfor</Value>
</Feature>
</Annotation>
<Annotation Id="31" Type="gfbf-object" StartNode="3050" EndNode="3069">
<Feature>
  <Name className="java.lang.String">writerAtt</Name>
  <Value className="java.lang.String">positive</Value>
</Feature>
</Annotation>
<Annotation Id="30" Type="gfbf" StartNode="3040" EndNode="3049">
<Feature>
  <Name className="java.lang.String">agentId</Name>
  <Value className="java.lang.String">38</Value>
</Feature>
<Feature>
  <Name className="java.lang.String">polarity</Name>
  <Value className="java.lang.String">badfor</Value>
</Feature>
<Feature>
  <Name className="java.lang.String">objectId</Name>
  <Value className="java.lang.String">31</Value>
</Feature>
</Annotation>
<Annotation Id="34" Type="influencer" StartNode="706" EndNode="709">
<Feature>
  <Name className="java.lang.String">effect</Name>
  <Value className="java.lang.String">reverse</Value>
</Feature>
<Feature>
  <Name className="java.lang.String">agentId</Name>
  <Value className="java.lang.String">33</Value>
</Feature>
<Feature>
  <Name className="java.lang.String">objectId</Name>
  <Value className="java.lang.String">35</Value>
</Feature>
</Annotation>
<Annotation Id="35" Type="gfbf" StartNode="745" EndNode="755">
<Feature>
  <Name className="java.lang.String">agentId</Name>
  <Value className="java.lang.String">33</Value>
</Feature>
<Feature>
  <Name className="java.lang.String">polarity</Name>
  <Value className="java.lang.String">badfor</Value>
</Feature>
<Feature>
  <Name className="java.lang.String">objectId</Name>
  <Value className="java.lang.String">21</Value>
</Feature>
</Annotation>
<Annotation Id="32" Type="gfbf-agent" StartNode="681" EndNode="704">
<Feature>
  <Name className="java.lang.String">writerAtt</Name>
  <Value className="java.lang.String">negative</Value>
</Feature>
</Annotation>
<Annotation Id="33" Type="gfbf-agent" StartNode="710" EndNode="740">
<Feature>
  <Name className="java.lang.String">comment</Name>
  <Value className="java.lang.String">ironic?</Value>
</Feature>
<Feature>
  <Name className="java.lang.String">unclear</Name>
  <Value className="java.lang.String">true</Value>
</Feature>
<Feature>
  <Name className="java.lang.String">writerAtt</Name>
  <Value className="java.lang.String">positive</Value>
</Feature>
</Annotation>
<Annotation Id="38" Type="gfbf-agent" StartNode="2962" EndNode="3019">
<Feature>
  <Name className="java.lang.String">writerAtt</Name>
  <Value className="java.lang.String">negative</Value>
</Feature>
</Annotation>
<Annotation Id="39" Type="gfbf-agent" StartNode="1841" EndNode="1915">
<Feature>
  <Name className="java.lang.String">writerAtt</Name>
  <Value className="java.lang.String">negative</Value>
</Feature>
</Annotation>
<Annotation Id="36" Type="gfbf-agent" StartNode="1151" EndNode="1206">
<Feature>
  <Name className="java.lang.String">writerAtt</Name>
  <Value className="java.lang.String">negative</Value>
</Feature>
</Annotation>
<Annotation Id="37" Type="gfbf-agent" StartNode="1701" EndNode="1738">
<Feature>
  <Name className="java.lang.String">writerAtt</Name>
  <Value className="java.lang.String">negative</Value>
</Feature>
</Annotation>
<Annotation Id="42" Type="gfbf-agent" StartNode="1451" EndNode="1470">
<Feature>
  <Name className="java.lang.String">writerAtt</Name>
  <Value className="java.lang.String">negative</Value>
</Feature>
</Annotation>
<Annotation Id="43" Type="gfbf" StartNode="1561" EndNode="1567">
<Feature>
  <Name className="java.lang.String">agentId</Name>
  <Value className="java.lang.String">45</Value>
</Feature>
<Feature>
  <Name className="java.lang.String">objectId</Name>
  <Value className="java.lang.String">44</Value>
</Feature>
<Feature>
  <Name className="java.lang.String">polarity</Name>
  <Value className="java.lang.String">goodfor</Value>
</Feature>
</Annotation>
<Annotation Id="40" Type="gfbf" StartNode="1471" EndNode="1482">
<Feature>
  <Name className="java.lang.String">unclear</Name>
  <Value className="java.lang.String">true</Value>
</Feature>
<Feature>
  <Name className="java.lang.String">agentId</Name>
  <Value className="java.lang.String">42</Value>
</Feature>
<Feature>
  <Name className="java.lang.String">objectId</Name>
  <Value className="java.lang.String">41</Value>
</Feature>
<Feature>
  <Name className="java.lang.String">polarity</Name>
  <Value className="java.lang.String">goodfor</Value>
</Feature>
</Annotation>
<Annotation Id="41" Type="gfbf-object" StartNode="1483" EndNode="1516">
<Feature>
  <Name className="java.lang.String">writerAtt</Name>
  <Value className="java.lang.String">positive</Value>
</Feature>
</Annotation>
<Annotation Id="44" Type="gfbf-object" StartNode="1568" EndNode="1634">
<Feature>
  <Name className="java.lang.String">writerAtt</Name>
  <Value className="java.lang.String">negative</Value>
</Feature>
</Annotation>
<Annotation Id="45" Type="gfbf-agent" StartNode="1519" EndNode="1547">
<Feature>
  <Name className="java.lang.String">writerAtt</Name>
  <Value className="java.lang.String">negative</Value>
</Feature>
</Annotation>
</AnnotationSet>

<!-- Named annotation set -->

<AnnotationSet Name="Original markups">
<Annotation Id="0" Type="paragraph" StartNode="0" EndNode="3341">
</Annotation>
</AnnotationSet>

</GateDocument>
