<?xml version='1.0' encoding='US-ASCII'?>
<GateDocument version="2">
<!-- The document's features-->

<GateDocumentFeatures>
<Feature>
  <Name className="java.lang.String">gate.SourceURL</Name>
  <Value className="java.lang.String">file:/home/conrada/Dropbox/healthcare_devel_data_final/hc042.txt</Value>
</Feature>
<Feature>
  <Name className="java.lang.String">MimeType</Name>
  <Value className="java.lang.String">text/plain</Value>
</Feature>
<Feature>
  <Name className="java.lang.String">docNewLineType</Name>
  <Value className="java.lang.String">CRLF</Value>
</Feature>
</GateDocumentFeatures>
<!-- The document content area with serialized nodes -->

<TextWithNodes><Node id="0"/>Medicare cuts and other D.C. fairy tales: Obama's so-called 'savings' are pure political fantasy
<Node id="97"/>
BY DR. DAVID GRATZER
Thursday, December 3rd 2009, 4:00 AM
 <Node id="157"/>It's that time of year again: Washington is talking about cuts to Medicare<Node id="231"/>.
 <Node id="234"/>President Obama's health-care reforms depend on them - up to $400 billion worth over 10 years<Node id="327"/>.
 <Node id="330"/>As a psychiatrist, <Node id="349"/>I<Node id="350"/>'ll <Node id="354"/>break<Node id="359"/> <Node id="360"/>the bad news<Node id="372"/> gently: Medicare cuts are like Santa Claus and his flying reindeers - often talked about, never actually seen<Node id="482"/>.

 <Node id="486"/>The federal government has long fought to control Medicare spending<Node id="553"/>.
 <Node id="556"/>Today's Medicare program costs taxpayers twice what it did 10 years ago<Node id="627"/>.
 <Node id="630"/>But whenever lawmakers from either party agree to savings, <Node id="689"/>Congress<Node id="697"/> <Node id="698"/>reverses<Node id="706"/> <Node id="707"/>course<Node id="713"/>, fearing <Node id="723"/>cuts<Node id="727"/> will <Node id="733"/>anger<Node id="738"/> <Node id="739"/>voters<Node id="745"/> on Election Day<Node id="761"/>.

 <Node id="765"/>Congress reversed planned cuts in 1999<Node id="803"/>.
 And 2005. And 2004. And 2006.
 <Node id="837"/>In fact, since 1997, when members of both parties agreed to automatic cuts if spending rose faster than population and economic growth, the program has been cut just once, in 2002<Node id="1016"/>.
 <Node id="1019"/>At one point, Congress voted to postpone a 10% cut in Medicare doctors' fees from December 2007 until mid-summer 2008<Node id="1136"/>.
 <Node id="1139"/>Just weeks later, House Speaker Nancy Pelosi attacked the rescheduled savings as "exactly the wrong medicine<Node id="1247"/>."
 <Node id="1251"/>So come July 2008, despite massive deficit projections, Congress voted to abandon the planned savings altogether<Node id="1363"/>. President George Bush vetoed that decision - only to have Congress, both parties, override him.

 <Node id="1463"/>Turns out, there are only two ways to credibly cut Medicare costs<Node id="1528"/>.
 <Node id="1531"/>Option one: <Node id="1543"/>reengineer<Node id="1553"/> <Node id="1554"/>the program<Node id="1565"/> with a focus on <Node id="1582"/>cutting<Node id="1589"/> <Node id="1590"/>demand<Node id="1596"/> by <Node id="1600"/>improving<Node id="1609"/> <Node id="1610"/>the overall wellness of beneficiaries<Node id="1647"/>.

 <Node id="1651"/>This is a vital, longer-term project that so far nobody is touching with a 10-foot pole.<Node id="1739"/>

 <Node id="1742"/>Option two: <Node id="1754"/>cut<Node id="1757"/> <Node id="1758"/>supply<Node id="1764"/> by <Node id="1768"/>rationing care<Node id="1782"/>, which <Node id="1790"/>makes patients - namely, politically active elderly voters - angry<Node id="1856"/>.
 <Node id="1859"/>So it's no surprise that the cycle of cuts and reversals has continued with almost comic certainty<Node id="1957"/>.
 <Node id="1960"/>In fact, just days ago, the House of Representatives passed a bill reversing Medicare cuts slated for 2010, with White House support<Node id="2092"/>.
 <Node id="2095"/>Yet as you read this, <Node id="2117"/>President Obama and Democrats in Congress<Node id="2158"/> insist <Node id="2166"/>they<Node id="2170"/> can <Node id="2175"/>pay for<Node id="2182"/> <Node id="2183"/>half of Obamacare's new spending on health care<Node id="2230"/> with . . . <Node id="2242"/>you guessed it<Node id="2256"/>: future, unspecified, scheduled cuts to Medicare doctors' fees, drug payments and hospital reimbursements<Node id="2362"/>.

 Pelosi has put aside last year's worries; now she believes Washington can find $400 billion over 10 years - without the likes of herself interfering.
 How?
 <Node id="2523"/>Obamacare is built on a gimmick.<Node id="2555"/>

 <Node id="2558"/>The White House apparently believes America's grandmothers won't mind hundreds of billions of dollars worth of Medicare cuts if a committee of health-care bureaucrats is in charge, deflecting responsibility for ruthless decisions that politicians and doctors can't be trusted to make.<Node id="2842"/>

 <Node id="2845"/>In the Senate bill, the committee is called the Independent Medicare Advisory Board<Node id="2928"/>.
 <Node id="2931"/>This strategy has already <Node id="2957"/>failed<Node id="2963"/> in Britain, where <Node id="2982"/>politicians<Node id="2993"/> desperate to <Node id="3007"/>tame<Node id="3011"/> <Node id="3012"/>rising health costs<Node id="3031"/> <Node id="3032"/>created<Node id="3039"/> <Node id="3040"/>a National Institute for Health and Clinical Effectiveness<Node id="3098"/>.
 <Node id="3101"/>Several NICE rulings to cut coverage for expensive treatments have since been challenged or reversed<Node id="3201"/>.
 <Node id="3204"/>And as a result, health inflation lives on in Britain, because their officials, just like ours, don't have the guts to tell millions of grandmothers to suffer just to balance a budget<Node id="3387"/>.

 <Node id="3391"/>And so, supporters of <Node id="3413"/>Obama-care<Node id="3423"/> who think their plan is paid for with Medicare savings, <Node id="3480"/>beware<Node id="3486"/>.
 <Node id="3489"/>Don't worry about leaving the milk and cookies out: He's not coming, and neither are the cuts<Node id="3582"/>.
Gratzer, a physician, is a senior fellow at the Manhattan Institute and author of "Why Obama's Government Takeover of Health Care Will Be a Disaster."
<Node id="3735"/></TextWithNodes>
<!-- The default annotation set -->

<AnnotationSet>
<Annotation Id="1" Type="doc" StartNode="0" EndNode="3735">
<Feature>
  <Name className="java.lang.String">id</Name>
  <Value className="java.lang.String">hc042</Value>
</Feature>
<Feature>
  <Name className="java.lang.String">author</Name>
  <Value className="java.lang.String">David,Gratzer</Value>
</Feature>
<Feature>
  <Name className="java.lang.String">source</Name>
  <Value className="java.lang.String">nydailynews,New,York,Daily,News</Value>
</Feature>
<Feature>
  <Name className="java.lang.String">date</Name>
  <Value className="java.lang.String">20091203</Value>
</Feature>
<Feature>
  <Name className="java.lang.String">side</Name>
  <Value className="java.lang.String">anti</Value>
</Feature>
<Feature>
  <Name className="java.lang.String">url</Name>
  <Value className="java.lang.String">http://www.nydailynews.com/opinions/2009/12/03/2009-12-03_medicare_cuts_and_other_dc_fairy_tales.html </Value>
</Feature>
</Annotation>
<Annotation Id="2" Type="arg" StartNode="0" EndNode="97">
<Feature>
  <Name className="java.lang.String">type</Name>
  <Value className="java.lang.String">label</Value>
</Feature>
<Feature>
  <Name className="java.lang.String">ss-label</Name>
  <Value className="java.lang.String">does_not_control_healthcare_costs</Value>
</Feature>
<Feature>
  <Name className="java.lang.String">polarity</Name>
  <Value className="java.lang.String">negative</Value>
</Feature>
</Annotation>
<Annotation Id="3" Type="arg" StartNode="330" EndNode="482">
<Feature>
  <Name className="java.lang.String">unclear</Name>
  <Value className="java.lang.String">true</Value>
</Feature>
<Feature>
  <Name className="java.lang.String">ss-label</Name>
  <Value className="java.lang.String">proposed_cuts_will_not_actually_happen</Value>
</Feature>
<Feature>
  <Name className="java.lang.String">type</Name>
  <Value className="java.lang.String">label</Value>
</Feature>
<Feature>
  <Name className="java.lang.String">polarity</Name>
  <Value className="java.lang.String">negative</Value>
</Feature>
<Feature>
  <Name className="java.lang.String">incomplete</Name>
  <Value className="java.lang.String">true</Value>
</Feature>
</Annotation>
<Annotation Id="4" Type="arg" StartNode="630" EndNode="761">
<Feature>
  <Name className="java.lang.String">ss-label</Name>
  <Value className="java.lang.String">proposed_cuts_will_not_actually_happen</Value>
</Feature>
<Feature>
  <Name className="java.lang.String">unclear</Name>
  <Value className="java.lang.String">true</Value>
</Feature>
<Feature>
  <Name className="java.lang.String">type</Name>
  <Value className="java.lang.String">label</Value>
</Feature>
<Feature>
  <Name className="java.lang.String">polarity</Name>
  <Value className="java.lang.String">negative</Value>
</Feature>
</Annotation>
<Annotation Id="6" Type="rel" StartNode="1463" EndNode="1528">
<Feature>
  <Name className="java.lang.String">id</Name>
  <Value className="java.lang.String">r1</Value>
</Feature>
</Annotation>
<Annotation Id="7" Type="arg" StartNode="1531" EndNode="1647">
<Feature>
  <Name className="java.lang.String">ss-label</Name>
  <Value className="java.lang.String">dealing_with_unhealthy_lifestyles_more_effective</Value>
</Feature>
<Feature>
  <Name className="java.lang.String">type</Name>
  <Value className="java.lang.String">label</Value>
</Feature>
<Feature>
  <Name className="java.lang.String">about-rel</Name>
  <Value className="java.lang.String">r1</Value>
</Feature>
<Feature>
  <Name className="java.lang.String">polarity</Name>
  <Value className="java.lang.String">positive</Value>
</Feature>
</Annotation>
<Annotation Id="8" Type="rel" StartNode="1651" EndNode="1739">
<Feature>
  <Name className="java.lang.String">type</Name>
  <Value className="java.lang.String">label</Value>
</Feature>
<Feature>
  <Name className="java.lang.String">ss-label</Name>
  <Value className="java.lang.String">dealing_with_unhealthy_lifestyles_more_effective</Value>
</Feature>
</Annotation>
<Annotation Id="9" Type="arg" StartNode="2095" EndNode="2362">
<Feature>
  <Name className="java.lang.String">unclear</Name>
  <Value className="java.lang.String">true</Value>
</Feature>
<Feature>
  <Name className="java.lang.String">ss-label</Name>
  <Value className="java.lang.String">proposed_cuts_will_not_actually_happen</Value>
</Feature>
<Feature>
  <Name className="java.lang.String">type</Name>
  <Value className="java.lang.String">label</Value>
</Feature>
<Feature>
  <Name className="java.lang.String">polarity</Name>
  <Value className="java.lang.String">negative</Value>
</Feature>
</Annotation>
<Annotation Id="10" Type="arg" StartNode="2523" EndNode="2555">
<Feature>
  <Name className="java.lang.String">unclear</Name>
  <Value className="java.lang.String">true</Value>
</Feature>
<Feature>
  <Name className="java.lang.String">ss-label</Name>
  <Value className="java.lang.String">will_cost_more_than_anticipated</Value>
</Feature>
<Feature>
  <Name className="java.lang.String">type</Name>
  <Value className="java.lang.String">label</Value>
</Feature>
<Feature>
  <Name className="java.lang.String">polarity</Name>
  <Value className="java.lang.String">negative</Value>
</Feature>
</Annotation>
<Annotation Id="11" Type="arg" StartNode="2931" EndNode="3098">
<Feature>
  <Name className="java.lang.String">type</Name>
  <Value className="java.lang.String">label</Value>
</Feature>
<Feature>
  <Name className="java.lang.String">ss-label</Name>
  <Value className="java.lang.String">similar_programs_have_failed_abroad</Value>
</Feature>
<Feature>
  <Name className="java.lang.String">polarity</Name>
  <Value className="java.lang.String">negative</Value>
</Feature>
</Annotation>
<Annotation Id="13" Type="arg" StartNode="3391" EndNode="3486">
<Feature>
  <Name className="java.lang.String">ss-label</Name>
  <Value className="java.lang.String">proposed_cuts_will_not_actually_happen</Value>
</Feature>
<Feature>
  <Name className="java.lang.String">unclear</Name>
  <Value className="java.lang.String">true</Value>
</Feature>
<Feature>
  <Name className="java.lang.String">type</Name>
  <Value className="java.lang.String">label</Value>
</Feature>
<Feature>
  <Name className="java.lang.String">polarity</Name>
  <Value className="java.lang.String">negative</Value>
</Feature>
</Annotation>
<Annotation Id="14" Type="rel" StartNode="2558" EndNode="2842">
<Feature>
  <Name className="java.lang.String">type</Name>
  <Value className="java.lang.String">label</Value>
</Feature>
<Feature>
  <Name className="java.lang.String">ss-label</Name>
  <Value className="java.lang.String">proposed_cuts_will_not_actually_happen</Value>
</Feature>
</Annotation>
<Annotation Id="15" Type="rel" StartNode="157" EndNode="231">
<Feature>
  <Name className="java.lang.String">type</Name>
  <Value className="java.lang.String">label</Value>
</Feature>
<Feature>
  <Name className="java.lang.String">ss-label</Name>
  <Value className="java.lang.String">proposed_cuts_will_not_actually_happen</Value>
</Feature>
</Annotation>
<Annotation Id="17" Type="rel" StartNode="486" EndNode="553">
<Feature>
  <Name className="java.lang.String">type</Name>
  <Value className="java.lang.String">label</Value>
</Feature>
<Feature>
  <Name className="java.lang.String">ss-label</Name>
  <Value className="java.lang.String">proposed_cuts_will_not_actually_happen</Value>
</Feature>
</Annotation>
<Annotation Id="16" Type="rel" StartNode="234" EndNode="327">
<Feature>
  <Name className="java.lang.String">type</Name>
  <Value className="java.lang.String">label</Value>
</Feature>
<Feature>
  <Name className="java.lang.String">ss-label</Name>
  <Value className="java.lang.String">proposed_cuts_will_not_actually_happen</Value>
</Feature>
</Annotation>
<Annotation Id="19" Type="rel" StartNode="765" EndNode="803">
<Feature>
  <Name className="java.lang.String">type</Name>
  <Value className="java.lang.String">label</Value>
</Feature>
<Feature>
  <Name className="java.lang.String">ss-label</Name>
  <Value className="java.lang.String">proposed_cuts_will_not_actually_happen</Value>
</Feature>
</Annotation>
<Annotation Id="18" Type="rel" StartNode="556" EndNode="627">
<Feature>
  <Name className="java.lang.String">type</Name>
  <Value className="java.lang.String">label</Value>
</Feature>
<Feature>
  <Name className="java.lang.String">ss-label</Name>
  <Value className="java.lang.String">proposed_cuts_will_not_actually_happen</Value>
</Feature>
</Annotation>
<Annotation Id="21" Type="rel" StartNode="1019" EndNode="1136">
<Feature>
  <Name className="java.lang.String">type</Name>
  <Value className="java.lang.String">label</Value>
</Feature>
<Feature>
  <Name className="java.lang.String">ss-label</Name>
  <Value className="java.lang.String">proposed_cuts_will_not_actually_happen</Value>
</Feature>
</Annotation>
<Annotation Id="20" Type="rel" StartNode="837" EndNode="1016">
<Feature>
  <Name className="java.lang.String">type</Name>
  <Value className="java.lang.String">label</Value>
</Feature>
<Feature>
  <Name className="java.lang.String">ss-label</Name>
  <Value className="java.lang.String">proposed_cuts_will_not_actually_happen</Value>
</Feature>
</Annotation>
<Annotation Id="23" Type="rel" StartNode="1251" EndNode="1363">
<Feature>
  <Name className="java.lang.String">type</Name>
  <Value className="java.lang.String">label</Value>
</Feature>
<Feature>
  <Name className="java.lang.String">ss-label</Name>
  <Value className="java.lang.String">proposed_cuts_will_not_actually_happen</Value>
</Feature>
</Annotation>
<Annotation Id="22" Type="rel" StartNode="1139" EndNode="1247">
<Feature>
  <Name className="java.lang.String">type</Name>
  <Value className="java.lang.String">label</Value>
</Feature>
<Feature>
  <Name className="java.lang.String">ss-label</Name>
  <Value className="java.lang.String">proposed_cuts_will_not_actually_happen</Value>
</Feature>
</Annotation>
<Annotation Id="25" Type="rel" StartNode="1859" EndNode="1957">
<Feature>
  <Name className="java.lang.String">type</Name>
  <Value className="java.lang.String">label</Value>
</Feature>
<Feature>
  <Name className="java.lang.String">ss-label</Name>
  <Value className="java.lang.String">proposed_cuts_will_not_actually_happen</Value>
</Feature>
</Annotation>
<Annotation Id="24" Type="arg" StartNode="1742" EndNode="1856">
<Feature>
  <Name className="java.lang.String">type</Name>
  <Value className="java.lang.String">label</Value>
</Feature>
<Feature>
  <Name className="java.lang.String">ss-label</Name>
  <Value className="java.lang.String">healthcare_rationing</Value>
</Feature>
<Feature>
  <Name className="java.lang.String">polarity</Name>
  <Value className="java.lang.String">negative</Value>
</Feature>
</Annotation>
<Annotation Id="27" Type="rel" StartNode="2845" EndNode="2928">
<Feature>
  <Name className="java.lang.String">type</Name>
  <Value className="java.lang.String">label</Value>
</Feature>
<Feature>
  <Name className="java.lang.String">ss-label</Name>
  <Value className="java.lang.String">similar_programs_have_failed_abroad</Value>
</Feature>
</Annotation>
<Annotation Id="26" Type="rel" StartNode="1960" EndNode="2092">
<Feature>
  <Name className="java.lang.String">type</Name>
  <Value className="java.lang.String">label</Value>
</Feature>
<Feature>
  <Name className="java.lang.String">ss-label</Name>
  <Value className="java.lang.String">proposed_cuts_will_not_actually_happen</Value>
</Feature>
</Annotation>
<Annotation Id="29" Type="rel" StartNode="3204" EndNode="3387">
<Feature>
  <Name className="java.lang.String">type</Name>
  <Value className="java.lang.String">label</Value>
</Feature>
<Feature>
  <Name className="java.lang.String">ss-label</Name>
  <Value className="java.lang.String">similar_programs_have_failed_abroad</Value>
</Feature>
</Annotation>
<Annotation Id="28" Type="rel" StartNode="3101" EndNode="3201">
<Feature>
  <Name className="java.lang.String">type</Name>
  <Value className="java.lang.String">label</Value>
</Feature>
<Feature>
  <Name className="java.lang.String">ss-label</Name>
  <Value className="java.lang.String">similar_programs_have_failed_abroad</Value>
</Feature>
</Annotation>
<Annotation Id="31" Type="gfbf" StartNode="354" EndNode="359">
<Feature>
  <Name className="java.lang.String">agentId</Name>
  <Value className="java.lang.String">56</Value>
</Feature>
<Feature>
  <Name className="java.lang.String">objectId</Name>
  <Value className="java.lang.String">32</Value>
</Feature>
<Feature>
  <Name className="java.lang.String">polarity</Name>
  <Value className="java.lang.String">badfor</Value>
</Feature>
</Annotation>
<Annotation Id="30" Type="rel" StartNode="3489" EndNode="3582">
<Feature>
  <Name className="java.lang.String">type</Name>
  <Value className="java.lang.String">label</Value>
</Feature>
<Feature>
  <Name className="java.lang.String">ss-label</Name>
  <Value className="java.lang.String">proposed_cuts_will_not_actually_happen</Value>
</Feature>
</Annotation>
<Annotation Id="34" Type="gfbf" StartNode="698" EndNode="706">
<Feature>
  <Name className="java.lang.String">agentId</Name>
  <Value className="java.lang.String">57</Value>
</Feature>
<Feature>
  <Name className="java.lang.String">objectId</Name>
  <Value className="java.lang.String">35</Value>
</Feature>
<Feature>
  <Name className="java.lang.String">polarity</Name>
  <Value className="java.lang.String">badfor</Value>
</Feature>
</Annotation>
<Annotation Id="35" Type="gfbf-object" StartNode="707" EndNode="713">
<Feature>
  <Name className="java.lang.String">writerAtt</Name>
  <Value className="java.lang.String">positive</Value>
</Feature>
</Annotation>
<Annotation Id="32" Type="gfbf-object" StartNode="360" EndNode="372">
<Feature>
  <Name className="java.lang.String">writerAtt</Name>
  <Value className="java.lang.String">negative</Value>
</Feature>
</Annotation>
<Annotation Id="38" Type="gfbf" StartNode="1543" EndNode="1553">
<Feature>
  <Name className="java.lang.String">agentId</Name>
  <Value className="java.lang.String">implicit</Value>
</Feature>
<Feature>
  <Name className="java.lang.String">objectId</Name>
  <Value className="java.lang.String">39</Value>
</Feature>
<Feature>
  <Name className="java.lang.String">polarity</Name>
  <Value className="java.lang.String">badfor</Value>
</Feature>
</Annotation>
<Annotation Id="39" Type="gfbf-object" StartNode="1554" EndNode="1565">
<Feature>
  <Name className="java.lang.String">writerAtt</Name>
  <Value className="java.lang.String">negative</Value>
</Feature>
</Annotation>
<Annotation Id="36" Type="gfbf" StartNode="733" EndNode="738">
<Feature>
  <Name className="java.lang.String">unclear</Name>
  <Value className="java.lang.String">true</Value>
</Feature>
<Feature>
  <Name className="java.lang.String">agentId</Name>
  <Value className="java.lang.String">58</Value>
</Feature>
<Feature>
  <Name className="java.lang.String">objectId</Name>
  <Value className="java.lang.String">37</Value>
</Feature>
<Feature>
  <Name className="java.lang.String">polarity</Name>
  <Value className="java.lang.String">badfor</Value>
</Feature>
</Annotation>
<Annotation Id="37" Type="gfbf-object" StartNode="739" EndNode="745">
<Feature>
  <Name className="java.lang.String">writerAtt</Name>
  <Value className="java.lang.String">positive</Value>
</Feature>
</Annotation>
<Annotation Id="42" Type="gfbf" StartNode="1600" EndNode="1609">
<Feature>
  <Name className="java.lang.String">agentId</Name>
  <Value className="java.lang.String">59</Value>
</Feature>
<Feature>
  <Name className="java.lang.String">objectId</Name>
  <Value className="java.lang.String">43</Value>
</Feature>
<Feature>
  <Name className="java.lang.String">polarity</Name>
  <Value className="java.lang.String">goodfor</Value>
</Feature>
</Annotation>
<Annotation Id="43" Type="gfbf-object" StartNode="1610" EndNode="1647">
<Feature>
  <Name className="java.lang.String">writerAtt</Name>
  <Value className="java.lang.String">positive</Value>
</Feature>
</Annotation>
<Annotation Id="40" Type="gfbf" StartNode="1582" EndNode="1589">
<Feature>
  <Name className="java.lang.String">agentId</Name>
  <Value className="java.lang.String">59</Value>
</Feature>
<Feature>
  <Name className="java.lang.String">objectId</Name>
  <Value className="java.lang.String">41</Value>
</Feature>
<Feature>
  <Name className="java.lang.String">polarity</Name>
  <Value className="java.lang.String">badfor</Value>
</Feature>
</Annotation>
<Annotation Id="41" Type="gfbf-object" StartNode="1590" EndNode="1596">
<Feature>
  <Name className="java.lang.String">writerAtt</Name>
  <Value className="java.lang.String">negative</Value>
</Feature>
</Annotation>
<Annotation Id="46" Type="others" StartNode="1790" EndNode="1856">
<Feature>
  <Name className="java.lang.String">comment</Name>
  <Value className="java.lang.String">make N ADJ</Value>
</Feature>
</Annotation>
<Annotation Id="47" Type="gfbf" StartNode="2175" EndNode="2182">
<Feature>
  <Name className="java.lang.String">agentId</Name>
  <Value className="java.lang.String">60</Value>
</Feature>
<Feature>
  <Name className="java.lang.String">objectId</Name>
  <Value className="java.lang.String">48</Value>
</Feature>
<Feature>
  <Name className="java.lang.String">polarity</Name>
  <Value className="java.lang.String">goodfor</Value>
</Feature>
</Annotation>
<Annotation Id="44" Type="gfbf" StartNode="1754" EndNode="1757">
<Feature>
  <Name className="java.lang.String">agentId</Name>
  <Value className="java.lang.String">65</Value>
</Feature>
<Feature>
  <Name className="java.lang.String">polarity</Name>
  <Value className="java.lang.String">badfor</Value>
</Feature>
<Feature>
  <Name className="java.lang.String">objectId</Name>
  <Value className="java.lang.String">45</Value>
</Feature>
</Annotation>
<Annotation Id="45" Type="gfbf-object" StartNode="1758" EndNode="1764">
<Feature>
  <Name className="java.lang.String">writerAtt</Name>
  <Value className="java.lang.String">negative</Value>
</Feature>
</Annotation>
<Annotation Id="51" Type="gfbf" StartNode="3007" EndNode="3011">
<Feature>
  <Name className="java.lang.String">agentId</Name>
  <Value className="java.lang.String">61</Value>
</Feature>
<Feature>
  <Name className="java.lang.String">objectId</Name>
  <Value className="java.lang.String">52</Value>
</Feature>
<Feature>
  <Name className="java.lang.String">polarity</Name>
  <Value className="java.lang.String">badfor</Value>
</Feature>
</Annotation>
<Annotation Id="50" Type="others" StartNode="2957" EndNode="2963">
<Feature>
  <Name className="java.lang.String">comment</Name>
  <Value className="java.lang.String">Badfor Agent</Value>
</Feature>
</Annotation>
<Annotation Id="49" Type="others" StartNode="2242" EndNode="2256">
<Feature>
  <Name className="java.lang.String">effect</Name>
  <Value className="java.lang.String">reverse</Value>
</Feature>
</Annotation>
<Annotation Id="48" Type="gfbf-object" StartNode="2183" EndNode="2230">
<Feature>
  <Name className="java.lang.String">unclear</Name>
  <Value className="java.lang.String">true</Value>
</Feature>
<Feature>
  <Name className="java.lang.String">writerAtt</Name>
  <Value className="java.lang.String">negative</Value>
</Feature>
</Annotation>
<Annotation Id="53" Type="others" StartNode="3480" EndNode="3486">
<Feature>
  <Name className="java.lang.String">effect</Name>
  <Value className="java.lang.String">reverse</Value>
</Feature>
<Feature>
  <Name className="java.lang.String">comment</Name>
  <Value className="java.lang.String">is this uhh...</Value>
</Feature>
</Annotation>
<Annotation Id="52" Type="gfbf-object" StartNode="3012" EndNode="3031">
<Feature>
  <Name className="java.lang.String">writerAtt</Name>
  <Value className="java.lang.String">negative</Value>
</Feature>
</Annotation>
<Annotation Id="59" Type="gfbf-agent" StartNode="1543" EndNode="1565">
<Feature>
  <Name className="java.lang.String">writerAtt</Name>
  <Value className="java.lang.String">positive</Value>
</Feature>
</Annotation>
<Annotation Id="58" Type="gfbf-agent" StartNode="723" EndNode="727">
<Feature>
  <Name className="java.lang.String">writerAtt</Name>
  <Value className="java.lang.String">negative</Value>
</Feature>
</Annotation>
<Annotation Id="57" Type="gfbf-agent" StartNode="689" EndNode="697">
<Feature>
  <Name className="java.lang.String">writerAtt</Name>
  <Value className="java.lang.String">negative</Value>
</Feature>
</Annotation>
<Annotation Id="56" Type="gfbf-agent" StartNode="349" EndNode="350">
<Feature>
  <Name className="java.lang.String">writerAtt</Name>
  <Value className="java.lang.String">positive</Value>
</Feature>
</Annotation>
<Annotation Id="61" Type="gfbf-agent" StartNode="2982" EndNode="2993">
<Feature>
  <Name className="java.lang.String">writerAtt</Name>
  <Value className="java.lang.String">negative</Value>
</Feature>
</Annotation>
<Annotation Id="60" Type="gfbf-agent" StartNode="2166" EndNode="2170">
<Feature>
  <Name className="java.lang.String">reference</Name>
  <Value className="java.lang.String">true</Value>
</Feature>
<Feature>
  <Name className="java.lang.String">referentId</Name>
  <Value className="java.lang.String">68</Value>
</Feature>
<Feature>
  <Name className="java.lang.String">writerAtt</Name>
  <Value className="java.lang.String">negative</Value>
</Feature>
</Annotation>
<Annotation Id="68" Type="referent" StartNode="2117" EndNode="2158">
<Feature>
  <Name className="java.lang.String">writerAtt</Name>
  <Value className="java.lang.String">negative</Value>
</Feature>
</Annotation>
<Annotation Id="69" Type="referent" StartNode="3413" EndNode="3423">
<Feature>
  <Name className="java.lang.String">writerAtt</Name>
  <Value className="java.lang.String">negative</Value>
</Feature>
</Annotation>
<Annotation Id="65" Type="gfbf-agent" StartNode="1768" EndNode="1782">
<Feature>
  <Name className="java.lang.String">writerAtt</Name>
  <Value className="java.lang.String">positive</Value>
</Feature>
</Annotation>
<Annotation Id="66" Type="gfbf" StartNode="3032" EndNode="3039">
<Feature>
  <Name className="java.lang.String">agentId</Name>
  <Value className="java.lang.String">61</Value>
</Feature>
<Feature>
  <Name className="java.lang.String">polarity</Name>
  <Value className="java.lang.String">goodfor</Value>
</Feature>
<Feature>
  <Name className="java.lang.String">objectId</Name>
  <Value className="java.lang.String">67</Value>
</Feature>
</Annotation>
<Annotation Id="67" Type="gfbf-object" StartNode="3040" EndNode="3098">
<Feature>
  <Name className="java.lang.String">writerAtt</Name>
  <Value className="java.lang.String">negative</Value>
</Feature>
</Annotation>
</AnnotationSet>

<!-- Named annotation set -->

<AnnotationSet Name="Original markups">
<Annotation Id="0" Type="paragraph" StartNode="0" EndNode="3735">
</Annotation>
</AnnotationSet>

</GateDocument>
