<?xml version='1.0' encoding='MacRoman'?>
<GateDocument>
<!-- The document's features-->

<GateDocumentFeatures>
<Feature>
  <Name className="java.lang.String">gate.SourceURL</Name>
  <Value className="java.lang.String">file:/home/conrada/Dropbox/healthcare_devel_data_final/hc046.txt</Value>
</Feature>
<Feature>
  <Name className="java.lang.String">MimeType</Name>
  <Value className="java.lang.String">text/plain</Value>
</Feature>
<Feature>
  <Name className="java.lang.String">docNewLineType</Name>
  <Value className="java.lang.String">CRLF</Value>
</Feature>
</GateDocumentFeatures>
<!-- The document content area with serialized nodes -->

<TextWithNodes><Node id="0" />Making preventive care attainable: Kathleen Sebelius<Node id="52" />
Published: Friday, July 23, 2010, 3:00 AM
By Kathleen Sebelius
 <Node id="117" />Today, our health care system is more like a sick care system<Node id="178" />.
 <Node id="182" />Chronic diseases like heart disease, cancer, and diabetes are responsible for seven of 10 deaths among Americans each year and account for 75 percent of the nation's health spending<Node id="363" />.
 <Node id="367" />But <Node id="371" />too many Americans<Node id="389" /> fail to <Node id="398" />get the screenings and visits they need<Node id="437" /> to <Node id="441" />help<Node id="445" /> <Node id="446" />them<Node id="450" /> <Node id="451" />prevent<Node id="458" /> <Node id="459" />these conditions<Node id="475" /> and stay healthy in the first place<Node id="511" />.
 <Node id="514" />That's why <Node id="525" />the Obama administration<Node id="549" /> has <Node id="554" />made it a top priority<Node id="576" /> to <Node id="580" />ensure that <Node id="592" />more Americans get access to life-saving preventive care<Node id="648" />.

 <Node id="653" />From the historic investments in prevention in the Recovery Act, to the first lady's Let's Move Campaign to end childhood obesity, to the Affordable Care Act, <Node id="812" />the administration<Node id="830" /> is <Node id="834" />laying the foundation for<Node id="859" /> <Node id="860" />a health care system that focuses on keeping every American healthy<Node id="927" />.

 Last week, we took another step forward.
 <Node id="974" />As part of the Affordable Care Act, we announced that beginning Sept. 23, all new private health insurance plans will have to cover a wide range of basic <Node id="1128" />preventive services <Node id="1148" />without charging a deductible, copayment or coinsurance<Node id="1203" />.

 <Node id="1207" />Eliminating<Node id="1218" /> <Node id="1219" />cost-sharing for these services<Node id="1250" /> will help <Node id="1261" />save<Node id="1265" /> <Node id="1266" />lives<Node id="1271" />.

 <Node id="1276" />Even with insurance, out-of-pocket costs for screenings, visits and vaccines can add up quickly<Node id="1371" />.
 <Node id="1375" />Now, <Node id="1380" />Americans<Node id="1389" /> <Node id="1390" />hit<Node id="1393" /> hard by <Node id="1402" />the economic downturn<Node id="1423" /> won't have to think twice about whether they can afford <Node id="1480" />a recommended mammogram or counseling with their doctor<Node id="1535" /> to <Node id="1539" />help<Node id="1543" /> <Node id="1544" />them<Node id="1548" /> <Node id="1549" />quit<Node id="1553" /> <Node id="1554" />smoking<Node id="1561" /> or <Node id="1565" />lose weight<Node id="1576" />.

 <Node id="1580" />Just last week, I had the privilege of meeting some of those Americans whose lives would have been forever changed if their insurance had not covered the preventive services they needed<Node id="1765" />.
 When Maggie's little boy John was born, she knew how important it was to take him to all of his well-child visits -- especially critical during the first year of life.
 At his one-year visit, the pediatrician felt a mass in John's stomach.
 Maggie's otherwise completely normal, happy and healthy baby had a stage 3 neuroblastoma that had spread throughout his midsection.
 There is no way that Maggie and her husband would have caught John's cancer in time without the routine well-child check-up her son was able to receive.
 Twelve years later, John is healthy and in remission.
 But every year, Maggie and John return to the children's hospital for his checkups -- and Maggie says it is heartbreaking to see the children there who were not as lucky as John to have their cancer caught in time.
 <Node id="2570" />Under the Affordable Care Act, more Americans will have <Node id="2626" />the same fighting chance<Node id="2650" /> to <Node id="2654" />beat<Node id="2658" /> <Node id="2659" />cancer<Node id="2665" /> or <Node id="2669" />avoid<Node id="2674" /> <Node id="2675" />the onset of chronic diseases<Node id="2704" /> -- <Node id="2708" />improving<Node id="2717" /> <Node id="2718" />their quality of life<Node id="2739" /> and <Node id="2744" />reducing<Node id="2752" /> <Node id="2753" />health care costs<Node id="2770" />.

 <Node id="2774" />The preventive services that must be covered by new health policies beginning on or after Sept. 23 include services for Americans at every stage of life, from counseling and screening to ensure healthy pregnancies, to regular well-child visits and immunizations, to blood pressure, diabetes and cholesterol tests, as well as counseling on quitting smoking, losing weight and eating better<Node id="3162" />.

 <Node id="3166" />Studies show that cost-sharing for preventive services keeps people from using them<Node id="3249" />.

 <Node id="3254" />When access to colonoscopies and mammograms cost hundreds of dollars, these important services can become out of reach for many working families or seniors on a limited income.
<Node id="3432" />
 <Node id="3434" />That is why the Affordable Care Act will also <Node id="3480" />make it easier<Node id="3494" /> for seniors on Medicare and Americans enrolled in Medicaid to access critical prevention services<Node id="3592" />.

 And we're not stopping there.
 <Node id="3628" />The Affordable Care Act<Node id="3651" /> <Node id="3652" />created<Node id="3659" /> <Node id="3660" />the Prevention and Public Health Fund<Node id="3697" /> which is <Node id="3707" />investing in<Node id="3719" /> <Node id="3720" />community-based prevention initiatives<Node id="3758" /> and, this year, <Node id="3775" />expanding<Node id="3784" /> <Node id="3785" />the number of primary care professionals<Node id="3825" /> because you can't get a cancer screening if you can't find a doctor to administer it<Node id="3910" />.
 <Node id="3914" />A new Prevention, Health Promotion and Public Health Council, comprised of top officials from across the federal government, is creating a National Prevention and Health Promotion Strategy to help us become a healthier nation<Node id="4139" />.

 <Node id="4143" />Together, our new investment in prevention is going to yield significant dividends for both the health and pocketbooks of Americans<Node id="4274" />.

 <Node id="4279" />Keeping people healthy, and catching diseases early<Node id="4330" />, can help <Node id="4341" />lower<Node id="4346" /> <Node id="4347" />health care costs<Node id="4364" />.

 <Node id="4369" />This will translate into savings for taxpayers -- and in reduced health insurance premiums over the long run<Node id="4477" />.

 <Node id="4481" />But most importantly, preventive care can save lives -- like that of Maggie's son John<Node id="4567" />.
 And those savings are priceless.
Kathleen Sebelius is the U.S. Secretary of Health and Human Services.
<Node id="4674" /></TextWithNodes>
<!-- The default annotation set -->

<AnnotationSet>
<Annotation Id="1" Type="doc" StartNode="0" EndNode="4674">
<Feature>
  <Name className="java.lang.String">id</Name>
  <Value className="java.lang.String">hc046</Value>
</Feature>
<Feature>
  <Name className="java.lang.String">author</Name>
  <Value className="java.lang.String">Kathleen,Sebelius</Value>
</Feature>
<Feature>
  <Name className="java.lang.String">date</Name>
  <Value className="java.lang.String">20100723</Value>
</Feature>
<Feature>
  <Name className="java.lang.String">source</Name>
  <Value className="java.lang.String">cleveland.com</Value>
</Feature>
<Feature>
  <Name className="java.lang.String">side</Name>
  <Value className="java.lang.String">pro</Value>
</Feature>
<Feature>
  <Name className="java.lang.String">url</Name>
  <Value className="java.lang.String">http://www.cleveland.com/opinion/index.ssf/2010/07/making_preventive_care_attaina.html </Value>
</Feature>
</Annotation>
<Annotation Id="2" Type="arg" StartNode="367" EndNode="511">
<Feature>
  <Name className="java.lang.String">type</Name>
  <Value className="java.lang.String">label</Value>
</Feature>
<Feature>
  <Name className="java.lang.String">ss-label</Name>
  <Value className="java.lang.String">preventative_care_underutilized</Value>
</Feature>
<Feature>
  <Name className="java.lang.String">polarity</Name>
  <Value className="java.lang.String">negative</Value>
</Feature>
</Annotation>
<Annotation Id="3" Type="arg" StartNode="514" EndNode="648">
<Feature>
  <Name className="java.lang.String">prospect</Name>
  <Value className="java.lang.String">gain</Value>
</Feature>
<Feature>
  <Name className="java.lang.String">ss-label</Name>
  <Value className="java.lang.String">expands/guarantees_access_to_preventative_care</Value>
</Feature>
<Feature>
  <Name className="java.lang.String">type</Name>
  <Value className="java.lang.String">label</Value>
</Feature>
<Feature>
  <Name className="java.lang.String">group</Name>
  <Value className="java.lang.String">self-group</Value>
</Feature>
<Feature>
  <Name className="java.lang.String">polarity</Name>
  <Value className="java.lang.String">positive</Value>
</Feature>
</Annotation>
<Annotation Id="4" Type="arg" StartNode="653" EndNode="927">
<Feature>
  <Name className="java.lang.String">type</Name>
  <Value className="java.lang.String">label</Value>
</Feature>
<Feature>
  <Name className="java.lang.String">ss-label</Name>
  <Value className="java.lang.String">improves_health_of_nation</Value>
</Feature>
<Feature>
  <Name className="java.lang.String">polarity</Name>
  <Value className="java.lang.String">positive</Value>
</Feature>
</Annotation>
<Annotation Id="5" Type="rel" StartNode="974" EndNode="1203">
<Feature>
  <Name className="java.lang.String">ss-label</Name>
  <Value className="java.lang.String">expands/guarantees_access_to_preventative_care</Value>
</Feature>
<Feature>
  <Name className="java.lang.String">unclear</Name>
  <Value className="java.lang.String">true</Value>
</Feature>
<Feature>
  <Name className="java.lang.String">type</Name>
  <Value className="java.lang.String">label</Value>
</Feature>
<Feature>
  <Name className="java.lang.String">polarity</Name>
  <Value className="java.lang.String">positive</Value>
</Feature>
</Annotation>
<Annotation Id="6" Type="rel" StartNode="1128" EndNode="1148">
<Feature>
  <Name className="java.lang.String">id</Name>
  <Value className="java.lang.String">r1</Value>
</Feature>
</Annotation>
<Annotation Id="7" Type="arg" StartNode="1207" EndNode="1271">
<Feature>
  <Name className="java.lang.String">type</Name>
  <Value className="java.lang.String">label</Value>
</Feature>
<Feature>
  <Name className="java.lang.String">ss-label</Name>
  <Value className="java.lang.String">expands/guarantees_access_to_preventative_care</Value>
</Feature>
<Feature>
  <Name className="java.lang.String">polarity</Name>
  <Value className="java.lang.String">positive</Value>
</Feature>
</Annotation>
<Annotation Id="8" Type="arg" StartNode="1375" EndNode="1576">
<Feature>
  <Name className="java.lang.String">ss-label</Name>
  <Value className="java.lang.String">expands/guarantees_access_to_preventative_care</Value>
</Feature>
<Feature>
  <Name className="java.lang.String">unclear</Name>
  <Value className="java.lang.String">true</Value>
</Feature>
<Feature>
  <Name className="java.lang.String">type</Name>
  <Value className="java.lang.String">label</Value>
</Feature>
<Feature>
  <Name className="java.lang.String">polarity</Name>
  <Value className="java.lang.String">negative</Value>
</Feature>
</Annotation>
<Annotation Id="9" Type="arg" StartNode="2570" EndNode="2770">
<Feature>
  <Name className="java.lang.String">prospect</Name>
  <Value className="java.lang.String">gain</Value>
</Feature>
<Feature>
  <Name className="java.lang.String">ss-label</Name>
  <Value className="java.lang.String">improves_health_of_nation</Value>
</Feature>
<Feature>
  <Name className="java.lang.String">type</Name>
  <Value className="java.lang.String">label</Value>
</Feature>
<Feature>
  <Name className="java.lang.String">group</Name>
  <Value className="java.lang.String">self-group</Value>
</Feature>
<Feature>
  <Name className="java.lang.String">polarity</Name>
  <Value className="java.lang.String">positive</Value>
</Feature>
</Annotation>
<Annotation Id="10" Type="rel" StartNode="2774" EndNode="3162">
<Feature>
  <Name className="java.lang.String">type</Name>
  <Value className="java.lang.String">label</Value>
</Feature>
<Feature>
  <Name className="java.lang.String">ss-label</Name>
  <Value className="java.lang.String">expands/guarantees_access_to_preventative_care</Value>
</Feature>
</Annotation>
<Annotation Id="11" Type="rel" StartNode="3166" EndNode="3249">
<Feature>
  <Name className="java.lang.String">ss-label</Name>
  <Value className="java.lang.String">preventative_care_underutilized</Value>
</Feature>
<Feature>
  <Name className="java.lang.String">unclear</Name>
  <Value className="java.lang.String">true</Value>
</Feature>
<Feature>
  <Name className="java.lang.String">type</Name>
  <Value className="java.lang.String">label</Value>
</Feature>
<Feature>
  <Name className="java.lang.String">polarity</Name>
  <Value className="java.lang.String">negative</Value>
</Feature>
</Annotation>
<Annotation Id="12" Type="rel" StartNode="3254" EndNode="3432">
<Feature>
  <Name className="java.lang.String">type</Name>
  <Value className="java.lang.String">label</Value>
</Feature>
<Feature>
  <Name className="java.lang.String">ss-label</Name>
  <Value className="java.lang.String">preventative_care_underutilized</Value>
</Feature>
</Annotation>
<Annotation Id="13" Type="arg" StartNode="3434" EndNode="3592">
<Feature>
  <Name className="java.lang.String">type</Name>
  <Value className="java.lang.String">label</Value>
</Feature>
<Feature>
  <Name className="java.lang.String">ss-label</Name>
  <Value className="java.lang.String">expands/guarantees_access_to_preventative_care</Value>
</Feature>
<Feature>
  <Name className="java.lang.String">polarity</Name>
  <Value className="java.lang.String">positive</Value>
</Feature>
</Annotation>
<Annotation Id="14" Type="arg" StartNode="3628" EndNode="3910">
<Feature>
  <Name className="java.lang.String">prospect</Name>
  <Value className="java.lang.String">gain</Value>
</Feature>
<Feature>
  <Name className="java.lang.String">ss-label</Name>
  <Value className="java.lang.String">increases_supply_of_healthcare</Value>
</Feature>
<Feature>
  <Name className="java.lang.String">type</Name>
  <Value className="java.lang.String">label</Value>
</Feature>
<Feature>
  <Name className="java.lang.String">group</Name>
  <Value className="java.lang.String">self-group</Value>
</Feature>
<Feature>
  <Name className="java.lang.String">polarity</Name>
  <Value className="java.lang.String">positive</Value>
</Feature>
</Annotation>
<Annotation Id="15" Type="rel" StartNode="3914" EndNode="4139">
<Feature>
  <Name className="java.lang.String">type</Name>
  <Value className="java.lang.String">label</Value>
</Feature>
<Feature>
  <Name className="java.lang.String">ss-label</Name>
  <Value className="java.lang.String">improves_health_of_nation</Value>
</Feature>
<Feature>
  <Name className="java.lang.String">polarity</Name>
  <Value className="java.lang.String">positive</Value>
</Feature>
</Annotation>
<Annotation Id="17" Type="arg" StartNode="4143" EndNode="4274">
<Feature>
  <Name className="java.lang.String">prospect</Name>
  <Value className="java.lang.String">gain</Value>
</Feature>
<Feature>
  <Name className="java.lang.String">ss-label</Name>
  <Value className="java.lang.String">improves_health_of_nation</Value>
</Feature>
<Feature>
  <Name className="java.lang.String">type</Name>
  <Value className="java.lang.String">label</Value>
</Feature>
<Feature>
  <Name className="java.lang.String">group</Name>
  <Value className="java.lang.String">self-group</Value>
</Feature>
<Feature>
  <Name className="java.lang.String">polarity</Name>
  <Value className="java.lang.String">positive</Value>
</Feature>
</Annotation>
<Annotation Id="16" Type="arg" StartNode="4279" EndNode="4364">
<Feature>
  <Name className="java.lang.String">type</Name>
  <Value className="java.lang.String">label</Value>
</Feature>
<Feature>
  <Name className="java.lang.String">ss-label</Name>
  <Value className="java.lang.String">controls_healthcare_costs</Value>
</Feature>
<Feature>
  <Name className="java.lang.String">polarity</Name>
  <Value className="java.lang.String">positive</Value>
</Feature>
</Annotation>
<Annotation Id="19" Type="rel" StartNode="0" EndNode="52">
<Feature>
  <Name className="java.lang.String">type</Name>
  <Value className="java.lang.String">label</Value>
</Feature>
<Feature>
  <Name className="java.lang.String">ss-label</Name>
  <Value className="java.lang.String">expands/guarantees_access_to_preventative_care</Value>
</Feature>
</Annotation>
<Annotation Id="18" Type="arg" StartNode="4369" EndNode="4477">
<Feature>
  <Name className="java.lang.String">ss-label</Name>
  <Value className="java.lang.String">controls_healthcare_costs</Value>
</Feature>
<Feature>
  <Name className="java.lang.String">type</Name>
  <Value className="java.lang.String">label</Value>
</Feature>
<Feature>
  <Name className="java.lang.String">polarity</Name>
  <Value className="java.lang.String">positive</Value>
</Feature>
<Feature>
  <Name className="java.lang.String">incomplete</Name>
  <Value className="java.lang.String">true</Value>
</Feature>
</Annotation>
<Annotation Id="21" Type="rel" StartNode="182" EndNode="363">
<Feature>
  <Name className="java.lang.String">type</Name>
  <Value className="java.lang.String">label</Value>
</Feature>
<Feature>
  <Name className="java.lang.String">ss-label</Name>
  <Value className="java.lang.String">expands/preventative_care_underutilized</Value>
</Feature>
</Annotation>
<Annotation Id="20" Type="rel" StartNode="117" EndNode="178">
<Feature>
  <Name className="java.lang.String">type</Name>
  <Value className="java.lang.String">label</Value>
</Feature>
<Feature>
  <Name className="java.lang.String">ss-label</Name>
  <Value className="java.lang.String">expands/preventative_care_underutilized</Value>
</Feature>
</Annotation>
<Annotation Id="23" Type="rel" StartNode="1580" EndNode="1765">
<Feature>
  <Name className="java.lang.String">type</Name>
  <Value className="java.lang.String">label</Value>
</Feature>
<Feature>
  <Name className="java.lang.String">ss-label</Name>
  <Value className="java.lang.String">expands/guarantees_access_to_preventative_care</Value>
</Feature>
</Annotation>
<Annotation Id="22" Type="rel" StartNode="1276" EndNode="1371">
<Feature>
  <Name className="java.lang.String">type</Name>
  <Value className="java.lang.String">label</Value>
</Feature>
<Feature>
  <Name className="java.lang.String">ss-label</Name>
  <Value className="java.lang.String">expands/guarantees_access_to_preventative_care</Value>
</Feature>
</Annotation>
<Annotation Id="24" Type="rel" StartNode="4481" EndNode="4567">
<Feature>
  <Name className="java.lang.String">type</Name>
  <Value className="java.lang.String">label</Value>
</Feature>
<Feature>
  <Name className="java.lang.String">ss-label</Name>
  <Value className="java.lang.String">expands/guarantees_access_to_preventative_care</Value>
</Feature>
</Annotation>
<Annotation Id="27" Type="gfbf" StartNode="451" EndNode="458">
<Feature>
  <Name className="java.lang.String">agentId</Name>
  <Value className="java.lang.String">69</Value>
</Feature>
<Feature>
  <Name className="java.lang.String">objectId</Name>
  <Value className="java.lang.String">28</Value>
</Feature>
<Feature>
  <Name className="java.lang.String">polarity</Name>
  <Value className="java.lang.String">badfor</Value>
</Feature>
</Annotation>
<Annotation Id="26" Type="gfbf-object" StartNode="446" EndNode="450">
<Feature>
  <Name className="java.lang.String">referentId</Name>
  <Value className="java.lang.String">85</Value>
</Feature>
<Feature>
  <Name className="java.lang.String">writerAtt</Name>
  <Value className="java.lang.String">positive</Value>
</Feature>
<Feature>
  <Name className="java.lang.String">refererence</Name>
  <Value className="java.lang.String">true</Value>
</Feature>
</Annotation>
<Annotation Id="29" Type="gfbf" StartNode="554" EndNode="576">
<Feature>
  <Name className="java.lang.String">agentId</Name>
  <Value className="java.lang.String">71</Value>
</Feature>
<Feature>
  <Name className="java.lang.String">objectId</Name>
  <Value className="java.lang.String">74</Value>
</Feature>
<Feature>
  <Name className="java.lang.String">polarity</Name>
  <Value className="java.lang.String">goodfor</Value>
</Feature>
</Annotation>
<Annotation Id="28" Type="gfbf-object" StartNode="459" EndNode="475">
<Feature>
  <Name className="java.lang.String">writerAtt</Name>
  <Value className="java.lang.String">negative</Value>
</Feature>
</Annotation>
<Annotation Id="31" Type="others" StartNode="592" EndNode="648">
<Feature>
  <Name className="java.lang.String">comment</Name>
  <Value className="java.lang.String">GoodFor Agent</Value>
</Feature>
</Annotation>
<Annotation Id="34" Type="gfbf" StartNode="1207" EndNode="1218">
<Feature>
  <Name className="java.lang.String">agentId</Name>
  <Value className="java.lang.String">implicit</Value>
</Feature>
<Feature>
  <Name className="java.lang.String">objectId</Name>
  <Value className="java.lang.String">35</Value>
</Feature>
<Feature>
  <Name className="java.lang.String">polarity</Name>
  <Value className="java.lang.String">badfor</Value>
</Feature>
</Annotation>
<Annotation Id="35" Type="gfbf-object" StartNode="1219" EndNode="1250">
<Feature>
  <Name className="java.lang.String">unclear</Name>
  <Value className="java.lang.String">true</Value>
</Feature>
<Feature>
  <Name className="java.lang.String">writerAtt</Name>
  <Value className="java.lang.String">positive</Value>
</Feature>
</Annotation>
<Annotation Id="32" Type="gfbf" StartNode="834" EndNode="859">
<Feature>
  <Name className="java.lang.String">unclear</Name>
  <Value className="java.lang.String">true</Value>
</Feature>
<Feature>
  <Name className="java.lang.String">agentId</Name>
  <Value className="java.lang.String">72</Value>
</Feature>
<Feature>
  <Name className="java.lang.String">objectId</Name>
  <Value className="java.lang.String">73</Value>
</Feature>
<Feature>
  <Name className="java.lang.String">polarity</Name>
  <Value className="java.lang.String">goodfor</Value>
</Feature>
</Annotation>
<Annotation Id="38" Type="gfbf" StartNode="1261" EndNode="1265">
<Feature>
  <Name className="java.lang.String">agentId</Name>
  <Value className="java.lang.String">75</Value>
</Feature>
<Feature>
  <Name className="java.lang.String">objectId</Name>
  <Value className="java.lang.String">39</Value>
</Feature>
<Feature>
  <Name className="java.lang.String">polarity</Name>
  <Value className="java.lang.String">goodfor</Value>
</Feature>
</Annotation>
<Annotation Id="39" Type="gfbf-object" StartNode="1266" EndNode="1271">
<Feature>
  <Name className="java.lang.String">writerAtt</Name>
  <Value className="java.lang.String">positive</Value>
</Feature>
</Annotation>
<Annotation Id="43" Type="gfbf-object" StartNode="1544" EndNode="1548">
<Feature>
  <Name className="java.lang.String">referentId</Name>
  <Value className="java.lang.String">86</Value>
</Feature>
<Feature>
  <Name className="java.lang.String">writerAtt</Name>
  <Value className="java.lang.String">positive</Value>
</Feature>
<Feature>
  <Name className="java.lang.String">refererence</Name>
  <Value className="java.lang.String">true</Value>
</Feature>
</Annotation>
<Annotation Id="40" Type="gfbf" StartNode="1390" EndNode="1393">
<Feature>
  <Name className="java.lang.String">agentId</Name>
  <Value className="java.lang.String">76</Value>
</Feature>
<Feature>
  <Name className="java.lang.String">objectId</Name>
  <Value className="java.lang.String">41</Value>
</Feature>
<Feature>
  <Name className="java.lang.String">polarity</Name>
  <Value className="java.lang.String">badfor</Value>
</Feature>
</Annotation>
<Annotation Id="41" Type="gfbf-object" StartNode="1380" EndNode="1389">
<Feature>
  <Name className="java.lang.String">writerAtt</Name>
  <Value className="java.lang.String">positive</Value>
</Feature>
</Annotation>
<Annotation Id="44" Type="gfbf" StartNode="1549" EndNode="1553">
<Feature>
  <Name className="java.lang.String">agentId</Name>
  <Value className="java.lang.String">77</Value>
</Feature>
<Feature>
  <Name className="java.lang.String">objectId</Name>
  <Value className="java.lang.String">45</Value>
</Feature>
<Feature>
  <Name className="java.lang.String">polarity</Name>
  <Value className="java.lang.String">badfor</Value>
</Feature>
</Annotation>
<Annotation Id="45" Type="gfbf-object" StartNode="1554" EndNode="1561">
<Feature>
  <Name className="java.lang.String">writerAtt</Name>
  <Value className="java.lang.String">negative</Value>
</Feature>
</Annotation>
<Annotation Id="51" Type="gfbf-object" StartNode="2675" EndNode="2704">
<Feature>
  <Name className="java.lang.String">writerAtt</Name>
  <Value className="java.lang.String">negative</Value>
</Feature>
</Annotation>
<Annotation Id="50" Type="gfbf" StartNode="2669" EndNode="2674">
<Feature>
  <Name className="java.lang.String">agentId</Name>
  <Value className="java.lang.String">79</Value>
</Feature>
<Feature>
  <Name className="java.lang.String">objectId</Name>
  <Value className="java.lang.String">51</Value>
</Feature>
<Feature>
  <Name className="java.lang.String">polarity</Name>
  <Value className="java.lang.String">badfor</Value>
</Feature>
</Annotation>
<Annotation Id="49" Type="gfbf-object" StartNode="2659" EndNode="2665">
<Feature>
  <Name className="java.lang.String">writerAtt</Name>
  <Value className="java.lang.String">negative</Value>
</Feature>
</Annotation>
<Annotation Id="48" Type="gfbf" StartNode="2654" EndNode="2658">
<Feature>
  <Name className="java.lang.String">agentId</Name>
  <Value className="java.lang.String">79</Value>
</Feature>
<Feature>
  <Name className="java.lang.String">objectId</Name>
  <Value className="java.lang.String">49</Value>
</Feature>
<Feature>
  <Name className="java.lang.String">polarity</Name>
  <Value className="java.lang.String">badfor</Value>
</Feature>
</Annotation>
<Annotation Id="54" Type="gfbf-object" StartNode="2753" EndNode="2770">
<Feature>
  <Name className="java.lang.String">writerAtt</Name>
  <Value className="java.lang.String">negative</Value>
</Feature>
</Annotation>
<Annotation Id="53" Type="gfbf" StartNode="2744" EndNode="2752">
<Feature>
  <Name className="java.lang.String">agentId</Name>
  <Value className="java.lang.String">79</Value>
</Feature>
<Feature>
  <Name className="java.lang.String">objectId</Name>
  <Value className="java.lang.String">54</Value>
</Feature>
<Feature>
  <Name className="java.lang.String">polarity</Name>
  <Value className="java.lang.String">badfor</Value>
</Feature>
</Annotation>
<Annotation Id="52" Type="gfbf" StartNode="2708" EndNode="2717">
<Feature>
  <Name className="java.lang.String">agentId</Name>
  <Value className="java.lang.String">79</Value>
</Feature>
<Feature>
  <Name className="java.lang.String">objectId</Name>
  <Value className="java.lang.String">80</Value>
</Feature>
<Feature>
  <Name className="java.lang.String">polarity</Name>
  <Value className="java.lang.String">goodfor</Value>
</Feature>
</Annotation>
<Annotation Id="59" Type="gfbf-object" StartNode="3660" EndNode="3697">
<Feature>
  <Name className="java.lang.String">writerAtt</Name>
  <Value className="java.lang.String">positive</Value>
</Feature>
</Annotation>
<Annotation Id="57" Type="gfbf" StartNode="3652" EndNode="3659">
<Feature>
  <Name className="java.lang.String">agentId</Name>
  <Value className="java.lang.String">81</Value>
</Feature>
<Feature>
  <Name className="java.lang.String">objectId</Name>
  <Value className="java.lang.String">59</Value>
</Feature>
<Feature>
  <Name className="java.lang.String">polarity</Name>
  <Value className="java.lang.String">goodfor</Value>
</Feature>
</Annotation>
<Annotation Id="56" Type="others" StartNode="3480" EndNode="3494">
<Feature>
  <Name className="java.lang.String">comment</Name>
  <Value className="java.lang.String">make N ADJ</Value>
</Feature>
</Annotation>
<Annotation Id="63" Type="gfbf-object" StartNode="3785" EndNode="3825">
<Feature>
  <Name className="java.lang.String">writerAtt</Name>
  <Value className="java.lang.String">positive</Value>
</Feature>
</Annotation>
<Annotation Id="62" Type="gfbf" StartNode="3775" EndNode="3784">
<Feature>
  <Name className="java.lang.String">agentId</Name>
  <Value className="java.lang.String">81</Value>
</Feature>
<Feature>
  <Name className="java.lang.String">objectId</Name>
  <Value className="java.lang.String">63</Value>
</Feature>
<Feature>
  <Name className="java.lang.String">polarity</Name>
  <Value className="java.lang.String">goodfor</Value>
</Feature>
</Annotation>
<Annotation Id="61" Type="gfbf-object" StartNode="3720" EndNode="3758">
<Feature>
  <Name className="java.lang.String">writerAtt</Name>
  <Value className="java.lang.String">positive</Value>
</Feature>
</Annotation>
<Annotation Id="68" Type="others" StartNode="1565" EndNode="1576">
</Annotation>
<Annotation Id="69" Type="gfbf-agent" StartNode="398" EndNode="437">
<Feature>
  <Name className="java.lang.String">writerAtt</Name>
  <Value className="java.lang.String">positive</Value>
</Feature>
</Annotation>
<Annotation Id="70" Type="influencer" StartNode="441" EndNode="445">
<Feature>
  <Name className="java.lang.String">effect</Name>
  <Value className="java.lang.String">retain</Value>
</Feature>
<Feature>
  <Name className="java.lang.String">agentId</Name>
  <Value className="java.lang.String">69</Value>
</Feature>
<Feature>
  <Name className="java.lang.String">objectId</Name>
  <Value className="java.lang.String">27</Value>
</Feature>
</Annotation>
<Annotation Id="71" Type="gfbf-agent" StartNode="525" EndNode="549">
<Feature>
  <Name className="java.lang.String">writerAtt</Name>
  <Value className="java.lang.String">positive</Value>
</Feature>
</Annotation>
<Annotation Id="66" Type="gfbf" StartNode="4341" EndNode="4346">
<Feature>
  <Name className="java.lang.String">agentId</Name>
  <Value className="java.lang.String">83</Value>
</Feature>
<Feature>
  <Name className="java.lang.String">objectId</Name>
  <Value className="java.lang.String">67</Value>
</Feature>
<Feature>
  <Name className="java.lang.String">polarity</Name>
  <Value className="java.lang.String">badfor</Value>
</Feature>
</Annotation>
<Annotation Id="67" Type="gfbf-object" StartNode="4347" EndNode="4364">
<Feature>
  <Name className="java.lang.String">writerAtt</Name>
  <Value className="java.lang.String">negative</Value>
</Feature>
</Annotation>
<Annotation Id="76" Type="gfbf-agent" StartNode="1402" EndNode="1423">
<Feature>
  <Name className="java.lang.String">writerAtt</Name>
  <Value className="java.lang.String">negative</Value>
</Feature>
</Annotation>
<Annotation Id="77" Type="gfbf-agent" StartNode="1480" EndNode="1535">
<Feature>
  <Name className="java.lang.String">writerAtt</Name>
  <Value className="java.lang.String">positive</Value>
</Feature>
</Annotation>
<Annotation Id="78" Type="influencer" StartNode="1539" EndNode="1543">
<Feature>
  <Name className="java.lang.String">effect</Name>
  <Value className="java.lang.String">retain</Value>
</Feature>
<Feature>
  <Name className="java.lang.String">agentId</Name>
  <Value className="java.lang.String">77</Value>
</Feature>
<Feature>
  <Name className="java.lang.String">objectId</Name>
  <Value className="java.lang.String">44</Value>
</Feature>
</Annotation>
<Annotation Id="79" Type="gfbf-agent" StartNode="2626" EndNode="2650">
<Feature>
  <Name className="java.lang.String">writerAtt</Name>
  <Value className="java.lang.String">positive</Value>
</Feature>
</Annotation>
<Annotation Id="72" Type="gfbf-agent" StartNode="812" EndNode="830">
<Feature>
  <Name className="java.lang.String">writerAtt</Name>
  <Value className="java.lang.String">positive</Value>
</Feature>
</Annotation>
<Annotation Id="73" Type="gfbf-object" StartNode="860" EndNode="927">
<Feature>
  <Name className="java.lang.String">writerAtt</Name>
  <Value className="java.lang.String">positive</Value>
</Feature>
</Annotation>
<Annotation Id="74" Type="gfbf-object" StartNode="580" EndNode="648">
<Feature>
  <Name className="java.lang.String">writerAtt</Name>
  <Value className="java.lang.String">positive</Value>
</Feature>
</Annotation>
<Annotation Id="75" Type="gfbf-agent" StartNode="1207" EndNode="1250">
<Feature>
  <Name className="java.lang.String">writerAtt</Name>
  <Value className="java.lang.String">positive</Value>
</Feature>
</Annotation>
<Annotation Id="85" Type="referent" StartNode="371" EndNode="389">
<Feature>
  <Name className="java.lang.String">writerAtt</Name>
  <Value className="java.lang.String">positive</Value>
</Feature>
</Annotation>
<Annotation Id="86" Type="referent" StartNode="1380" EndNode="1389">
<Feature>
  <Name className="java.lang.String">writerAtt</Name>
  <Value className="java.lang.String">positive</Value>
</Feature>
</Annotation>
<Annotation Id="81" Type="gfbf-agent" StartNode="3628" EndNode="3651">
<Feature>
  <Name className="java.lang.String">writerAtt</Name>
  <Value className="java.lang.String">positive</Value>
</Feature>
</Annotation>
<Annotation Id="80" Type="gfbf-object" StartNode="2718" EndNode="2739">
<Feature>
  <Name className="java.lang.String">writerAtt</Name>
  <Value className="java.lang.String">positive</Value>
</Feature>
</Annotation>
<Annotation Id="83" Type="gfbf-agent" StartNode="4279" EndNode="4330">
<Feature>
  <Name className="java.lang.String">writerAtt</Name>
  <Value className="java.lang.String">positive</Value>
</Feature>
</Annotation>
<Annotation Id="82" Type="gfbf" StartNode="3707" EndNode="3719">
<Feature>
  <Name className="java.lang.String">agentId</Name>
  <Value className="java.lang.String">81</Value>
</Feature>
<Feature>
  <Name className="java.lang.String">polarity</Name>
  <Value className="java.lang.String">goodfor</Value>
</Feature>
<Feature>
  <Name className="java.lang.String">objectId</Name>
  <Value className="java.lang.String">61</Value>
</Feature>
</Annotation>
</AnnotationSet>

<!-- Named annotation set -->

<AnnotationSet Name="Original markups">
<Annotation Id="0" Type="paragraph" StartNode="0" EndNode="4674">
</Annotation>
</AnnotationSet>

</GateDocument>
