<?xml version='1.0' encoding='US-ASCII'?>
<GateDocument version="2">
<!-- The document's features-->

<GateDocumentFeatures>
<Feature>
  <Name className="java.lang.String">MimeType</Name>
  <Value className="java.lang.String">text/plain</Value>
</Feature>
<Feature>
  <Name className="java.lang.String">gate.SourceURL</Name>
  <Value className="java.lang.String">file:/E:/Users/conrada/Documents/My%20Dropbox/healthcare_data/training_2/hc047.txt</Value>
</Feature>
<Feature>
  <Name className="java.lang.String">docNewLineType</Name>
  <Value className="java.lang.String">CRLF</Value>
</Feature>
</GateDocumentFeatures>
<!-- The document content area with serialized nodes -->

<TextWithNodes><Node id="0"/>Who Does The Healthcare Reform Bill Really Help&#xd;
<Node id="49"/>&#xd;
<Node id="51"/>Since the beginning of the healthcare debate, many things have been said about how healthcare reform will help all of us. Lower premiums, a ban on pre-existing conditions and affordable care for those who don&#x2019;t have insurance are just a few.<Node id="292"/> <Node id="293"/>Many of the provisions don&#x2019;t kick in until 2014, but the extra taxes have already started<Node id="382"/>.<Node id="383"/> <Node id="384"/>Our elected officials have decided in their infinite wisdom that 10 years of income collection vs. 6 years of benefits somehow makes this bill budget neutral, but they didn&#x2019;t even get that right<Node id="578"/>.<Node id="579"/> <Node id="580"/>We all know that the new healthcare law will cost far more than they have told us<Node id="661"/>, but who is really <Node id="681"/>benefiting from<Node id="696"/> our additional expense?<Node id="720"/>&#xd;
<Node id="722"/>&#xd;
<Node id="724"/>People with pre-existing conditions can no longer be denied for health insurance, but they will be placed in high risk pools with subsidized and high premiums<Node id="882"/>.<Node id="883"/> <Node id="884"/>This is a good thing for those that couldn&#x2019;t <Node id="929"/>get<Node id="932"/> health insurance previously because of a health condition, but everyone else will have to make up the difference in cost<Node id="1053"/>. <Node id="1055"/>Regardless of how you feel about income redistribution, this provision is good for about 15% of the population at the expense of the other 85%<Node id="1197"/>.<Node id="1198"/> <Node id="1199"/>They say the costs will be partially offset by government subsidies, but the government&#x2019;s money comes from the same people in taxes; so one way or another everyone will be paying more<Node id="1382"/>. <Node id="1384"/>Still, most people agree that something needed to be done to help these people and this seemed like the only real choice<Node id="1504"/>.&#xd;
<Node id="1507"/>&#xd;
<Node id="1509"/>Children up to the age of 26 can now remain on their parents health insurance as long as they are in college or still living at home<Node id="1641"/>. <Node id="1643"/>By the age of 26, Alexander the Great had already conquered all of Persia and assumed control of one of the largest empires in history<Node id="1777"/>. <Node id="1779"/>I don&#x2019;t believe a person in their twenties can be considered a child, and there are many other options for young adults in college<Node id="1909"/>. <Node id="1911"/>Parents still have to pay more to have their children on their policies, so this is more about additional income for the insurance companies from a portion of the population that hardly ever needs to use it<Node id="2117"/>. <Node id="2119"/>This will help <Node id="2134"/>keep everyone else&#x2019;s premiums down<Node id="2168"/>, but again, we are back to the income redistribution issue that most people don&#x2019;t want<Node id="2255"/>.&#xd;
<Node id="2258"/>&#xd;
<Node id="2260"/>About 16% of the American population falls below the poverty line and these people don&#x2019;t typically have health insurance. <Node id="2382"/>There is a mandate that starts in 2014 that will force people to purchase health insurance if they don&#x2019;t have it, and Americans below the poverty line will be exempt<Node id="2547"/>. <Node id="2549"/>Congress believes that <Node id="2572"/>the additional customers<Node id="2596"/> will <Node id="2602"/>bring <Node id="2608"/>premiums<Node id="2616"/> down<Node id="2621"/> to a level that will <Node id="2643"/>make it affordable<Node id="2661"/> for those below the poverty line, but most believe that <Node id="2718"/>this mandate<Node id="2730"/> is unconstitutional and will be <Node id="2763"/>thrown out<Node id="2773"/>; so where does that leave us?<Node id="2803"/> <Node id="2804"/>A healthcare exchange will be formed in 2014 that will put people into pools and make it cheaper to purchase a policy; but again for most people below the poverty line, premiums will still be too expensive to get<Node id="3016"/>. <Node id="3018"/>The idea is to make it possible for 16% to get insurance and mandatory for the other 84%, but what does that say about the America we live in today?&#xd;<Node id="3167"/>
<Node id="3168"/>&#xd;
<Node id="3170"/>The <Node id="3174"/>new healthcare law<Node id="3192"/> does <Node id="3198"/>help<Node id="3202"/> <Node id="3203"/>some people<Node id="3214"/> without a doubt, but <Node id="3236"/>it<Node id="3238"/> <Node id="3239"/>hurts<Node id="3244"/> <Node id="3245"/>almost everyone<Node id="3260"/> <Node id="3261"/>except<Node id="3267"/> <Node id="3268"/>the politicians<Node id="3283"/>. <Node id="3285"/>This is yet another great example of <Node id="3322"/>the government <Node id="3337"/>trying to &#x201c;<Node id="3348"/>help<Node id="3352"/>&#x201d; <Node id="3354"/>us<Node id="3356"/> by telling us how to live our lives<Node id="3392"/>. <Node id="3394"/>In 2014, <Node id="3403"/>the rest of our &#x201c;help&#x201d;<Node id="3425"/> will kick in and really <Node id="3450"/>corrode<Node id="3457"/> <Node id="3458"/>the level of our healthcare system<Node id="3492"/>. <Node id="3494"/>It won&#x2019;t be budget neutral for the first 10 years, and it will skyrocket in cost the 10 years after that<Node id="3598"/>. <Node id="3600"/>All this when <Node id="3614"/>companies like Ameriplan and others<Node id="3649"/> already had good alternatives to <Node id="3683"/>solve<Node id="3688"/> <Node id="3689"/>the problem<Node id="3700"/>. <Node id="3702"/>All or part of the healthcare law<Node id="3735"/> may be <Node id="3743"/>repealed<Node id="3751"/> at some point, but <Node id="3771"/>we<Node id="3773"/> still need to <Node id="3788"/>address<Node id="3795"/> <Node id="3796"/>the needs of those that fall through the cracks<Node id="3843"/>.&#xd;
<Node id="3846"/>&#xd;
<Node id="3848"/>Tags: Health Insurance, healthcare, healthcare debate, healthcare law, Healthcare Reform Bill, insurance companies.&#xd;
<Node id="3965"/></TextWithNodes>
<!-- The default annotation set -->

<AnnotationSet>
<Annotation Id="8" Type="doc" StartNode="0" EndNode="3965">
<Feature>
  <Name className="java.lang.String">id</Name>
  <Value className="java.lang.String">hc047</Value>
</Feature>
<Feature>
  <Name className="java.lang.String">source</Name>
  <Value className="java.lang.String">us,healthcare,constitution</Value>
</Feature>
<Feature>
  <Name className="java.lang.String">side</Name>
  <Value className="java.lang.String">anti</Value>
</Feature>
<Feature>
  <Name className="java.lang.String">url</Name>
  <Value className="java.lang.String">http://www.ushealthcareconstitution.org/who-does-the-healthcare-reform-bill-really-help.html</Value>
</Feature>
</Annotation>
<Annotation Id="25" Type="arg" StartNode="2549" EndNode="2803">
<Feature>
  <Name className="java.lang.String">type</Name>
  <Value className="java.lang.String">label</Value>
</Feature>
<Feature>
  <Name className="java.lang.String">ss-label</Name>
  <Value className="java.lang.String">restricts_freedom</Value>
</Feature>
<Feature>
  <Name className="java.lang.String">polarity</Name>
  <Value className="java.lang.String">negative</Value>
</Feature>
</Annotation>
<Annotation Id="24" Type="arg" StartNode="1199" EndNode="1382">
<Feature>
  <Name className="java.lang.String">ss-label</Name>
  <Value className="java.lang.String">individuals_will_pay_more</Value>
</Feature>
<Feature>
  <Name className="java.lang.String">type</Name>
  <Value className="java.lang.String">label</Value>
</Feature>
<Feature>
  <Name className="java.lang.String">polarity</Name>
  <Value className="java.lang.String">negative</Value>
</Feature>
<Feature>
  <Name className="java.lang.String">incomplete</Name>
  <Value className="java.lang.String"></Value>
</Feature>
</Annotation>
<Annotation Id="27" Type="arg" StartNode="3285" EndNode="3392">
<Feature>
  <Name className="java.lang.String">id</Name>
  <Value className="java.lang.String"></Value>
</Feature>
<Feature>
  <Name className="java.lang.String">ss-label</Name>
  <Value className="java.lang.String">govt_reaching_beyond_authority</Value>
</Feature>
<Feature>
  <Name className="java.lang.String">type</Name>
  <Value className="java.lang.String">label</Value>
</Feature>
<Feature>
  <Name className="java.lang.String">polarity</Name>
  <Value className="java.lang.String">negative</Value>
</Feature>
</Annotation>
<Annotation Id="34" Type="arg" StartNode="3600" EndNode="3700">
<Feature>
  <Name className="java.lang.String">type</Name>
  <Value className="java.lang.String">label</Value>
</Feature>
<Feature>
  <Name className="java.lang.String">ss-label</Name>
  <Value className="java.lang.String">other_reforms_more_effective</Value>
</Feature>
<Feature>
  <Name className="java.lang.String">polarity</Name>
  <Value className="java.lang.String">positive</Value>
</Feature>
</Annotation>
<Annotation Id="35" Type="arg" StartNode="1779" EndNode="1909">
<Feature>
  <Name className="java.lang.String">type</Name>
  <Value className="java.lang.String">label</Value>
</Feature>
<Feature>
  <Name className="java.lang.String">ss-label</Name>
  <Value className="java.lang.String">adult_child_insurance_not_problem</Value>
</Feature>
<Feature>
  <Name className="java.lang.String">polarity</Name>
  <Value className="java.lang.String">negative</Value>
</Feature>
</Annotation>
<Annotation Id="33" Type="arg" StartNode="3494" EndNode="3598">
<Feature>
  <Name className="java.lang.String">ss-label</Name>
  <Value className="java.lang.String">too_expensive_for_govt</Value>
</Feature>
<Feature>
  <Name className="java.lang.String">type</Name>
  <Value className="java.lang.String">label</Value>
</Feature>
<Feature>
  <Name className="java.lang.String">polarity</Name>
  <Value className="java.lang.String">negative</Value>
</Feature>
<Feature>
  <Name className="java.lang.String">incomplete</Name>
  <Value className="java.lang.String">true</Value>
</Feature>
</Annotation>
<Annotation Id="38" Type="arg" StartNode="580" EndNode="720">
<Feature>
  <Name className="java.lang.String">type</Name>
  <Value className="java.lang.String">label</Value>
</Feature>
<Feature>
  <Name className="java.lang.String">ss-label</Name>
  <Value className="java.lang.String">will_cost_more_than_anticipated</Value>
</Feature>
<Feature>
  <Name className="java.lang.String">polarity</Name>
  <Value className="java.lang.String">negative</Value>
</Feature>
</Annotation>
<Annotation Id="39" Type="arg" StartNode="884" EndNode="1053">
<Feature>
  <Name className="java.lang.String"></Name>
  <Value className="java.lang.String">label</Value>
</Feature>
<Feature>
  <Name className="java.lang.String">ss-label</Name>
  <Value className="java.lang.String">individuals_will_pay_more</Value>
</Feature>
<Feature>
  <Name className="java.lang.String">polarity</Name>
  <Value className="java.lang.String">negative</Value>
</Feature>
<Feature>
  <Name className="java.lang.String">incomplete</Name>
  <Value className="java.lang.String">true</Value>
</Feature>
</Annotation>
<Annotation Id="36" Type="rel" StartNode="292" EndNode="382">
<Feature>
  <Name className="java.lang.String">ss-label</Name>
  <Value className="java.lang.String">more_taxes</Value>
</Feature>
<Feature>
  <Name className="java.lang.String">unclear</Name>
  <Value className="java.lang.String"></Value>
</Feature>
<Feature>
  <Name className="java.lang.String">type</Name>
  <Value className="java.lang.String">label</Value>
</Feature>
<Feature>
  <Name className="java.lang.String">polarity</Name>
  <Value className="java.lang.String">neutral</Value>
</Feature>
</Annotation>
<Annotation Id="37" Type="rel" StartNode="384" EndNode="578">
<Feature>
  <Name className="java.lang.String">unclear</Name>
  <Value className="java.lang.String">true</Value>
</Feature>
<Feature>
  <Name className="java.lang.String">ss-label</Name>
  <Value className="java.lang.String">will_cost_more_than_anticipated</Value>
</Feature>
<Feature>
  <Name className="java.lang.String">type</Name>
  <Value className="java.lang.String">label</Value>
</Feature>
<Feature>
  <Name className="java.lang.String">polarity</Name>
  <Value className="java.lang.String">negative</Value>
</Feature>
</Annotation>
<Annotation Id="43" Type="rel" StartNode="1643" EndNode="1777">
<Feature>
  <Name className="java.lang.String">type</Name>
  <Value className="java.lang.String">label</Value>
</Feature>
<Feature>
  <Name className="java.lang.String">ss-label</Name>
  <Value className="java.lang.String">adult_child_insurance_not_problem</Value>
</Feature>
<Feature>
  <Name className="java.lang.String">unclear</Name>
  <Value className="java.lang.String">true</Value>
</Feature>
</Annotation>
<Annotation Id="40" Type="rel" StartNode="1055" EndNode="1197">
<Feature>
  <Name className="java.lang.String">type</Name>
  <Value className="java.lang.String">label</Value>
</Feature>
<Feature>
  <Name className="java.lang.String">unclear</Name>
  <Value className="java.lang.String">true</Value>
</Feature>
<Feature>
  <Name className="java.lang.String">ss-label</Name>
  <Value className="java.lang.String">unfair</Value>
</Feature>
</Annotation>
<Annotation Id="46" Type="rel" StartNode="2382" EndNode="2547">
<Feature>
  <Name className="java.lang.String">ss-label</Name>
  <Value className="java.lang.String">restricts_freedom</Value>
</Feature>
<Feature>
  <Name className="java.lang.String">unclear</Name>
  <Value className="java.lang.String">true</Value>
</Feature>
<Feature>
  <Name className="java.lang.String">type</Name>
  <Value className="java.lang.String">label</Value>
</Feature>
<Feature>
  <Name className="java.lang.String">incomplete</Name>
  <Value className="java.lang.String">true</Value>
</Feature>
</Annotation>
<Annotation Id="47" Type="arg" StartNode="3170" EndNode="3283">
<Feature>
  <Name className="java.lang.String">ss-label</Name>
  <Value className="java.lang.String">bill_is_politically_motivated</Value>
</Feature>
<Feature>
  <Name className="java.lang.String">type</Name>
  <Value className="java.lang.String">label</Value>
</Feature>
<Feature>
  <Name className="java.lang.String">polarity</Name>
  <Value className="java.lang.String">negative</Value>
</Feature>
<Feature>
  <Name className="java.lang.String">incomplete</Name>
  <Value className="java.lang.String">true</Value>
</Feature>
</Annotation>
<Annotation Id="44" Type="rel" StartNode="1911" EndNode="2117">
<Feature>
  <Name className="java.lang.String">type</Name>
  <Value className="java.lang.String">label</Value>
</Feature>
<Feature>
  <Name className="java.lang.String">ss-label</Name>
  <Value className="java.lang.String">adult_child_insurance_not_problem</Value>
</Feature>
</Annotation>
<Annotation Id="45" Type="arg" StartNode="2119" EndNode="2255">
<Feature>
  <Name className="java.lang.String">unclear</Name>
  <Value className="java.lang.String">true</Value>
</Feature>
<Feature>
  <Name className="java.lang.String">ss-label</Name>
  <Value className="java.lang.String">unfair</Value>
</Feature>
<Feature>
  <Name className="java.lang.String">type</Name>
  <Value className="java.lang.String">label</Value>
</Feature>
<Feature>
  <Name className="java.lang.String">polarity</Name>
  <Value className="java.lang.String">negative</Value>
</Feature>
<Feature>
  <Name className="java.lang.String">incomplete</Name>
  <Value className="java.lang.String">true</Value>
</Feature>
</Annotation>
<Annotation Id="51" Type="arg" StartNode="3702" EndNode="3843">
<Feature>
  <Name className="java.lang.String">type</Name>
  <Value className="java.lang.String">label</Value>
</Feature>
<Feature>
  <Name className="java.lang.String">ss-label</Name>
  <Value className="java.lang.String">other_reforms_more_effective</Value>
</Feature>
<Feature>
  <Name className="java.lang.String">polarity</Name>
  <Value className="java.lang.String">positive</Value>
</Feature>
</Annotation>
<Annotation Id="50" Type="rel" StartNode="1509" EndNode="1641">
<Feature>
  <Name className="java.lang.String">type</Name>
  <Value className="java.lang.String">label</Value>
</Feature>
<Feature>
  <Name className="java.lang.String">ss-label</Name>
  <Value className="java.lang.String">adult_child_insurance_not_problem</Value>
</Feature>
</Annotation>
<Annotation Id="49" Type="rel" StartNode="724" EndNode="882">
<Feature>
  <Name className="java.lang.String">type</Name>
  <Value className="java.lang.String">label</Value>
</Feature>
<Feature>
  <Name className="java.lang.String">ss-label</Name>
  <Value className="java.lang.String">individuals_will_pay_more</Value>
</Feature>
</Annotation>
<Annotation Id="48" Type="arg" StartNode="3394" EndNode="3492">
<Feature>
  <Name className="java.lang.String">type</Name>
  <Value className="java.lang.String">label</Value>
</Feature>
<Feature>
  <Name className="java.lang.String">ss-label</Name>
  <Value className="java.lang.String">bill_will_hurt_healthcare_system</Value>
</Feature>
<Feature>
  <Name className="java.lang.String">polarity</Name>
  <Value className="java.lang.String">negative</Value>
</Feature>
</Annotation>
<Annotation Id="55" Type="others" StartNode="681" EndNode="696">
<Feature>
  <Name className="java.lang.String">comment</Name>
  <Value className="java.lang.String">GoodFor Agent</Value>
</Feature>
</Annotation>
<Annotation Id="54" Type="rel" StartNode="1384" EndNode="1504">
<Feature>
  <Name className="java.lang.String">type</Name>
  <Value className="java.lang.String">label</Value>
</Feature>
<Feature>
  <Name className="java.lang.String">unclear</Name>
  <Value className="java.lang.String">true</Value>
</Feature>
<Feature>
  <Name className="java.lang.String">ss-label</Name>
  <Value className="java.lang.String">other_reforms_more_effective</Value>
</Feature>
</Annotation>
<Annotation Id="53" Type="rel" StartNode="2804" EndNode="3016">
<Feature>
  <Name className="java.lang.String">type</Name>
  <Value className="java.lang.String">label</Value>
</Feature>
<Feature>
  <Name className="java.lang.String">ss-label</Name>
  <Value className="java.lang.String">restricts_freedom</Value>
</Feature>
<Feature>
  <Name className="java.lang.String">unclear</Name>
  <Value className="java.lang.String">true</Value>
</Feature>
</Annotation>
<Annotation Id="52" Type="rel" StartNode="3018" EndNode="3167">
<Feature>
  <Name className="java.lang.String">type</Name>
  <Value className="java.lang.String">label</Value>
</Feature>
<Feature>
  <Name className="java.lang.String">ss-label</Name>
  <Value className="java.lang.String">restricts_freedom</Value>
</Feature>
</Annotation>
<Annotation Id="59" Type="gfbf-object" StartNode="2608" EndNode="2616">
<Feature>
  <Name className="java.lang.String">writerAtt</Name>
  <Value className="java.lang.String">negative</Value>
</Feature>
</Annotation>
<Annotation Id="58" Type="gfbf" StartNode="2602" EndNode="2621">
<Feature>
  <Name className="java.lang.String">agentId</Name>
  <Value className="java.lang.String">81</Value>
</Feature>
<Feature>
  <Name className="java.lang.String">comment</Name>
  <Value className="java.lang.String">bring down</Value>
</Feature>
<Feature>
  <Name className="java.lang.String">objectId</Name>
  <Value className="java.lang.String">59</Value>
</Feature>
<Feature>
  <Name className="java.lang.String">polarity</Name>
  <Value className="java.lang.String">badfor</Value>
</Feature>
</Annotation>
<Annotation Id="57" Type="others" StartNode="2134" EndNode="2168">
<Feature>
  <Name className="java.lang.String">comment</Name>
  <Value className="java.lang.String">keep N ADJ</Value>
</Feature>
</Annotation>
<Annotation Id="56" Type="others" StartNode="929" EndNode="932">
</Annotation>
<Annotation Id="63" Type="gfbf" StartNode="3198" EndNode="3202">
<Feature>
  <Name className="java.lang.String">agentId</Name>
  <Value className="java.lang.String">82</Value>
</Feature>
<Feature>
  <Name className="java.lang.String">objectId</Name>
  <Value className="java.lang.String">84</Value>
</Feature>
<Feature>
  <Name className="java.lang.String">polarity</Name>
  <Value className="java.lang.String">goodfor</Value>
</Feature>
</Annotation>
<Annotation Id="62" Type="gfbf-object" StartNode="2718" EndNode="2730">
<Feature>
  <Name className="java.lang.String">writerAtt</Name>
  <Value className="java.lang.String">negative</Value>
</Feature>
</Annotation>
<Annotation Id="61" Type="gfbf" StartNode="2763" EndNode="2773">
<Feature>
  <Name className="java.lang.String">agentId</Name>
  <Value className="java.lang.String">implicit</Value>
</Feature>
<Feature>
  <Name className="java.lang.String">objectId</Name>
  <Value className="java.lang.String">62</Value>
</Feature>
<Feature>
  <Name className="java.lang.String">polarity</Name>
  <Value className="java.lang.String">badfor</Value>
</Feature>
</Annotation>
<Annotation Id="60" Type="others" StartNode="2643" EndNode="2661">
</Annotation>
<Annotation Id="68" Type="gfbf-object" StartNode="3268" EndNode="3283">
<Feature>
  <Name className="java.lang.String">writerAtt</Name>
  <Value className="java.lang.String">negative</Value>
</Feature>
</Annotation>
<Annotation Id="69" Type="gfbf" StartNode="3348" EndNode="3352">
<Feature>
  <Name className="java.lang.String">agentId</Name>
  <Value className="java.lang.String">85</Value>
</Feature>
<Feature>
  <Name className="java.lang.String">objectId</Name>
  <Value className="java.lang.String">70</Value>
</Feature>
<Feature>
  <Name className="java.lang.String">polarity</Name>
  <Value className="java.lang.String">goodfor</Value>
</Feature>
</Annotation>
<Annotation Id="70" Type="gfbf-object" StartNode="3354" EndNode="3356">
<Feature>
  <Name className="java.lang.String">writerAtt</Name>
  <Value className="java.lang.String">positive</Value>
</Feature>
</Annotation>
<Annotation Id="65" Type="gfbf" StartNode="3239" EndNode="3244">
<Feature>
  <Name className="java.lang.String">agentId</Name>
  <Value className="java.lang.String">82</Value>
</Feature>
<Feature>
  <Name className="java.lang.String">polarity</Name>
  <Value className="java.lang.String">badfor</Value>
</Feature>
<Feature>
  <Name className="java.lang.String">objectId</Name>
  <Value className="java.lang.String">66</Value>
</Feature>
</Annotation>
<Annotation Id="66" Type="gfbf-object" StartNode="3245" EndNode="3260">
<Feature>
  <Name className="java.lang.String">writerAtt</Name>
  <Value className="java.lang.String">positive</Value>
</Feature>
</Annotation>
<Annotation Id="67" Type="influencer" StartNode="3261" EndNode="3267">
<Feature>
  <Name className="java.lang.String">effect</Name>
  <Value className="java.lang.String">reverse</Value>
</Feature>
<Feature>
  <Name className="java.lang.String">agentId</Name>
  <Value className="java.lang.String">90</Value>
</Feature>
<Feature>
  <Name className="java.lang.String">objectId</Name>
  <Value className="java.lang.String">80</Value>
</Feature>
</Annotation>
<Annotation Id="76" Type="gfbf" StartNode="3743" EndNode="3751">
<Feature>
  <Name className="java.lang.String">agentId</Name>
  <Value className="java.lang.String">implicit</Value>
</Feature>
<Feature>
  <Name className="java.lang.String">objectId</Name>
  <Value className="java.lang.String">77</Value>
</Feature>
<Feature>
  <Name className="java.lang.String">polarity</Name>
  <Value className="java.lang.String">badfor</Value>
</Feature>
</Annotation>
<Annotation Id="77" Type="gfbf-object" StartNode="3702" EndNode="3735">
<Feature>
  <Name className="java.lang.String">writerAtt</Name>
  <Value className="java.lang.String">negative</Value>
</Feature>
</Annotation>
<Annotation Id="78" Type="gfbf" StartNode="3788" EndNode="3795">
<Feature>
  <Name className="java.lang.String">unclear</Name>
  <Value className="java.lang.String">true</Value>
</Feature>
<Feature>
  <Name className="java.lang.String">agentId</Name>
  <Value className="java.lang.String">88</Value>
</Feature>
<Feature>
  <Name className="java.lang.String">objectId</Name>
  <Value className="java.lang.String">79</Value>
</Feature>
<Feature>
  <Name className="java.lang.String">polarity</Name>
  <Value className="java.lang.String">goodfor</Value>
</Feature>
</Annotation>
<Annotation Id="79" Type="gfbf-object" StartNode="3796" EndNode="3843">
<Feature>
  <Name className="java.lang.String">writerAtt</Name>
  <Value className="java.lang.String">positive</Value>
</Feature>
</Annotation>
<Annotation Id="72" Type="gfbf" StartNode="3450" EndNode="3457">
<Feature>
  <Name className="java.lang.String">agentId</Name>
  <Value className="java.lang.String">86</Value>
</Feature>
<Feature>
  <Name className="java.lang.String">objectId</Name>
  <Value className="java.lang.String">73</Value>
</Feature>
<Feature>
  <Name className="java.lang.String">polarity</Name>
  <Value className="java.lang.String">badfor</Value>
</Feature>
</Annotation>
<Annotation Id="73" Type="gfbf-object" StartNode="3458" EndNode="3492">
<Feature>
  <Name className="java.lang.String">writerAtt</Name>
  <Value className="java.lang.String">positive</Value>
</Feature>
</Annotation>
<Annotation Id="74" Type="gfbf" StartNode="3683" EndNode="3688">
<Feature>
  <Name className="java.lang.String">agentId</Name>
  <Value className="java.lang.String">87</Value>
</Feature>
<Feature>
  <Name className="java.lang.String">objectId</Name>
  <Value className="java.lang.String">75</Value>
</Feature>
<Feature>
  <Name className="java.lang.String">polarity</Name>
  <Value className="java.lang.String">badfor</Value>
</Feature>
</Annotation>
<Annotation Id="75" Type="gfbf-object" StartNode="3689" EndNode="3700">
<Feature>
  <Name className="java.lang.String">writerAtt</Name>
  <Value className="java.lang.String">negative</Value>
</Feature>
</Annotation>
<Annotation Id="85" Type="gfbf-agent" StartNode="3322" EndNode="3337">
<Feature>
  <Name className="java.lang.String">writerAtt</Name>
  <Value className="java.lang.String">negative</Value>
</Feature>
</Annotation>
<Annotation Id="84" Type="gfbf-object" StartNode="3203" EndNode="3214">
<Feature>
  <Name className="java.lang.String">unclear</Name>
  <Value className="java.lang.String">true</Value>
</Feature>
<Feature>
  <Name className="java.lang.String">writerAtt</Name>
  <Value className="java.lang.String">positive</Value>
</Feature>
</Annotation>
<Annotation Id="87" Type="gfbf-agent" StartNode="3614" EndNode="3649">
<Feature>
  <Name className="java.lang.String">writerAtt</Name>
  <Value className="java.lang.String">positive</Value>
</Feature>
</Annotation>
<Annotation Id="86" Type="gfbf-agent" StartNode="3403" EndNode="3425">
<Feature>
  <Name className="java.lang.String">writerAtt</Name>
  <Value className="java.lang.String">negative</Value>
</Feature>
</Annotation>
<Annotation Id="81" Type="gfbf-agent" StartNode="2572" EndNode="2596">
<Feature>
  <Name className="java.lang.String">writerAtt</Name>
  <Value className="java.lang.String">positive</Value>
</Feature>
</Annotation>
<Annotation Id="80" Type="gfbf" StartNode="3239" EndNode="3244">
<Feature>
  <Name className="java.lang.String">agentId</Name>
  <Value className="java.lang.String">82</Value>
</Feature>
<Feature>
  <Name className="java.lang.String">objectId</Name>
  <Value className="java.lang.String">68</Value>
</Feature>
<Feature>
  <Name className="java.lang.String">polarity</Name>
  <Value className="java.lang.String">badfor</Value>
</Feature>
</Annotation>
<Annotation Id="82" Type="gfbf-agent" StartNode="3174" EndNode="3192">
<Feature>
  <Name className="java.lang.String">writerAtt</Name>
  <Value className="java.lang.String">negative</Value>
</Feature>
</Annotation>
<Annotation Id="88" Type="gfbf-agent" StartNode="3771" EndNode="3773">
<Feature>
  <Name className="java.lang.String">writerAtt</Name>
  <Value className="java.lang.String">positive</Value>
</Feature>
</Annotation>
<Annotation Id="91" Type="referent" StartNode="3174" EndNode="3192">
<Feature>
  <Name className="java.lang.String">writerAtt</Name>
  <Value className="java.lang.String">negative</Value>
</Feature>
</Annotation>
<Annotation Id="90" Type="gfbf-agent" StartNode="3236" EndNode="3238">
<Feature>
  <Name className="java.lang.String">reference</Name>
  <Value className="java.lang.String">true</Value>
</Feature>
<Feature>
  <Name className="java.lang.String">referentId</Name>
  <Value className="java.lang.String">91</Value>
</Feature>
<Feature>
  <Name className="java.lang.String">writerAtt</Name>
  <Value className="java.lang.String">negative</Value>
</Feature>
</Annotation>
</AnnotationSet>

<!-- Named annotation set -->

<AnnotationSet Name="Original markups">
<Annotation Id="17" Type="arg" StartNode="293" EndNode="383">
<Feature>
  <Name className="java.lang.String">type</Name>
  <Value className="java.lang.String">label</Value>
</Feature>
<Feature>
  <Name className="java.lang.String">ss-label</Name>
  <Value className="java.lang.String">individuals_will_pay_higher_taxes</Value>
</Feature>
<Feature>
  <Name className="java.lang.String">polarity</Name>
  <Value className="java.lang.String">negative</Value>
</Feature>
</Annotation>
<Annotation Id="0" Type="paragraph" StartNode="0" EndNode="49">
</Annotation>
<Annotation Id="1" Type="paragraph" StartNode="51" EndNode="722">
</Annotation>
<Annotation Id="19" Type="arg" StartNode="580" EndNode="661">
<Feature>
  <Name className="java.lang.String">type</Name>
  <Value className="java.lang.String">label</Value>
</Feature>
<Feature>
  <Name className="java.lang.String">ss-label</Name>
  <Value className="java.lang.String">will_cost_more_than_anticipated</Value>
</Feature>
<Feature>
  <Name className="java.lang.String">polarity</Name>
  <Value className="java.lang.String">negative</Value>
</Feature>
</Annotation>
<Annotation Id="2" Type="paragraph" StartNode="724" EndNode="1507">
</Annotation>
<Annotation Id="18" Type="arg" StartNode="384" EndNode="579">
<Feature>
  <Name className="java.lang.String">type</Name>
  <Value className="java.lang.String">label</Value>
</Feature>
<Feature>
  <Name className="java.lang.String">ss-label</Name>
  <Value className="java.lang.String">will_cost_more_than_anticipated</Value>
</Feature>
<Feature>
  <Name className="java.lang.String">polarity</Name>
  <Value className="java.lang.String">negative</Value>
</Feature>
</Annotation>
<Annotation Id="3" Type="paragraph" StartNode="1509" EndNode="2258">
</Annotation>
<Annotation Id="21" Type="arg" StartNode="1055" EndNode="1198">
<Feature>
  <Name className="java.lang.String">unclear</Name>
  <Value className="java.lang.String">true</Value>
</Feature>
<Feature>
  <Name className="java.lang.String">ss-label</Name>
  <Value className="java.lang.String">individuals_will_pay_more</Value>
</Feature>
<Feature>
  <Name className="java.lang.String">type</Name>
  <Value className="java.lang.String">label</Value>
</Feature>
<Feature>
  <Name className="java.lang.String">about-rel</Name>
  <Value className="java.lang.String">r1</Value>
</Feature>
<Feature>
  <Name className="java.lang.String">polarity</Name>
  <Value className="java.lang.String">negative</Value>
</Feature>
</Annotation>
<Annotation Id="4" Type="paragraph" StartNode="2260" EndNode="3168">
</Annotation>
<Annotation Id="5" Type="paragraph" StartNode="3170" EndNode="3846">
</Annotation>
<Annotation Id="6" Type="paragraph" StartNode="3848" EndNode="3965">
</Annotation>
<Annotation Id="22" Type="rel" StartNode="724" EndNode="883">
<Feature>
  <Name className="java.lang.String">id</Name>
  <Value className="java.lang.String">r1</Value>
</Feature>
</Annotation>
</AnnotationSet>

</GateDocument>
