<?xml version='1.0' encoding='MacRoman'?>
<GateDocument>
<!-- The document's features-->

<GateDocumentFeatures>
<Feature>
  <Name className="java.lang.String">MimeType</Name>
  <Value className="java.lang.String">text/plain</Value>
</Feature>
<Feature>
  <Name className="java.lang.String">gate.SourceURL</Name>
  <Value className="java.lang.String">file:/home/conrada/Dropbox/healthcare_devel_data_final/hc041.txt</Value>
</Feature>
<Feature>
  <Name className="java.lang.String">docNewLineType</Name>
  <Value className="java.lang.String">CRLF</Value>
</Feature>
</GateDocumentFeatures>
<!-- The document content area with serialized nodes -->

<TextWithNodes><Node id="0" />ObamaCare &amp; kids: Under the bus<Node id="31" />
Saturday, September 25, 2010
<Node id="61" />Here's how ObamaCare is "helping" California, Colorado, Ohio and Missouri families: As of Thursday, they paid more for coverage<Node id="188" />.
 <Node id="191" />That's when <Node id="203" />ObamaCare's provision<Node id="224" /> that <Node id="230" />forbids<Node id="237" /> <Node id="238" />insurers<Node id="246" /> from <Node id="252" />turning away<Node id="264" /> <Node id="265" />children with pre-existing conditions<Node id="302" /> took effect, prompting <Node id="326" />insurers WellPoint and CoventryOne<Node id="360" /> to <Node id="364" />stop<Node id="368" /> <Node id="369" />offering children-only coverage in those states<Node id="416" />.<Node id="417" />

 <Node id="421" />That means parents who've been paying less for separate children's coverage than they would have for family coverage will be paying more<Node id="557" />.

 <Node id="561" />The insurers' actions are understandable because this ObamaCare provision allows families to delay buying health insurance until children get sick -- a situation that at best hikes costs for everyone.<Node id="761" />

 <Node id="765" />It's another unintended consequence that shows just how empty ObamaCare's bottom-line promises really are<Node id="870" />.

 <Node id="874" />Cries of outrage from <Node id="896" />liberal groups such as Health Care for America Now<Node id="946" /> -- which <Node id="956" />calls these insurers' moves "immoral" and "patently dishonest" violations of the ObamaCare law <Node id="1051" />-- are the whining of those who misguidedly <Node id="1095" />see a government takeover of health care as a good thing<Node id="1151" />.
<Node id="1153" />
 Most Americans rightly don't -- and as of T
hursday, <Node id="1208" />California, Colorado, Ohio and Missouri families who have to pay more for coverage<Node id="1290" /> have <Node id="1296" />swollen<Node id="1303" /> <Node id="1304" />their ranks<Node id="1315" />.
<Node id="1317" /></TextWithNodes>
<!-- The default annotation set -->

<AnnotationSet>
<Annotation Id="1" Type="doc" StartNode="0" EndNode="1317">
<Feature>
  <Name className="java.lang.String">id</Name>
  <Value className="java.lang.String">hc041</Value>
</Feature>
<Feature>
  <Name className="java.lang.String">date</Name>
  <Value className="java.lang.String">20100925</Value>
</Feature>
<Feature>
  <Name className="java.lang.String">source</Name>
  <Value className="java.lang.String">Pittsburgh,Tribune-Review,Tribune,Review</Value>
</Feature>
<Feature>
  <Name className="java.lang.String">side</Name>
  <Value className="java.lang.String">anti</Value>
</Feature>
<Feature>
  <Name className="java.lang.String">url</Name>
  <Value className="java.lang.String">http://www.pittsburghlive.com/x/pittsburghtrib/opinion/s_701197.html </Value>
</Feature>
</Annotation>
<Annotation Id="2" Type="arg" StartNode="191" EndNode="417">
<Feature>
  <Name className="java.lang.String">prospect</Name>
  <Value className="java.lang.String">loss</Value>
</Feature>
<Feature>
  <Name className="java.lang.String">ss-label</Name>
  <Value className="java.lang.String">insurers_will_stop_insuring_children</Value>
</Feature>
<Feature>
  <Name className="java.lang.String">group</Name>
  <Value className="java.lang.String">self-group</Value>
</Feature>
<Feature>
  <Name className="java.lang.String">type</Name>
  <Value className="java.lang.String">label</Value>
</Feature>
<Feature>
  <Name className="java.lang.String">polarity</Name>
  <Value className="java.lang.String">negative</Value>
</Feature>
</Annotation>
<Annotation Id="3" Type="rel" StartNode="421" EndNode="557">
<Feature>
  <Name className="java.lang.String">prospect</Name>
  <Value className="java.lang.String">loss</Value>
</Feature>
<Feature>
  <Name className="java.lang.String">ss-label</Name>
  <Value className="java.lang.String">individuals_will_pay_more</Value>
</Feature>
<Feature>
  <Name className="java.lang.String">group</Name>
  <Value className="java.lang.String">self-group</Value>
</Feature>
<Feature>
  <Name className="java.lang.String">type</Name>
  <Value className="java.lang.String">label</Value>
</Feature>
<Feature>
  <Name className="java.lang.String">polarity</Name>
  <Value className="java.lang.String">negative</Value>
</Feature>
</Annotation>
<Annotation Id="4" Type="rel" StartNode="561" EndNode="761">
<Feature>
  <Name className="java.lang.String">type</Name>
  <Value className="java.lang.String">label</Value>
</Feature>
<Feature>
  <Name className="java.lang.String">ss-label</Name>
  <Value className="java.lang.String">insurers_will_stop_insuring_children</Value>
</Feature>
<Feature>
  <Name className="java.lang.String">polarity</Name>
  <Value className="java.lang.String">negative</Value>
</Feature>
</Annotation>
<Annotation Id="5" Type="arg" StartNode="765" EndNode="870">
<Feature>
  <Name className="java.lang.String"></Name>
  <Value className="java.lang.String">true</Value>
</Feature>
<Feature>
  <Name className="java.lang.String">ss-label</Name>
  <Value className="java.lang.String">bill_will_hurt_healthcare_system</Value>
</Feature>
<Feature>
  <Name className="java.lang.String">type</Name>
  <Value className="java.lang.String">label</Value>
</Feature>
<Feature>
  <Name className="java.lang.String">polarity</Name>
  <Value className="java.lang.String">negative</Value>
</Feature>
</Annotation>
<Annotation Id="8" Type="arg" StartNode="874" EndNode="1153">
<Feature>
  <Name className="java.lang.String">id</Name>
  <Value className="java.lang.String">a1</Value>
</Feature>
<Feature>
  <Name className="java.lang.String"></Name>
  <Value className="java.lang.String">label</Value>
</Feature>
<Feature>
  <Name className="java.lang.String">unclear</Name>
  <Value className="java.lang.String">true</Value>
</Feature>
<Feature>
  <Name className="java.lang.String">ss-label</Name>
  <Value className="java.lang.String">centralizes_healthcare_control</Value>
</Feature>
<Feature>
  <Name className="java.lang.String">polarity</Name>
  <Value className="java.lang.String">negative</Value>
</Feature>
<Feature>
  <Name className="java.lang.String">incomplete</Name>
  <Value className="java.lang.String">true</Value>
</Feature>
</Annotation>
<Annotation Id="11" Type="rel" StartNode="0" EndNode="31">
<Feature>
  <Name className="java.lang.String">type</Name>
  <Value className="java.lang.String">label</Value>
</Feature>
<Feature>
  <Name className="java.lang.String">ss-label</Name>
  <Value className="java.lang.String">insurers_will_stop_insuring_children</Value>
</Feature>
</Annotation>
<Annotation Id="12" Type="rel" StartNode="61" EndNode="188">
<Feature>
  <Name className="java.lang.String">type</Name>
  <Value className="java.lang.String">label</Value>
</Feature>
<Feature>
  <Name className="java.lang.String">ss-label</Name>
  <Value className="java.lang.String">insurers_will_stop_insuring_children</Value>
</Feature>
</Annotation>
<Annotation Id="13" Type="rel" StartNode="896" EndNode="946">
<Feature>
  <Name className="java.lang.String">id</Name>
  <Value className="java.lang.String">r1</Value>
</Feature>
</Annotation>
<Annotation Id="17" Type="gfbf-object" StartNode="369" EndNode="416">
<Feature>
  <Name className="java.lang.String">writerAtt</Name>
  <Value className="java.lang.String">negative</Value>
</Feature>
</Annotation>
<Annotation Id="16" Type="gfbf" StartNode="364" EndNode="368">
<Feature>
  <Name className="java.lang.String">agentId</Name>
  <Value className="java.lang.String">27</Value>
</Feature>
<Feature>
  <Name className="java.lang.String">polarity</Name>
  <Value className="java.lang.String">badfor</Value>
</Feature>
<Feature>
  <Name className="java.lang.String">objectId</Name>
  <Value className="java.lang.String">17</Value>
</Feature>
</Annotation>
<Annotation Id="19" Type="others" StartNode="1095" EndNode="1151">
<Feature>
  <Name className="java.lang.String">comment</Name>
  <Value className="java.lang.String">see sth as sth</Value>
</Feature>
</Annotation>
<Annotation Id="18" Type="others" StartNode="956" EndNode="1051">
<Feature>
  <Name className="java.lang.String">comment</Name>
  <Value className="java.lang.String">call sb sth</Value>
</Feature>
<Feature>
  <Name className="java.lang.String">polarity</Name>
  <Value className="java.lang.String"></Value>
</Feature>
</Annotation>
<Annotation Id="21" Type="gfbf-object" StartNode="1304" EndNode="1315">
<Feature>
  <Name className="java.lang.String">writerAtt</Name>
  <Value className="java.lang.String">negative</Value>
</Feature>
</Annotation>
<Annotation Id="20" Type="gfbf" StartNode="1296" EndNode="1303">
<Feature>
  <Name className="java.lang.String">agentId</Name>
  <Value className="java.lang.String">28</Value>
</Feature>
<Feature>
  <Name className="java.lang.String">polarity</Name>
  <Value className="java.lang.String">goodfor</Value>
</Feature>
<Feature>
  <Name className="java.lang.String">objectId</Name>
  <Value className="java.lang.String">21</Value>
</Feature>
</Annotation>
<Annotation Id="23" Type="gfbf" StartNode="252" EndNode="264">
<Feature>
  <Name className="java.lang.String">agentId</Name>
  <Value className="java.lang.String">26</Value>
</Feature>
<Feature>
  <Name className="java.lang.String">polarity</Name>
  <Value className="java.lang.String">badfor</Value>
</Feature>
<Feature>
  <Name className="java.lang.String">objectId</Name>
  <Value className="java.lang.String">24</Value>
</Feature>
</Annotation>
<Annotation Id="22" Type="influencer" StartNode="230" EndNode="237">
<Feature>
  <Name className="java.lang.String">effect</Name>
  <Value className="java.lang.String">reverse</Value>
</Feature>
<Feature>
  <Name className="java.lang.String">agentId</Name>
  <Value className="java.lang.String">29</Value>
</Feature>
<Feature>
  <Name className="java.lang.String">objectId</Name>
  <Value className="java.lang.String">23</Value>
</Feature>
</Annotation>
<Annotation Id="24" Type="gfbf-object" StartNode="265" EndNode="302">
<Feature>
  <Name className="java.lang.String">writerAtt</Name>
  <Value className="java.lang.String">positive</Value>
</Feature>
</Annotation>
<Annotation Id="27" Type="gfbf-agent" StartNode="326" EndNode="360">
<Feature>
  <Name className="java.lang.String">writerAtt</Name>
  <Value className="java.lang.String">positive</Value>
</Feature>
</Annotation>
<Annotation Id="26" Type="gfbf-agent" StartNode="238" EndNode="246">
<Feature>
  <Name className="java.lang.String">writerAtt</Name>
  <Value className="java.lang.String">negative</Value>
</Feature>
</Annotation>
<Annotation Id="29" Type="gfbf-agent" StartNode="203" EndNode="224">
<Feature>
  <Name className="java.lang.String">writerAtt</Name>
  <Value className="java.lang.String">positive</Value>
</Feature>
</Annotation>
<Annotation Id="28" Type="gfbf-agent" StartNode="1208" EndNode="1290">
<Feature>
  <Name className="java.lang.String">writerAtt</Name>
  <Value className="java.lang.String">negative</Value>
</Feature>
</Annotation>
</AnnotationSet>

<!-- Named annotation set -->

<AnnotationSet Name="Original markups">
<Annotation Id="0" Type="paragraph" StartNode="0" EndNode="1317">
</Annotation>
</AnnotationSet>

</GateDocument>
