<?xml version='1.0' encoding='US-ASCII'?>
<GateDocument version="2">
<!-- The document's features-->

<GateDocumentFeatures>
<Feature>
  <Name className="java.lang.String">MimeType</Name>
  <Value className="java.lang.String">text/plain</Value>
</Feature>
<Feature>
  <Name className="java.lang.String">gate.SourceURL</Name>
  <Value className="java.lang.String">file:/E:/Users/conrada/Documents/My%20Dropbox/healthcare_data/training_2/hc049.txt</Value>
</Feature>
<Feature>
  <Name className="java.lang.String">docNewLineType</Name>
  <Value className="java.lang.String">CRLF</Value>
</Feature>
</GateDocumentFeatures>
<!-- The document content area with serialized nodes -->

<TextWithNodes><Node id="0"/>December 22, 2011&#xd;
<Node id="19"/>Obamacare&#x2019;s terrible, horrible, no good, very bad year&#xd;<Node id="74"/>
By Paul Conner Published: 11:47 PM 12/20/2011 | Updated: 2:18 PM 12/21/2011&#xd;
By Paul Conner&#xd;
Bio | Archive | Email Paul Conner&#xd;
Follow Paul Conner Get Paul Conner Feed&#xd;
inShare8&#xd;
Email This Article&#xd;
Print This Article&#xd;
MIAMI - JANUARY 18: Dr. Olveen Carrasquillo, Chief of General Internal Medicine University of Miami, conducts a checkup on Juan Gonzalez at the University of Miami's Miller School of Medicine, as the United States House Republicans in Washington, DC were poised to approve a bill repealing the health care law that last year was signed into law overhauling the U.S. health care system on January 18, 2011 in Miami, Florida. (Photo by Joe Raedle/Getty Images)&#xd;
<Node id="754"/>&#xd;
<Node id="756"/>2011 was supposed to be a bad year for President Obama&#x2019;s health care law, with House Republicans taking aim and federal lawsuits snaking their way through the judiciary<Node id="924"/>. <Node id="926"/>And although <Node id="939"/>the House of Representatives<Node id="967"/> has had limited success in <Node id="995"/>dismantling<Node id="1006"/> <Node id="1007"/>the overhaul<Node id="1019"/>, key portions began to <Node id="1043"/>unravel<Node id="1050"/> all by themselves<Node id="1068"/>.&#xd;
<Node id="1071"/>&#xd;
<Node id="1073"/>Here&#x2019;s a look at the Patient Protection and Affordable Care Act&#x2019;s year in review.&#xd;
<Node id="1156"/>&#xd;
<Node id="1158"/>&#x2013; Jan. 14: <Node id="1169"/>Kansas announces its intention to become the 26th state to file suit against the federal government to stop implementation of the health care overhaul<Node id="1319"/>.&#xd;
<Node id="1322"/>&#xd;
<Node id="1324"/>&#x2013; Jan. 19: <Node id="1335"/>The House of Representatives<Node id="1363"/> votes to <Node id="1373"/>repeal<Node id="1379"/> <Node id="1380"/>the health care law<Node id="1399"/>.&#xd;<Node id="1401"/>
<Node id="1402"/>&#xd;
<Node id="1404"/>&#x2013; Jan. 26: <Node id="1415"/>Illinois-based pharmaceutical company Abbott Labs cuts 1,900 jobs &#x201c;in response to changes in the health-care industry, including U.S. health-care reform and the challenging regulatory environment.&#x201d;<Node id="1612"/>&#xd;
<Node id="1614"/>&#xd;
<Node id="1616"/>&#x2013; Jan. 31: <Node id="1627"/>A second federal district judge rules that the law is unconstitutional.&#xd;<Node id="1699"/>
<Node id="1700"/>&#xd;
<Node id="1702"/>&#x2013; Feb. 2: <Node id="1712"/>All 47 <Node id="1719"/>Republican senators<Node id="1738"/> vote to <Node id="1747"/>repeal<Node id="1753"/> <Node id="1754"/>the Affordable Care Act<Node id="1777"/>, but the measure fails.<Node id="1801"/>&#xd;
<Node id="1803"/>&#xd;
<Node id="1805"/>&#x2013; Feb. 16: <Node id="1816"/>Health and Human Services Secretary Kathleen Sebelius testifies before the Senate Finance Committee and admits that the CLASS Act, a key portion of the law that was <Node id="1981"/>touted<Node id="1987"/> as a $70 billion savings, is &#x201c;totally unsustainable.&#x201d;<Node id="2041"/> But not to worry: Sebelius says her department has the authority to rework the legislation to make CLASS tenable.&#xd;
<Node id="2157"/>&#xd;
<Node id="2159"/>&#x2013; Feb. 18: <Node id="2170"/>The House<Node id="2179"/> votes to <Node id="2189"/>block<Node id="2194"/> <Node id="2195"/>federal funding<Node id="2210"/> to <Node id="2214"/>implement<Node id="2223"/> <Node id="2224"/>the Affordable Care Act<Node id="2247"/>. The Congressional Budget Office also estimates that repealing the law would add $210 billion to the combined federal deficits from 2012 to 2021.&#xd;
<Node id="2395"/>&#xd;
<Node id="2397"/>&#x2013; Feb. 22: <Node id="2408"/>A federal judge tosses a lawsuit claiming that <Node id="2455"/>the Affordable Care Act<Node id="2478"/> <Node id="2479"/>violates<Node id="2487"/> <Node id="2488"/>the liberties of those who choose to rely on God to protect and heal them instead of buying health insurance<Node id="2596"/>.&#xd;
<Node id="2599"/>&#xd;
<Node id="2601"/>&#x2013; March 3: <Node id="2612"/>The House votes to end an unpopular tax paperwork-filing requirement for businesses tucked into the health care law<Node id="2727"/>.&#xd;
<Node id="2730"/>&#xd;
<Node id="2732"/>&#x2013; March 23: The law turns one year old. <Node id="2772"/>On the same day, the House Committee on Energy and Commerce finds that the temporary Early Retirement Reinsurance Program will spend its allotted $5 billion far earlier than its Jan. 1, 2014 expiration date.<Node id="2979"/>&#xd;
<Node id="2981"/>&#xd;
<Node id="2983"/>&#x2013; March 30: <Node id="2995"/>The CBO estimates that health care reform will cost $1.1 trillion, an increase of $90 billion from its February estimate<Node id="3115"/>.&#xd;
<Node id="3118"/>&#xd;
<Node id="3120"/>&#x2013; May 17: <Node id="3130"/>The Daily Caller reports that 20 percent of new waivers from the law have gone to gourmet restaurants, nightclubs and fancy hotels in former House Speaker Nancy Pelosi&#x2019;s district<Node id="3308"/>.&#xd;
<Node id="3311"/>&#xd;
<Node id="3313"/>&#x2013; June 8: <Node id="3323"/>A McKinsey &amp; Company survey of over 1,300 private sector employers found that <Node id="3401"/>30 percent of employers<Node id="3424"/> would definitely or probably <Node id="3454"/>stop<Node id="3458"/> <Node id="3459"/>offering insurance to their employees<Node id="3496"/> after the law is implemented in 2014<Node id="3533"/>.&#xd;
<Node id="3536"/>&#xd;
<Node id="3538"/>&#x2013; June 18: HHS announces that it is axing waivers from the law.&#xd;
<Node id="3603"/>&#xd;
<Node id="3605"/>&#x2013; June 21: <Node id="3616"/>A glitch in the law, discovered after Obama signed it, would allow middle-class Americans to get subsidized health care intended for poor people, the Associated Press reports<Node id="3790"/>. <Node id="3792"/>Medicare&#x2019;s chief actuary says the policy &#x201c;doesn&#x2019;t make sense<Node id="3852"/>.&#x201d;&#xd;
<Node id="3856"/>&#xd;
<Node id="3858"/>&#x2013; June 29: <Node id="3869"/>In the face of a constitutional challenge, the Sixth Circuit Court of Appeals rules in favor of the law<Node id="3972"/>.&#xd;
<Node id="3975"/>&#xd;
<Node id="3977"/>&#x2013; July 18: <Node id="3988"/>An Employment Policies Institute report finds that <Node id="4039"/>the Affordable Care Act<Node id="4062"/> would <Node id="4069"/>incentivize<Node id="4080"/> <Node id="4081"/>employees to switch to a government-subsidized insurance exchange<Node id="4146"/> even if employers were to continue their health care coverage, costing taxpayers &#x201c;significant[ly]<Node id="4244"/>.&#x201d;&#xd;
<Node id="4248"/>&#xd;
<Node id="4250"/>&#x2013; July 19: <Node id="4261"/>The bipartisan &#x201c;gang of six&#x201d;<Node id="4289"/> <Node id="4290"/>puts forward<Node id="4302"/> <Node id="4303"/>a debt-reduction plan<Node id="4324"/> <Node id="4325"/>that<Node id="4329"/> would <Node id="4336"/>repeal<Node id="4342"/> <Node id="4343"/>the CLASS Act<Node id="4356"/>.&#xd;
<Node id="4359"/>&#xd;
<Node id="4361"/>&#x2013; Aug. 1: <Node id="4371"/>HHS issues a regulation requiring all group health insurance plans to cover FDA-approved &#x201c;contraceptive methods, sterilization procedures, and patient education and counseling for all women with reproductive capacity.<Node id="4588"/>&#x201d;&#xd;
<Node id="4591"/>&#xd;
<Node id="4593"/>&#x2013; Aug. 12: <Node id="4604"/>The Eleventh Circuit Court of Appeals rules that the law&#x2019;s individual health insurance mandate is unconstitutional<Node id="4718"/>.&#xd;
<Node id="4721"/>&#xd;
<Node id="4723"/>&#x2013; Sept. 8: <Node id="4734"/>The Fourth Circuit Court of Appeals rejects a pair of challenges to the law on procedural grounds<Node id="4831"/>. <Node id="4833"/>It does not rule on the law&#x2019;s constitutionality<Node id="4880"/>.&#xd;
<Node id="4883"/>&#xd;
<Node id="4885"/>&#x2013; Sept. 15: <Node id="4897"/>A bicameral Republican report accuses <Node id="4935"/>Democratic supporters of the health care law of recklessness<Node id="4995"/> for <Node id="5000"/>promoting<Node id="5009"/> <Node id="5010"/>the CLASS Act<Node id="5023"/> despite knowing that <Node id="5045"/>the program <Node id="5057"/>would eventually <Node id="5074"/>blow up<Node id="5081"/> <Node id="5082"/>the budget<Node id="5092"/>.&#xd;
<Node id="5095"/>&#xd;
<Node id="5097"/>&#x2013; Oct. 5: <Node id="5107"/>The signatures of about 1.6 million petitioners pressing for the repeal of the Affordable Care Act are delivered to Capitol Hill at a press conference<Node id="5257"/>.&#xd;
<Node id="5260"/>&#xd;
<Node id="5262"/>&#x2013; Oct. 13: A federal inspector general finds that the IRS is having trouble collecting the 10-percent federal tanning tax established by the law.&#xd;
<Node id="5409"/>&#xd;
<Node id="5411"/>&#x2013; Oct. 14: HHS completes its 19-month review of the CLASS Act, determining that &#x201c;we do not have a path to move forward,&#x201d; Sebelius says. CLASS remains on the books, but the administration essentially gives up on it.&#xd;
<Node id="5627"/>&#xd;
<Node id="5629"/>&#x2013; Nov. 4: Tennessee Rep. Phil Roe and 23 Republican colleagues send a letter to IRS Commissioner Douglas Shulman objecting to a new IRS rule authorizing subsidies for participants in the yet-to-be-created federal health care exchange program. They argue that the agency is seeking to rewrite legislation, something it is not allowed to do. Conservative experts say the IRS rules are covering up a glitch in the original law that provides subsidies for people enrolled in state exchanges, but not federal exchanges. Shulman does not agree with their analysis.&#xd;
<Node id="6189"/>&#xd;
<Node id="6191"/>&#x2013; Nov. 9: <Node id="6201"/>The National Federation of Independent Business releases a report saying that in 2012 <Node id="6287"/>the law&#x2019;s new health insurance tax<Node id="6321"/> will <Node id="6327"/>reduce<Node id="6333"/> <Node id="6334"/>private sector jobs<Node id="6353"/> by between 125,000 and 249,000<Node id="6384"/>.&#xd;
<Node id="6387"/>&#xd;
<Node id="6389"/>&#x2013; Nov. 10: <Node id="6400"/>The Beckett Fund for Religious Liberty announces it is suing HHS on behalf of Belmont Abbey College, a Catholic educational institution<Node id="6535"/>. <Node id="6537"/>The lawsuit claims <Node id="6556"/>the Aug 1 regulation<Node id="6576"/> <Node id="6577"/>violates<Node id="6585"/> <Node id="6586"/>the college&#x2019;s teaching on contraception, sterilization and abortion<Node id="6653"/>.&#xd;
<Node id="6656"/>&#xd;
<Node id="6658"/>&#x2013; Nov. 14: <Node id="6669"/>The Supreme Court agrees to hear arguments on the Affordable Care Act<Node id="6738"/>.&#xd;
<Node id="6741"/>&#xd;
<Node id="6743"/>&#x2013; Nov. 16: <Node id="6754"/>Forty-seven percent of Americans<Node id="6786"/> <Node id="6787"/>favor<Node id="6792"/> <Node id="6793"/>repeal of<Node id="6802"/> <Node id="6803"/>the law<Node id="6810"/>, Gallup finds<Node id="6824"/>.&#xd;
<Node id="6827"/>&#xd;
<Node id="6829"/>&#x2013; Nov. 29: <Node id="6840"/>Massachusetts Democratic Rep Barney Frank<Node id="6881"/> joins the effort to <Node id="6902"/>repeal<Node id="6908"/> <Node id="6909"/>the Independent Payment Advisory Board, a key portion of the law that would &#x201c;recommend levels at which Medicare recipients, including seniors, can be reimbursed for health care expenses<Node id="7094"/>.&#x201d;&#xd;
<Node id="7098"/>&#xd;
<Node id="7100"/>&#x2013; Nov. 30: The House energy committee votes to repeal the CLASS Act.&#xd;
<Node id="7170"/>&#xd;
<Node id="7172"/>&#x2013; Dec. 15: The Obama administration announces that the number of young uninsured Americans has fallen by 2.5 million, attributing it to his law&#x2019;s provision permitting young adults to stay on their parents&#x2019; health care plans until age 26.&#xd;
<Node id="7411"/>&#xd;
<Node id="7413"/>&#x2013; Dec. 18: <Node id="7424"/>Health care experts doubt that the federal insurance exchange program will be fully operational by the Jan. 1, 2014 deadline, since <Node id="7556"/>many states<Node id="7567"/> have <Node id="7573"/>refused to<Node id="7583"/> <Node id="7584"/>implement<Node id="7593"/> <Node id="7594"/>the state exchange program<Node id="7620"/>, the Washington Post reports<Node id="7649"/>.&#xd;
<Node id="7652"/>&#xd;
<Node id="7654"/>&#x2013; Dec. 19: <Node id="7665"/>The Supreme Court announces it will hear an unprecedented week&#x2019;s worth of arguments in March 2012 to determine whether the health care overhaul law is constitutional<Node id="7830"/>.&#xd;
<Node id="7833"/>&#xd;
<Node id="7835"/>Follow Paul on Twitter&#xd;
<Node id="7859"/></TextWithNodes>
<!-- The default annotation set -->

<AnnotationSet>
<Annotation Id="137" Type="gfbf" StartNode="6793" EndNode="6802">
<Feature>
  <Name className="java.lang.String">agentId</Name>
  <Value className="java.lang.String">implicit</Value>
</Feature>
<Feature>
  <Name className="java.lang.String">objectId</Name>
  <Value className="java.lang.String">138</Value>
</Feature>
<Feature>
  <Name className="java.lang.String">polarity</Name>
  <Value className="java.lang.String">badfor</Value>
</Feature>
</Annotation>
<Annotation Id="136" Type="gfbf-object" StartNode="6793" EndNode="6810">
<Feature>
  <Name className="java.lang.String">writerAtt</Name>
  <Value className="java.lang.String">positive</Value>
</Feature>
</Annotation>
<Annotation Id="138" Type="gfbf-object" StartNode="6803" EndNode="6810">
<Feature>
  <Name className="java.lang.String">writerAtt</Name>
  <Value className="java.lang.String">negative</Value>
</Feature>
</Annotation>
<Annotation Id="140" Type="gfbf" StartNode="6902" EndNode="6908">
<Feature>
  <Name className="java.lang.String">agentId</Name>
  <Value className="java.lang.String">142</Value>
</Feature>
<Feature>
  <Name className="java.lang.String">objectId</Name>
  <Value className="java.lang.String">147</Value>
</Feature>
<Feature>
  <Name className="java.lang.String">polarity</Name>
  <Value className="java.lang.String">badfor</Value>
</Feature>
</Annotation>
<Annotation Id="143" Type="influencer" StartNode="7573" EndNode="7583">
<Feature>
  <Name className="java.lang.String">agentId</Name>
  <Value className="java.lang.String">146</Value>
</Feature>
<Feature>
  <Name className="java.lang.String">effect</Name>
  <Value className="java.lang.String">reverse</Value>
</Feature>
<Feature>
  <Name className="java.lang.String">objectId</Name>
  <Value className="java.lang.String">144</Value>
</Feature>
<Feature>
  <Name className="java.lang.String">polarity</Name>
  <Value className="java.lang.String"></Value>
</Feature>
</Annotation>
<Annotation Id="142" Type="gfbf-agent" StartNode="6840" EndNode="6881">
<Feature>
  <Name className="java.lang.String">writerAtt</Name>
  <Value className="java.lang.String">positive</Value>
</Feature>
</Annotation>
<Annotation Id="129" Type="gfbf-object" StartNode="4343" EndNode="4356">
<Feature>
  <Name className="java.lang.String">writerAtt</Name>
  <Value className="java.lang.String">negative</Value>
</Feature>
</Annotation>
<Annotation Id="128" Type="gfbf" StartNode="4336" EndNode="4342">
<Feature>
  <Name className="java.lang.String">agentId</Name>
  <Value className="java.lang.String">127</Value>
</Feature>
<Feature>
  <Name className="java.lang.String">objectId</Name>
  <Value className="java.lang.String">129</Value>
</Feature>
<Feature>
  <Name className="java.lang.String">polarity</Name>
  <Value className="java.lang.String">badfor</Value>
</Feature>
</Annotation>
<Annotation Id="130" Type="referent" StartNode="4303" EndNode="4324">
<Feature>
  <Name className="java.lang.String">writerAtt</Name>
  <Value className="java.lang.String">positive</Value>
</Feature>
</Annotation>
<Annotation Id="133" Type="gfbf-object" StartNode="6586" EndNode="6653">
<Feature>
  <Name className="java.lang.String">writerAtt</Name>
  <Value className="java.lang.String">positive</Value>
</Feature>
</Annotation>
<Annotation Id="132" Type="gfbf" StartNode="6577" EndNode="6585">
<Feature>
  <Name className="java.lang.String">agentId</Name>
  <Value className="java.lang.String">148</Value>
</Feature>
<Feature>
  <Name className="java.lang.String">objectId</Name>
  <Value className="java.lang.String">133</Value>
</Feature>
<Feature>
  <Name className="java.lang.String">polarity</Name>
  <Value className="java.lang.String">badfor</Value>
</Feature>
</Annotation>
<Annotation Id="135" Type="gfbf" StartNode="6787" EndNode="6792">
<Feature>
  <Name className="java.lang.String">agentId</Name>
  <Value className="java.lang.String">134</Value>
</Feature>
<Feature>
  <Name className="java.lang.String">objectId</Name>
  <Value className="java.lang.String">136</Value>
</Feature>
<Feature>
  <Name className="java.lang.String">polarity</Name>
  <Value className="java.lang.String">goodfor</Value>
</Feature>
</Annotation>
<Annotation Id="134" Type="gfbf-agent" StartNode="6754" EndNode="6786">
<Feature>
  <Name className="java.lang.String">writerAtt</Name>
  <Value className="java.lang.String">positive</Value>
</Feature>
</Annotation>
<Annotation Id="144" Type="gfbf" StartNode="7584" EndNode="7593">
<Feature>
  <Name className="java.lang.String">agentId</Name>
  <Value className="java.lang.String">146</Value>
</Feature>
<Feature>
  <Name className="java.lang.String">objectId</Name>
  <Value className="java.lang.String">145</Value>
</Feature>
<Feature>
  <Name className="java.lang.String">polarity</Name>
  <Value className="java.lang.String">badfor</Value>
</Feature>
</Annotation>
<Annotation Id="145" Type="gfbf-object" StartNode="7594" EndNode="7620">
<Feature>
  <Name className="java.lang.String">writerAtt</Name>
  <Value className="java.lang.String">negative</Value>
</Feature>
</Annotation>
<Annotation Id="146" Type="gfbf-agent" StartNode="7556" EndNode="7567">
<Feature>
  <Name className="java.lang.String">writerAtt</Name>
  <Value className="java.lang.String">positive</Value>
</Feature>
</Annotation>
<Annotation Id="147" Type="gfbf-object" StartNode="6909" EndNode="7094">
<Feature>
  <Name className="java.lang.String">writerAtt</Name>
  <Value className="java.lang.String">negative</Value>
</Feature>
</Annotation>
<Annotation Id="148" Type="gfbf-agent" StartNode="6556" EndNode="6576">
<Feature>
  <Name className="java.lang.String">writerAtt</Name>
  <Value className="java.lang.String">negative</Value>
</Feature>
</Annotation>
<Annotation Id="39" Type="doc" StartNode="0" EndNode="7859">
<Feature>
  <Name className="java.lang.String">id</Name>
  <Value className="java.lang.String">hc049</Value>
</Feature>
<Feature>
  <Name className="java.lang.String">author</Name>
  <Value className="java.lang.String">paul,conner</Value>
</Feature>
<Feature>
  <Name className="java.lang.String">source</Name>
  <Value className="java.lang.String">the,daily,caller</Value>
</Feature>
<Feature>
  <Name className="java.lang.String">date</Name>
  <Value className="java.lang.String">20111220</Value>
</Feature>
<Feature>
  <Name className="java.lang.String">side</Name>
  <Value className="java.lang.String">anti</Value>
</Feature>
<Feature>
  <Name className="java.lang.String">url</Name>
  <Value className="java.lang.String">http://dailycaller.com/2011/12/20/obamacares-lousy-no-good-year/</Value>
</Feature>
</Annotation>
<Annotation Id="40" Type="arg" StartNode="19" EndNode="74">
<Feature>
  <Name className="java.lang.String">type</Name>
  <Value className="java.lang.String">label</Value>
</Feature>
<Feature>
  <Name className="java.lang.String">ss-label</Name>
  <Value className="java.lang.String">bill_is_failing_on_its_own</Value>
</Feature>
<Feature>
  <Name className="java.lang.String">polarity</Name>
  <Value className="java.lang.String">negative</Value>
</Feature>
</Annotation>
<Annotation Id="41" Type="rel" StartNode="1169" EndNode="1319">
<Feature>
  <Name className="java.lang.String">type</Name>
  <Value className="java.lang.String">label</Value>
</Feature>
<Feature>
  <Name className="java.lang.String">ss-label</Name>
  <Value className="java.lang.String">some_states_dislike</Value>
</Feature>
</Annotation>
<Annotation Id="46" Type="rel" StartNode="1335" EndNode="1401">
<Feature>
  <Name className="java.lang.String">type</Name>
  <Value className="java.lang.String">label</Value>
</Feature>
<Feature>
  <Name className="java.lang.String">ss-label</Name>
  <Value className="java.lang.String">unpopular</Value>
</Feature>
<Feature>
  <Name className="java.lang.String">polarity</Name>
  <Value className="java.lang.String">negative</Value>
</Feature>
</Annotation>
<Annotation Id="47" Type="rel" StartNode="1415" EndNode="1612">
<Feature>
  <Name className="java.lang.String">type</Name>
  <Value className="java.lang.String">label</Value>
</Feature>
<Feature>
  <Name className="java.lang.String">ss-label</Name>
  <Value className="java.lang.String">causes_unemployment</Value>
</Feature>
<Feature>
  <Name className="java.lang.String">polarity</Name>
  <Value className="java.lang.String">negative</Value>
</Feature>
</Annotation>
<Annotation Id="50" Type="arg" StartNode="1816" EndNode="2041">
<Feature>
  <Name className="java.lang.String">type</Name>
  <Value className="java.lang.String">label</Value>
</Feature>
<Feature>
  <Name className="java.lang.String">ss-label</Name>
  <Value className="java.lang.String">will_cost_more_than_anticipated</Value>
</Feature>
<Feature>
  <Name className="java.lang.String">polarity</Name>
  <Value className="java.lang.String">negative</Value>
</Feature>
</Annotation>
<Annotation Id="49" Type="rel" StartNode="1712" EndNode="1801">
<Feature>
  <Name className="java.lang.String">unclear</Name>
  <Value className="java.lang.String">true</Value>
</Feature>
<Feature>
  <Name className="java.lang.String">ss-label</Name>
  <Value className="java.lang.String">unpopular</Value>
</Feature>
<Feature>
  <Name className="java.lang.String">type</Name>
  <Value className="java.lang.String">label</Value>
</Feature>
<Feature>
  <Name className="java.lang.String">polarity</Name>
  <Value className="java.lang.String">positive</Value>
</Feature>
</Annotation>
<Annotation Id="48" Type="rel" StartNode="1627" EndNode="1699">
<Feature>
  <Name className="java.lang.String">type</Name>
  <Value className="java.lang.String">label</Value>
</Feature>
<Feature>
  <Name className="java.lang.String">ss-label</Name>
  <Value className="java.lang.String">unconstitutional</Value>
</Feature>
<Feature>
  <Name className="java.lang.String">polarity</Name>
  <Value className="java.lang.String">negative</Value>
</Feature>
</Annotation>
<Annotation Id="55" Type="rel" StartNode="3130" EndNode="3308">
<Feature>
  <Name className="java.lang.String">type</Name>
  <Value className="java.lang.String">label</Value>
</Feature>
<Feature>
  <Name className="java.lang.String">ss-label</Name>
  <Value className="java.lang.String">politicizes_healthcare_system</Value>
</Feature>
<Feature>
  <Name className="java.lang.String">polarity</Name>
  <Value className="java.lang.String">negative</Value>
</Feature>
</Annotation>
<Annotation Id="54" Type="rel" StartNode="2995" EndNode="3115">
<Feature>
  <Name className="java.lang.String">type</Name>
  <Value className="java.lang.String">label</Value>
</Feature>
<Feature>
  <Name className="java.lang.String">ss-label</Name>
  <Value className="java.lang.String">will_cost_more_than_anticipated</Value>
</Feature>
<Feature>
  <Name className="java.lang.String">polarity</Name>
  <Value className="java.lang.String">negative</Value>
</Feature>
</Annotation>
<Annotation Id="53" Type="arg" StartNode="2772" EndNode="2979">
<Feature>
  <Name className="java.lang.String">type</Name>
  <Value className="java.lang.String">label</Value>
</Feature>
<Feature>
  <Name className="java.lang.String">ss-label</Name>
  <Value className="java.lang.String">will_cost_more_than_anticipated</Value>
</Feature>
<Feature>
  <Name className="java.lang.String">polarity</Name>
  <Value className="java.lang.String">negative</Value>
</Feature>
</Annotation>
<Annotation Id="52" Type="rel" StartNode="2612" EndNode="2727">
<Feature>
  <Name className="java.lang.String">type</Name>
  <Value className="java.lang.String">label</Value>
</Feature>
<Feature>
  <Name className="java.lang.String">ss-label</Name>
  <Value className="java.lang.String">unpopular</Value>
</Feature>
<Feature>
  <Name className="java.lang.String">polarity</Name>
  <Value className="java.lang.String">positive</Value>
</Feature>
</Annotation>
<Annotation Id="59" Type="arg" StartNode="4897" EndNode="5092">
<Feature>
  <Name className="java.lang.String">type</Name>
  <Value className="java.lang.String">label</Value>
</Feature>
<Feature>
  <Name className="java.lang.String">ss-label</Name>
  <Value className="java.lang.String">will_cost_more_than_anticipated</Value>
</Feature>
<Feature>
  <Name className="java.lang.String">polarity</Name>
  <Value className="java.lang.String">negative</Value>
</Feature>
</Annotation>
<Annotation Id="58" Type="rel" StartNode="4604" EndNode="4718">
<Feature>
  <Name className="java.lang.String">type</Name>
  <Value className="java.lang.String">label</Value>
</Feature>
<Feature>
  <Name className="java.lang.String">ss-label</Name>
  <Value className="java.lang.String">unconstitutional</Value>
</Feature>
<Feature>
  <Name className="java.lang.String">polarity</Name>
  <Value className="java.lang.String">negative</Value>
</Feature>
</Annotation>
<Annotation Id="57" Type="arg" StartNode="3988" EndNode="4244">
<Feature>
  <Name className="java.lang.String">prospect</Name>
  <Value className="java.lang.String"></Value>
</Feature>
<Feature>
  <Name className="java.lang.String">ss-label</Name>
  <Value className="java.lang.String">individuals_will_pay_higher_taxes</Value>
</Feature>
<Feature>
  <Name className="java.lang.String">unclear</Name>
  <Value className="java.lang.String">true</Value>
</Feature>
<Feature>
  <Name className="java.lang.String">type</Name>
  <Value className="java.lang.String">label</Value>
</Feature>
<Feature>
  <Name className="java.lang.String">polarity</Name>
  <Value className="java.lang.String">negative</Value>
</Feature>
</Annotation>
<Annotation Id="56" Type="arg" StartNode="3323" EndNode="3533">
<Feature>
  <Name className="java.lang.String">type</Name>
  <Value className="java.lang.String">label</Value>
</Feature>
<Feature>
  <Name className="java.lang.String">ss-label</Name>
  <Value className="java.lang.String">businesses_will_stop_offering_insurance_to_employees</Value>
</Feature>
<Feature>
  <Name className="java.lang.String">polarity</Name>
  <Value className="java.lang.String">negative</Value>
</Feature>
</Annotation>
<Annotation Id="63" Type="arg" StartNode="6537" EndNode="6653">
<Feature>
  <Name className="java.lang.String">ss-label</Name>
  <Value className="java.lang.String">forces_contraception</Value>
</Feature>
<Feature>
  <Name className="java.lang.String">unclear</Name>
  <Value className="java.lang.String">true</Value>
</Feature>
<Feature>
  <Name className="java.lang.String">type</Name>
  <Value className="java.lang.String">label</Value>
</Feature>
<Feature>
  <Name className="java.lang.String">polarity</Name>
  <Value className="java.lang.String">negative</Value>
</Feature>
</Annotation>
<Annotation Id="61" Type="arg" StartNode="6201" EndNode="6384">
<Feature>
  <Name className="java.lang.String">type</Name>
  <Value className="java.lang.String">label</Value>
</Feature>
<Feature>
  <Name className="java.lang.String">ss-label</Name>
  <Value className="java.lang.String">causes_unemployment</Value>
</Feature>
<Feature>
  <Name className="java.lang.String">polarity</Name>
  <Value className="java.lang.String">negative</Value>
</Feature>
</Annotation>
<Annotation Id="60" Type="arg" StartNode="5107" EndNode="5257">
<Feature>
  <Name className="java.lang.String">type</Name>
  <Value className="java.lang.String">label</Value>
</Feature>
<Feature>
  <Name className="java.lang.String">ss-label</Name>
  <Value className="java.lang.String">unpopular_among_public</Value>
</Feature>
<Feature>
  <Name className="java.lang.String">polarity</Name>
  <Value className="java.lang.String">negative</Value>
</Feature>
</Annotation>
<Annotation Id="68" Type="rel" StartNode="7665" EndNode="7830">
<Feature>
  <Name className="java.lang.String">type</Name>
  <Value className="java.lang.String">label</Value>
</Feature>
<Feature>
  <Name className="java.lang.String">ss-label</Name>
  <Value className="java.lang.String">unconstitutional</Value>
</Feature>
</Annotation>
<Annotation Id="69" Type="arg" StartNode="926" EndNode="1068">
<Feature>
  <Name className="java.lang.String">type</Name>
  <Value className="java.lang.String">label</Value>
</Feature>
<Feature>
  <Name className="java.lang.String">ss-label</Name>
  <Value className="java.lang.String">bill_is_failing_on_its_own</Value>
</Feature>
<Feature>
  <Name className="java.lang.String">polarity</Name>
  <Value className="java.lang.String">negative</Value>
</Feature>
</Annotation>
<Annotation Id="70" Type="rel" StartNode="2408" EndNode="2596">
<Feature>
  <Name className="java.lang.String">type</Name>
  <Value className="java.lang.String">label</Value>
</Feature>
<Feature>
  <Name className="java.lang.String">ss-label</Name>
  <Value className="java.lang.String">forces_unwanted_medicine_onto_individuals</Value>
</Feature>
</Annotation>
<Annotation Id="71" Type="rel" StartNode="3869" EndNode="3972">
<Feature>
  <Name className="java.lang.String">type</Name>
  <Value className="java.lang.String">label</Value>
</Feature>
<Feature>
  <Name className="java.lang.String">ss-label</Name>
  <Value className="java.lang.String">unconstitutional</Value>
</Feature>
</Annotation>
<Annotation Id="64" Type="rel" StartNode="6754" EndNode="6824">
<Feature>
  <Name className="java.lang.String">type</Name>
  <Value className="java.lang.String">label</Value>
</Feature>
<Feature>
  <Name className="java.lang.String">ss-label</Name>
  <Value className="java.lang.String">unpopular_among_public</Value>
</Feature>
<Feature>
  <Name className="java.lang.String">polarity</Name>
  <Value className="java.lang.String">negative</Value>
</Feature>
</Annotation>
<Annotation Id="65" Type="rel" StartNode="4371" EndNode="4588">
<Feature>
  <Name className="java.lang.String">prospect</Name>
  <Value className="java.lang.String"></Value>
</Feature>
<Feature>
  <Name className="java.lang.String">ss-label</Name>
  <Value className="java.lang.String">forces_contraception</Value>
</Feature>
<Feature>
  <Name className="java.lang.String">unclear</Name>
  <Value className="java.lang.String">true</Value>
</Feature>
<Feature>
  <Name className="java.lang.String">type</Name>
  <Value className="java.lang.String">label</Value>
</Feature>
<Feature>
  <Name className="java.lang.String">polarity</Name>
  <Value className="java.lang.String">negative</Value>
</Feature>
</Annotation>
<Annotation Id="67" Type="rel" StartNode="756" EndNode="924">
<Feature>
  <Name className="java.lang.String">type</Name>
  <Value className="java.lang.String">label</Value>
</Feature>
<Feature>
  <Name className="java.lang.String">ss-label</Name>
  <Value className="java.lang.String">bill_is_failing_on_its_own</Value>
</Feature>
</Annotation>
<Annotation Id="77" Type="rel" StartNode="6400" EndNode="6535">
<Feature>
  <Name className="java.lang.String">type</Name>
  <Value className="java.lang.String">label</Value>
</Feature>
<Feature>
  <Name className="java.lang.String">ss-label</Name>
  <Value className="java.lang.String">forces_contraception</Value>
</Feature>
</Annotation>
<Annotation Id="78" Type="rel" StartNode="6669" EndNode="6738">
<Feature>
  <Name className="java.lang.String">type</Name>
  <Value className="java.lang.String">label</Value>
</Feature>
<Feature>
  <Name className="java.lang.String">ss-label</Name>
  <Value className="java.lang.String">unconstitutional</Value>
</Feature>
</Annotation>
<Annotation Id="79" Type="rel" StartNode="7424" EndNode="7649">
<Feature>
  <Name className="java.lang.String">type</Name>
  <Value className="java.lang.String">label</Value>
</Feature>
<Feature>
  <Name className="java.lang.String">unclear</Name>
  <Value className="java.lang.String">true</Value>
</Feature>
<Feature>
  <Name className="java.lang.String">ss-label</Name>
  <Value className="java.lang.String">some_states_dislike</Value>
</Feature>
</Annotation>
<Annotation Id="72" Type="rel" StartNode="4734" EndNode="4831">
<Feature>
  <Name className="java.lang.String">type</Name>
  <Value className="java.lang.String">label</Value>
</Feature>
<Feature>
  <Name className="java.lang.String">ss-label</Name>
  <Value className="java.lang.String">unconstitutional</Value>
</Feature>
</Annotation>
<Annotation Id="73" Type="rel" StartNode="4833" EndNode="4880">
<Feature>
  <Name className="java.lang.String">type</Name>
  <Value className="java.lang.String">label</Value>
</Feature>
<Feature>
  <Name className="java.lang.String">ss-label</Name>
  <Value className="java.lang.String">unconstitutional</Value>
</Feature>
</Annotation>
<Annotation Id="74" Type="rel" StartNode="3616" EndNode="3790">
<Feature>
  <Name className="java.lang.String">type</Name>
  <Value className="java.lang.String">label</Value>
</Feature>
<Feature>
  <Name className="java.lang.String">ss-label</Name>
  <Value className="java.lang.String">bill_is_failing_on_its_own</Value>
</Feature>
</Annotation>
<Annotation Id="75" Type="rel" StartNode="3792" EndNode="3852">
<Feature>
  <Name className="java.lang.String">type</Name>
  <Value className="java.lang.String">label</Value>
</Feature>
<Feature>
  <Name className="java.lang.String">ss-label</Name>
  <Value className="java.lang.String">bill_is_failing_on_its_own</Value>
</Feature>
</Annotation>
<Annotation Id="85" Type="gfbf-object" StartNode="3459" EndNode="3496">
<Feature>
  <Name className="java.lang.String">writerAtt</Name>
  <Value className="java.lang.String">positive</Value>
</Feature>
</Annotation>
<Annotation Id="84" Type="gfbf" StartNode="3454" EndNode="3458">
<Feature>
  <Name className="java.lang.String">agentId</Name>
  <Value className="java.lang.String">96</Value>
</Feature>
<Feature>
  <Name className="java.lang.String">objectId</Name>
  <Value className="java.lang.String">85</Value>
</Feature>
<Feature>
  <Name className="java.lang.String">polarity</Name>
  <Value className="java.lang.String">badfor</Value>
</Feature>
</Annotation>
<Annotation Id="87" Type="gfbf-object" StartNode="5010" EndNode="5023">
<Feature>
  <Name className="java.lang.String">writerAtt</Name>
  <Value className="java.lang.String">negative</Value>
</Feature>
</Annotation>
<Annotation Id="86" Type="gfbf" StartNode="5000" EndNode="5009">
<Feature>
  <Name className="java.lang.String">agentId</Name>
  <Value className="java.lang.String">97</Value>
</Feature>
<Feature>
  <Name className="java.lang.String">objectId</Name>
  <Value className="java.lang.String">87</Value>
</Feature>
<Feature>
  <Name className="java.lang.String">polarity</Name>
  <Value className="java.lang.String">goodfor</Value>
</Feature>
</Annotation>
<Annotation Id="80" Type="gfbf" StartNode="995" EndNode="1006">
<Feature>
  <Name className="java.lang.String">agentId</Name>
  <Value className="java.lang.String">94</Value>
</Feature>
<Feature>
  <Name className="java.lang.String">objectId</Name>
  <Value className="java.lang.String">95</Value>
</Feature>
<Feature>
  <Name className="java.lang.String">polarity</Name>
  <Value className="java.lang.String">badfor</Value>
</Feature>
</Annotation>
<Annotation Id="83" Type="others" StartNode="1981" EndNode="1987">
<Feature>
  <Name className="java.lang.String">comment</Name>
  <Value className="java.lang.String">subjectivity as object</Value>
</Feature>
</Annotation>
<Annotation Id="82" Type="others" StartNode="1043" EndNode="1050">
<Feature>
  <Name className="java.lang.String">comment</Name>
  <Value className="java.lang.String">GadFor agent?</Value>
</Feature>
<Feature>
  <Name className="java.lang.String">polarity</Name>
  <Value className="java.lang.String">badfor</Value>
</Feature>
</Annotation>
<Annotation Id="93" Type="gfbf-object" StartNode="6334" EndNode="6353">
<Feature>
  <Name className="java.lang.String">writerAtt</Name>
  <Value className="java.lang.String">positive</Value>
</Feature>
</Annotation>
<Annotation Id="92" Type="gfbf" StartNode="6327" EndNode="6333">
<Feature>
  <Name className="java.lang.String">agentId</Name>
  <Value className="java.lang.String">99</Value>
</Feature>
<Feature>
  <Name className="java.lang.String">objectId</Name>
  <Value className="java.lang.String">93</Value>
</Feature>
<Feature>
  <Name className="java.lang.String">polarity</Name>
  <Value className="java.lang.String">badfor</Value>
</Feature>
</Annotation>
<Annotation Id="95" Type="gfbf-object" StartNode="1007" EndNode="1019">
<Feature>
  <Name className="java.lang.String">writerAtt</Name>
  <Value className="java.lang.String">negative</Value>
</Feature>
</Annotation>
<Annotation Id="94" Type="gfbf-agent" StartNode="939" EndNode="967">
<Feature>
  <Name className="java.lang.String">writerAtt</Name>
  <Value className="java.lang.String">positive</Value>
</Feature>
</Annotation>
<Annotation Id="89" Type="gfbf-object" StartNode="5082" EndNode="5092">
<Feature>
  <Name className="java.lang.String">writerAtt</Name>
  <Value className="java.lang.String">positive</Value>
</Feature>
</Annotation>
<Annotation Id="88" Type="gfbf" StartNode="5074" EndNode="5081">
<Feature>
  <Name className="java.lang.String">agentId</Name>
  <Value className="java.lang.String">98</Value>
</Feature>
<Feature>
  <Name className="java.lang.String">objectId</Name>
  <Value className="java.lang.String">89</Value>
</Feature>
<Feature>
  <Name className="java.lang.String">polarity</Name>
  <Value className="java.lang.String">badfor</Value>
</Feature>
</Annotation>
<Annotation Id="102" Type="gfbf-object" StartNode="1380" EndNode="1399">
<Feature>
  <Name className="java.lang.String">writerAtt</Name>
  <Value className="java.lang.String">negative</Value>
</Feature>
</Annotation>
<Annotation Id="103" Type="gfbf-agent" StartNode="1335" EndNode="1363">
<Feature>
  <Name className="java.lang.String">writerAtt</Name>
  <Value className="java.lang.String">positive</Value>
</Feature>
</Annotation>
<Annotation Id="101" Type="gfbf" StartNode="1373" EndNode="1379">
<Feature>
  <Name className="java.lang.String">agentId</Name>
  <Value className="java.lang.String">103</Value>
</Feature>
<Feature>
  <Name className="java.lang.String">objectId</Name>
  <Value className="java.lang.String">102</Value>
</Feature>
<Feature>
  <Name className="java.lang.String">polarity</Name>
  <Value className="java.lang.String">badfor</Value>
</Feature>
</Annotation>
<Annotation Id="98" Type="gfbf-agent" StartNode="5045" EndNode="5057">
<Feature>
  <Name className="java.lang.String">writerAtt</Name>
  <Value className="java.lang.String">negative</Value>
</Feature>
</Annotation>
<Annotation Id="99" Type="gfbf-agent" StartNode="6287" EndNode="6321">
<Feature>
  <Name className="java.lang.String">writerAtt</Name>
  <Value className="java.lang.String">negative</Value>
</Feature>
</Annotation>
<Annotation Id="96" Type="gfbf-agent" StartNode="3401" EndNode="3424">
<Feature>
  <Name className="java.lang.String">writerAtt</Name>
  <Value className="java.lang.String">negative</Value>
</Feature>
</Annotation>
<Annotation Id="97" Type="gfbf-agent" StartNode="4935" EndNode="4995">
<Feature>
  <Name className="java.lang.String">writerAtt</Name>
  <Value className="java.lang.String">negative</Value>
</Feature>
</Annotation>
<Annotation Id="111" Type="gfbf-agent" StartNode="2170" EndNode="2179">
<Feature>
  <Name className="java.lang.String">writerAtt</Name>
  <Value className="java.lang.String">positive</Value>
</Feature>
</Annotation>
<Annotation Id="108" Type="gfbf" StartNode="2189" EndNode="2194">
<Feature>
  <Name className="java.lang.String">agentId</Name>
  <Value className="java.lang.String">111</Value>
</Feature>
<Feature>
  <Name className="java.lang.String">objectId</Name>
  <Value className="java.lang.String">113</Value>
</Feature>
<Feature>
  <Name className="java.lang.String">polarity</Name>
  <Value className="java.lang.String">badfor</Value>
</Feature>
</Annotation>
<Annotation Id="106" Type="gfbf-agent" StartNode="1719" EndNode="1738">
<Feature>
  <Name className="java.lang.String">writerAtt</Name>
  <Value className="java.lang.String">positive</Value>
</Feature>
</Annotation>
<Annotation Id="104" Type="gfbf" StartNode="1747" EndNode="1753">
<Feature>
  <Name className="java.lang.String">agentId</Name>
  <Value className="java.lang.String">106</Value>
</Feature>
<Feature>
  <Name className="java.lang.String">objectId</Name>
  <Value className="java.lang.String">105</Value>
</Feature>
<Feature>
  <Name className="java.lang.String">polarity</Name>
  <Value className="java.lang.String">badfor</Value>
</Feature>
</Annotation>
<Annotation Id="105" Type="gfbf-object" StartNode="1754" EndNode="1777">
<Feature>
  <Name className="java.lang.String">writerAtt</Name>
  <Value className="java.lang.String">negative</Value>
</Feature>
</Annotation>
<Annotation Id="119" Type="gfbf" StartNode="2479" EndNode="2487">
<Feature>
  <Name className="java.lang.String">agentId</Name>
  <Value className="java.lang.String">118</Value>
</Feature>
<Feature>
  <Name className="java.lang.String">objectId</Name>
  <Value className="java.lang.String">120</Value>
</Feature>
<Feature>
  <Name className="java.lang.String">polarity</Name>
  <Value className="java.lang.String">badfor</Value>
</Feature>
</Annotation>
<Annotation Id="118" Type="gfbf-agent" StartNode="2455" EndNode="2478">
<Feature>
  <Name className="java.lang.String">writerAtt</Name>
  <Value className="java.lang.String">negative</Value>
</Feature>
</Annotation>
<Annotation Id="116" Type="gfbf-object" StartNode="2224" EndNode="2247">
<Feature>
  <Name className="java.lang.String">writerAtt</Name>
  <Value className="java.lang.String">negative</Value>
</Feature>
</Annotation>
<Annotation Id="115" Type="gfbf" StartNode="2214" EndNode="2223">
<Feature>
  <Name className="java.lang.String">agentId</Name>
  <Value className="java.lang.String">114</Value>
</Feature>
<Feature>
  <Name className="java.lang.String">polarity</Name>
  <Value className="java.lang.String">goodfor</Value>
</Feature>
<Feature>
  <Name className="java.lang.String">objectId</Name>
  <Value className="java.lang.String">116</Value>
</Feature>
</Annotation>
<Annotation Id="114" Type="gfbf-agent" StartNode="2195" EndNode="2210">
<Feature>
  <Name className="java.lang.String">writerAtt</Name>
  <Value className="java.lang.String">negative</Value>
</Feature>
</Annotation>
<Annotation Id="113" Type="gfbf-object" StartNode="2195" EndNode="2247">
<Feature>
  <Name className="java.lang.String">writerAtt</Name>
  <Value className="java.lang.String">negative</Value>
</Feature>
</Annotation>
<Annotation Id="127" Type="gfbf-agent" StartNode="4325" EndNode="4329">
<Feature>
  <Name className="java.lang.String">referentId</Name>
  <Value className="java.lang.String">130</Value>
</Feature>
<Feature>
  <Name className="java.lang.String">reference</Name>
  <Value className="java.lang.String">true</Value>
</Feature>
<Feature>
  <Name className="java.lang.String">writerAtt</Name>
  <Value className="java.lang.String">positive</Value>
</Feature>
</Annotation>
<Annotation Id="126" Type="gfbf-agent" StartNode="4261" EndNode="4289">
<Feature>
  <Name className="java.lang.String">writerAtt</Name>
  <Value className="java.lang.String">positive</Value>
</Feature>
</Annotation>
<Annotation Id="125" Type="gfbf-object" StartNode="4303" EndNode="4356">
<Feature>
  <Name className="java.lang.String">writerAtt</Name>
  <Value className="java.lang.String">positive</Value>
</Feature>
</Annotation>
<Annotation Id="124" Type="gfbf" StartNode="4290" EndNode="4302">
<Feature>
  <Name className="java.lang.String">agentId</Name>
  <Value className="java.lang.String">126</Value>
</Feature>
<Feature>
  <Name className="java.lang.String">objectId</Name>
  <Value className="java.lang.String">125</Value>
</Feature>
<Feature>
  <Name className="java.lang.String">polarity</Name>
  <Value className="java.lang.String">goodfor</Value>
</Feature>
</Annotation>
<Annotation Id="123" Type="gfbf-agent" StartNode="4039" EndNode="4062">
<Feature>
  <Name className="java.lang.String">writerAtt</Name>
  <Value className="java.lang.String">negative</Value>
</Feature>
</Annotation>
<Annotation Id="122" Type="gfbf-object" StartNode="4081" EndNode="4146">
<Feature>
  <Name className="java.lang.String">writerAtt</Name>
  <Value className="java.lang.String">negative</Value>
</Feature>
</Annotation>
<Annotation Id="121" Type="gfbf" StartNode="4069" EndNode="4080">
<Feature>
  <Name className="java.lang.String">agentId</Name>
  <Value className="java.lang.String">123</Value>
</Feature>
<Feature>
  <Name className="java.lang.String">objectId</Name>
  <Value className="java.lang.String">122</Value>
</Feature>
<Feature>
  <Name className="java.lang.String">polarity</Name>
  <Value className="java.lang.String">goodfor</Value>
</Feature>
</Annotation>
<Annotation Id="120" Type="gfbf-object" StartNode="2488" EndNode="2596">
<Feature>
  <Name className="java.lang.String">writerAtt</Name>
  <Value className="java.lang.String">positive</Value>
</Feature>
</Annotation>
</AnnotationSet>

<!-- Named annotation set -->

<AnnotationSet Name="Original markups">
<Annotation Id="0" Type="paragraph" StartNode="0" EndNode="754">
</Annotation>
<Annotation Id="1" Type="paragraph" StartNode="756" EndNode="1071">
</Annotation>
<Annotation Id="2" Type="paragraph" StartNode="1073" EndNode="1156">
</Annotation>
<Annotation Id="3" Type="paragraph" StartNode="1158" EndNode="1322">
</Annotation>
<Annotation Id="4" Type="paragraph" StartNode="1324" EndNode="1402">
</Annotation>
<Annotation Id="5" Type="paragraph" StartNode="1404" EndNode="1614">
</Annotation>
<Annotation Id="6" Type="paragraph" StartNode="1616" EndNode="1700">
</Annotation>
<Annotation Id="7" Type="paragraph" StartNode="1702" EndNode="1803">
</Annotation>
<Annotation Id="8" Type="paragraph" StartNode="1805" EndNode="2157">
</Annotation>
<Annotation Id="9" Type="paragraph" StartNode="2159" EndNode="2395">
</Annotation>
<Annotation Id="10" Type="paragraph" StartNode="2397" EndNode="2599">
</Annotation>
<Annotation Id="11" Type="paragraph" StartNode="2601" EndNode="2730">
</Annotation>
<Annotation Id="12" Type="paragraph" StartNode="2732" EndNode="2981">
</Annotation>
<Annotation Id="13" Type="paragraph" StartNode="2983" EndNode="3118">
</Annotation>
<Annotation Id="14" Type="paragraph" StartNode="3120" EndNode="3311">
</Annotation>
<Annotation Id="15" Type="paragraph" StartNode="3313" EndNode="3536">
</Annotation>
<Annotation Id="17" Type="paragraph" StartNode="3605" EndNode="3856">
</Annotation>
<Annotation Id="16" Type="paragraph" StartNode="3538" EndNode="3603">
</Annotation>
<Annotation Id="19" Type="paragraph" StartNode="3977" EndNode="4248">
</Annotation>
<Annotation Id="18" Type="paragraph" StartNode="3858" EndNode="3975">
</Annotation>
<Annotation Id="21" Type="paragraph" StartNode="4361" EndNode="4591">
</Annotation>
<Annotation Id="20" Type="paragraph" StartNode="4250" EndNode="4359">
</Annotation>
<Annotation Id="23" Type="paragraph" StartNode="4723" EndNode="4883">
</Annotation>
<Annotation Id="22" Type="paragraph" StartNode="4593" EndNode="4721">
</Annotation>
<Annotation Id="25" Type="paragraph" StartNode="5097" EndNode="5260">
</Annotation>
<Annotation Id="24" Type="paragraph" StartNode="4885" EndNode="5095">
</Annotation>
<Annotation Id="27" Type="paragraph" StartNode="5411" EndNode="5627">
</Annotation>
<Annotation Id="26" Type="paragraph" StartNode="5262" EndNode="5409">
</Annotation>
<Annotation Id="29" Type="paragraph" StartNode="6191" EndNode="6387">
</Annotation>
<Annotation Id="28" Type="paragraph" StartNode="5629" EndNode="6189">
</Annotation>
<Annotation Id="31" Type="paragraph" StartNode="6658" EndNode="6741">
</Annotation>
<Annotation Id="30" Type="paragraph" StartNode="6389" EndNode="6656">
</Annotation>
<Annotation Id="34" Type="paragraph" StartNode="7100" EndNode="7170">
</Annotation>
<Annotation Id="35" Type="paragraph" StartNode="7172" EndNode="7411">
</Annotation>
<Annotation Id="32" Type="paragraph" StartNode="6743" EndNode="6827">
</Annotation>
<Annotation Id="33" Type="paragraph" StartNode="6829" EndNode="7098">
</Annotation>
<Annotation Id="38" Type="paragraph" StartNode="7835" EndNode="7859">
</Annotation>
<Annotation Id="36" Type="paragraph" StartNode="7413" EndNode="7652">
</Annotation>
<Annotation Id="37" Type="paragraph" StartNode="7654" EndNode="7833">
</Annotation>
</AnnotationSet>

</GateDocument>
