<?xml version='1.0' encoding='US-ASCII'?>
<GateDocument version="2">
<!-- The document's features-->

<GateDocumentFeatures>
<Feature>
  <Name className="java.lang.String">gate.SourceURL</Name>
  <Value className="java.lang.String">file:/home/conrada/Dropbox/healthcare_devel_data_final/hc045.txt</Value>
</Feature>
<Feature>
  <Name className="java.lang.String">MimeType</Name>
  <Value className="java.lang.String">text/plain</Value>
</Feature>
<Feature>
  <Name className="java.lang.String">docNewLineType</Name>
  <Value className="java.lang.String">CRLF</Value>
</Feature>
</GateDocumentFeatures>
<!-- The document content area with serialized nodes -->

<TextWithNodes><Node id="0"/>Jay Ambrose: MacDonald's gives lesson in ObamaCare
01:00 AM EDT on Saturday, October 30, 2010
By Jay Ambrose
DENVER
 Given their specialty of hamburgers, <Node id="154"/>their drive-through<Node id="173"/> <Node id="174"/>catering to<Node id="185"/> <Node id="186"/>people<Node id="192"/> in a hurry, their trans-fat retreat in response to activists wanting to dictate how the rest of us eat, <Node id="297"/>McDonald's restaurants<Node id="319"/> sum up many things American.
 <Node id="350"/>Add this to the list - a brush with the business-busting insanity of Obamacare<Node id="428"/>.

 <Node id="432"/>It's true and still another signal among many that it's time to <Node id="496"/>retire<Node id="502"/> <Node id="503"/>the power abusers who <Node id="525"/>gave us this travesty parading as rescue<Node id="565"/>.
 The story is this.
 <Node id="588"/>McDonald's and 29 other entities faced having to drop a total of a million people from any insurance coverage at all to avoid a demand by the new health law that they otherwise increase benefits for low-wage employees<Node id="805"/>.
 <Node id="808"/>They couldn't afford it and the government provided waivers negating its demands<Node id="888"/>.
 <Node id="891"/>The incident recalls what House Speaker Nancy Pelosi once said - that the health-care remake had to be passed so everyone could find out what was in it<Node id="1042"/>.

 <Node id="1046"/>Even before enactment, with thousands of details still dihidden, it was clear the concoction was going to be a massive mess, but the revelations since then have outdone the direst predictions<Node id="1237"/>.
 <Node id="1240"/>The capacity of this law for mayhem?<Node id="1276"/> Endless.
 <Node id="1287"/>The McDonald's perplexity is just a start, but is worth focusing on for a second<Node id="1367"/>.
 <Node id="1370"/>Insurance benefits for the workers in question are meager, but the idea that <Node id="1447"/>the remedy<Node id="1457"/> is simply to <Node id="1471"/>force<Node id="1476"/> <Node id="1477"/>businesses<Node id="1487"/> to spend more is economic <Node id="1514"/>idiocy<Node id="1520"/> of the first order<Node id="1539"/>.

 <Node id="1543"/>The consequence could be layoffs or even eventual business failure, only here we also had the option of no employer-provided insurance at all, meaning that <Node id="1699"/>a law<Node id="1704"/> meant to <Node id="1714"/>extend<Node id="1720"/> <Node id="1721"/>coverage to more people<Node id="1744"/> could have <Node id="1756"/>eliminated<Node id="1766"/> <Node id="1767"/>coverage for many<Node id="1784"/>.

 <Node id="1788"/>In four years, employers bowing out of such requirements would instead pay a lesser penalty helping to finance alternative organizations providing insurance<Node id="1944"/>.

 <Node id="1948"/>If that sounds like everything would then be hunky-dory, consider that the exchanges would also be heavily subsidized by the government, part of a new entitlement on top of the old entitlements of Medicare, Social Security and Medicaid already threatening an economy-devastating debt crisis<Node id="2238"/>.

 <Node id="2242"/>The reprieve for McDonald's and the other businesses is just for a year, and meanwhile, <Node id="2330"/>some other companies big and small<Node id="2364"/> are already taking a hit financially while still <Node id="2414"/>others<Node id="2420"/> are <Node id="2425"/>inhibited<Node id="2434"/> from expansion by <Node id="2453"/>fear of how <Node id="2465"/>this law<Node id="2473"/> would then <Node id="2485"/>punish<Node id="2491"/> <Node id="2492"/>them<Node id="2496"/> even more<Node id="2506"/>.

 <Node id="2510"/>All of this comes at the worst possible time, helping to keep high jobless rates intact - but wait, there's more<Node id="2622"/>.
 <Node id="2625"/>The demands of this law are <Node id="2653"/>pushing<Node id="2660"/> numbers of physician-owned and charitable hospitals to either <Node id="2723"/>fold their tents<Node id="2739"/> or become part of much bigger outfits<Node id="2777"/>.

 <Node id="2781"/>It's also reported that bankruptcies are likely to flow from attempts by Obamacare to transform insurance companies into welfare agencies<Node id="2918"/>.

 <Node id="2922"/>Premiums are going up partly in response to the law and will probably go up considerably more if insurance companies are to stay alive<Node id="3056"/>.

 <Node id="3060"/>States that already have their backs to the wall are also going to have to pay a ton more into Medicaid<Node id="3163"/>.

 <Node id="3167"/>Let's agree that<Node id="3183"/> the law does some good while agreeing as well that we could have gotten where we needed to go by prudent, relatively inexpensive, non-intrusive steps such as tort reform, allowing national insurance-company competition and gradually redirecting government subsidies of employer-provided insurance to individuals<Node id="3495"/>.

 <Node id="3499"/>Virtually everyone could have improved insurance at far less cost to consumers, businesses and the government than what we will get with Obamacare, an extravagant welfare-state expansion of the sort much of Europe is now trying to undo before Europe itself is undone<Node id="3765"/>.

Jay Ambrose ( SpeaktoJay@aol.com), formerly Washington director of editorial policy for Scripps Howard Newspapers, is a columnist living in Colorado.
<Node id="3918"/></TextWithNodes>
<!-- The default annotation set -->

<AnnotationSet>
<Annotation Id="1" Type="doc" StartNode="0" EndNode="3918">
<Feature>
  <Name className="java.lang.String">id</Name>
  <Value className="java.lang.String">hc045</Value>
</Feature>
<Feature>
  <Name className="java.lang.String">author</Name>
  <Value className="java.lang.String">Jay,Ambrose</Value>
</Feature>
<Feature>
  <Name className="java.lang.String">date</Name>
  <Value className="java.lang.String">20101030</Value>
</Feature>
<Feature>
  <Name className="java.lang.String">source</Name>
  <Value className="java.lang.String">The,Providence,Journal,projo</Value>
</Feature>
<Feature>
  <Name className="java.lang.String">side</Name>
  <Value className="java.lang.String">anti</Value>
</Feature>
<Feature>
  <Name className="java.lang.String">url</Name>
  <Value className="java.lang.String">http://www.projo.com/opinion/contributors/content/CT_ambrose30_10-30-10_SGKJTTU_v17.275827c.html </Value>
</Feature>
</Annotation>
<Annotation Id="3" Type="arg" StartNode="350" EndNode="428">
<Feature>
  <Name className="java.lang.String">ss-label</Name>
  <Value className="java.lang.String">hurts_businesses</Value>
</Feature>
<Feature>
  <Name className="java.lang.String">type</Name>
  <Value className="java.lang.String">label</Value>
</Feature>
<Feature>
  <Name className="java.lang.String">polarity</Name>
  <Value className="java.lang.String">negative</Value>
</Feature>
<Feature>
  <Name className="java.lang.String">incomplete</Name>
  <Value className="java.lang.String">true</Value>
</Feature>
</Annotation>
<Annotation Id="4" Type="rel" StartNode="891" EndNode="1042">
<Feature>
  <Name className="java.lang.String">ss-label</Name>
  <Value className="java.lang.String">bill_pushed_through_too_quickly</Value>
</Feature>
<Feature>
  <Name className="java.lang.String">unclear</Name>
  <Value className="java.lang.String">true</Value>
</Feature>
<Feature>
  <Name className="java.lang.String">type</Name>
  <Value className="java.lang.String">label</Value>
</Feature>
<Feature>
  <Name className="java.lang.String">polarity</Name>
  <Value className="java.lang.String">negative</Value>
</Feature>
</Annotation>
<Annotation Id="6" Type="arg" StartNode="3499" EndNode="3765">
<Feature>
  <Name className="java.lang.String">type</Name>
  <Value className="java.lang.String">label</Value>
</Feature>
<Feature>
  <Name className="java.lang.String">ss-label</Name>
  <Value className="java.lang.String">similar_programs_have_failed_abroad</Value>
</Feature>
<Feature>
  <Name className="java.lang.String">polarity</Name>
  <Value className="java.lang.String">negative</Value>
</Feature>
</Annotation>
<Annotation Id="8" Type="arg" StartNode="1370" EndNode="1539">
<Feature>
  <Name className="java.lang.String">unclear</Name>
  <Value className="java.lang.String">true</Value>
</Feature>
<Feature>
  <Name className="java.lang.String">ss-label</Name>
  <Value className="java.lang.String">hurts_businesses</Value>
</Feature>
<Feature>
  <Name className="java.lang.String">type</Name>
  <Value className="java.lang.String">label</Value>
</Feature>
<Feature>
  <Name className="java.lang.String">polarity</Name>
  <Value className="java.lang.String">negative</Value>
</Feature>
<Feature>
  <Name className="java.lang.String">incomplete</Name>
  <Value className="java.lang.String">true</Value>
</Feature>
</Annotation>
<Annotation Id="9" Type="arg" StartNode="1543" EndNode="1784">
<Feature>
  <Name className="java.lang.String">type</Name>
  <Value className="java.lang.String">label</Value>
</Feature>
<Feature>
  <Name className="java.lang.String">ss-label</Name>
  <Value className="java.lang.String">businesses_will_stop_offering_insurance_to_employees</Value>
</Feature>
<Feature>
  <Name className="java.lang.String">polarity</Name>
  <Value className="java.lang.String">negative</Value>
</Feature>
</Annotation>
<Annotation Id="11" Type="rel" StartNode="1788" EndNode="1944">
<Feature>
  <Name className="java.lang.String">type</Name>
  <Value className="java.lang.String">label</Value>
</Feature>
<Feature>
  <Name className="java.lang.String">ss-label</Name>
  <Value className="java.lang.String">businesses_will_stop_offering_insurance_to_employees</Value>
</Feature>
</Annotation>
<Annotation Id="12" Type="rel" StartNode="1948" EndNode="2238">
<Feature>
  <Name className="java.lang.String">unclear</Name>
  <Value className="java.lang.String">true</Value>
</Feature>
<Feature>
  <Name className="java.lang.String">ss-label</Name>
  <Value className="java.lang.String">increases_govt_spending</Value>
</Feature>
<Feature>
  <Name className="java.lang.String">type</Name>
  <Value className="java.lang.String">label</Value>
</Feature>
<Feature>
  <Name className="java.lang.String">polarity</Name>
  <Value className="java.lang.String">negative</Value>
</Feature>
</Annotation>
<Annotation Id="13" Type="arg" StartNode="2242" EndNode="2506">
<Feature>
  <Name className="java.lang.String">type</Name>
  <Value className="java.lang.String">label</Value>
</Feature>
<Feature>
  <Name className="java.lang.String">ss-label</Name>
  <Value className="java.lang.String">hurts_businesses</Value>
</Feature>
<Feature>
  <Name className="java.lang.String">polarity</Name>
  <Value className="java.lang.String">negative</Value>
</Feature>
</Annotation>
<Annotation Id="14" Type="arg" StartNode="2510" EndNode="2622">
<Feature>
  <Name className="java.lang.String">unclear</Name>
  <Value className="java.lang.String">true</Value>
</Feature>
<Feature>
  <Name className="java.lang.String">ss-label</Name>
  <Value className="java.lang.String">causes_unemployment</Value>
</Feature>
<Feature>
  <Name className="java.lang.String">type</Name>
  <Value className="java.lang.String">label</Value>
</Feature>
<Feature>
  <Name className="java.lang.String">polarity</Name>
  <Value className="java.lang.String">negative</Value>
</Feature>
<Feature>
  <Name className="java.lang.String">incomplete</Name>
  <Value className="java.lang.String">true</Value>
</Feature>
</Annotation>
<Annotation Id="15" Type="arg" StartNode="2625" EndNode="2777">
<Feature>
  <Name className="java.lang.String">unclear</Name>
  <Value className="java.lang.String">true</Value>
</Feature>
<Feature>
  <Name className="java.lang.String">ss-label</Name>
  <Value className="java.lang.String">reduces_availability_of_medical_care</Value>
</Feature>
<Feature>
  <Name className="java.lang.String">type</Name>
  <Value className="java.lang.String">label</Value>
</Feature>
<Feature>
  <Name className="java.lang.String">polarity</Name>
  <Value className="java.lang.String">negative</Value>
</Feature>
</Annotation>
<Annotation Id="17" Type="arg" StartNode="2922" EndNode="3056">
<Feature>
  <Name className="java.lang.String">prospect</Name>
  <Value className="java.lang.String">loss</Value>
</Feature>
<Feature>
  <Name className="java.lang.String">ss-label</Name>
  <Value className="java.lang.String">individuals_will_pay_more</Value>
</Feature>
<Feature>
  <Name className="java.lang.String">type</Name>
  <Value className="java.lang.String">label</Value>
</Feature>
<Feature>
  <Name className="java.lang.String">group</Name>
  <Value className="java.lang.String">self-group</Value>
</Feature>
<Feature>
  <Name className="java.lang.String">polarity</Name>
  <Value className="java.lang.String">negative</Value>
</Feature>
</Annotation>
<Annotation Id="16" Type="arg" StartNode="2781" EndNode="2918">
<Feature>
  <Name className="java.lang.String">type</Name>
  <Value className="java.lang.String">label</Value>
</Feature>
<Feature>
  <Name className="java.lang.String">ss-label</Name>
  <Value className="java.lang.String">will_eliminate_private_insurance</Value>
</Feature>
<Feature>
  <Name className="java.lang.String">polarity</Name>
  <Value className="java.lang.String">negative</Value>
</Feature>
</Annotation>
<Annotation Id="19" Type="arg" StartNode="3167" EndNode="3495">
<Feature>
  <Name className="java.lang.String">type</Name>
  <Value className="java.lang.String">label</Value>
</Feature>
<Feature>
  <Name className="java.lang.String">ss-label</Name>
  <Value className="java.lang.String">smaller_reforms_more_appropriate</Value>
</Feature>
<Feature>
  <Name className="java.lang.String">polarity</Name>
  <Value className="java.lang.String">positive</Value>
</Feature>
</Annotation>
<Annotation Id="18" Type="arg" StartNode="3060" EndNode="3163">
<Feature>
  <Name className="java.lang.String">type</Name>
  <Value className="java.lang.String">label</Value>
</Feature>
<Feature>
  <Name className="java.lang.String">ss-label</Name>
  <Value className="java.lang.String">spends_too_much_on_medicaid</Value>
</Feature>
<Feature>
  <Name className="java.lang.String">polarity</Name>
  <Value className="java.lang.String">negative</Value>
</Feature>
</Annotation>
<Annotation Id="21" Type="arg" StartNode="432" EndNode="565">
<Feature>
  <Name className="java.lang.String">type</Name>
  <Value className="java.lang.String">else</Value>
</Feature>
<Feature>
  <Name className="java.lang.String">polarity</Name>
  <Value className="java.lang.String">negative</Value>
</Feature>
</Annotation>
<Annotation Id="23" Type="rel" StartNode="808" EndNode="888">
<Feature>
  <Name className="java.lang.String">type</Name>
  <Value className="java.lang.String">label</Value>
</Feature>
<Feature>
  <Name className="java.lang.String">ss-label</Name>
  <Value className="java.lang.String">businesses_will_stop_offering_insurance_to_employees</Value>
</Feature>
<Feature>
  <Name className="java.lang.String">polarity</Name>
  <Value className="java.lang.String"></Value>
</Feature>
</Annotation>
<Annotation Id="22" Type="rel" StartNode="588" EndNode="805">
<Feature>
  <Name className="java.lang.String">type</Name>
  <Value className="java.lang.String">label</Value>
</Feature>
<Feature>
  <Name className="java.lang.String">ss-label</Name>
  <Value className="java.lang.String">businesses_will_stop_offering_insurance_to_employees</Value>
</Feature>
</Annotation>
<Annotation Id="25" Type="rel" StartNode="1240" EndNode="1276">
<Feature>
  <Name className="java.lang.String">type</Name>
  <Value className="java.lang.String">label</Value>
</Feature>
<Feature>
  <Name className="java.lang.String">ss-label</Name>
  <Value className="java.lang.String">leads_to_economic_uncertainty</Value>
</Feature>
</Annotation>
<Annotation Id="24" Type="arg" StartNode="1046" EndNode="1237">
<Feature>
  <Name className="java.lang.String"></Name>
  <Value className="java.lang.String">true</Value>
</Feature>
<Feature>
  <Name className="java.lang.String">ss-label</Name>
  <Value className="java.lang.String">leads_to_economic_uncertainty</Value>
</Feature>
<Feature>
  <Name className="java.lang.String">type</Name>
  <Value className="java.lang.String">label</Value>
</Feature>
<Feature>
  <Name className="java.lang.String">polarity</Name>
  <Value className="java.lang.String">negative</Value>
</Feature>
</Annotation>
<Annotation Id="27" Type="gfbf" StartNode="496" EndNode="502">
<Feature>
  <Name className="java.lang.String">agentId</Name>
  <Value className="java.lang.String">implicit</Value>
</Feature>
<Feature>
  <Name className="java.lang.String">objectId</Name>
  <Value className="java.lang.String">47</Value>
</Feature>
<Feature>
  <Name className="java.lang.String">polarity</Name>
  <Value className="java.lang.String">badfor</Value>
</Feature>
</Annotation>
<Annotation Id="26" Type="rel" StartNode="1287" EndNode="1367">
<Feature>
  <Name className="java.lang.String">type</Name>
  <Value className="java.lang.String">label</Value>
</Feature>
<Feature>
  <Name className="java.lang.String">ss-label</Name>
  <Value className="java.lang.String">hurts_businesses</Value>
</Feature>
</Annotation>
<Annotation Id="29" Type="others" StartNode="525" EndNode="565">
<Feature>
  <Name className="java.lang.String">comment</Name>
  <Value className="java.lang.String">give sb sth</Value>
</Feature>
</Annotation>
<Annotation Id="34" Type="others" StartNode="1514" EndNode="1520">
<Feature>
  <Name className="java.lang.String">comment</Name>
  <Value className="java.lang.String">subjectivity?</Value>
</Feature>
</Annotation>
<Annotation Id="35" Type="gfbf" StartNode="1714" EndNode="1720">
<Feature>
  <Name className="java.lang.String">agentId</Name>
  <Value className="java.lang.String">50</Value>
</Feature>
<Feature>
  <Name className="java.lang.String">objectId</Name>
  <Value className="java.lang.String">37</Value>
</Feature>
<Feature>
  <Name className="java.lang.String">polarity</Name>
  <Value className="java.lang.String">goodfor</Value>
</Feature>
</Annotation>
<Annotation Id="32" Type="gfbf" StartNode="1471" EndNode="1476">
<Feature>
  <Name className="java.lang.String">agentId</Name>
  <Value className="java.lang.String">49</Value>
</Feature>
<Feature>
  <Name className="java.lang.String">objectId</Name>
  <Value className="java.lang.String">33</Value>
</Feature>
<Feature>
  <Name className="java.lang.String">polarity</Name>
  <Value className="java.lang.String">badfor</Value>
</Feature>
</Annotation>
<Annotation Id="33" Type="gfbf-object" StartNode="1477" EndNode="1487">
<Feature>
  <Name className="java.lang.String">writerAtt</Name>
  <Value className="java.lang.String">positive</Value>
</Feature>
</Annotation>
<Annotation Id="38" Type="gfbf" StartNode="1756" EndNode="1766">
<Feature>
  <Name className="java.lang.String">agentId</Name>
  <Value className="java.lang.String">51</Value>
</Feature>
<Feature>
  <Name className="java.lang.String">objectId</Name>
  <Value className="java.lang.String">39</Value>
</Feature>
<Feature>
  <Name className="java.lang.String">polarity</Name>
  <Value className="java.lang.String">badfor</Value>
</Feature>
</Annotation>
<Annotation Id="39" Type="gfbf-object" StartNode="1767" EndNode="1784">
<Feature>
  <Name className="java.lang.String">writerAtt</Name>
  <Value className="java.lang.String">positive</Value>
</Feature>
</Annotation>
<Annotation Id="37" Type="gfbf-object" StartNode="1721" EndNode="1744">
<Feature>
  <Name className="java.lang.String">writerAtt</Name>
  <Value className="java.lang.String">positive</Value>
</Feature>
</Annotation>
<Annotation Id="42" Type="gfbf" StartNode="2485" EndNode="2491">
<Feature>
  <Name className="java.lang.String">agentId</Name>
  <Value className="java.lang.String">54</Value>
</Feature>
<Feature>
  <Name className="java.lang.String">objectId</Name>
  <Value className="java.lang.String">43</Value>
</Feature>
<Feature>
  <Name className="java.lang.String">polarity</Name>
  <Value className="java.lang.String">badfor</Value>
</Feature>
</Annotation>
<Annotation Id="43" Type="gfbf-object" StartNode="2492" EndNode="2496">
<Feature>
  <Name className="java.lang.String">referentId</Name>
  <Value className="java.lang.String">55</Value>
</Feature>
<Feature>
  <Name className="java.lang.String">writerAtt</Name>
  <Value className="java.lang.String">positive</Value>
</Feature>
<Feature>
  <Name className="java.lang.String">refererence</Name>
  <Value className="java.lang.String">true</Value>
</Feature>
</Annotation>
<Annotation Id="40" Type="gfbf" StartNode="2425" EndNode="2434">
<Feature>
  <Name className="java.lang.String">agentId</Name>
  <Value className="java.lang.String">53</Value>
</Feature>
<Feature>
  <Name className="java.lang.String">objectId</Name>
  <Value className="java.lang.String">41</Value>
</Feature>
<Feature>
  <Name className="java.lang.String">polarity</Name>
  <Value className="java.lang.String">badfor</Value>
</Feature>
</Annotation>
<Annotation Id="41" Type="gfbf-object" StartNode="2414" EndNode="2420">
<Feature>
  <Name className="java.lang.String">referentId</Name>
  <Value className="java.lang.String">55</Value>
</Feature>
<Feature>
  <Name className="java.lang.String">writerAtt</Name>
  <Value className="java.lang.String">positive</Value>
</Feature>
<Feature>
  <Name className="java.lang.String">refererence</Name>
  <Value className="java.lang.String">true</Value>
</Feature>
</Annotation>
<Annotation Id="46" Type="others" StartNode="3167" EndNode="3183">
<Feature>
  <Name className="java.lang.String">comment</Name>
  <Value className="java.lang.String">negative???</Value>
</Feature>
</Annotation>
<Annotation Id="47" Type="gfbf-object" StartNode="503" EndNode="565">
<Feature>
  <Name className="java.lang.String">writerAtt</Name>
  <Value className="java.lang.String">negative</Value>
</Feature>
</Annotation>
<Annotation Id="44" Type="others" StartNode="2723" EndNode="2739">
<Feature>
  <Name className="java.lang.String">comment</Name>
  <Value className="java.lang.String">negative???</Value>
</Feature>
</Annotation>
<Annotation Id="45" Type="others" StartNode="2653" EndNode="2660">
<Feature>
  <Name className="java.lang.String">comment</Name>
  <Value className="java.lang.String">??? BadFor or push sb to do sth.</Value>
</Feature>
</Annotation>
<Annotation Id="51" Type="gfbf-agent" StartNode="1699" EndNode="1744">
<Feature>
  <Name className="java.lang.String">writerAtt</Name>
  <Value className="java.lang.String">positive</Value>
</Feature>
</Annotation>
<Annotation Id="50" Type="gfbf-agent" StartNode="1699" EndNode="1704">
<Feature>
  <Name className="java.lang.String">writerAtt</Name>
  <Value className="java.lang.String">positive</Value>
</Feature>
</Annotation>
<Annotation Id="49" Type="gfbf-agent" StartNode="1447" EndNode="1457">
<Feature>
  <Name className="java.lang.String">unclear</Name>
  <Value className="java.lang.String">true</Value>
</Feature>
<Feature>
  <Name className="java.lang.String">writerAtt</Name>
  <Value className="java.lang.String">negative</Value>
</Feature>
</Annotation>
<Annotation Id="55" Type="referent" StartNode="2330" EndNode="2364">
<Feature>
  <Name className="java.lang.String">writerAtt</Name>
  <Value className="java.lang.String">positive</Value>
</Feature>
</Annotation>
<Annotation Id="54" Type="gfbf-agent" StartNode="2465" EndNode="2473">
<Feature>
  <Name className="java.lang.String">writerAtt</Name>
  <Value className="java.lang.String">negative</Value>
</Feature>
</Annotation>
<Annotation Id="53" Type="gfbf-agent" StartNode="2453" EndNode="2506">
<Feature>
  <Name className="java.lang.String">writerAtt</Name>
  <Value className="java.lang.String">negative</Value>
</Feature>
</Annotation>
<Annotation Id="59" Type="referent" StartNode="297" EndNode="319">
<Feature>
  <Name className="java.lang.String">writerAtt</Name>
  <Value className="java.lang.String">positive</Value>
</Feature>
</Annotation>
<Annotation Id="58" Type="gfbf-agent" StartNode="154" EndNode="173">
<Feature>
  <Name className="java.lang.String">referentId</Name>
  <Value className="java.lang.String">59</Value>
</Feature>
<Feature>
  <Name className="java.lang.String">reference</Name>
  <Value className="java.lang.String">true</Value>
</Feature>
<Feature>
  <Name className="java.lang.String">writerAtt</Name>
  <Value className="java.lang.String">positive</Value>
</Feature>
</Annotation>
<Annotation Id="57" Type="gfbf-object" StartNode="186" EndNode="192">
<Feature>
  <Name className="java.lang.String">writerAtt</Name>
  <Value className="java.lang.String">positive</Value>
</Feature>
</Annotation>
<Annotation Id="56" Type="gfbf" StartNode="174" EndNode="185">
<Feature>
  <Name className="java.lang.String">agentId</Name>
  <Value className="java.lang.String">58</Value>
</Feature>
<Feature>
  <Name className="java.lang.String">objectId</Name>
  <Value className="java.lang.String">57</Value>
</Feature>
<Feature>
  <Name className="java.lang.String">polarity</Name>
  <Value className="java.lang.String">goodfor</Value>
</Feature>
</Annotation>
</AnnotationSet>

<!-- Named annotation set -->

<AnnotationSet Name="Original markups">
<Annotation Id="0" Type="paragraph" StartNode="0" EndNode="3918">
</Annotation>
</AnnotationSet>

</GateDocument>
