<?xml version='1.0' encoding='MacRoman'?>
<GateDocument>
<!-- The document's features-->

<GateDocumentFeatures>
<Feature>
  <Name className="java.lang.String">gate.SourceURL</Name>
  <Value className="java.lang.String">file:/home/conrada/Dropbox/healthcare_devel_data_final/hc040.txt</Value>
</Feature>
<Feature>
  <Name className="java.lang.String">MimeType</Name>
  <Value className="java.lang.String">text/plain</Value>
</Feature>
<Feature>
  <Name className="java.lang.String">docNewLineType</Name>
  <Value className="java.lang.String">CRLF</Value>
</Feature>
</GateDocumentFeatures>
<!-- The document content area with serialized nodes -->

<TextWithNodes><Node id="0" />Swindling<Node id="9" /> <Node id="10" />our seniors<Node id="21" />: AARP shills for White House on Obamacare<Node id="63" />
BY LAWRENCE HUNTER
Tuesday, August 3rd 2010, 4:00 AM
 <Node id="118" />For most of last year, AARP was the White House's designated huckster with lawmakers on Capitol Hill to pass comprehensive health care reform legislation and cut Medicare by $500 billion.
<Node id="307" />
 <Node id="309" />This calculated move by AARP<Node id="337" />, which will virtually <Node id="360" />destroy<Node id="367" /> <Node id="368" />the popular Medicare Advantage program<Node id="406" />, will vastly <Node id="420" />increase<Node id="428" /> <Node id="429" />the demand for medigap supplemental insurance - AARP's primary insurance product<Node id="509" />.
<Node id="511" />
 <Node id="513" />This was a cynical and calculated move for a non-profit organization that is supposed to be advocating for the elderly - not its own business interests<Node id="664" />.
 <Node id="667" />Today, Obamacare is the law of the land, and <Node id="712" />AARP<Node id="716" /> has moved on to become the White House's chosen shill with older Americans, <Node id="793" />hawking<Node id="800" /> <Node id="801" />Obamacare<Node id="810" /> like some kind of midway carny to convince seniors that AARP and Obamacare work for them<Node id="899" />.

 <Node id="903" />Despite its insistence that "We Never Stop Working for You," AARP works for the White House and on behalf of its own high-paid staff, not its members<Node id="1052" />.

 <Node id="1056" />In turn, Obamacare works for liberal politicians and the government-corporate-nonprofit health care complex, which is composed of big government bureaucracies, labor unions, AARP, big pharma and big insurance companies<Node id="1274" />.

 <Node id="1279" />What was sold as a bold new path to universal coverage is, at least as far as AARP is concerned, <Node id="1376" />a bait-and-switch snare<Node id="1399" /> designed to <Node id="1412" />distract<Node id="1420" /> <Node id="1421" />older people with token<Node id="1444" /> benefit enrichments.
<Node id="1467" />
 <Node id="1469" />Meanwhile, structural changes to Medicare will ration health care, <Node id="1536" />sending them out into the cold and, surely enough, to an early grave<Node id="1604" />.

 <Node id="1608" />The best evidence of AARP's treachery toward its members was its full-throated support of Obamacare's $500 billion cuts to Medicare<Node id="1739" />.
 <Node id="1743" />According to Heritage Foundation research by Bob Moffit, "Medicare Advantage plans, which currently attract almost one in four seniors, will see enrollment cut roughly in half over the next 10 years<Node id="1941" />."
 <Node id="1946" />This despite repeated assurances by President Obama that, "No matter what you've heard, if you like your doctor or your current health care plan, you can keep it<Node id="2107" />."
 <Node id="2111" />Far from being able to keep their current health care plan, <Node id="2171" />many senior citizens<Node id="2191" /> will be <Node id="2200" />forced<Node id="2206" /> to leave their Medicare Advantage plans and become more dependent on traditional Medicare<Node id="2296" />.

 <Node id="2301" />That is to say, seniors will <Node id="2330" />have less generous benefit packages and fewer health care choices<Node id="2395" /> and will <Node id="2405" />be herded into<Node id="2419" /> less desirable Medicare supplemental insurance plans - which, not coincidently, are the staple of AARP's billion-dollar insurance empire<Node id="2556" />.
 <Node id="2559" />AARP's Medicare supplemental insurance products have had an increasingly difficult time competing with Medicare Advantage plans in recent years<Node id="2702" />.

 <Node id="2707" />So, <Node id="2711" />in the name of "working for seniors,"<Node id="2748" /> AARP worked with the White House to feather its own corporate nest by using <Node id="2825" />the power of the federal government<Node id="2860" /> to <Node id="2864" />destroy<Node id="2871" /> <Node id="2872" />its Medicare Advantage competitor<Node id="2905" />.

 <Node id="2909" />AARP's<Node id="2915" /> propaganda campaign to <Node id="2939" />snooker <Node id="2947" />the elderly<Node id="2958" /> into compliance<Node id="2974" /> while <Node id="2981" />they<Node id="2985" /> are <Node id="2990" />driven<Node id="2996" /> unceremoniously into AARP's insurance sweet spot is brazen and deceptive<Node id="3069" />.
n
 <Node id="3075" />For example, AARP's communications director in Ohio has been vocally insisting, despite overwhelming evidence to the contrary, that the changes taking place in Medicare under Obamacare are only to benefit seniors:
<Node id="3289" />
 "This new law gives seniors and their families greater savings, better benefits and higher-quality health care.
 That's why it ensures accountability throughout the system so that seniors have greater control over the care that they receive.
 And that's why it keeps Medicare strong and solvent - today and tomorrow."
 The facts are exactly the opposite.
 <Node id="3650" />With an unfunded liability of at least $86 trillion, Medicare is insolvent today by any standard measure of financial soundness, and it only gets worse under Obamacare<Node id="3817" />.
 <Node id="3821" />With the destruction of Medicare Advantage and <Node id="3868" />the new rules<Node id="3881" /> to <Node id="3885" />limit<Node id="3890" /> <Node id="3891" />care<Node id="3895" /> and <Node id="3900" />restrict<Node id="3908" /> <Node id="3909" />doctor reimbursement<Node id="3929" />, seniors will <Node id="3944" />have fewer choices and less control over their health care<Node id="4002" />.

 <Node id="4006" />The quality of health care will inevitably <Node id="4049" />deteriorate, not improve<Node id="4073" />, under the enormous pressures on doctors and health care providers that will be set in motion under Obamacare.<Node id="4184" />

 <Node id="4188" />While <Node id="4194" />AARP<Node id="4198" /> attempts to <Node id="4211" />lull<Node id="4215" /> <Node id="4216" />seniors<Node id="4223" /> into placid compliance with the new health care regime, rationing is just around the bend<Node id="4313" />.

 <Node id="4317" />In fact, the prospect of health care rationing and restricted choice is not merely an abstraction looming in the future; the injurious effects of Obamacare on seniors already are being felt<Node id="4506" />.

 <Node id="4510" />Doctors, for one, are fleeing Medicare because of the anticipated fee-reimbursement squeeze they will face under Obamacare<Node id="4632" />.

 <Node id="4637" />As Galen Institute health care expert Grace-Marie Turner reports, there is a flood of physicians hiring financial planners to restructure their finances so they can retire in 2013, the year before Obamacare's main provisions take effect<Node id="4873" />.

 Why? <Node id="4882" />Because come next January, physician reimbursement under Medicare is scheduled to be axed by 30%.<Node id="4979" />

 <Node id="4983" />Since Medicare payments hardly cover doctors' costs now, many physicians will end up losing money on patients they treat.
<Node id="5106" />
 <Node id="5108" />The American Osteopathic Association, for example, reports that only about 40% of its physician members will continue seeing their current Medicare patients if these cuts occur.<Node id="5285" />

 <Node id="5289" />In the past, when AARP spoke, senior citizens and members of Congress listened carefully because everyone thought AARP worked for and spoke on behalf of its members<Node id="5453" />.
 Today, we know better.
Hunter is president of the Social Security Institute, a nonprofit, nonpartisan seniors advocacy organization.
<Node id="5590" /></TextWithNodes>
<!-- The default annotation set -->

<AnnotationSet>
<Annotation Id="1" Type="doc" StartNode="0" EndNode="5590">
<Feature>
  <Name className="java.lang.String">id</Name>
  <Value className="java.lang.String">hc040</Value>
</Feature>
<Feature>
  <Name className="java.lang.String">author</Name>
  <Value className="java.lang.String">Lawrence,Hunter</Value>
</Feature>
<Feature>
  <Name className="java.lang.String">source</Name>
  <Value className="java.lang.String">nydailynews,New,York,Daily,News</Value>
</Feature>
<Feature>
  <Name className="java.lang.String">date</Name>
  <Value className="java.lang.String">20100803</Value>
</Feature>
<Feature>
  <Name className="java.lang.String">side</Name>
  <Value className="java.lang.String">anti</Value>
</Feature>
<Feature>
  <Name className="java.lang.String">url</Name>
  <Value className="java.lang.String">http://www.nydailynews.com/opinions/2010/08/03/2010-08-03_swindling_our_seniors_aarp_shills_for_white_house_on_obamacare.html </Value>
</Feature>
</Annotation>
<Annotation Id="3" Type="rel" StartNode="118" EndNode="307">
<Feature>
  <Name className="java.lang.String">unclear</Name>
  <Value className="java.lang.String">true</Value>
</Feature>
<Feature>
  <Name className="java.lang.String">ss-label</Name>
  <Value className="java.lang.String">aarp_supports_bill_so_it_can_profit</Value>
</Feature>
<Feature>
  <Name className="java.lang.String">type</Name>
  <Value className="java.lang.String">label</Value>
</Feature>
<Feature>
  <Name className="java.lang.String">polarity</Name>
  <Value className="java.lang.String">negative</Value>
</Feature>
</Annotation>
<Annotation Id="5" Type="arg" StartNode="309" EndNode="511">
<Feature>
  <Name className="java.lang.String">ss-label</Name>
  <Value className="java.lang.String">aarp_supports_bill_so_it_can_profit</Value>
</Feature>
<Feature>
  <Name className="java.lang.String">unclear</Name>
  <Value className="java.lang.String">true</Value>
</Feature>
<Feature>
  <Name className="java.lang.String">type</Name>
  <Value className="java.lang.String">label</Value>
</Feature>
<Feature>
  <Name className="java.lang.String">polarity</Name>
  <Value className="java.lang.String">negative</Value>
</Feature>
</Annotation>
<Annotation Id="6" Type="rel" StartNode="667" EndNode="899">
<Feature>
  <Name className="java.lang.String">unclear</Name>
  <Value className="java.lang.String">true</Value>
</Feature>
<Feature>
  <Name className="java.lang.String">ss-label</Name>
  <Value className="java.lang.String">aarp_supports_bill_so_it_can_profit</Value>
</Feature>
<Feature>
  <Name className="java.lang.String">type</Name>
  <Value className="java.lang.String">label</Value>
</Feature>
<Feature>
  <Name className="java.lang.String">polarity</Name>
  <Value className="java.lang.String">negative</Value>
</Feature>
</Annotation>
<Annotation Id="7" Type="arg" StartNode="903" EndNode="1052">
<Feature>
  <Name className="java.lang.String">type</Name>
  <Value className="java.lang.String">label</Value>
</Feature>
<Feature>
  <Name className="java.lang.String">ss-label</Name>
  <Value className="java.lang.String">aarp_supports_bill_so_it_can_profit</Value>
</Feature>
<Feature>
  <Name className="java.lang.String">polarity</Name>
  <Value className="java.lang.String">negative</Value>
</Feature>
</Annotation>
<Annotation Id="9" Type="arg" StartNode="1056" EndNode="1274">
<Feature>
  <Name className="java.lang.String">type</Name>
  <Value className="java.lang.String">label</Value>
</Feature>
<Feature>
  <Name className="java.lang.String">ss-label</Name>
  <Value className="java.lang.String">organizations_support_bill_so_they_can_profit</Value>
</Feature>
<Feature>
  <Name className="java.lang.String">polarity</Name>
  <Value className="java.lang.String">negative</Value>
</Feature>
</Annotation>
<Annotation Id="11" Type="arg" StartNode="1469" EndNode="1604">
<Feature>
  <Name className="java.lang.String">type</Name>
  <Value className="java.lang.String">label</Value>
</Feature>
<Feature>
  <Name className="java.lang.String">ss-label</Name>
  <Value className="java.lang.String">healthcare_rationing</Value>
</Feature>
<Feature>
  <Name className="java.lang.String">polarity</Name>
  <Value className="java.lang.String">negative</Value>
</Feature>
</Annotation>
<Annotation Id="12" Type="rel" StartNode="1608" EndNode="1739">
<Feature>
  <Name className="java.lang.String">ss-label</Name>
  <Value className="java.lang.String">cuts_medicare</Value>
</Feature>
<Feature>
  <Name className="java.lang.String">type</Name>
  <Value className="java.lang.String">label</Value>
</Feature>
<Feature>
  <Name className="java.lang.String">polarity</Name>
  <Value className="java.lang.String">negative</Value>
</Feature>
<Feature>
  <Name className="java.lang.String">incomplete</Name>
  <Value className="java.lang.String">true</Value>
</Feature>
</Annotation>
<Annotation Id="13" Type="arg" StartNode="1279" EndNode="1467">
<Feature>
  <Name className="java.lang.String">ss-label</Name>
  <Value className="java.lang.String">organizations_support_bill_so_they_can_profit</Value>
</Feature>
<Feature>
  <Name className="java.lang.String">type</Name>
  <Value className="java.lang.String">label</Value>
</Feature>
<Feature>
  <Name className="java.lang.String">polarity</Name>
  <Value className="java.lang.String">negative</Value>
</Feature>
<Feature>
  <Name className="java.lang.String">incomplete</Name>
  <Value className="java.lang.String">true</Value>
</Feature>
</Annotation>
<Annotation Id="14" Type="arg" StartNode="2111" EndNode="2296">
<Feature>
  <Name className="java.lang.String">ss-label</Name>
  <Value className="java.lang.String">existing_plans_will_be_eliminated/cancelled</Value>
</Feature>
<Feature>
  <Name className="java.lang.String">unclear</Name>
  <Value className="java.lang.String">true</Value>
</Feature>
<Feature>
  <Name className="java.lang.String">type</Name>
  <Value className="java.lang.String">label</Value>
</Feature>
<Feature>
  <Name className="java.lang.String">polarity</Name>
  <Value className="java.lang.String">negative</Value>
</Feature>
</Annotation>
<Annotation Id="15" Type="arg" StartNode="2301" EndNode="2556">
<Feature>
  <Name className="java.lang.String">type</Name>
  <Value className="java.lang.String">label</Value>
</Feature>
<Feature>
  <Name className="java.lang.String">ss-label</Name>
  <Value className="java.lang.String">diminishes_quality_of_care</Value>
</Feature>
<Feature>
  <Name className="java.lang.String">polarity</Name>
  <Value className="java.lang.String">negative</Value>
</Feature>
</Annotation>
<Annotation Id="17" Type="rel" StartNode="2559" EndNode="2702">
<Feature>
  <Name className="java.lang.String">type</Name>
  <Value className="java.lang.String">label</Value>
</Feature>
<Feature>
  <Name className="java.lang.String">ss-label</Name>
  <Value className="java.lang.String">organizations_support_bill_so_they_can_profit</Value>
</Feature>
</Annotation>
<Annotation Id="16" Type="arg" StartNode="2707" EndNode="2905">
<Feature>
  <Name className="java.lang.String">type</Name>
  <Value className="java.lang.String">label</Value>
</Feature>
<Feature>
  <Name className="java.lang.String">ss-label</Name>
  <Value className="java.lang.String">aarp_supports_bill_so_it_can_profit</Value>
</Feature>
<Feature>
  <Name className="java.lang.String">polarity</Name>
  <Value className="java.lang.String">negative</Value>
</Feature>
</Annotation>
<Annotation Id="19" Type="rel" StartNode="3075" EndNode="3289">
<Feature>
  <Name className="java.lang.String">type</Name>
  <Value className="java.lang.String">label</Value>
</Feature>
<Feature>
  <Name className="java.lang.String">ss-label</Name>
  <Value className="java.lang.String">organizations_support_bill_so_they_can_profit</Value>
</Feature>
</Annotation>
<Annotation Id="18" Type="arg" StartNode="2909" EndNode="3069">
<Feature>
  <Name className="java.lang.String">type</Name>
  <Value className="java.lang.String">label</Value>
</Feature>
<Feature>
  <Name className="java.lang.String">ss-label</Name>
  <Value className="java.lang.String">aarp_supports_bill_so_it_can_profit</Value>
</Feature>
<Feature>
  <Name className="java.lang.String">polarity</Name>
  <Value className="java.lang.String">negative</Value>
</Feature>
</Annotation>
<Annotation Id="21" Type="arg" StartNode="4006" EndNode="4184">
<Feature>
  <Name className="java.lang.String"></Name>
  <Value className="java.lang.String">loss</Value>
</Feature>
<Feature>
  <Name className="java.lang.String">group</Name>
  <Value className="java.lang.String">self-group</Value>
</Feature>
<Feature>
  <Name className="java.lang.String">type</Name>
  <Value className="java.lang.String">label</Value>
</Feature>
<Feature>
  <Name className="java.lang.String">polarity</Name>
  <Value className="java.lang.String">negative</Value>
</Feature>
</Annotation>
<Annotation Id="20" Type="arg" StartNode="3821" EndNode="4002">
<Feature>
  <Name className="java.lang.String">prospect</Name>
  <Value className="java.lang.String">loss</Value>
</Feature>
<Feature>
  <Name className="java.lang.String">ss-label</Name>
  <Value className="java.lang.String">cuts_medicare</Value>
</Feature>
<Feature>
  <Name className="java.lang.String">type</Name>
  <Value className="java.lang.String">label</Value>
</Feature>
<Feature>
  <Name className="java.lang.String">group</Name>
  <Value className="java.lang.String">self-group</Value>
</Feature>
<Feature>
  <Name className="java.lang.String">polarity</Name>
  <Value className="java.lang.String">negative</Value>
</Feature>
</Annotation>
<Annotation Id="23" Type="arg" StartNode="4317" EndNode="4506">
<Feature>
  <Name className="java.lang.String">prospect</Name>
  <Value className="java.lang.String">loss</Value>
</Feature>
<Feature>
  <Name className="java.lang.String">ss-label</Name>
  <Value className="java.lang.String">diminishes_quality_of_care</Value>
</Feature>
<Feature>
  <Name className="java.lang.String">type</Name>
  <Value className="java.lang.String">label</Value>
</Feature>
<Feature>
  <Name className="java.lang.String">group</Name>
  <Value className="java.lang.String">self-group</Value>
</Feature>
<Feature>
  <Name className="java.lang.String">polarity</Name>
  <Value className="java.lang.String">negative</Value>
</Feature>
</Annotation>
<Annotation Id="22" Type="arg" StartNode="4188" EndNode="4313">
<Feature>
  <Name className="java.lang.String">prospect</Name>
  <Value className="java.lang.String">loss</Value>
</Feature>
<Feature>
  <Name className="java.lang.String">ss-label</Name>
  <Value className="java.lang.String">healthcare_rationing</Value>
</Feature>
<Feature>
  <Name className="java.lang.String">type</Name>
  <Value className="java.lang.String">label</Value>
</Feature>
<Feature>
  <Name className="java.lang.String">group</Name>
  <Value className="java.lang.String">self-group</Value>
</Feature>
<Feature>
  <Name className="java.lang.String">polarity</Name>
  <Value className="java.lang.String">negative</Value>
</Feature>
</Annotation>
<Annotation Id="25" Type="rel" StartNode="4637" EndNode="4873">
<Feature>
  <Name className="java.lang.String">type</Name>
  <Value className="java.lang.String">label</Value>
</Feature>
<Feature>
  <Name className="java.lang.String">ss-label</Name>
  <Value className="java.lang.String">doctors_will_retire</Value>
</Feature>
<Feature>
  <Name className="java.lang.String">polarity</Name>
  <Value className="java.lang.String">negative</Value>
</Feature>
</Annotation>
<Annotation Id="24" Type="arg" StartNode="4510" EndNode="4632">
<Feature>
  <Name className="java.lang.String">prospect</Name>
  <Value className="java.lang.String">loss</Value>
</Feature>
<Feature>
  <Name className="java.lang.String">ss-label</Name>
  <Value className="java.lang.String">medicare_will_stop_being_accepted</Value>
</Feature>
<Feature>
  <Name className="java.lang.String">type</Name>
  <Value className="java.lang.String">label</Value>
</Feature>
<Feature>
  <Name className="java.lang.String">group</Name>
  <Value className="java.lang.String">self-group</Value>
</Feature>
<Feature>
  <Name className="java.lang.String">polarity</Name>
  <Value className="java.lang.String">negative</Value>
</Feature>
</Annotation>
<Annotation Id="27" Type="rel" StartNode="4983" EndNode="5106">
<Feature>
  <Name className="java.lang.String">type</Name>
  <Value className="java.lang.String">label</Value>
</Feature>
<Feature>
  <Name className="java.lang.String">ss-label</Name>
  <Value className="java.lang.String">medicare_will_stop_being_accepted</Value>
</Feature>
</Annotation>
<Annotation Id="26" Type="rel" StartNode="4882" EndNode="4979">
<Feature>
  <Name className="java.lang.String">type</Name>
  <Value className="java.lang.String">label</Value>
</Feature>
<Feature>
  <Name className="java.lang.String">ss-label</Name>
  <Value className="java.lang.String">medicare_will_stop_being_accepted</Value>
</Feature>
<Feature>
  <Name className="java.lang.String">polarity</Name>
  <Value className="java.lang.String">negative</Value>
</Feature>
</Annotation>
<Annotation Id="29" Type="arg" StartNode="0" EndNode="63">
<Feature>
  <Name className="java.lang.String">type</Name>
  <Value className="java.lang.String">label</Value>
</Feature>
<Feature>
  <Name className="java.lang.String">ss-label</Name>
  <Value className="java.lang.String">aarp_supports_bill_so_it_can_profit</Value>
</Feature>
<Feature>
  <Name className="java.lang.String">polarity</Name>
  <Value className="java.lang.String">negative</Value>
</Feature>
</Annotation>
<Annotation Id="28" Type="rel" StartNode="5108" EndNode="5285">
<Feature>
  <Name className="java.lang.String">unclear</Name>
  <Value className="java.lang.String">true</Value>
</Feature>
<Feature>
  <Name className="java.lang.String">ss-label</Name>
  <Value className="java.lang.String">medicare_will_stop_being_accepted</Value>
</Feature>
<Feature>
  <Name className="java.lang.String">type</Name>
  <Value className="java.lang.String">label</Value>
</Feature>
<Feature>
  <Name className="java.lang.String">polarity</Name>
  <Value className="java.lang.String">negative</Value>
</Feature>
<Feature>
  <Name className="java.lang.String">incomplete</Name>
  <Value className="java.lang.String">true</Value>
</Feature>
</Annotation>
<Annotation Id="31" Type="rel" StartNode="1743" EndNode="1941">
<Feature>
  <Name className="java.lang.String">type</Name>
  <Value className="java.lang.String">label</Value>
</Feature>
<Feature>
  <Name className="java.lang.String">ss-label</Name>
  <Value className="java.lang.String">existing_plans_will_be_eliminated/cancelled</Value>
</Feature>
</Annotation>
<Annotation Id="30" Type="rel" StartNode="513" EndNode="664">
<Feature>
  <Name className="java.lang.String">type</Name>
  <Value className="java.lang.String">label</Value>
</Feature>
<Feature>
  <Name className="java.lang.String">ss-label</Name>
  <Value className="java.lang.String">aarp_supports_bill_so_it_can_profit</Value>
</Feature>
</Annotation>
<Annotation Id="34" Type="rel" StartNode="5289" EndNode="5453">
<Feature>
  <Name className="java.lang.String">type</Name>
  <Value className="java.lang.String">else</Value>
</Feature>
<Feature>
  <Name className="java.lang.String">ss-label</Name>
  <Value className="java.lang.String">aarp_supports_bill_so_it_can_profit</Value>
</Feature>
</Annotation>
<Annotation Id="35" Type="gfbf" StartNode="360" EndNode="367">
<Feature>
  <Name className="java.lang.String">agentId</Name>
  <Value className="java.lang.String">60</Value>
</Feature>
<Feature>
  <Name className="java.lang.String">objectId</Name>
  <Value className="java.lang.String">36</Value>
</Feature>
<Feature>
  <Name className="java.lang.String">polarity</Name>
  <Value className="java.lang.String">badfor</Value>
</Feature>
</Annotation>
<Annotation Id="32" Type="rel" StartNode="1946" EndNode="2107">
<Feature>
  <Name className="java.lang.String">type</Name>
  <Value className="java.lang.String">label</Value>
</Feature>
<Feature>
  <Name className="java.lang.String">ss-label</Name>
  <Value className="java.lang.String">existing_plans_will_be_eliminated/cancelled</Value>
</Feature>
</Annotation>
<Annotation Id="33" Type="rel" StartNode="3650" EndNode="3817">
<Feature>
  <Name className="java.lang.String">type</Name>
  <Value className="java.lang.String">label</Value>
</Feature>
<Feature>
  <Name className="java.lang.String">ss-label</Name>
  <Value className="java.lang.String">cuts_medicare</Value>
</Feature>
<Feature>
  <Name className="java.lang.String">polarity</Name>
  <Value className="java.lang.String">negative</Value>
</Feature>
</Annotation>
<Annotation Id="39" Type="gfbf" StartNode="1412" EndNode="1420">
<Feature>
  <Name className="java.lang.String">agentId</Name>
  <Value className="java.lang.String">61</Value>
</Feature>
<Feature>
  <Name className="java.lang.String">objectId</Name>
  <Value className="java.lang.String">40</Value>
</Feature>
<Feature>
  <Name className="java.lang.String">polarity</Name>
  <Value className="java.lang.String">badfor</Value>
</Feature>
</Annotation>
<Annotation Id="36" Type="gfbf-object" StartNode="368" EndNode="406">
<Feature>
  <Name className="java.lang.String">writerAtt</Name>
  <Value className="java.lang.String">positive</Value>
</Feature>
</Annotation>
<Annotation Id="37" Type="gfbf" StartNode="420" EndNode="428">
<Feature>
  <Name className="java.lang.String">agentId</Name>
  <Value className="java.lang.String">60</Value>
</Feature>
<Feature>
  <Name className="java.lang.String">objectId</Name>
  <Value className="java.lang.String">67</Value>
</Feature>
<Feature>
  <Name className="java.lang.String">polarity</Name>
  <Value className="java.lang.String">goodfor</Value>
</Feature>
</Annotation>
<Annotation Id="42" Type="gfbf" StartNode="2200" EndNode="2206">
<Feature>
  <Name className="java.lang.String">agentId</Name>
  <Value className="java.lang.String">implicit</Value>
</Feature>
<Feature>
  <Name className="java.lang.String">objectId</Name>
  <Value className="java.lang.String">43</Value>
</Feature>
<Feature>
  <Name className="java.lang.String">polarity</Name>
  <Value className="java.lang.String">badfor</Value>
</Feature>
</Annotation>
<Annotation Id="43" Type="gfbf-object" StartNode="2171" EndNode="2191">
<Feature>
  <Name className="java.lang.String">writerAtt</Name>
  <Value className="java.lang.String">positive</Value>
</Feature>
</Annotation>
<Annotation Id="40" Type="gfbf-object" StartNode="1421" EndNode="1444">
<Feature>
  <Name className="java.lang.String">writerAtt</Name>
  <Value className="java.lang.String">positive</Value>
</Feature>
</Annotation>
<Annotation Id="41" Type="others" StartNode="1536" EndNode="1604">
<Feature>
  <Name className="java.lang.String">comment</Name>
  <Value className="java.lang.String">send sb. to some-place</Value>
</Feature>
</Annotation>
<Annotation Id="46" Type="gfbf" StartNode="2864" EndNode="2871">
<Feature>
  <Name className="java.lang.String">agentId</Name>
  <Value className="java.lang.String">62</Value>
</Feature>
<Feature>
  <Name className="java.lang.String">objectId</Name>
  <Value className="java.lang.String">47</Value>
</Feature>
<Feature>
  <Name className="java.lang.String">polarity</Name>
  <Value className="java.lang.String">badfor</Value>
</Feature>
</Annotation>
<Annotation Id="47" Type="gfbf-object" StartNode="2872" EndNode="2905">
<Feature>
  <Name className="java.lang.String">writerAtt</Name>
  <Value className="java.lang.String">positive</Value>
</Feature>
</Annotation>
<Annotation Id="44" Type="others" StartNode="2330" EndNode="2395">
<Feature>
  <Name className="java.lang.String">comment</Name>
  <Value className="java.lang.String">have sth. bad</Value>
</Feature>
</Annotation>
<Annotation Id="45" Type="others" StartNode="2405" EndNode="2419">
<Feature>
  <Name className="java.lang.String">comment</Name>
  <Value className="java.lang.String">herd sb. into some-place</Value>
</Feature>
</Annotation>
<Annotation Id="51" Type="gfbf-object" StartNode="2981" EndNode="2985">
<Feature>
  <Name className="java.lang.String">referentId</Name>
  <Value className="java.lang.String">65</Value>
</Feature>
<Feature>
  <Name className="java.lang.String">refererence</Name>
  <Value className="java.lang.String">true</Value>
</Feature>
<Feature>
  <Name className="java.lang.String">writerAtt</Name>
  <Value className="java.lang.String">positive</Value>
</Feature>
</Annotation>
<Annotation Id="50" Type="gfbf" StartNode="2990" EndNode="2996">
<Feature>
  <Name className="java.lang.String">agentId</Name>
  <Value className="java.lang.String">66</Value>
</Feature>
<Feature>
  <Name className="java.lang.String">polarity</Name>
  <Value className="java.lang.String">badfor</Value>
</Feature>
<Feature>
  <Name className="java.lang.String">objectId</Name>
  <Value className="java.lang.String">51</Value>
</Feature>
</Annotation>
<Annotation Id="49" Type="others" StartNode="2939" EndNode="2974">
<Feature>
  <Name className="java.lang.String">comment</Name>
  <Value className="java.lang.String">snooker into??</Value>
</Feature>
</Annotation>
<Annotation Id="48" Type="others" StartNode="2711" EndNode="2748">
<Feature>
  <Name className="java.lang.String">comment</Name>
  <Value className="java.lang.String">????</Value>
</Feature>
<Feature>
  <Name className="java.lang.String">unclear</Name>
  <Value className="java.lang.String">true</Value>
</Feature>
</Annotation>
<Annotation Id="55" Type="gfbf-object" StartNode="3909" EndNode="3929">
<Feature>
  <Name className="java.lang.String">writerAtt</Name>
  <Value className="java.lang.String">positive</Value>
</Feature>
</Annotation>
<Annotation Id="54" Type="gfbf" StartNode="3900" EndNode="3908">
<Feature>
  <Name className="java.lang.String">agentId</Name>
  <Value className="java.lang.String">63</Value>
</Feature>
<Feature>
  <Name className="java.lang.String">objectId</Name>
  <Value className="java.lang.String">55</Value>
</Feature>
<Feature>
  <Name className="java.lang.String">polarity</Name>
  <Value className="java.lang.String">badfor</Value>
</Feature>
</Annotation>
<Annotation Id="53" Type="gfbf-object" StartNode="3891" EndNode="3895">
<Feature>
  <Name className="java.lang.String">writerAtt</Name>
  <Value className="java.lang.String">positive</Value>
</Feature>
</Annotation>
<Annotation Id="52" Type="gfbf" StartNode="3885" EndNode="3890">
<Feature>
  <Name className="java.lang.String">agentId</Name>
  <Value className="java.lang.String">63</Value>
</Feature>
<Feature>
  <Name className="java.lang.String">objectId</Name>
  <Value className="java.lang.String">53</Value>
</Feature>
<Feature>
  <Name className="java.lang.String">polarity</Name>
  <Value className="java.lang.String">badfor</Value>
</Feature>
</Annotation>
<Annotation Id="59" Type="gfbf-object" StartNode="4216" EndNode="4223">
<Feature>
  <Name className="java.lang.String">writerAtt</Name>
  <Value className="java.lang.String">positive</Value>
</Feature>
</Annotation>
<Annotation Id="58" Type="gfbf" StartNode="4211" EndNode="4215">
<Feature>
  <Name className="java.lang.String">agentId</Name>
  <Value className="java.lang.String">64</Value>
</Feature>
<Feature>
  <Name className="java.lang.String">objectId</Name>
  <Value className="java.lang.String">59</Value>
</Feature>
<Feature>
  <Name className="java.lang.String">polarity</Name>
  <Value className="java.lang.String">badfor</Value>
</Feature>
</Annotation>
<Annotation Id="57" Type="others" StartNode="4049" EndNode="4073">
<Feature>
  <Name className="java.lang.String">comment</Name>
  <Value className="java.lang.String">GoodFor/BadFor Agent</Value>
</Feature>
</Annotation>
<Annotation Id="56" Type="others" StartNode="3944" EndNode="4002">
<Feature>
  <Name className="java.lang.String">comment</Name>
  <Value className="java.lang.String">have IsBad</Value>
</Feature>
</Annotation>
<Annotation Id="63" Type="gfbf-agent" StartNode="3868" EndNode="3881">
<Feature>
  <Name className="java.lang.String">writerAtt</Name>
  <Value className="java.lang.String">negative</Value>
</Feature>
</Annotation>
<Annotation Id="62" Type="gfbf-agent" StartNode="2825" EndNode="2860">
<Feature>
  <Name className="java.lang.String">writerAtt</Name>
  <Value className="java.lang.String">negative</Value>
</Feature>
</Annotation>
<Annotation Id="61" Type="gfbf-agent" StartNode="1376" EndNode="1399">
<Feature>
  <Name className="java.lang.String">writerAtt</Name>
  <Value className="java.lang.String">negative</Value>
</Feature>
</Annotation>
<Annotation Id="60" Type="gfbf-agent" StartNode="309" EndNode="337">
<Feature>
  <Name className="java.lang.String">writerAtt</Name>
  <Value className="java.lang.String">negative</Value>
</Feature>
</Annotation>
<Annotation Id="68" Type="gfbf" StartNode="0" EndNode="9">
<Feature>
  <Name className="java.lang.String">agentId</Name>
  <Value className="java.lang.String">implicit</Value>
</Feature>
<Feature>
  <Name className="java.lang.String">polarity</Name>
  <Value className="java.lang.String">badfor</Value>
</Feature>
<Feature>
  <Name className="java.lang.String">objectId</Name>
  <Value className="java.lang.String">69</Value>
</Feature>
</Annotation>
<Annotation Id="69" Type="gfbf-object" StartNode="10" EndNode="21">
<Feature>
  <Name className="java.lang.String">writerAtt</Name>
  <Value className="java.lang.String">positive</Value>
</Feature>
</Annotation>
<Annotation Id="70" Type="gfbf" StartNode="793" EndNode="800">
<Feature>
  <Name className="java.lang.String">agentId</Name>
  <Value className="java.lang.String">72</Value>
</Feature>
<Feature>
  <Name className="java.lang.String">polarity</Name>
  <Value className="java.lang.String">badfor</Value>
</Feature>
<Feature>
  <Name className="java.lang.String">objectId</Name>
  <Value className="java.lang.String">71</Value>
</Feature>
</Annotation>
<Annotation Id="71" Type="gfbf-object" StartNode="801" EndNode="810">
<Feature>
  <Name className="java.lang.String">writerAtt</Name>
  <Value className="java.lang.String">negative</Value>
</Feature>
</Annotation>
<Annotation Id="64" Type="gfbf-agent" StartNode="4194" EndNode="4198">
<Feature>
  <Name className="java.lang.String">writerAtt</Name>
  <Value className="java.lang.String">negative</Value>
</Feature>
</Annotation>
<Annotation Id="65" Type="referent" StartNode="2947" EndNode="2958">
<Feature>
  <Name className="java.lang.String">writerAtt</Name>
  <Value className="java.lang.String">positive</Value>
</Feature>
</Annotation>
<Annotation Id="66" Type="gfbf-agent" StartNode="2909" EndNode="2915">
<Feature>
  <Name className="java.lang.String">writerAtt</Name>
  <Value className="java.lang.String">negative</Value>
</Feature>
</Annotation>
<Annotation Id="67" Type="gfbf-object" StartNode="429" EndNode="509">
<Feature>
  <Name className="java.lang.String">writerAtt</Name>
  <Value className="java.lang.String">negative</Value>
</Feature>
</Annotation>
<Annotation Id="72" Type="gfbf-agent" StartNode="712" EndNode="716">
<Feature>
  <Name className="java.lang.String">writerAtt</Name>
  <Value className="java.lang.String">negative</Value>
</Feature>
</Annotation>
</AnnotationSet>

<!-- Named annotation set -->

<AnnotationSet Name="Original markups">
<Annotation Id="0" Type="paragraph" StartNode="0" EndNode="5590">
</Annotation>
</AnnotationSet>

</GateDocument>
