<?xml version='1.0' encoding='MacRoman'?>
<GateDocument>
<!-- The document's features-->

<GateDocumentFeatures>
<Feature>
  <Name className="java.lang.String">gate.SourceURL</Name>
  <Value className="java.lang.String">file:/home/conrada/Dropbox/healthcare_devel_data_final/hc044.txt</Value>
</Feature>
<Feature>
  <Name className="java.lang.String">MimeType</Name>
  <Value className="java.lang.String">text/plain</Value>
</Feature>
<Feature>
  <Name className="java.lang.String">docNewLineType</Name>
  <Value className="java.lang.String">CRLF</Value>
</Feature>
</GateDocumentFeatures>
<!-- The document content area with serialized nodes -->

<TextWithNodes><Node id="0" />Wednesday, December 15, 2010
<Node id="30" />N.M. Should Join Suits Against ObamaCare<Node id="70" />

By Thomas Molitor
Adjunct scholar, Rio Grande Foundation
 <Node id="131" />Our next governor has a huge plate of problems to deal with on Day One of her administration starting next month, and <Node id="249" />I <Node id="251" />would have preferred to <Node id="275" />lessen<Node id="281" /> <Node id="282" />her decision load<Node id="299" />, but unfortunately, I'm afraid I'm going to pile on one more - ObamaCare<Node id="372" />.
 <Node id="376" />Twenty states have joined in an amended federal lawsuit against the Reid/Pelosi/Obama nationalized health care plan.<Node id="492" />

 <Node id="496" />Granted, my doctor is kind of a career curmudgeon, so it didn't surprise me a bit last week when I was in his office for a routine checkup, he started in on the legislation<Node id="668" />.
 He's not a partisan politics kind of guy.
 He hates all politicians.
 He originally came to New Mexico recruited as the chief medical officer at a major hospital in Albuquerque.
 He quit after several years and opened his own single general practice.
 I asked him why he quit the major hospital, and he simply replied, "I got tired of the bureaucratic mess."
 <Node id="1037" />He thinks ObamaCare will <Node id="1062" />make things even messier<Node id="1086" />.

 And so do I.
 <Node id="1106" />Quite simply, <Node id="1120" />ObamaCare<Node id="1129" /> is a national disgrace and its legislation clearly exceeds constitutional authority<Node id="1213" />.

 <Node id="1218" />It is patently unconstitutional for <Node id="1254" />the federal government<Node id="1276" /> to <Node id="1280" />break<Node id="1285" /> <Node id="1286" />the backs of New Mexicans<Node id="1311" /> by <Node id="1315" />trampling<Node id="1324" /> <Node id="1325" />the Constitution<Node id="1341" />, and then threaten to use IRS agents to enforce this ridiculous plan<Node id="1410" />.
 <Node id="1414" />As written, the bill states if a New Mexican citizen doesn't have health insurance and takes no action, he or she will be committing a crime in the eyes of ObamaCare<Node id="1579" />.

 <Node id="1584" />Gov.-elect Susana Martinez (and Attorney General Gary King, for that matter) really needs to get that message and make the decision that, like 20 other states and counting, New Mexico is not going to join the unconstitutional coercive actions of the federal government<Node id="1852" />.

 The push-back is already happening.
 <Node id="1895" />This week in the state of Virginia, a U.S. district judge became the first federal judge to strike down the law, siding with the Virginia attorney general in saying that the mandate overstepped the Constitution<Node id="2105" />.

 <Node id="2110" />In a few years, <Node id="2126" />New Mexicans taxpayers<Node id="2148" /> will be <Node id="2157" />forced<Node id="2163" /> to pay millions of dollars for the program and eventually several billion dollars when <Node id="2251" />the federal government<Node id="2273" /> <Node id="2274" />forces the entire plan onto<Node id="2301" /> <Node id="2302" />the backs of New Mexican taxpayers<Node id="2336" />.

 <Node id="2341" />Specifically, the lawsuit, filed in federal court in the northern district of Florida, alleges that <Node id="2441" />the new law infringes upon the constitutional rights of citizens by mandating all citizens and legal residents have qualifying health care coverage or pay a tax penalty<Node id="2609" />.

 <Node id="2614" />By <Node id="2617" />imposing<Node id="2625" /> <Node id="2626" />such a mandate<Node id="2640" />,<Node id="2641" /> the law<Node id="2649" /> exceeds the powers of the United States under Article I of the Constitution<Node id="2725" />.

 <Node id="2730" />Even more, the tax penalty required under the law constitutes an unlawful direct tax in violation of Article I, sections 2 and 9 of the Constitution<Node id="2878" />.

 <Node id="2883" />The lawsuit further claims <Node id="2910" />the nationalized health care plan<Node id="2943" /> <Node id="2944" />infringes on<Node id="2956" /> <Node id="2957" />the sovereignty of the states and the 10th Amendment to the Constitution<Node id="3029" /> by <Node id="3033" />imposing<Node id="3041" /> <Node id="3042" />onerous new operating rules that New Mexico must follow<Node id="3097" /> - as well as requiring our state to spend additional dollars without providing funds or resources to meet the state's cost of implementing the law.
<Node id="3247" />
 ObamaCare has just started to kick in.
 <Node id="3289" />Companies<Node id="3298" /> are <Node id="3303" />canceling<Node id="3312" /> or <Node id="3316" />threatening to cancel<Node id="3337" /> <Node id="3338" />coverage<Node id="3346" /> because the new terms of doing business <Node id="3387" />make business uneconomical<Node id="3413" />.

 <Node id="3418" />In a recent national survey, 70 percent of doctors polled stated they were unhappy with the Affordable Care Act (as ObamaCare ended up being called)<Node id="3566" />.

 <Node id="3571" />Some insurance companies announced they would no longer write child-only policies<Node id="3652" />.

 <Node id="3657" />The new rules say that beginning now, no insurer can refuse coverage to an already-ill child, and that the premiums can't be higher than those charged for well children<Node id="3825" />.
 (<Node id="3830" />In a few years the "anti-discrimination" rule will apply to adults.<Node id="3897" />)

 <Node id="3901" />My curmudgeon doctor aside, how can you run an insurance company when parents can wait until their children are seriously ill to buy coverage - and then the insurer can't set the premium according to the expected medical services?<Node id="4131" />

 <Node id="4135" />That's not insurance<Node id="4155" />.
 <Node id="4159" />It's welfare filtered through business<Node id="4197" />.
 <Node id="4201" />At issue here<Node id="4214" /> is not the details of the more than 2,000 pages of law<Node id="4269" />. <Node id="4271" />It's the discretionary power the government has acquired because of it<Node id="4341" />.
 <Node id="4345" />A one-size-fits-all law was written by Congress<Node id="4392" />.
 <Node id="4396" />I'm not saying it would be better if there were no components of ObamaCare enacted into law at all<Node id="4494" />.
 <Node id="4498" />But the second-best solution is ObamaCare without bureaucratic discretion<Node id="4571" />.
 <Node id="4575" />Sure, if waivers are selectively granted, some of the harms of ObamaCare will be mitigated<Node id="4665" />.
 <Node id="4669" />But if <Node id="4676" />no<Node id="4678" /> <Node id="4679" />waivers<Node id="4686" /> can be <Node id="4694" />granted<Node id="4701" />, <Node id="4703" />people<Node id="4709" /> will see the full effects of <Node id="4739" />ObamaCare<Node id="4748" /> and may rise up to <Node id="4768" />demand<Node id="4774" /> <Node id="4775" />its repeal<Node id="4785" />.
 <Node id="4789" />Ultimately, ObamaCare may be decided by the U.S. Supreme Court<Node id="4851" />.
 <Node id="4855" />But a good start towards voicing our point of view about the unconstitutional components of the bill would be to join states challenging them<Node id="4996" />.

<Node id="5000" /></TextWithNodes>
<!-- The default annotation set -->

<AnnotationSet>
<Annotation Id="2" Type="doc" StartNode="0" EndNode="5000">
<Feature>
  <Name className="java.lang.String">id</Name>
  <Value className="java.lang.String">hc044</Value>
</Feature>
<Feature>
  <Name className="java.lang.String">author</Name>
  <Value className="java.lang.String">Thomas,Molitor</Value>
</Feature>
<Feature>
  <Name className="java.lang.String">source</Name>
  <Value className="java.lang.String">Albuquerque,Journal,abqjournal</Value>
</Feature>
<Feature>
  <Name className="java.lang.String">date</Name>
  <Value className="java.lang.String">20101215</Value>
</Feature>
<Feature>
  <Name className="java.lang.String">side</Name>
  <Value className="java.lang.String">anti</Value>
</Feature>
<Feature>
  <Name className="java.lang.String">url</Name>
  <Value className="java.lang.String">http://www.abqjournal.com/opinion/guest_columns/152148588536opinionguestcolumns12-15-10.htm </Value>
</Feature>
</Annotation>
<Annotation Id="3" Type="arg" StartNode="30" EndNode="70">
<Feature>
  <Name className="java.lang.String">ss-label</Name>
  <Value className="java.lang.String">some_states_dislike</Value>
</Feature>
<Feature>
  <Name className="java.lang.String">type</Name>
  <Value className="java.lang.String">label</Value>
</Feature>
<Feature>
  <Name className="java.lang.String">polarity</Name>
  <Value className="java.lang.String">negative</Value>
</Feature>
<Feature>
  <Name className="java.lang.String">incomplete</Name>
  <Value className="java.lang.String">true</Value>
</Feature>
</Annotation>
<Annotation Id="4" Type="rel" StartNode="376" EndNode="492">
<Feature>
  <Name className="java.lang.String">type</Name>
  <Value className="java.lang.String">label</Value>
</Feature>
<Feature>
  <Name className="java.lang.String">ss-label</Name>
  <Value className="java.lang.String">some_states_dislike</Value>
</Feature>
<Feature>
  <Name className="java.lang.String">polarity</Name>
  <Value className="java.lang.String">negative</Value>
</Feature>
</Annotation>
<Annotation Id="6" Type="rel" StartNode="1120" EndNode="1129">
<Feature>
  <Name className="java.lang.String">id</Name>
  <Value className="java.lang.String">r1</Value>
</Feature>
</Annotation>
<Annotation Id="8" Type="arg" StartNode="1106" EndNode="1213">
<Feature>
  <Name className="java.lang.String"></Name>
  <Value className="java.lang.String">label</Value>
</Feature>
<Feature>
  <Name className="java.lang.String">ss-label</Name>
  <Value className="java.lang.String">unconstitutional</Value>
</Feature>
<Feature>
  <Name className="java.lang.String">about-rel</Name>
  <Value className="java.lang.String">r1</Value>
</Feature>
<Feature>
  <Name className="java.lang.String">polarity</Name>
  <Value className="java.lang.String">negative</Value>
</Feature>
</Annotation>
<Annotation Id="9" Type="arg" StartNode="1218" EndNode="1410">
<Feature>
  <Name className="java.lang.String">type</Name>
  <Value className="java.lang.String">label</Value>
</Feature>
<Feature>
  <Name className="java.lang.String">ss-label</Name>
  <Value className="java.lang.String">unconstitutional</Value>
</Feature>
<Feature>
  <Name className="java.lang.String">polarity</Name>
  <Value className="java.lang.String">negative</Value>
</Feature>
</Annotation>
<Annotation Id="10" Type="rel" StartNode="1414" EndNode="1579">
<Feature>
  <Name className="java.lang.String">unclear</Name>
  <Value className="java.lang.String">true</Value>
</Feature>
<Feature>
  <Name className="java.lang.String">ss-label</Name>
  <Value className="java.lang.String">mandates_purchasing_insurance</Value>
</Feature>
<Feature>
  <Name className="java.lang.String">type</Name>
  <Value className="java.lang.String">label</Value>
</Feature>
<Feature>
  <Name className="java.lang.String">polarity</Name>
  <Value className="java.lang.String">negative</Value>
</Feature>
</Annotation>
<Annotation Id="11" Type="arg" StartNode="1584" EndNode="1852">
<Feature>
  <Name className="java.lang.String">type</Name>
  <Value className="java.lang.String">label</Value>
</Feature>
<Feature>
  <Name className="java.lang.String">ss-label</Name>
  <Value className="java.lang.String">some_states_dislike</Value>
</Feature>
<Feature>
  <Name className="java.lang.String">polarity</Name>
  <Value className="java.lang.String">positive</Value>
</Feature>
</Annotation>
<Annotation Id="13" Type="rel" StartNode="1895" EndNode="2105">
<Feature>
  <Name className="java.lang.String">type</Name>
  <Value className="java.lang.String">label</Value>
</Feature>
<Feature>
  <Name className="java.lang.String">ss-label</Name>
  <Value className="java.lang.String">unconstitutional</Value>
</Feature>
<Feature>
  <Name className="java.lang.String">polarity</Name>
  <Value className="java.lang.String">negative</Value>
</Feature>
</Annotation>
<Annotation Id="14" Type="arg" StartNode="2110" EndNode="2336">
<Feature>
  <Name className="java.lang.String">prospect</Name>
  <Value className="java.lang.String">loss</Value>
</Feature>
<Feature>
  <Name className="java.lang.String">ss-label</Name>
  <Value className="java.lang.String">individuals_will_pay_higher_taxes</Value>
</Feature>
<Feature>
  <Name className="java.lang.String">type</Name>
  <Value className="java.lang.String">label</Value>
</Feature>
<Feature>
  <Name className="java.lang.String">group</Name>
  <Value className="java.lang.String">self-group</Value>
</Feature>
<Feature>
  <Name className="java.lang.String">polarity</Name>
  <Value className="java.lang.String">negative</Value>
</Feature>
</Annotation>
<Annotation Id="15" Type="rel" StartNode="2341" EndNode="2609">
<Feature>
  <Name className="java.lang.String">type</Name>
  <Value className="java.lang.String">label</Value>
</Feature>
<Feature>
  <Name className="java.lang.String">ss-label</Name>
  <Value className="java.lang.String">unconstitutional</Value>
</Feature>
</Annotation>
<Annotation Id="17" Type="arg" StartNode="2730" EndNode="2878">
<Feature>
  <Name className="java.lang.String">type</Name>
  <Value className="java.lang.String">label</Value>
</Feature>
<Feature>
  <Name className="java.lang.String">ss-label</Name>
  <Value className="java.lang.String">unconstitutional</Value>
</Feature>
<Feature>
  <Name className="java.lang.String">polarity</Name>
  <Value className="java.lang.String">negative</Value>
</Feature>
</Annotation>
<Annotation Id="16" Type="arg" StartNode="2614" EndNode="2725">
<Feature>
  <Name className="java.lang.String">type</Name>
  <Value className="java.lang.String">label</Value>
</Feature>
<Feature>
  <Name className="java.lang.String">ss-label</Name>
  <Value className="java.lang.String">unconstitutional</Value>
</Feature>
<Feature>
  <Name className="java.lang.String">polarity</Name>
  <Value className="java.lang.String">negative</Value>
</Feature>
</Annotation>
<Annotation Id="19" Type="arg" StartNode="3289" EndNode="3413">
<Feature>
  <Name className="java.lang.String">prospect</Name>
  <Value className="java.lang.String">loss</Value>
</Feature>
<Feature>
  <Name className="java.lang.String">ss-label</Name>
  <Value className="java.lang.String">getting_insurance_will_be_harder</Value>
</Feature>
<Feature>
  <Name className="java.lang.String">type</Name>
  <Value className="java.lang.String">label</Value>
</Feature>
<Feature>
  <Name className="java.lang.String">group</Name>
  <Value className="java.lang.String">self-group</Value>
</Feature>
<Feature>
  <Name className="java.lang.String">polarity</Name>
  <Value className="java.lang.String">negative</Value>
</Feature>
</Annotation>
<Annotation Id="18" Type="rel" StartNode="2883" EndNode="3247">
<Feature>
  <Name className="java.lang.String">type</Name>
  <Value className="java.lang.String">label</Value>
</Feature>
<Feature>
  <Name className="java.lang.String">ss-label</Name>
  <Value className="java.lang.String">unconstitutional</Value>
</Feature>
</Annotation>
<Annotation Id="21" Type="arg" StartNode="3571" EndNode="3652">
<Feature>
  <Name className="java.lang.String">prospect</Name>
  <Value className="java.lang.String">loss</Value>
</Feature>
<Feature>
  <Name className="java.lang.String">ss-label</Name>
  <Value className="java.lang.String">insurers_will_stop_insuring_children</Value>
</Feature>
<Feature>
  <Name className="java.lang.String">type</Name>
  <Value className="java.lang.String">label</Value>
</Feature>
<Feature>
  <Name className="java.lang.String">group</Name>
  <Value className="java.lang.String">other-group</Value>
</Feature>
<Feature>
  <Name className="java.lang.String">polarity</Name>
  <Value className="java.lang.String">negative</Value>
</Feature>
</Annotation>
<Annotation Id="20" Type="arg" StartNode="3418" EndNode="3566">
<Feature>
  <Name className="java.lang.String">type</Name>
  <Value className="java.lang.String">label</Value>
</Feature>
<Feature>
  <Name className="java.lang.String">ss-label</Name>
  <Value className="java.lang.String">unpopular_among_doctors</Value>
</Feature>
<Feature>
  <Name className="java.lang.String">polarity</Name>
  <Value className="java.lang.String">negative</Value>
</Feature>
</Annotation>
<Annotation Id="23" Type="arg" StartNode="3901" EndNode="4131">
<Feature>
  <Name className="java.lang.String">unclear</Name>
  <Value className="java.lang.String">true</Value>
</Feature>
<Feature>
  <Name className="java.lang.String">ss-label</Name>
  <Value className="java.lang.String">requires_insurers_to_do_too_much</Value>
</Feature>
<Feature>
  <Name className="java.lang.String">type</Name>
  <Value className="java.lang.String">label</Value>
</Feature>
<Feature>
  <Name className="java.lang.String">polarity</Name>
  <Value className="java.lang.String">negative</Value>
</Feature>
</Annotation>
<Annotation Id="22" Type="rel" StartNode="3657" EndNode="3825">
<Feature>
  <Name className="java.lang.String">type</Name>
  <Value className="java.lang.String">label</Value>
</Feature>
<Feature>
  <Name className="java.lang.String">ss-label</Name>
  <Value className="java.lang.String">insurers_will_stop_insuring_children</Value>
</Feature>
</Annotation>
<Annotation Id="25" Type="rel" StartNode="4201" EndNode="4214">
<Feature>
  <Name className="java.lang.String">id</Name>
  <Value className="java.lang.String">r2</Value>
</Feature>
</Annotation>
<Annotation Id="26" Type="arg" StartNode="4271" EndNode="4341">
<Feature>
  <Name className="java.lang.String">unclear</Name>
  <Value className="java.lang.String">true</Value>
</Feature>
<Feature>
  <Name className="java.lang.String">ss-label</Name>
  <Value className="java.lang.String">centralizes_healthcare_control</Value>
</Feature>
<Feature>
  <Name className="java.lang.String">type</Name>
  <Value className="java.lang.String">label</Value>
</Feature>
<Feature>
  <Name className="java.lang.String">polarity</Name>
  <Value className="java.lang.String">negative</Value>
</Feature>
</Annotation>
<Annotation Id="29" Type="rel" StartNode="131" EndNode="372">
<Feature>
  <Name className="java.lang.String">type</Name>
  <Value className="java.lang.String">label</Value>
</Feature>
<Feature>
  <Name className="java.lang.String">ss-label</Name>
  <Value className="java.lang.String">some_states_dislike</Value>
</Feature>
</Annotation>
<Annotation Id="28" Type="arg" StartNode="4855" EndNode="4996">
<Feature>
  <Name className="java.lang.String">unclear</Name>
  <Value className="java.lang.String">true</Value>
</Feature>
<Feature>
  <Name className="java.lang.String">ss-label</Name>
  <Value className="java.lang.String">some_states_dislike</Value>
</Feature>
<Feature>
  <Name className="java.lang.String">type</Name>
  <Value className="java.lang.String">label</Value>
</Feature>
<Feature>
  <Name className="java.lang.String">polarity</Name>
  <Value className="java.lang.String">positive</Value>
</Feature>
</Annotation>
<Annotation Id="31" Type="arg" StartNode="1037" EndNode="1086">
<Feature>
  <Name className="java.lang.String">ss-label</Name>
  <Value className="java.lang.String">unpopular_among_doctors</Value>
</Feature>
<Feature>
  <Name className="java.lang.String">unclear</Name>
  <Value className="java.lang.String">true</Value>
</Feature>
<Feature>
  <Name className="java.lang.String">type</Name>
  <Value className="java.lang.String">label</Value>
</Feature>
<Feature>
  <Name className="java.lang.String">polarity</Name>
  <Value className="java.lang.String">negative</Value>
</Feature>
</Annotation>
<Annotation Id="30" Type="rel" StartNode="496" EndNode="668">
<Feature>
  <Name className="java.lang.String">type</Name>
  <Value className="java.lang.String">else</Value>
</Feature>
<Feature>
  <Name className="java.lang.String">ss-label</Name>
  <Value className="java.lang.String">unpopular_among_doctors</Value>
</Feature>
<Feature>
  <Name className="java.lang.String">unclear</Name>
  <Value className="java.lang.String">true</Value>
</Feature>
</Annotation>
<Annotation Id="34" Type="arg" StartNode="4159" EndNode="4197">
<Feature>
  <Name className="java.lang.String">type</Name>
  <Value className="java.lang.String">label</Value>
</Feature>
<Feature>
  <Name className="java.lang.String">ss-label</Name>
  <Value className="java.lang.String">centralizes_healthcare_control</Value>
</Feature>
<Feature>
  <Name className="java.lang.String">polarity</Name>
  <Value className="java.lang.String">negative</Value>
</Feature>
</Annotation>
<Annotation Id="35" Type="rel" StartNode="4201" EndNode="4269">
<Feature>
  <Name className="java.lang.String">type</Name>
  <Value className="java.lang.String">label</Value>
</Feature>
<Feature>
  <Name className="java.lang.String">ss-label</Name>
  <Value className="java.lang.String">centralizes_healthcare_control</Value>
</Feature>
</Annotation>
<Annotation Id="32" Type="rel" StartNode="3830" EndNode="3897">
<Feature>
  <Name className="java.lang.String">type</Name>
  <Value className="java.lang.String">else</Value>
</Feature>
<Feature>
  <Name className="java.lang.String">ss-label</Name>
  <Value className="java.lang.String">insurers_will_stop_insuring_children</Value>
</Feature>
</Annotation>
<Annotation Id="33" Type="arg" StartNode="4135" EndNode="4155">
<Feature>
  <Name className="java.lang.String">ss-label</Name>
  <Value className="java.lang.String">centralizes_healthcare_control</Value>
</Feature>
<Feature>
  <Name className="java.lang.String">unclear</Name>
  <Value className="java.lang.String">true</Value>
</Feature>
<Feature>
  <Name className="java.lang.String">type</Name>
  <Value className="java.lang.String">label</Value>
</Feature>
<Feature>
  <Name className="java.lang.String">polarity</Name>
  <Value className="java.lang.String">negative</Value>
</Feature>
<Feature>
  <Name className="java.lang.String">incomplete</Name>
  <Value className="java.lang.String">true</Value>
</Feature>
</Annotation>
<Annotation Id="38" Type="arg" StartNode="4498" EndNode="4571">
<Feature>
  <Name className="java.lang.String">type</Name>
  <Value className="java.lang.String">label</Value>
</Feature>
<Feature>
  <Name className="java.lang.String">ss-label</Name>
  <Value className="java.lang.String">smaller_reforms_more_appropriate</Value>
</Feature>
<Feature>
  <Name className="java.lang.String">polarity</Name>
  <Value className="java.lang.String">positive</Value>
</Feature>
</Annotation>
<Annotation Id="39" Type="rel" StartNode="4575" EndNode="4665">
<Feature>
  <Name className="java.lang.String">type</Name>
  <Value className="java.lang.String">label</Value>
</Feature>
<Feature>
  <Name className="java.lang.String">ss-label</Name>
  <Value className="java.lang.String">smaller_reforms_more_appropriate</Value>
</Feature>
</Annotation>
<Annotation Id="36" Type="rel" StartNode="4345" EndNode="4392">
<Feature>
  <Name className="java.lang.String">type</Name>
  <Value className="java.lang.String">label</Value>
</Feature>
<Feature>
  <Name className="java.lang.String">ss-label</Name>
  <Value className="java.lang.String">centralizes_healthcare_control</Value>
</Feature>
<Feature>
  <Name className="java.lang.String">polarity</Name>
  <Value className="java.lang.String"></Value>
</Feature>
</Annotation>
<Annotation Id="37" Type="rel" StartNode="4396" EndNode="4494">
<Feature>
  <Name className="java.lang.String">type</Name>
  <Value className="java.lang.String">label</Value>
</Feature>
<Feature>
  <Name className="java.lang.String">ss-label</Name>
  <Value className="java.lang.String">smaller_reforms_more_appropriate</Value>
</Feature>
<Feature>
  <Name className="java.lang.String">polarity</Name>
  <Value className="java.lang.String"></Value>
</Feature>
</Annotation>
<Annotation Id="42" Type="others" StartNode="1062" EndNode="1086">
<Feature>
  <Name className="java.lang.String">comment</Name>
  <Value className="java.lang.String">make N ADJ</Value>
</Feature>
</Annotation>
<Annotation Id="43" Type="gfbf" StartNode="1280" EndNode="1285">
<Feature>
  <Name className="java.lang.String">agentId</Name>
  <Value className="java.lang.String">59</Value>
</Feature>
<Feature>
  <Name className="java.lang.String">objectId</Name>
  <Value className="java.lang.String">44</Value>
</Feature>
<Feature>
  <Name className="java.lang.String">polarity</Name>
  <Value className="java.lang.String">badfor</Value>
</Feature>
</Annotation>
<Annotation Id="40" Type="arg" StartNode="4669" EndNode="4785">
<Feature>
  <Name className="java.lang.String"></Name>
  <Value className="java.lang.String">true</Value>
</Feature>
<Feature>
  <Name className="java.lang.String">ss-label</Name>
  <Value className="java.lang.String">unpopular_among_public</Value>
</Feature>
<Feature>
  <Name className="java.lang.String">type</Name>
  <Value className="java.lang.String">label</Value>
</Feature>
<Feature>
  <Name className="java.lang.String">polarity</Name>
  <Value className="java.lang.String">positive</Value>
</Feature>
</Annotation>
<Annotation Id="41" Type="rel" StartNode="4789" EndNode="4851">
<Feature>
  <Name className="java.lang.String">type</Name>
  <Value className="java.lang.String">label</Value>
</Feature>
<Feature>
  <Name className="java.lang.String">ss-label</Name>
  <Value className="java.lang.String">unconstitutional</Value>
</Feature>
</Annotation>
<Annotation Id="46" Type="gfbf-object" StartNode="1325" EndNode="1341">
<Feature>
  <Name className="java.lang.String">writerAtt</Name>
  <Value className="java.lang.String">positive</Value>
</Feature>
</Annotation>
<Annotation Id="47" Type="gfbf" StartNode="2157" EndNode="2163">
<Feature>
  <Name className="java.lang.String">agentId</Name>
  <Value className="java.lang.String">implicit</Value>
</Feature>
<Feature>
  <Name className="java.lang.String">objectId</Name>
  <Value className="java.lang.String">48</Value>
</Feature>
<Feature>
  <Name className="java.lang.String">polarity</Name>
  <Value className="java.lang.String">badfor</Value>
</Feature>
</Annotation>
<Annotation Id="44" Type="gfbf-object" StartNode="1286" EndNode="1311">
<Feature>
  <Name className="java.lang.String">writerAtt</Name>
  <Value className="java.lang.String">positive</Value>
</Feature>
</Annotation>
<Annotation Id="45" Type="gfbf" StartNode="1315" EndNode="1324">
<Feature>
  <Name className="java.lang.String">agentId</Name>
  <Value className="java.lang.String">59</Value>
</Feature>
<Feature>
  <Name className="java.lang.String">objectId</Name>
  <Value className="java.lang.String">46</Value>
</Feature>
<Feature>
  <Name className="java.lang.String">polarity</Name>
  <Value className="java.lang.String">badfor</Value>
</Feature>
</Annotation>
<Annotation Id="51" Type="gfbf" StartNode="3303" EndNode="3312">
<Feature>
  <Name className="java.lang.String">agentId</Name>
  <Value className="java.lang.String">61</Value>
</Feature>
<Feature>
  <Name className="java.lang.String">objectId</Name>
  <Value className="java.lang.String">53</Value>
</Feature>
<Feature>
  <Name className="java.lang.String">polarity</Name>
  <Value className="java.lang.String">badfor</Value>
</Feature>
</Annotation>
<Annotation Id="50" Type="gfbf-object" StartNode="2302" EndNode="2336">
<Feature>
  <Name className="java.lang.String">writerAtt</Name>
  <Value className="java.lang.String">positive</Value>
</Feature>
</Annotation>
<Annotation Id="49" Type="gfbf" StartNode="2274" EndNode="2301">
<Feature>
  <Name className="java.lang.String">agentId</Name>
  <Value className="java.lang.String">60</Value>
</Feature>
<Feature>
  <Name className="java.lang.String">unclear</Name>
  <Value className="java.lang.String">true</Value>
</Feature>
<Feature>
  <Name className="java.lang.String">objectId</Name>
  <Value className="java.lang.String">50</Value>
</Feature>
<Feature>
  <Name className="java.lang.String">comment</Name>
  <Value className="java.lang.String">force onto????</Value>
</Feature>
<Feature>
  <Name className="java.lang.String">polarity</Name>
  <Value className="java.lang.String">badfor</Value>
</Feature>
</Annotation>
<Annotation Id="48" Type="gfbf-object" StartNode="2126" EndNode="2148">
<Feature>
  <Name className="java.lang.String">writerAtt</Name>
  <Value className="java.lang.String">positive</Value>
</Feature>
</Annotation>
<Annotation Id="55" Type="gfbf" StartNode="4694" EndNode="4701">
<Feature>
  <Name className="java.lang.String">agentId</Name>
  <Value className="java.lang.String">implicit</Value>
</Feature>
<Feature>
  <Name className="java.lang.String">objectId</Name>
  <Value className="java.lang.String">56</Value>
</Feature>
<Feature>
  <Name className="java.lang.String">polarity</Name>
  <Value className="java.lang.String">goodfor</Value>
</Feature>
</Annotation>
<Annotation Id="54" Type="others" StartNode="3387" EndNode="3413">
<Feature>
  <Name className="java.lang.String">comment</Name>
  <Value className="java.lang.String">make N ADJ</Value>
</Feature>
<Feature>
  <Name className="java.lang.String">unclear</Name>
  <Value className="java.lang.String"></Value>
</Feature>
</Annotation>
<Annotation Id="53" Type="gfbf-object" StartNode="3338" EndNode="3346">
<Feature>
  <Name className="java.lang.String">writerAtt</Name>
  <Value className="java.lang.String">positive</Value>
</Feature>
</Annotation>
<Annotation Id="52" Type="gfbf" StartNode="3316" EndNode="3337">
<Feature>
  <Name className="java.lang.String">agentId</Name>
  <Value className="java.lang.String">61</Value>
</Feature>
<Feature>
  <Name className="java.lang.String">objectId</Name>
  <Value className="java.lang.String">58</Value>
</Feature>
<Feature>
  <Name className="java.lang.String">polarity</Name>
  <Value className="java.lang.String">badfor</Value>
</Feature>
</Annotation>
<Annotation Id="59" Type="gfbf-agent" StartNode="1254" EndNode="1276">
<Feature>
  <Name className="java.lang.String">writerAtt</Name>
  <Value className="java.lang.String">negative</Value>
</Feature>
</Annotation>
<Annotation Id="58" Type="gfbf-object" StartNode="3338" EndNode="3346">
<Feature>
  <Name className="java.lang.String">writerAtt</Name>
  <Value className="java.lang.String">positive</Value>
</Feature>
</Annotation>
<Annotation Id="57" Type="influencer" StartNode="4676" EndNode="4678">
<Feature>
  <Name className="java.lang.String">effect</Name>
  <Value className="java.lang.String">reverse</Value>
</Feature>
<Feature>
  <Name className="java.lang.String">agentId</Name>
  <Value className="java.lang.String">implicit</Value>
</Feature>
<Feature>
  <Name className="java.lang.String">objectId</Name>
  <Value className="java.lang.String">55</Value>
</Feature>
</Annotation>
<Annotation Id="56" Type="gfbf-object" StartNode="4679" EndNode="4686">
<Feature>
  <Name className="java.lang.String">writerAtt</Name>
  <Value className="java.lang.String">positive</Value>
</Feature>
</Annotation>
<Annotation Id="63" Type="gfbf-object" StartNode="282" EndNode="299">
<Feature>
  <Name className="java.lang.String">unclear</Name>
  <Value className="java.lang.String">true</Value>
</Feature>
<Feature>
  <Name className="java.lang.String">writerAtt</Name>
  <Value className="java.lang.String">negative</Value>
</Feature>
</Annotation>
<Annotation Id="62" Type="gfbf" StartNode="275" EndNode="281">
<Feature>
  <Name className="java.lang.String">agentId</Name>
  <Value className="java.lang.String">64</Value>
</Feature>
<Feature>
  <Name className="java.lang.String">polarity</Name>
  <Value className="java.lang.String">badfor</Value>
</Feature>
<Feature>
  <Name className="java.lang.String">objectId</Name>
  <Value className="java.lang.String">63</Value>
</Feature>
</Annotation>
<Annotation Id="61" Type="gfbf-agent" StartNode="3289" EndNode="3298">
<Feature>
  <Name className="java.lang.String">writerAtt</Name>
  <Value className="java.lang.String">negative</Value>
</Feature>
</Annotation>
<Annotation Id="60" Type="gfbf-agent" StartNode="2251" EndNode="2273">
<Feature>
  <Name className="java.lang.String">writerAtt</Name>
  <Value className="java.lang.String">negative</Value>
</Feature>
</Annotation>
<Annotation Id="68" Type="referent" StartNode="2441" EndNode="2609">
<Feature>
  <Name className="java.lang.String">writerAtt</Name>
  <Value className="java.lang.String">negative</Value>
</Feature>
</Annotation>
<Annotation Id="70" Type="gfbf" StartNode="2944" EndNode="2956">
<Feature>
  <Name className="java.lang.String">agentId</Name>
  <Value className="java.lang.String">72</Value>
</Feature>
<Feature>
  <Name className="java.lang.String">polarity</Name>
  <Value className="java.lang.String">badfor</Value>
</Feature>
<Feature>
  <Name className="java.lang.String">objectId</Name>
  <Value className="java.lang.String">71</Value>
</Feature>
</Annotation>
<Annotation Id="71" Type="gfbf-object" StartNode="2957" EndNode="3029">
<Feature>
  <Name className="java.lang.String">writerAtt</Name>
  <Value className="java.lang.String">positive</Value>
</Feature>
</Annotation>
<Annotation Id="64" Type="gfbf-agent" StartNode="249" EndNode="251">
<Feature>
  <Name className="java.lang.String">writerAtt</Name>
  <Value className="java.lang.String">positive</Value>
</Feature>
</Annotation>
<Annotation Id="65" Type="gfbf" StartNode="2617" EndNode="2625">
<Feature>
  <Name className="java.lang.String">agentId</Name>
  <Value className="java.lang.String">67</Value>
</Feature>
<Feature>
  <Name className="java.lang.String">polarity</Name>
  <Value className="java.lang.String">goodfor</Value>
</Feature>
<Feature>
  <Name className="java.lang.String">objectId</Name>
  <Value className="java.lang.String">66</Value>
</Feature>
</Annotation>
<Annotation Id="66" Type="gfbf-object" StartNode="2626" EndNode="2640">
<Feature>
  <Name className="java.lang.String">referentId</Name>
  <Value className="java.lang.String">68</Value>
</Feature>
<Feature>
  <Name className="java.lang.String">writerAtt</Name>
  <Value className="java.lang.String">negative</Value>
</Feature>
<Feature>
  <Name className="java.lang.String">refererence</Name>
  <Value className="java.lang.String">true</Value>
</Feature>
</Annotation>
<Annotation Id="67" Type="gfbf-agent" StartNode="2641" EndNode="2649">
<Feature>
  <Name className="java.lang.String">writerAtt</Name>
  <Value className="java.lang.String">negative</Value>
</Feature>
</Annotation>
<Annotation Id="76" Type="gfbf-object" StartNode="4775" EndNode="4785">
<Feature>
  <Name className="java.lang.String">referentId</Name>
  <Value className="java.lang.String">78</Value>
</Feature>
<Feature>
  <Name className="java.lang.String">writerAtt</Name>
  <Value className="java.lang.String">positive</Value>
</Feature>
<Feature>
  <Name className="java.lang.String">refererence</Name>
  <Value className="java.lang.String">true</Value>
</Feature>
</Annotation>
<Annotation Id="77" Type="gfbf-agent" StartNode="4703" EndNode="4709">
<Feature>
  <Name className="java.lang.String">writerAtt</Name>
  <Value className="java.lang.String">positive</Value>
</Feature>
</Annotation>
<Annotation Id="78" Type="referent" StartNode="4739" EndNode="4748">
<Feature>
  <Name className="java.lang.String">writerAtt</Name>
  <Value className="java.lang.String">negative</Value>
</Feature>
</Annotation>
<Annotation Id="72" Type="gfbf-agent" StartNode="2910" EndNode="2943">
<Feature>
  <Name className="java.lang.String">writerAtt</Name>
  <Value className="java.lang.String">negative</Value>
</Feature>
</Annotation>
<Annotation Id="73" Type="gfbf" StartNode="3033" EndNode="3041">
<Feature>
  <Name className="java.lang.String">agentId</Name>
  <Value className="java.lang.String">72</Value>
</Feature>
<Feature>
  <Name className="java.lang.String">polarity</Name>
  <Value className="java.lang.String">goodfor</Value>
</Feature>
<Feature>
  <Name className="java.lang.String">objectId</Name>
  <Value className="java.lang.String">74</Value>
</Feature>
</Annotation>
<Annotation Id="74" Type="gfbf-object" StartNode="3042" EndNode="3097">
<Feature>
  <Name className="java.lang.String">writerAtt</Name>
  <Value className="java.lang.String">negative</Value>
</Feature>
</Annotation>
<Annotation Id="75" Type="gfbf" StartNode="4768" EndNode="4774">
<Feature>
  <Name className="java.lang.String">agentId</Name>
  <Value className="java.lang.String">77</Value>
</Feature>
<Feature>
  <Name className="java.lang.String">polarity</Name>
  <Value className="java.lang.String">goodfor</Value>
</Feature>
<Feature>
  <Name className="java.lang.String">objectId</Name>
  <Value className="java.lang.String">76</Value>
</Feature>
</Annotation>
</AnnotationSet>

<!-- Named annotation set -->

<AnnotationSet Name="Original markups">
<Annotation Id="0" Type="paragraph" StartNode="0" EndNode="5000">
</Annotation>
</AnnotationSet>

</GateDocument>
