<?xml version='1.0' encoding='MacRoman'?>
<GateDocument>
<!-- The document's features-->

<GateDocumentFeatures>
<Feature>
  <Name className="java.lang.String">gate.SourceURL</Name>
  <Value className="java.lang.String">file:/E:/Users/conrada/Documents/My%20Dropbox/healthcare_data/training_2/hc056.txt</Value>
</Feature>
<Feature>
  <Name className="java.lang.String">MimeType</Name>
  <Value className="java.lang.String">text/plain</Value>
</Feature>
<Feature>
  <Name className="java.lang.String">docNewLineType</Name>
  <Value className="java.lang.String">CRLF</Value>
</Feature>
</GateDocumentFeatures>
<!-- The document content area with serialized nodes -->

<TextWithNodes><Node id="0" />Five Reasons Your Doctor hates Obamacare&#xd;<Node id="41" />
December 18, 2011&#xd;
<Node id="61" />&#xd;
    <Node id="67" />0&#xd;
    inShare&#xd;
<Node id="83" />&#xd;
<Node id="85" />SAN DIEGO, December 18, 2011 ? <Node id="116" />Even with the American Medical Association&#x2019;s endorsement, <Node id="174" />a large majority of American <Node id="203" />physicians<Node id="213" /> <Node id="214" />remain staunchly against<Node id="238" /> <Node id="239" />Obamacare<Node id="248" />. <Node id="250" />They see the program as creating an undue burden on their practices in light of decreased reimbursement, increased bureaucratic oversight, and a complex array of unnecessary and intrusive technological mandates which will further distance them from their patients<Node id="513" />.&#xd;
<Node id="516" />&#xd;
<Node id="518" />The following are five reasons why your doctor will not be happy working under &#x201c;Obamacare&#x201d;<Node id="608" />:&#xd;
<Node id="611" />&#xd;
    <Node id="617" />Technology Gone Wild: <Node id="639" />Perhaps one of the most insidious and dangerous trends in modern health care is the &#x201c;hit&#x201d; that physicians will take in the form of mandated electronic medical records and e-prescription requirements, all bundled under <Node id="857" />Obamacare&#x2019;s new health information technology(HIT) requirements<Node id="920" />. <Node id="922" />Beginning last year and continuing through 2014 (when mandates and penalties begin to take effect), physicians and medical offices must start to invest between $40-80K up-front on expensive, unwieldy, and inefficient computer systems so that the federal government can track every move and detail of your medical care<Node id="1239" />. <Node id="1241" />These requirements will insure that your doctor spends more time looking at his or her computer screen than focusing on you during your exam<Node id="1381" />.<Node id="1382" /> <Node id="1383" />These requirements<Node id="1401" /> will achieve powerful data storage and retrieval, but will <Node id="1461" />interfere<Node id="1470" /> with <Node id="1476" />the doctor-patient relationship<Node id="1507" /> by imposing a permanent third party in every examination room<Node id="1569" />. <Node id="1571" />The ultimate purpose of this &#x201c;spying&#x201d; into private health records<Node id="1636" /> is to <Node id="1643" />enable<Node id="1649" /> <Node id="1650" />the government<Node id="1664" /> to <Node id="1668" />impose<Node id="1674" /> its version of medical standards on <Node id="1711" />your life<Node id="1720" /> (i.e., what degree of care you are allowed to have, when you can have it, etc.) and to <Node id="1808" />penalize<Node id="1816" /> <Node id="1817" />your doctor<Node id="1828" /> if his otherwise superb care falls outside of &#x201c;socialized&#x201d; norms<Node id="1893" />.&#xd;
<Node id="1896" />&#xd;
    <Node id="1902" />Furthermore, despite stringent privacy laws (called &#x201c;HIPAA protections&#x201d; after the 1996 Health Insurance Portability and Accountability Act), <Node id="2043" />the new health care law<Node id="2066" /> will actually <Node id="2081" />make it easier<Node id="2095" /> for accidental exposure or <Node id="2123" />hacking<Node id="2130" /> of <Node id="2134" />your private data<Node id="2151" /> to an unlimited number of strangers<Node id="2187" />. <Node id="2189" />Anyone with an ounce of media consciousness during the last decade knows that if <Node id="2270" />hackers<Node id="2277" /> can <Node id="2282" />break into<Node id="2292" /> <Node id="2293" />the Pentagon<Node id="2305" />, and <Node id="2311" />millions of military medical files can be lost<Node id="2357" />, then your medical records are not safe on a host computer or stored online<Node id="2433" />.&#xd;
    <Node id="2440" />The Ghost of Donald Berwick:  Former Obama appointee and head of the Centers for Medicare and Medicaid Services, Doctor Donald Berwick, was openly in praise of the British National Health System<Node id="2634" />. <Node id="2636" />His admiration for socialized medicine was so great that he actively worked to fashion Obamacare into <Node id="2738" />a powerful force<Node id="2754" /> to <Node id="2758" />restrict<Node id="2766" /> <Node id="2767" />the prescription drugs which doctors can write for you<Node id="2821" />. <Node id="2823" />Berwick and others utilized the concept of mini-HMOs, called ACOs, for &#x201c;Accountable Care Organizations,&#x201d; to begin the design of mandated electronic ordering systems that will limit the medicines which you can be given by your physician<Node id="3058" />. <Node id="3060" />ACOs will have almost unlimited control over the computer screen &#x201c;platform&#x201d; which displays ordering options for e-prescriptions<Node id="3187" />. <Node id="3189" />If your favorite medicine is not on the platform, good luck!&#xd;<Node id="3250" />
<Node id="3251" />&#xd;
    <Node id="3257" />The Medicare Improvements for Patients and Providers Act of 2008 authorized the Centers for Medicare and Medicaid Services (CMS) to pay bonuses to physicians for successful e-prescribing. In 2009 and 2010, doctors who implemented e-prescribing became eligible to receive bonuses equal to 2% of their overall Medicare reimbursement. <Node id="3589" />The bonuses for years 2011 and beyond will be scaled down, but, to insure adoption of the regulatory HIT dictates, there will be a penalty for not prescribing beginning in 2012; the penalty reductions in pay for not using government/health plan provided electronic prescribing will be a reduction of Medicare reimbursement of 1% in 2012, 1.5% in 2013, and 2% in 2014<Node id="3955" />.&#xd;
<Node id="3958" />&#xd;
    <Node id="3964" />There is no existing law regulating e-prescribing on the state or federal level in America. <Node id="4056" />Imagine a scenario in the not-too-distant future where a patient with cancer is deprived of an essential chemotherapeutic option because of closed-door schemes and deals by ACOs and insurance companies<Node id="4257" />. <Node id="4259" />This would <Node id="4270" />put the United States squarely in the arena of European-style socialized medicine<Node id="4351" />.&#xd;
<Node id="4354" />&#xd;
    <Node id="4360" />Doctors have been trained rigorously under the Hippocratic Oath to protect you &#x2014; to do no harm<Node id="4454" />. <Node id="4456" />They have been educated to do the right thing to give you the best medical treatments available<Node id="4551" />. <Node id="4553" />With the government and insurance companies calling the shots on prescription drug options, your doctor will <Node id="4662" />become<Node id="4668" /> nothing but a tool of third party gamesmanship<Node id="4715" />. <Node id="4717" />This is not the practice of medicine<Node id="4753" />. <Node id="4755" />This is merely cookie-cutter, assembly-line &#x201c;care.&#x201d;<Node id="4806" />&#xd;
    Medical Coding Monopoly (CPT codes): Thanks to the American Medical Association, essentially a wholly-owned subsidiary of the federal government due to its exclusive medical coding copyright royalty monopoly (worth $72 Million in 2010 alone), the Centers for Medicare and Medicaid Services (CMS) was implicitly given the green light to proceed with onerous regulations and &#x201c;codes&#x201d; (expected to expand vastly under the new CPT/ICD-10 guidelines to be made effective on Jan 1, 2012).&#xd;
    The AMA&#x2019;s self-serving control of these codes has made them rich at the expense of physicians and patients. <Node id="5407" />Now, <Node id="5412" />the new codes<Node id="5425" /> will profile your every move at every moment of your medical life &#x2014; <Node id="5494" />pegging<Node id="5501" /> <Node id="5502" />you<Node id="5505" /> with descriptors about your weight, your looks, your hobbies, your personal sex life, and just about everything else that makes you &#x201c;you<Node id="5642" />.&#x201d; <Node id="5645" />Based on <Node id="5654" />these codes<Node id="5665" />, which are also used by all private insurance companies, <Node id="5723" />your care<Node id="5732" /> will be <Node id="5741" />relegated<Node id="5750" /> to predetermined categories and restricted options<Node id="5801" />.&#xd;
    <Node id="5808" />The Downgrading of the Medical Degree: The new world order under Obamacare will see a paradigm shift wherein government-empowered administrators and other non-physicians make de factomedical decisions &#x2014; effectively ruling over the practice of medicine by physicians<Node id="6073" />. <Node id="6075" />Through <Node id="6083" />the abuse of &#x201c;standards&#x201d;<Node id="6107" /> <Node id="6108" />imposed<Node id="6115" /> by <Node id="6119" />the Feds, the AMA, and the pseudo-independent accrediting body<Node id="6181" />, the &#x201c;Joint Commission&#x201d; (JCAHO), doctors are increasingly <Node id="6240" />losing the freedom<Node id="6258" /> to exercise independent thought and the independent practice of their profession<Node id="6339" />. <Node id="6341" />By utilizing peer review practices which would not stand muster under standard constitutional law, <Node id="6440" />hospital and health systems<Node id="6467" /> can label anyone a &#x201c;disruptive,&#x201d; &#x201c;unruly&#x201d; or &#x201c;uncooperative&#x201d; physician and <Node id="6543" />destroy<Node id="6550" /> <Node id="6551" />their ability to work<Node id="6572" />. Hospital corporate peer review is an opaque process created by the Health Care Quality Improvement Act (HCQIA) statute with no evidentiary safeguards. As such, corporate health care attorneys use it frequently to destroy the careers of physicians they deem &#x201c;undesirable,&#x201d; &#x201c;disruptive,&#x201d; or &#x201c;threatening&#x201d; (e.g., those who report concerns about quality of care, fraud or errors to outside entities). Corporate peer review differs from traditional peer review with respect to transparency and the legal, evidence-based safeguards provided by full judicial review. Many are calling for the passage of pending Congressional bill HR 2472.IH, and other reforms, <Node id="7228" />that<Node id="7232" /> will <Node id="7238" />increase<Node id="7246" /> <Node id="7247" />procedural transparency<Node id="7270" /> and <Node id="7275" />protect<Node id="7282" /> <Node id="7283" />the professional rights<Node id="7306" /> and <Node id="7311" />legitimate<Node id="7321" /> <Node id="7322" />credentials of all physicians<Node id="7351" />.&#xd;
    <Node id="7358" />Misrepresentation: A reliable polling source found that <Node id="7414" />the majority of registered voters<Node id="7447" /> do <Node id="7451" />not<Node id="7454" /> <Node id="7455" />approve of<Node id="7465" /> <Node id="7466" />Obamacare<Node id="7475" /> and feel the nation is worse off for it (decreased quality, increased costs, cuts in Medicare to the tune of $400 Billion, and a greater presence of Uncle Sam in the examination room)<Node id="7659" />. <Node id="7661" />By a margin of 54 to 34 percent, <Node id="7694" />Independents<Node id="7706" /> <Node id="7707" />are strongly opposed to<Node id="7730" /> <Node id="7731" />the &#x201c;Affordable Care Act<Node id="7755" />.<Node id="7756" />&#x201d; <Node id="7758" />According to a recent Kaiser Foundation poll, more Americans &#x201c;have an unfavorable view of the [healthcare reform] law.&#x201d;&#xd;<Node id="7878" />
<Node id="7879" />&#xd;
<Node id="7881" />These findings are not surprising, and are not news to anyone who has been following the saga of healthcare reform since the beginning of President Obama&#x2019;s presidency<Node id="8047" />. <Node id="8049" />From the start of the reform discussions in 2008, despite the false sense of representation portrayed by the American Medical Association (which supported the &#x201c;Affordable Care Act&#x201d; law), <Node id="8236" />American physicians<Node id="8255" /> <Node id="8256" />have been staunchly against<Node id="8283" /> <Node id="8284" />Obamacare<Node id="8293" /> and have not felt they could maintain the current state of their practices<Node id="8368" />. <Node id="8370" />The influx of tens of millions of additional patients with an &#x201c;Obamacare card&#x201d; in hand will only <Node id="8467" />drive the quality and access to medical care<Node id="8511" /> <Node id="8512" />in the negative direction<Node id="8537" />.&#xd;
<Node id="8540" />&#xd;
<Node id="8542" />For these five reasons, and many more, your personal physician will not be happy in the straight jacket of Obamacare<Node id="8658" />. <Node id="8660" />And this, <Node id="8670" />more than any<Node id="8683" /> pending interpretation of the U.S. Constitution by the Supreme Court, is why the &#x201c;Affordable Care Act&#x201d; is something <Node id="8800" />America just can&#x2019;t afford to live with<Node id="8838" />.&#xd;
<Node id="8841" />&#xd;
<Node id="8843" />http://communities.washingtontimes.com/neighborhood/medicine-and-politics-america/2011/dec/18/health-care-reform-organized-medicine-physician-pr/&#xd;
<Node id="8990" /></TextWithNodes>
<!-- The default annotation set -->

<AnnotationSet>
<Annotation Id="12" Type="doc" StartNode="0" EndNode="8990">
<Feature>
  <Name className="java.lang.String">id</Name>
  <Value className="java.lang.String">hc056</Value>
</Feature>
<Feature>
  <Name className="java.lang.String">author</Name>
  <Value className="java.lang.String"></Value>
</Feature>
<Feature>
  <Name className="java.lang.String">date</Name>
  <Value className="java.lang.String">20111218</Value>
</Feature>
<Feature>
  <Name className="java.lang.String">source</Name>
  <Value className="java.lang.String">americas,medical,society</Value>
</Feature>
<Feature>
  <Name className="java.lang.String">side</Name>
  <Value className="java.lang.String">anti</Value>
</Feature>
<Feature>
  <Name className="java.lang.String">url</Name>
  <Value className="java.lang.String">http://americasmedicalsociety.com/five-reasons-your-doctor-hates-obamacare/</Value>
</Feature>
</Annotation>
<Annotation Id="13" Type="arg" StartNode="0" EndNode="41">
<Feature>
  <Name className="java.lang.String">type</Name>
  <Value className="java.lang.String">label</Value>
</Feature>
<Feature>
  <Name className="java.lang.String">ss-label</Name>
  <Value className="java.lang.String">unpopular_among_doctors</Value>
</Feature>
<Feature>
  <Name className="java.lang.String">polarity</Name>
  <Value className="java.lang.String">negative</Value>
</Feature>
</Annotation>
<Annotation Id="14" Type="arg" StartNode="116" EndNode="248">
<Feature>
  <Name className="java.lang.String">type</Name>
  <Value className="java.lang.String">label</Value>
</Feature>
<Feature>
  <Name className="java.lang.String">ss-label</Name>
  <Value className="java.lang.String">unpopular_among_doctors</Value>
</Feature>
<Feature>
  <Name className="java.lang.String">polarity</Name>
  <Value className="java.lang.String">negative</Value>
</Feature>
</Annotation>
<Annotation Id="15" Type="rel" StartNode="203" EndNode="213">
<Feature>
  <Name className="java.lang.String">id</Name>
  <Value className="java.lang.String">r1</Value>
</Feature>
</Annotation>
<Annotation Id="16" Type="rel" StartNode="250" EndNode="513">
<Feature>
  <Name className="java.lang.String">ss-label</Name>
  <Value className="java.lang.String">unpopular_among_doctors</Value>
</Feature>
<Feature>
  <Name className="java.lang.String">type</Name>
  <Value className="java.lang.String">label</Value>
</Feature>
<Feature>
  <Name className="java.lang.String">about-rel</Name>
  <Value className="java.lang.String">r1</Value>
</Feature>
<Feature>
  <Name className="java.lang.String">polarity</Name>
  <Value className="java.lang.String">negative</Value>
</Feature>
</Annotation>
<Annotation Id="19" Type="rel" StartNode="922" EndNode="1239">
<Feature>
  <Name className="java.lang.String">id</Name>
  <Value className="java.lang.String">a1</Value>
</Feature>
<Feature>
  <Name className="java.lang.String">ss-label</Name>
  <Value className="java.lang.String">hurts_doctors</Value>
</Feature>
<Feature>
  <Name className="java.lang.String">type</Name>
  <Value className="java.lang.String">label</Value>
</Feature>
<Feature>
  <Name className="java.lang.String">polarity</Name>
  <Value className="java.lang.String">negative</Value>
</Feature>
</Annotation>
<Annotation Id="18" Type="arg" StartNode="518" EndNode="608">
<Feature>
  <Name className="java.lang.String">type</Name>
  <Value className="java.lang.String">label</Value>
</Feature>
<Feature>
  <Name className="java.lang.String">ss-label</Name>
  <Value className="java.lang.String">unpopular_among_doctors</Value>
</Feature>
<Feature>
  <Name className="java.lang.String">polarity</Name>
  <Value className="java.lang.String">negative</Value>
</Feature>
</Annotation>
<Annotation Id="21" Type="arg" StartNode="1383" EndNode="1569">
<Feature>
  <Name className="java.lang.String">type</Name>
  <Value className="java.lang.String">label</Value>
</Feature>
<Feature>
  <Name className="java.lang.String">ss-label</Name>
  <Value className="java.lang.String">increases_govt_interference_in_healthcare_decisions</Value>
</Feature>
<Feature>
  <Name className="java.lang.String">polarity</Name>
  <Value className="java.lang.String">negative</Value>
</Feature>
</Annotation>
<Annotation Id="20" Type="arg" StartNode="1241" EndNode="1381">
<Feature>
  <Name className="java.lang.String">ss-label</Name>
  <Value className="java.lang.String">diminishes_quality_of_care</Value>
</Feature>
<Feature>
  <Name className="java.lang.String">type</Name>
  <Value className="java.lang.String">label</Value>
</Feature>
<Feature>
  <Name className="java.lang.String">about-rel</Name>
  <Value className="java.lang.String">a1</Value>
</Feature>
<Feature>
  <Name className="java.lang.String">polarity</Name>
  <Value className="java.lang.String">negative</Value>
</Feature>
</Annotation>
<Annotation Id="23" Type="arg" StartNode="1902" EndNode="2187">
<Feature>
  <Name className="java.lang.String">type</Name>
  <Value className="java.lang.String">label</Value>
</Feature>
<Feature>
  <Name className="java.lang.String">ss-label</Name>
  <Value className="java.lang.String">threatens_private_data</Value>
</Feature>
<Feature>
  <Name className="java.lang.String">polarity</Name>
  <Value className="java.lang.String">negative</Value>
</Feature>
</Annotation>
<Annotation Id="22" Type="arg" StartNode="1571" EndNode="1893">
<Feature>
  <Name className="java.lang.String">type</Name>
  <Value className="java.lang.String">label</Value>
</Feature>
<Feature>
  <Name className="java.lang.String">ss-label</Name>
  <Value className="java.lang.String">increases_govt_interference_in_healthcare_decisions</Value>
</Feature>
<Feature>
  <Name className="java.lang.String">polarity</Name>
  <Value className="java.lang.String">negative</Value>
</Feature>
</Annotation>
<Annotation Id="25" Type="arg" StartNode="3060" EndNode="3187">
<Feature>
  <Name className="java.lang.String">type</Name>
  <Value className="java.lang.String">label</Value>
</Feature>
<Feature>
  <Name className="java.lang.String">ss-label</Name>
  <Value className="java.lang.String">increases_govt_interference_in_healthcare_decisions</Value>
</Feature>
<Feature>
  <Name className="java.lang.String">polarity</Name>
  <Value className="java.lang.String">negative</Value>
</Feature>
</Annotation>
<Annotation Id="27" Type="arg" StartNode="4553" EndNode="4715">
<Feature>
  <Name className="java.lang.String">type</Name>
  <Value className="java.lang.String">label</Value>
</Feature>
<Feature>
  <Name className="java.lang.String">ss-label</Name>
  <Value className="java.lang.String">increases_govt_interference_in_healthcare_decisions</Value>
</Feature>
<Feature>
  <Name className="java.lang.String">polarity</Name>
  <Value className="java.lang.String">negative</Value>
</Feature>
</Annotation>
<Annotation Id="26" Type="rel" StartNode="4056" EndNode="4257">
<Feature>
  <Name className="java.lang.String">type</Name>
  <Value className="java.lang.String">label</Value>
</Feature>
<Feature>
  <Name className="java.lang.String">ss-label</Name>
  <Value className="java.lang.String">restricts_healthcare_choice</Value>
</Feature>
<Feature>
  <Name className="java.lang.String">polarity</Name>
  <Value className="java.lang.String">negative</Value>
</Feature>
</Annotation>
<Annotation Id="28" Type="arg" StartNode="4755" EndNode="4806">
<Feature>
  <Name className="java.lang.String">type</Name>
  <Value className="java.lang.String">label</Value>
</Feature>
<Feature>
  <Name className="java.lang.String">ss-label</Name>
  <Value className="java.lang.String">diminishes_quality_of_care</Value>
</Feature>
<Feature>
  <Name className="java.lang.String">polarity</Name>
  <Value className="java.lang.String">negative</Value>
</Feature>
</Annotation>
<Annotation Id="31" Type="arg" StartNode="5407" EndNode="5642">
<Feature>
  <Name className="java.lang.String">type</Name>
  <Value className="java.lang.String">label</Value>
</Feature>
<Feature>
  <Name className="java.lang.String">ss-label</Name>
  <Value className="java.lang.String">threatens_privacy</Value>
</Feature>
<Feature>
  <Name className="java.lang.String">polarity</Name>
  <Value className="java.lang.String">negative</Value>
</Feature>
</Annotation>
<Annotation Id="30" Type="arg" StartNode="5645" EndNode="5801">
<Feature>
  <Name className="java.lang.String">type</Name>
  <Value className="java.lang.String">label</Value>
</Feature>
<Feature>
  <Name className="java.lang.String">ss-label</Name>
  <Value className="java.lang.String">restricts_healthcare_choice</Value>
</Feature>
<Feature>
  <Name className="java.lang.String">polarity</Name>
  <Value className="java.lang.String">negative</Value>
</Feature>
</Annotation>
<Annotation Id="34" Type="arg" StartNode="8542" EndNode="8658">
<Feature>
  <Name className="java.lang.String">type</Name>
  <Value className="java.lang.String">label</Value>
</Feature>
<Feature>
  <Name className="java.lang.String">ss-label</Name>
  <Value className="java.lang.String">unpopular_among_doctors</Value>
</Feature>
<Feature>
  <Name className="java.lang.String">polarity</Name>
  <Value className="java.lang.String">negative</Value>
</Feature>
</Annotation>
<Annotation Id="32" Type="arg" StartNode="6075" EndNode="6339">
<Feature>
  <Name className="java.lang.String">ss-label</Name>
  <Value className="java.lang.String">increases_govt_interference_in_healthcare_decisions</Value>
</Feature>
<Feature>
  <Name className="java.lang.String">type</Name>
  <Value className="java.lang.String">label</Value>
</Feature>
<Feature>
  <Name className="java.lang.String">polarity</Name>
  <Value className="java.lang.String">negative</Value>
</Feature>
<Feature>
  <Name className="java.lang.String">incomplete</Name>
  <Value className="java.lang.String">hurts_doctors</Value>
</Feature>
</Annotation>
<Annotation Id="33" Type="arg" StartNode="8049" EndNode="8368">
<Feature>
  <Name className="java.lang.String">type</Name>
  <Value className="java.lang.String">label</Value>
</Feature>
<Feature>
  <Name className="java.lang.String">ss-label</Name>
  <Value className="java.lang.String">unpopular_among_doctors</Value>
</Feature>
<Feature>
  <Name className="java.lang.String">polarity</Name>
  <Value className="java.lang.String">negative</Value>
</Feature>
</Annotation>
<Annotation Id="38" Type="rel" StartNode="7758" EndNode="7878">
<Feature>
  <Name className="java.lang.String">type</Name>
  <Value className="java.lang.String">label</Value>
</Feature>
<Feature>
  <Name className="java.lang.String">ss-label</Name>
  <Value className="java.lang.String">unpopular_among_public</Value>
</Feature>
</Annotation>
<Annotation Id="39" Type="arg" StartNode="639" EndNode="920">
<Feature>
  <Name className="java.lang.String">ss-label</Name>
  <Value className="java.lang.String">hurts_doctors</Value>
</Feature>
<Feature>
  <Name className="java.lang.String">unclear</Name>
  <Value className="java.lang.String">true</Value>
</Feature>
<Feature>
  <Name className="java.lang.String">date</Name>
  <Value className="java.lang.String"></Value>
</Feature>
<Feature>
  <Name className="java.lang.String">type</Name>
  <Value className="java.lang.String">label</Value>
</Feature>
<Feature>
  <Name className="java.lang.String">polarity</Name>
  <Value className="java.lang.String">negative</Value>
</Feature>
</Annotation>
<Annotation Id="36" Type="arg" StartNode="8660" EndNode="8838">
<Feature>
  <Name className="java.lang.String">type</Name>
  <Value className="java.lang.String">label</Value>
</Feature>
<Feature>
  <Name className="java.lang.String">ss-label</Name>
  <Value className="java.lang.String">bill_will_hurt_healthcare_system</Value>
</Feature>
<Feature>
  <Name className="java.lang.String">polarity</Name>
  <Value className="java.lang.String">negative</Value>
</Feature>
</Annotation>
<Annotation Id="37" Type="arg" StartNode="7358" EndNode="7659">
<Feature>
  <Name className="java.lang.String">type</Name>
  <Value className="java.lang.String">label</Value>
</Feature>
<Feature>
  <Name className="java.lang.String">ss-label</Name>
  <Value className="java.lang.String">unpopular_among_public</Value>
</Feature>
<Feature>
  <Name className="java.lang.String">polarity</Name>
  <Value className="java.lang.String">negative</Value>
</Feature>
</Annotation>
<Annotation Id="42" Type="arg" StartNode="2636" EndNode="2821">
<Feature>
  <Name className="java.lang.String">type</Name>
  <Value className="java.lang.String">label</Value>
</Feature>
<Feature>
  <Name className="java.lang.String">ss-label</Name>
  <Value className="java.lang.String">restricts_healthcare_choice</Value>
</Feature>
<Feature>
  <Name className="java.lang.String">polarity</Name>
  <Value className="java.lang.String">negative</Value>
</Feature>
</Annotation>
<Annotation Id="43" Type="rel" StartNode="3589" EndNode="3955">
<Feature>
  <Name className="java.lang.String">type</Name>
  <Value className="java.lang.String">label</Value>
</Feature>
<Feature>
  <Name className="java.lang.String">unclear</Name>
  <Value className="java.lang.String">true</Value>
</Feature>
<Feature>
  <Name className="java.lang.String">ss-label</Name>
  <Value className="java.lang.String">hurts_doctors</Value>
</Feature>
</Annotation>
<Annotation Id="40" Type="arg" StartNode="2189" EndNode="2433">
<Feature>
  <Name className="java.lang.String"></Name>
  <Value className="java.lang.String">label</Value>
</Feature>
<Feature>
  <Name className="java.lang.String">ss-label</Name>
  <Value className="java.lang.String">threatens_private_data</Value>
</Feature>
<Feature>
  <Name className="java.lang.String">polarity</Name>
  <Value className="java.lang.String">negative</Value>
</Feature>
<Feature>
  <Name className="java.lang.String">incomplete</Name>
  <Value className="java.lang.String"></Value>
</Feature>
</Annotation>
<Annotation Id="46" Type="arg" StartNode="5808" EndNode="6073">
<Feature>
  <Name className="java.lang.String">type</Name>
  <Value className="java.lang.String">label</Value>
</Feature>
<Feature>
  <Name className="java.lang.String">ss-label</Name>
  <Value className="java.lang.String">increases_govt_interference_in_healthcare_decisions</Value>
</Feature>
<Feature>
  <Name className="java.lang.String">polarity</Name>
  <Value className="java.lang.String">negative</Value>
</Feature>
</Annotation>
<Annotation Id="44" Type="arg" StartNode="4259" EndNode="4351">
<Feature>
  <Name className="java.lang.String">ss-label</Name>
  <Value className="java.lang.String">similar_programs_have_failed_abroad</Value>
</Feature>
<Feature>
  <Name className="java.lang.String">type</Name>
  <Value className="java.lang.String">label</Value>
</Feature>
<Feature>
  <Name className="java.lang.String">polarity</Name>
  <Value className="java.lang.String">negative</Value>
</Feature>
<Feature>
  <Name className="java.lang.String">incomplete</Name>
  <Value className="java.lang.String">true</Value>
</Feature>
</Annotation>
<Annotation Id="51" Type="rel" StartNode="2440" EndNode="2634">
<Feature>
  <Name className="java.lang.String">type</Name>
  <Value className="java.lang.String">label</Value>
</Feature>
<Feature>
  <Name className="java.lang.String">ss-label</Name>
  <Value className="java.lang.String">centralizes_healthcare_control</Value>
</Feature>
</Annotation>
<Annotation Id="50" Type="arg" StartNode="8370" EndNode="8537">
<Feature>
  <Name className="java.lang.String">type</Name>
  <Value className="java.lang.String">label</Value>
</Feature>
<Feature>
  <Name className="java.lang.String">ss-label</Name>
  <Value className="java.lang.String">diminishes_quality_of_care</Value>
</Feature>
<Feature>
  <Name className="java.lang.String">polarity</Name>
  <Value className="java.lang.String">negative</Value>
</Feature>
</Annotation>
<Annotation Id="49" Type="rel" StartNode="7661" EndNode="7756">
<Feature>
  <Name className="java.lang.String">type</Name>
  <Value className="java.lang.String">label</Value>
</Feature>
<Feature>
  <Name className="java.lang.String">ss-label</Name>
  <Value className="java.lang.String">unpopular_among_public</Value>
</Feature>
<Feature>
  <Name className="java.lang.String">polarity</Name>
  <Value className="java.lang.String">negative</Value>
</Feature>
</Annotation>
<Annotation Id="48" Type="rel" StartNode="6341" EndNode="6572">
<Feature>
  <Name className="java.lang.String">type</Name>
  <Value className="java.lang.String">label</Value>
</Feature>
<Feature>
  <Name className="java.lang.String">ss-label</Name>
  <Value className="java.lang.String">hurts_doctors</Value>
</Feature>
</Annotation>
<Annotation Id="55" Type="rel" StartNode="4456" EndNode="4551">
<Feature>
  <Name className="java.lang.String">type</Name>
  <Value className="java.lang.String">label</Value>
</Feature>
<Feature>
  <Name className="java.lang.String">ss-label</Name>
  <Value className="java.lang.String">hurts_doctors</Value>
</Feature>
</Annotation>
<Annotation Id="54" Type="rel" StartNode="4360" EndNode="4454">
<Feature>
  <Name className="java.lang.String">type</Name>
  <Value className="java.lang.String">label</Value>
</Feature>
<Feature>
  <Name className="java.lang.String">unclear</Name>
  <Value className="java.lang.String">true</Value>
</Feature>
<Feature>
  <Name className="java.lang.String">ss-label</Name>
  <Value className="java.lang.String">hurts_doctors</Value>
</Feature>
</Annotation>
<Annotation Id="53" Type="rel" StartNode="3189" EndNode="3250">
<Feature>
  <Name className="java.lang.String">type</Name>
  <Value className="java.lang.String">label</Value>
</Feature>
<Feature>
  <Name className="java.lang.String">ss-label</Name>
  <Value className="java.lang.String">restricts_healthcare_choice</Value>
</Feature>
</Annotation>
<Annotation Id="52" Type="rel" StartNode="2823" EndNode="3058">
<Feature>
  <Name className="java.lang.String">type</Name>
  <Value className="java.lang.String">label</Value>
</Feature>
<Feature>
  <Name className="java.lang.String">ss-label</Name>
  <Value className="java.lang.String">restricts_healthcare_choice</Value>
</Feature>
</Annotation>
<Annotation Id="59" Type="gfbf-object" StartNode="239" EndNode="248">
<Feature>
  <Name className="java.lang.String">writerAtt</Name>
  <Value className="java.lang.String">negative</Value>
</Feature>
</Annotation>
<Annotation Id="58" Type="gfbf" StartNode="214" EndNode="238">
<Feature>
  <Name className="java.lang.String">agentId</Name>
  <Value className="java.lang.String">97</Value>
</Feature>
<Feature>
  <Name className="java.lang.String">objectId</Name>
  <Value className="java.lang.String">59</Value>
</Feature>
<Feature>
  <Name className="java.lang.String">polarity</Name>
  <Value className="java.lang.String">badfor</Value>
</Feature>
</Annotation>
<Annotation Id="57" Type="rel" StartNode="7881" EndNode="8047">
<Feature>
  <Name className="java.lang.String">type</Name>
  <Value className="java.lang.String">label</Value>
</Feature>
<Feature>
  <Name className="java.lang.String">unclear</Name>
  <Value className="java.lang.String">true</Value>
</Feature>
<Feature>
  <Name className="java.lang.String">ss-label</Name>
  <Value className="java.lang.String">unpopular_among_public</Value>
</Feature>
</Annotation>
<Annotation Id="56" Type="arg" StartNode="4717" EndNode="4753">
<Feature>
  <Name className="java.lang.String">type</Name>
  <Value className="java.lang.String">label</Value>
</Feature>
<Feature>
  <Name className="java.lang.String">ss-label</Name>
  <Value className="java.lang.String">diminishes_quality_of_care</Value>
</Feature>
<Feature>
  <Name className="java.lang.String">polarity</Name>
  <Value className="java.lang.String">negative</Value>
</Feature>
</Annotation>
<Annotation Id="62" Type="gfbf-object" StartNode="1476" EndNode="1507">
<Feature>
  <Name className="java.lang.String">writerAtt</Name>
  <Value className="java.lang.String">positive</Value>
</Feature>
</Annotation>
<Annotation Id="61" Type="gfbf" StartNode="1461" EndNode="1470">
<Feature>
  <Name className="java.lang.String">agentId</Name>
  <Value className="java.lang.String">98</Value>
</Feature>
<Feature>
  <Name className="java.lang.String">polarity</Name>
  <Value className="java.lang.String">badfor</Value>
</Feature>
<Feature>
  <Name className="java.lang.String">objectId</Name>
  <Value className="java.lang.String">62</Value>
</Feature>
</Annotation>
<Annotation Id="68" Type="gfbf" StartNode="1808" EndNode="1816">
<Feature>
  <Name className="java.lang.String">agentId</Name>
  <Value className="java.lang.String">101</Value>
</Feature>
<Feature>
  <Name className="java.lang.String">objectId</Name>
  <Value className="java.lang.String">70</Value>
</Feature>
<Feature>
  <Name className="java.lang.String">polarity</Name>
  <Value className="java.lang.String">badfor</Value>
</Feature>
</Annotation>
<Annotation Id="70" Type="gfbf-object" StartNode="1817" EndNode="1828">
<Feature>
  <Name className="java.lang.String">writerAtt</Name>
  <Value className="java.lang.String">positive</Value>
</Feature>
</Annotation>
<Annotation Id="71" Type="others" StartNode="2081" EndNode="2095">
</Annotation>
<Annotation Id="64" Type="gfbf" StartNode="1643" EndNode="1649">
<Feature>
  <Name className="java.lang.String">agentId</Name>
  <Value className="java.lang.String">99</Value>
</Feature>
<Feature>
  <Name className="java.lang.String">objectId</Name>
  <Value className="java.lang.String">65</Value>
</Feature>
<Feature>
  <Name className="java.lang.String">polarity</Name>
  <Value className="java.lang.String">goodfor</Value>
</Feature>
</Annotation>
<Annotation Id="65" Type="gfbf-object" StartNode="1650" EndNode="1664">
<Feature>
  <Name className="java.lang.String">writerAtt</Name>
  <Value className="java.lang.String">negative</Value>
</Feature>
</Annotation>
<Annotation Id="66" Type="gfbf" StartNode="1668" EndNode="1674">
<Feature>
  <Name className="java.lang.String">agentId</Name>
  <Value className="java.lang.String">101</Value>
</Feature>
<Feature>
  <Name className="java.lang.String">objectId</Name>
  <Value className="java.lang.String">67</Value>
</Feature>
<Feature>
  <Name className="java.lang.String">polarity</Name>
  <Value className="java.lang.String">badfor</Value>
</Feature>
</Annotation>
<Annotation Id="67" Type="gfbf-object" StartNode="1711" EndNode="1720">
<Feature>
  <Name className="java.lang.String">writerAtt</Name>
  <Value className="java.lang.String">positive</Value>
</Feature>
</Annotation>
<Annotation Id="76" Type="others" StartNode="2311" EndNode="2357">
<Feature>
  <Name className="java.lang.String">comment</Name>
  <Value className="java.lang.String">BadFor Agent</Value>
</Feature>
</Annotation>
<Annotation Id="77" Type="gfbf" StartNode="2758" EndNode="2766">
<Feature>
  <Name className="java.lang.String">agentId</Name>
  <Value className="java.lang.String">104</Value>
</Feature>
<Feature>
  <Name className="java.lang.String">objectId</Name>
  <Value className="java.lang.String">106</Value>
</Feature>
<Feature>
  <Name className="java.lang.String">polarity</Name>
  <Value className="java.lang.String">badfor</Value>
</Feature>
</Annotation>
<Annotation Id="79" Type="others" StartNode="4270" EndNode="4351">
</Annotation>
<Annotation Id="72" Type="gfbf" StartNode="2123" EndNode="2130">
<Feature>
  <Name className="java.lang.String">agentId</Name>
  <Value className="java.lang.String">102</Value>
</Feature>
<Feature>
  <Name className="java.lang.String">objectId</Name>
  <Value className="java.lang.String">73</Value>
</Feature>
<Feature>
  <Name className="java.lang.String">polarity</Name>
  <Value className="java.lang.String">badfor</Value>
</Feature>
</Annotation>
<Annotation Id="73" Type="gfbf-object" StartNode="2134" EndNode="2151">
<Feature>
  <Name className="java.lang.String">writerAtt</Name>
  <Value className="java.lang.String">positive</Value>
</Feature>
</Annotation>
<Annotation Id="74" Type="gfbf" StartNode="2282" EndNode="2292">
<Feature>
  <Name className="java.lang.String">agentId</Name>
  <Value className="java.lang.String">103</Value>
</Feature>
<Feature>
  <Name className="java.lang.String">polarity</Name>
  <Value className="java.lang.String">badfor</Value>
</Feature>
<Feature>
  <Name className="java.lang.String">objectId</Name>
  <Value className="java.lang.String">75</Value>
</Feature>
</Annotation>
<Annotation Id="75" Type="gfbf-object" StartNode="2293" EndNode="2305">
<Feature>
  <Name className="java.lang.String">writerAtt</Name>
  <Value className="java.lang.String">positive</Value>
</Feature>
</Annotation>
<Annotation Id="84" Type="gfbf-object" StartNode="5723" EndNode="5732">
<Feature>
  <Name className="java.lang.String">writerAtt</Name>
  <Value className="java.lang.String">positive</Value>
</Feature>
</Annotation>
<Annotation Id="87" Type="influencer" StartNode="7451" EndNode="7454">
<Feature>
  <Name className="java.lang.String">effect</Name>
  <Value className="java.lang.String">reverse</Value>
</Feature>
<Feature>
  <Name className="java.lang.String">agentId</Name>
  <Value className="java.lang.String">108</Value>
</Feature>
<Feature>
  <Name className="java.lang.String">objectId</Name>
  <Value className="java.lang.String">88</Value>
</Feature>
</Annotation>
<Annotation Id="86" Type="others" StartNode="6240" EndNode="6258">
</Annotation>
<Annotation Id="81" Type="gfbf" StartNode="5494" EndNode="5501">
<Feature>
  <Name className="java.lang.String">agentId</Name>
  <Value className="java.lang.String">105</Value>
</Feature>
<Feature>
  <Name className="java.lang.String">objectId</Name>
  <Value className="java.lang.String">82</Value>
</Feature>
<Feature>
  <Name className="java.lang.String">polarity</Name>
  <Value className="java.lang.String">badfor</Value>
</Feature>
</Annotation>
<Annotation Id="80" Type="others" StartNode="4662" EndNode="4668">
<Feature>
  <Name className="java.lang.String">effect</Name>
  <Value className="java.lang.String">retain</Value>
</Feature>
</Annotation>
<Annotation Id="83" Type="gfbf" StartNode="5741" EndNode="5750">
<Feature>
  <Name className="java.lang.String">agentId</Name>
  <Value className="java.lang.String">107</Value>
</Feature>
<Feature>
  <Name className="java.lang.String">objectId</Name>
  <Value className="java.lang.String">84</Value>
</Feature>
<Feature>
  <Name className="java.lang.String">polarity</Name>
  <Value className="java.lang.String">badfor</Value>
</Feature>
</Annotation>
<Annotation Id="82" Type="gfbf-object" StartNode="5502" EndNode="5505">
<Feature>
  <Name className="java.lang.String">writerAtt</Name>
  <Value className="java.lang.String">positive</Value>
</Feature>
</Annotation>
<Annotation Id="93" Type="others" StartNode="8467" EndNode="8511">
<Feature>
  <Name className="java.lang.String">comment</Name>
  <Value className="java.lang.String">drive</Value>
</Feature>
<Feature>
  <Name className="java.lang.String">unclear</Name>
  <Value className="java.lang.String"></Value>
</Feature>
</Annotation>
<Annotation Id="92" Type="others" StartNode="8512" EndNode="8537">
<Feature>
  <Name className="java.lang.String">effect</Name>
  <Value className="java.lang.String">reverse</Value>
</Feature>
</Annotation>
<Annotation Id="95" Type="others" StartNode="8800" EndNode="8838">
<Feature>
  <Name className="java.lang.String">comment</Name>
  <Value className="java.lang.String">negative</Value>
</Feature>
</Annotation>
<Annotation Id="89" Type="gfbf-object" StartNode="7466" EndNode="7475">
<Feature>
  <Name className="java.lang.String">writerAtt</Name>
  <Value className="java.lang.String">negative</Value>
</Feature>
</Annotation>
<Annotation Id="88" Type="gfbf" StartNode="7455" EndNode="7465">
<Feature>
  <Name className="java.lang.String">agentId</Name>
  <Value className="java.lang.String">108</Value>
</Feature>
<Feature>
  <Name className="java.lang.String">objectId</Name>
  <Value className="java.lang.String">89</Value>
</Feature>
<Feature>
  <Name className="java.lang.String">polarity</Name>
  <Value className="java.lang.String">goodfor</Value>
</Feature>
</Annotation>
<Annotation Id="91" Type="gfbf-object" StartNode="8284" EndNode="8293">
<Feature>
  <Name className="java.lang.String">writerAtt</Name>
  <Value className="java.lang.String">negative</Value>
</Feature>
</Annotation>
<Annotation Id="90" Type="gfbf" StartNode="8256" EndNode="8283">
<Feature>
  <Name className="java.lang.String">agentId</Name>
  <Value className="java.lang.String">109</Value>
</Feature>
<Feature>
  <Name className="java.lang.String">objectId</Name>
  <Value className="java.lang.String">91</Value>
</Feature>
<Feature>
  <Name className="java.lang.String">polarity</Name>
  <Value className="java.lang.String">badfor</Value>
</Feature>
</Annotation>
<Annotation Id="102" Type="gfbf-agent" StartNode="2043" EndNode="2066">
<Feature>
  <Name className="java.lang.String">writerAtt</Name>
  <Value className="java.lang.String">negative</Value>
</Feature>
</Annotation>
<Annotation Id="103" Type="gfbf-agent" StartNode="2270" EndNode="2277">
<Feature>
  <Name className="java.lang.String">writerAtt</Name>
  <Value className="java.lang.String">negative</Value>
</Feature>
</Annotation>
<Annotation Id="101" Type="gfbf-agent" StartNode="1650" EndNode="1664">
<Feature>
  <Name className="java.lang.String">writerAtt</Name>
  <Value className="java.lang.String">negative</Value>
</Feature>
</Annotation>
<Annotation Id="98" Type="gfbf-agent" StartNode="1382" EndNode="1401">
<Feature>
  <Name className="java.lang.String">referentId</Name>
  <Value className="java.lang.String">110</Value>
</Feature>
<Feature>
  <Name className="java.lang.String">reference</Name>
  <Value className="java.lang.String">true</Value>
</Feature>
<Feature>
  <Name className="java.lang.String">writerAtt</Name>
  <Value className="java.lang.String">negative</Value>
</Feature>
</Annotation>
<Annotation Id="99" Type="gfbf-agent" StartNode="1571" EndNode="1636">
<Feature>
  <Name className="java.lang.String">writerAtt</Name>
  <Value className="java.lang.String">negative</Value>
</Feature>
</Annotation>
<Annotation Id="96" Type="others" StartNode="8670" EndNode="8683">
<Feature>
  <Name className="java.lang.String">effect</Name>
  <Value className="java.lang.String">reverse</Value>
</Feature>
</Annotation>
<Annotation Id="97" Type="gfbf-agent" StartNode="174" EndNode="213">
<Feature>
  <Name className="java.lang.String">writerAtt</Name>
  <Value className="java.lang.String">positive</Value>
</Feature>
</Annotation>
<Annotation Id="110" Type="referent" StartNode="857" EndNode="920">
<Feature>
  <Name className="java.lang.String">writerAtt</Name>
  <Value className="java.lang.String">negative</Value>
</Feature>
</Annotation>
<Annotation Id="111" Type="referent" StartNode="5412" EndNode="5425">
<Feature>
  <Name className="java.lang.String">writerAtt</Name>
  <Value className="java.lang.String">negative</Value>
</Feature>
</Annotation>
<Annotation Id="108" Type="gfbf-agent" StartNode="7414" EndNode="7447">
<Feature>
  <Name className="java.lang.String">writerAtt</Name>
  <Value className="java.lang.String">positive</Value>
</Feature>
</Annotation>
<Annotation Id="109" Type="gfbf-agent" StartNode="8236" EndNode="8255">
<Feature>
  <Name className="java.lang.String">writerAtt</Name>
  <Value className="java.lang.String">positive</Value>
</Feature>
</Annotation>
<Annotation Id="106" Type="gfbf-object" StartNode="2767" EndNode="2821">
<Feature>
  <Name className="java.lang.String">writerAtt</Name>
  <Value className="java.lang.String">positive</Value>
</Feature>
</Annotation>
<Annotation Id="107" Type="gfbf-agent" StartNode="5654" EndNode="5665">
<Feature>
  <Name className="java.lang.String">referentId</Name>
  <Value className="java.lang.String">111</Value>
</Feature>
<Feature>
  <Name className="java.lang.String">reference</Name>
  <Value className="java.lang.String">true</Value>
</Feature>
<Feature>
  <Name className="java.lang.String">writerAtt</Name>
  <Value className="java.lang.String">negative</Value>
</Feature>
</Annotation>
<Annotation Id="104" Type="gfbf-agent" StartNode="2738" EndNode="2754">
<Feature>
  <Name className="java.lang.String">writerAtt</Name>
  <Value className="java.lang.String">negative</Value>
</Feature>
</Annotation>
<Annotation Id="105" Type="gfbf-agent" StartNode="5412" EndNode="5425">
<Feature>
  <Name className="java.lang.String">writerAtt</Name>
  <Value className="java.lang.String">negative</Value>
</Feature>
</Annotation>
<Annotation Id="119" Type="gfbf" StartNode="7238" EndNode="7246">
<Feature>
  <Name className="java.lang.String">agentId</Name>
  <Value className="java.lang.String">120</Value>
</Feature>
<Feature>
  <Name className="java.lang.String">objectId</Name>
  <Value className="java.lang.String">118</Value>
</Feature>
<Feature>
  <Name className="java.lang.String">polarity</Name>
  <Value className="java.lang.String">goodfor</Value>
</Feature>
</Annotation>
<Annotation Id="118" Type="gfbf-object" StartNode="7247" EndNode="7270">
<Feature>
  <Name className="java.lang.String">writerAtt</Name>
  <Value className="java.lang.String">positive</Value>
</Feature>
</Annotation>
<Annotation Id="117" Type="gfbf-agent" StartNode="6440" EndNode="6467">
<Feature>
  <Name className="java.lang.String">writerAtt</Name>
  <Value className="java.lang.String">negative</Value>
</Feature>
</Annotation>
<Annotation Id="116" Type="gfbf-object" StartNode="6551" EndNode="6572">
<Feature>
  <Name className="java.lang.String">writerAtt</Name>
  <Value className="java.lang.String">positive</Value>
</Feature>
</Annotation>
<Annotation Id="115" Type="gfbf" StartNode="6543" EndNode="6550">
<Feature>
  <Name className="java.lang.String">agentId</Name>
  <Value className="java.lang.String">117</Value>
</Feature>
<Feature>
  <Name className="java.lang.String">objectId</Name>
  <Value className="java.lang.String">116</Value>
</Feature>
<Feature>
  <Name className="java.lang.String">polarity</Name>
  <Value className="java.lang.String">badfor</Value>
</Feature>
</Annotation>
<Annotation Id="114" Type="gfbf-object" StartNode="6083" EndNode="6107">
<Feature>
  <Name className="java.lang.String">writerAtt</Name>
  <Value className="java.lang.String">negative</Value>
</Feature>
</Annotation>
<Annotation Id="113" Type="gfbf-agent" StartNode="6119" EndNode="6181">
<Feature>
  <Name className="java.lang.String">writerAtt</Name>
  <Value className="java.lang.String">negative</Value>
</Feature>
</Annotation>
<Annotation Id="112" Type="gfbf" StartNode="6108" EndNode="6115">
<Feature>
  <Name className="java.lang.String">agentId</Name>
  <Value className="java.lang.String">113</Value>
</Feature>
<Feature>
  <Name className="java.lang.String">objectId</Name>
  <Value className="java.lang.String">114</Value>
</Feature>
<Feature>
  <Name className="java.lang.String">polarity</Name>
  <Value className="java.lang.String">goodfor</Value>
</Feature>
</Annotation>
<Annotation Id="127" Type="gfbf-agent" StartNode="7694" EndNode="7706">
<Feature>
  <Name className="java.lang.String">writerAtt</Name>
  <Value className="java.lang.String">positive</Value>
</Feature>
</Annotation>
<Annotation Id="125" Type="gfbf" StartNode="7707" EndNode="7730">
<Feature>
  <Name className="java.lang.String">agentId</Name>
  <Value className="java.lang.String">127</Value>
</Feature>
<Feature>
  <Name className="java.lang.String">objectId</Name>
  <Value className="java.lang.String">128</Value>
</Feature>
<Feature>
  <Name className="java.lang.String">polarity</Name>
  <Value className="java.lang.String">badfor</Value>
</Feature>
</Annotation>
<Annotation Id="124" Type="gfbf-object" StartNode="7322" EndNode="7351">
<Feature>
  <Name className="java.lang.String">writerAtt</Name>
  <Value className="java.lang.String">positive</Value>
</Feature>
</Annotation>
<Annotation Id="123" Type="gfbf" StartNode="7311" EndNode="7321">
<Feature>
  <Name className="java.lang.String">agentId</Name>
  <Value className="java.lang.String">120</Value>
</Feature>
<Feature>
  <Name className="java.lang.String">objectId</Name>
  <Value className="java.lang.String">124</Value>
</Feature>
<Feature>
  <Name className="java.lang.String">polarity</Name>
  <Value className="java.lang.String">goodfor</Value>
</Feature>
</Annotation>
<Annotation Id="122" Type="gfbf-object" StartNode="7283" EndNode="7306">
<Feature>
  <Name className="java.lang.String">writerAtt</Name>
  <Value className="java.lang.String">positive</Value>
</Feature>
</Annotation>
<Annotation Id="121" Type="gfbf" StartNode="7275" EndNode="7282">
<Feature>
  <Name className="java.lang.String">agentId</Name>
  <Value className="java.lang.String">120</Value>
</Feature>
<Feature>
  <Name className="java.lang.String">objectId</Name>
  <Value className="java.lang.String">122</Value>
</Feature>
<Feature>
  <Name className="java.lang.String">polarity</Name>
  <Value className="java.lang.String">goodfor</Value>
</Feature>
</Annotation>
<Annotation Id="120" Type="gfbf-agent" StartNode="7228" EndNode="7232">
<Feature>
  <Name className="java.lang.String">writerAtt</Name>
  <Value className="java.lang.String">positive</Value>
</Feature>
</Annotation>
<Annotation Id="128" Type="gfbf-object" StartNode="7731" EndNode="7755">
<Feature>
  <Name className="java.lang.String">writerAtt</Name>
  <Value className="java.lang.String">negative</Value>
</Feature>
</Annotation>
</AnnotationSet>

<!-- Named annotation set -->

<AnnotationSet Name="Original markups">
<Annotation Id="0" Type="paragraph" StartNode="0" EndNode="61">
</Annotation>
<Annotation Id="1" Type="paragraph" StartNode="67" EndNode="83">
</Annotation>
<Annotation Id="2" Type="paragraph" StartNode="85" EndNode="516">
</Annotation>
<Annotation Id="3" Type="paragraph" StartNode="518" EndNode="611">
</Annotation>
<Annotation Id="4" Type="paragraph" StartNode="617" EndNode="1896">
</Annotation>
<Annotation Id="5" Type="paragraph" StartNode="1902" EndNode="3251">
</Annotation>
<Annotation Id="6" Type="paragraph" StartNode="3257" EndNode="3958">
</Annotation>
<Annotation Id="7" Type="paragraph" StartNode="3964" EndNode="4354">
</Annotation>
<Annotation Id="8" Type="paragraph" StartNode="4360" EndNode="7879">
</Annotation>
<Annotation Id="9" Type="paragraph" StartNode="7881" EndNode="8540">
</Annotation>
<Annotation Id="10" Type="paragraph" StartNode="8542" EndNode="8841">
</Annotation>
<Annotation Id="11" Type="paragraph" StartNode="8843" EndNode="8990">
</Annotation>
</AnnotationSet>

</GateDocument>
