<?xml version='1.0' encoding='US-ASCII'?>
<GateDocument version="2">
<!-- The document's features-->

<GateDocumentFeatures>
<Feature>
  <Name className="java.lang.String">gate.SourceURL</Name>
  <Value className="java.lang.String">file:/E:/Users/conrada/Documents/My%20Dropbox/healthcare_data/training_2/hc054.txt</Value>
</Feature>
<Feature>
  <Name className="java.lang.String">MimeType</Name>
  <Value className="java.lang.String">text/plain</Value>
</Feature>
<Feature>
  <Name className="java.lang.String">docNewLineType</Name>
  <Value className="java.lang.String">CRLF</Value>
</Feature>
</GateDocumentFeatures>
<!-- The document content area with serialized nodes -->

<TextWithNodes><Node id="0"/>Obamacare<Node id="9"/>: Polls Continue to Sink<Node id="33"/>&#xd;
Friday, December 16, 2011, 2:52 PM&#xd;
Wesley J. Smith&#xd;
<Node id="88"/>&#xd;
<Node id="90"/>Obamacarians told us that the more we learned about the law, the more it went into effect, the more popular it would be<Node id="209"/>.  Wrong.  <Node id="220"/>Rasumussen has consistently shown that <Node id="259"/>about 55% of likely voters<Node id="285"/> <Node id="286"/>want <Node id="291"/>it<Node id="293"/> <Node id="294"/>repealed<Node id="302"/>. <Node id="304"/> Now the AP Poll reports that the law&#x2019;s popularity is also sinking it its poll of adults<Node id="392"/>.  From the story:&#xd;
<Node id="412"/>&#xd;
    <Node id="418"/>The poll found unpopularity for last year&#x2019;s health care reform bill, one of  Obama&#x2019;s major accomplishments<Node id="524"/>. <Node id="526"/>About half of the respondents<Node id="555"/> <Node id="556"/>oppose<Node id="562"/> <Node id="563"/>the health  care law<Node id="583"/> and support for it dipped to 29 percent from 36 percent in June<Node id="647"/>. <Node id="649"/>Just  15 percent said the federal government should have the power to require all  Americans to buy health insurance<Node id="765"/>. <Node id="767"/>Even among Democrats, the health care law has tepid support<Node id="826"/>. <Node id="828"/>Fifty percent of  Democrats supported the health care law, compared with 59 percent of Democrats  last June<Node id="935"/>. <Node id="937"/>Only about a quarter of independents back the law<Node id="986"/>.&#xd;
<Node id="989"/>&#xd;
<Node id="991"/>That&#x2019;s a remarkable political failure, <Node id="1030"/>even as<Node id="1037"/> the law continues to be implimented<Node id="1073"/>.&#xd;
<Node id="1076"/>&#xd;
<Node id="1078"/>Obamacare should be one of the biggest issues in next year&#x2019;s election<Node id="1147"/>.  <Node id="1150"/>It was <Node id="1157"/>stuffed down<Node id="1169"/> <Node id="1170"/>the unwilling collective throat of the American people<Node id="1224"/> through <Node id="1233"/>a cynical and profoundly dishonest political process<Node id="1285"/>. <Node id="1287"/>The Supremes will tell us either in June, or perhaps October, whether the individual mandate is constitutional<Node id="1397"/>.  <Node id="1400"/>At some point, the politicians <Node id="1431"/>will have to<Node id="1443"/> listen to the will of the American people<Node id="1485"/>. &#xd;
<Node id="1489"/></TextWithNodes>
<!-- The default annotation set -->

<AnnotationSet>
<Annotation Id="5" Type="doc" StartNode="0" EndNode="1489">
<Feature>
  <Name className="java.lang.String">id</Name>
  <Value className="java.lang.String">hc054</Value>
</Feature>
<Feature>
  <Name className="java.lang.String">author</Name>
  <Value className="java.lang.String">wesley,smith</Value>
</Feature>
<Feature>
  <Name className="java.lang.String">date</Name>
  <Value className="java.lang.String">20111216</Value>
</Feature>
<Feature>
  <Name className="java.lang.String">source</Name>
  <Value className="java.lang.String">first,things</Value>
</Feature>
<Feature>
  <Name className="java.lang.String">side</Name>
  <Value className="java.lang.String">anti</Value>
</Feature>
<Feature>
  <Name className="java.lang.String">url</Name>
  <Value className="java.lang.String">http://www.firstthings.com/blogs/secondhandsmoke/2011/12/16/obamacare-polls-continue-to-sink/</Value>
</Feature>
</Annotation>
<Annotation Id="6" Type="rel" StartNode="0" EndNode="33">
<Feature>
  <Name className="java.lang.String">type</Name>
  <Value className="java.lang.String">label</Value>
</Feature>
<Feature>
  <Name className="java.lang.String">ss-label</Name>
  <Value className="java.lang.String">unpopular</Value>
</Feature>
<Feature>
  <Name className="java.lang.String">polarity</Name>
  <Value className="java.lang.String">negative</Value>
</Feature>
</Annotation>
<Annotation Id="7" Type="arg" StartNode="220" EndNode="302">
<Feature>
  <Name className="java.lang.String">ss-label</Name>
  <Value className="java.lang.String">unpopular_among_public</Value>
</Feature>
<Feature>
  <Name className="java.lang.String">unclear</Name>
  <Value className="java.lang.String">true</Value>
</Feature>
<Feature>
  <Name className="java.lang.String">type</Name>
  <Value className="java.lang.String">label</Value>
</Feature>
<Feature>
  <Name className="java.lang.String">polarity</Name>
  <Value className="java.lang.String">negative</Value>
</Feature>
</Annotation>
<Annotation Id="8" Type="rel" StartNode="418" EndNode="524">
<Feature>
  <Name className="java.lang.String">type</Name>
  <Value className="java.lang.String">label</Value>
</Feature>
<Feature>
  <Name className="java.lang.String">ss-label</Name>
  <Value className="java.lang.String">unpopular_among_public</Value>
</Feature>
<Feature>
  <Name className="java.lang.String">polarity</Name>
  <Value className="java.lang.String">negative</Value>
</Feature>
</Annotation>
<Annotation Id="9" Type="arg" StartNode="1400" EndNode="1485">
<Feature>
  <Name className="java.lang.String">ss-label</Name>
  <Value className="java.lang.String">unpopular_among_public</Value>
</Feature>
<Feature>
  <Name className="java.lang.String">unclear</Name>
  <Value className="java.lang.String">true</Value>
</Feature>
<Feature>
  <Name className="java.lang.String">type</Name>
  <Value className="java.lang.String">label</Value>
</Feature>
<Feature>
  <Name className="java.lang.String">polarity</Name>
  <Value className="java.lang.String">positive</Value>
</Feature>
</Annotation>
<Annotation Id="10" Type="arg" StartNode="1150" EndNode="1285">
<Feature>
  <Name className="java.lang.String">type</Name>
  <Value className="java.lang.String">label</Value>
</Feature>
<Feature>
  <Name className="java.lang.String">ss-label</Name>
  <Value className="java.lang.String">not_ethically_negotiated</Value>
</Feature>
<Feature>
  <Name className="java.lang.String">polarity</Name>
  <Value className="java.lang.String">negative</Value>
</Feature>
</Annotation>
<Annotation Id="12" Type="rel" StartNode="767" EndNode="826">
<Feature>
  <Name className="java.lang.String">type</Name>
  <Value className="java.lang.String">label</Value>
</Feature>
<Feature>
  <Name className="java.lang.String">ss-label</Name>
  <Value className="java.lang.String">unpopular</Value>
</Feature>
<Feature>
  <Name className="java.lang.String">polarity</Name>
  <Value className="java.lang.String">negative</Value>
</Feature>
</Annotation>
<Annotation Id="13" Type="rel" StartNode="304" EndNode="392">
<Feature>
  <Name className="java.lang.String">type</Name>
  <Value className="java.lang.String">label</Value>
</Feature>
<Feature>
  <Name className="java.lang.String">ss-label</Name>
  <Value className="java.lang.String">unpopular_among_public</Value>
</Feature>
<Feature>
  <Name className="java.lang.String">polarity</Name>
  <Value className="java.lang.String">negative</Value>
</Feature>
</Annotation>
<Annotation Id="19" Type="rel" StartNode="526" EndNode="647">
<Feature>
  <Name className="java.lang.String">ss-label</Name>
  <Value className="java.lang.String">unpopular_among_public</Value>
</Feature>
<Feature>
  <Name className="java.lang.String">type</Name>
  <Value className="java.lang.String">label</Value>
</Feature>
<Feature>
  <Name className="java.lang.String">polarity</Name>
  <Value className="java.lang.String">negative</Value>
</Feature>
<Feature>
  <Name className="java.lang.String">incomplete</Name>
  <Value className="java.lang.String"></Value>
</Feature>
</Annotation>
<Annotation Id="21" Type="rel" StartNode="828" EndNode="935">
<Feature>
  <Name className="java.lang.String">type</Name>
  <Value className="java.lang.String">label</Value>
</Feature>
<Feature>
  <Name className="java.lang.String">ss-label</Name>
  <Value className="java.lang.String">unpopular</Value>
</Feature>
</Annotation>
<Annotation Id="20" Type="rel" StartNode="649" EndNode="765">
<Feature>
  <Name className="java.lang.String">type</Name>
  <Value className="java.lang.String">label</Value>
</Feature>
<Feature>
  <Name className="java.lang.String">ss-label</Name>
  <Value className="java.lang.String">mandate_unpopular</Value>
</Feature>
<Feature>
  <Name className="java.lang.String">polarity</Name>
  <Value className="java.lang.String">negative</Value>
</Feature>
</Annotation>
<Annotation Id="23" Type="rel" StartNode="90" EndNode="209">
<Feature>
  <Name className="java.lang.String">type</Name>
  <Value className="java.lang.String">label</Value>
</Feature>
<Feature>
  <Name className="java.lang.String">ss-label</Name>
  <Value className="java.lang.String">unpopular</Value>
</Feature>
</Annotation>
<Annotation Id="22" Type="arg" StartNode="991" EndNode="1073">
<Feature>
  <Name className="java.lang.String">ss-label</Name>
  <Value className="java.lang.String">unpopular</Value>
</Feature>
<Feature>
  <Name className="java.lang.String">type</Name>
  <Value className="java.lang.String">label</Value>
</Feature>
<Feature>
  <Name className="java.lang.String">polarity</Name>
  <Value className="java.lang.String">negative</Value>
</Feature>
<Feature>
  <Name className="java.lang.String">incomplete</Name>
  <Value className="java.lang.String">true</Value>
</Feature>
</Annotation>
<Annotation Id="25" Type="arg" StartNode="1078" EndNode="1147">
<Feature>
  <Name className="java.lang.String">type</Name>
  <Value className="java.lang.String">else</Value>
</Feature>
<Feature>
  <Name className="java.lang.String">polarity</Name>
  <Value className="java.lang.String">positive</Value>
</Feature>
</Annotation>
<Annotation Id="24" Type="rel" StartNode="937" EndNode="986">
<Feature>
  <Name className="java.lang.String">type</Name>
  <Value className="java.lang.String">label</Value>
</Feature>
<Feature>
  <Name className="java.lang.String">ss-label</Name>
  <Value className="java.lang.String">unpopular</Value>
</Feature>
</Annotation>
<Annotation Id="27" Type="others" StartNode="286" EndNode="302">
<Feature>
  <Name className="java.lang.String">comment</Name>
  <Value className="java.lang.String">want N ADJ</Value>
</Feature>
</Annotation>
<Annotation Id="26" Type="rel" StartNode="1287" EndNode="1397">
<Feature>
  <Name className="java.lang.String">type</Name>
  <Value className="java.lang.String">label</Value>
</Feature>
<Feature>
  <Name className="java.lang.String">ss-label</Name>
  <Value className="java.lang.String">unconstitutional</Value>
</Feature>
</Annotation>
<Annotation Id="29" Type="gfbf" StartNode="1157" EndNode="1169">
<Feature>
  <Name className="java.lang.String">agentId</Name>
  <Value className="java.lang.String">32</Value>
</Feature>
<Feature>
  <Name className="java.lang.String">polarity</Name>
  <Value className="java.lang.String">goodfor</Value>
</Feature>
<Feature>
  <Name className="java.lang.String">objectId</Name>
  <Value className="java.lang.String">30</Value>
</Feature>
</Annotation>
<Annotation Id="28" Type="others" StartNode="1030" EndNode="1037">
<Feature>
  <Name className="java.lang.String">effect</Name>
  <Value className="java.lang.String">reverse</Value>
</Feature>
</Annotation>
<Annotation Id="31" Type="others" StartNode="1431" EndNode="1443">
<Feature>
  <Name className="java.lang.String">effect</Name>
  <Value className="java.lang.String">unknown</Value>
</Feature>
<Feature>
  <Name className="java.lang.String">unclear</Name>
  <Value className="java.lang.String">true</Value>
</Feature>
</Annotation>
<Annotation Id="30" Type="gfbf-object" StartNode="1170" EndNode="1224">
<Feature>
  <Name className="java.lang.String">unclear</Name>
  <Value className="java.lang.String">true</Value>
</Feature>
<Feature>
  <Name className="java.lang.String">writerAtt</Name>
  <Value className="java.lang.String">negative</Value>
</Feature>
</Annotation>
<Annotation Id="34" Type="gfbf" StartNode="294" EndNode="302">
<Feature>
  <Name className="java.lang.String">agentId</Name>
  <Value className="java.lang.String">33</Value>
</Feature>
<Feature>
  <Name className="java.lang.String">polarity</Name>
  <Value className="java.lang.String">badfor</Value>
</Feature>
<Feature>
  <Name className="java.lang.String">objectId</Name>
  <Value className="java.lang.String">35</Value>
</Feature>
</Annotation>
<Annotation Id="35" Type="gfbf-object" StartNode="291" EndNode="293">
<Feature>
  <Name className="java.lang.String">referentId</Name>
  <Value className="java.lang.String">36</Value>
</Feature>
<Feature>
  <Name className="java.lang.String">writerAtt</Name>
  <Value className="java.lang.String">negative</Value>
</Feature>
<Feature>
  <Name className="java.lang.String">refererence</Name>
  <Value className="java.lang.String">true</Value>
</Feature>
</Annotation>
<Annotation Id="32" Type="gfbf-agent" StartNode="1233" EndNode="1285">
<Feature>
  <Name className="java.lang.String">writerAtt</Name>
  <Value className="java.lang.String">negative</Value>
</Feature>
</Annotation>
<Annotation Id="33" Type="gfbf-agent" StartNode="259" EndNode="285">
<Feature>
  <Name className="java.lang.String">writerAtt</Name>
  <Value className="java.lang.String">positive</Value>
</Feature>
</Annotation>
<Annotation Id="38" Type="gfbf" StartNode="556" EndNode="562">
<Feature>
  <Name className="java.lang.String">agentId</Name>
  <Value className="java.lang.String">37</Value>
</Feature>
<Feature>
  <Name className="java.lang.String">polarity</Name>
  <Value className="java.lang.String">badfor</Value>
</Feature>
<Feature>
  <Name className="java.lang.String">objectId</Name>
  <Value className="java.lang.String">39</Value>
</Feature>
</Annotation>
<Annotation Id="39" Type="gfbf-object" StartNode="563" EndNode="583">
<Feature>
  <Name className="java.lang.String">writerAtt</Name>
  <Value className="java.lang.String">negative</Value>
</Feature>
</Annotation>
<Annotation Id="36" Type="referent" StartNode="0" EndNode="9">
<Feature>
  <Name className="java.lang.String">writerAtt</Name>
  <Value className="java.lang.String">negative</Value>
</Feature>
</Annotation>
<Annotation Id="37" Type="gfbf-agent" StartNode="526" EndNode="555">
<Feature>
  <Name className="java.lang.String">writerAtt</Name>
  <Value className="java.lang.String">positive</Value>
</Feature>
</Annotation>
</AnnotationSet>

<!-- Named annotation set -->

<AnnotationSet Name="Original markups">
<Annotation Id="0" Type="paragraph" StartNode="0" EndNode="88">
</Annotation>
<Annotation Id="1" Type="paragraph" StartNode="90" EndNode="412">
</Annotation>
<Annotation Id="2" Type="paragraph" StartNode="418" EndNode="989">
</Annotation>
<Annotation Id="3" Type="paragraph" StartNode="991" EndNode="1076">
</Annotation>
<Annotation Id="4" Type="paragraph" StartNode="1078" EndNode="1489">
</Annotation>
</AnnotationSet>

</GateDocument>
