<?xml version='1.0' encoding='MacRoman'?>
<GateDocument>
<!-- The document's features-->

<GateDocumentFeatures>
<Feature>
  <Name className="java.lang.String">gate.SourceURL</Name>
  <Value className="java.lang.String">file:/E:/Users/conrada/Documents/My%20Dropbox/healthcare_data/training_2/hc055.txt</Value>
</Feature>
<Feature>
  <Name className="java.lang.String">MimeType</Name>
  <Value className="java.lang.String">text/plain</Value>
</Feature>
<Feature>
  <Name className="java.lang.String">docNewLineType</Name>
  <Value className="java.lang.String">CRLF</Value>
</Feature>
</GateDocumentFeatures>
<!-- The document content area with serialized nodes -->

<TextWithNodes><Node id="0" />Reason 948,627,583,221 why Obamacare sucks&#xd;<Node id="43" />
Posted December 13, 2011 at 6:23 pm by Jessica&#xd;
<Node id="92" />&#xd;
<Node id="94" />Just found out today that because of Obamacare, health insurance companies are no longer offering &#x2018;child only&#x2019; policies<Node id="213" />. <Node id="215" />I wanted to switch my kids from their current health insurance, which is &#x2018;child only&#x2019; to my own private policy, but it has to go through &#x201c;underwriting&#x201d; first<Node id="372" />. <Node id="374" />In other words, let&#x2019;s micro-analyze every sniffle and sneeze and tack on $100 a month per ounce of green snot over the last 5 years<Node id="505" />. <Node id="507" />No wonder <Node id="517" />the insurance companies<Node id="540" /> <Node id="541" />weren't<Node id="548" /> <Node id="549" />fighting<Node id="557" /> <Node id="558" />this thing<Node id="568" /> harder<Node id="575" />. This is a cash cow for them.&#xd;
<Node id="607" />&#xd;
<Node id="609" />Furthermore, since <Node id="628" />doctor&#x2019;s pay<Node id="640" /> has been <Node id="650" />cut<Node id="653" /> and cut and cut and full electronic record systems are far from universal use, <Node id="733" />doctors<Node id="740" /> are now finding ways to <Node id="765" />cut<Node id="768" /> <Node id="769" />their expenses<Node id="783" />. <Node id="785" />The new thing is to ask patients to get their own records and if you ask for them privately, they tack on a BS &#x2018;copy&#x2019; expense<Node id="910" />. <Node id="912" />To <Node id="915" />make matters worse<Node id="933" />, <Node id="935" />medical record departments<Node id="961" /> are <Node id="966" />dragging<Node id="974" /> <Node id="975" />their heals<Node id="986" />. <Node id="988" />They have zero accountability and really don&#x2019;t give a shit if you get your records tomorrow or three months from now<Node id="1104" />. If you&#x2019;re dying, they may just get another cup of coffee and extend their break time just to spite you. <Node id="1210" />They<Node id="1214" /> <Node id="1215" />make up<Node id="1222" /> <Node id="1223" />HIPA laws<Node id="1232" /> as they go along <Node id="1250" />just to<Node id="1257" /> <Node id="1258" />make their job a little more interesting<Node id="1298" /> and they play lawyer on their down-time.<Node id="1339" /> (Of course, it&#x2019;s not fair to paint all medical records clerks with the same brush, it&#x2019;s just the last 20 that I&#x2019;ve dealt with.)&#xd;
<Node id="1469" />&#xd;
<Node id="1471" />Furthermore, Medicare patients are now being booked on &#x201c;Medicare&#x201d; days<Node id="1541" />. <Node id="1543" />I know this from taking my mother, a Medicare recipient, to various doctors over the last few months<Node id="1643" />. <Node id="1645" />So <Node id="1648" />doctors<Node id="1655" /> are now resorting to <Node id="1677" />triple<Node id="1683" /> <Node id="1684" />booking patients<Node id="1700" /> on the one day per week they have <Node id="1735" />so graciously<Node id="1748" /> allowed Medicare patients to breathe their same air and be in the presence of their ginormous brains and mind blowing knowledge<Node id="1876" />. <Node id="1878" />Medicare patients<Node id="1895" /> are <Node id="1900" />forced<Node id="1906" /> to wait for hours and hours and then <Node id="1944" />the doctors<Node id="1955" /> spend 3 minutes with them and then <Node id="1991" />pawn<Node id="1995" /> <Node id="1996" />them<Node id="2000" /> off to the nurse, who tell the patients that the doctor will answer their questions if they have time<Node id="2102" />.&#xd;
<Node id="2105" />&#xd;
<Node id="2107" />So, what part of Obamacare doesn&#x2019;t <Node id="2142" />suck<Node id="2146" />?<Node id="2147" /> Anyone?&#xd;
Tags: electronic records, healthcare, medicare, Obamacare, quality healthcare&#xd;
<Node id="2236" /></TextWithNodes>
<!-- The default annotation set -->

<AnnotationSet>
<Annotation Id="5" Type="doc" StartNode="0" EndNode="2236">
<Feature>
  <Name className="java.lang.String">id</Name>
  <Value className="java.lang.String">hc055</Value>
</Feature>
<Feature>
  <Name className="java.lang.String">author</Name>
  <Value className="java.lang.String">jessica</Value>
</Feature>
<Feature>
  <Name className="java.lang.String">date</Name>
  <Value className="java.lang.String">20111213</Value>
</Feature>
<Feature>
  <Name className="java.lang.String">source</Name>
  <Value className="java.lang.String">imperfect,parent</Value>
</Feature>
<Feature>
  <Name className="java.lang.String">side</Name>
  <Value className="java.lang.String">anti</Value>
</Feature>
<Feature>
  <Name className="java.lang.String">url</Name>
  <Value className="java.lang.String">http://blog.imperfectparent.com/2011/12/13/reason-948627583221-why-obamacare-sucks/</Value>
</Feature>
</Annotation>
<Annotation Id="6" Type="rel" StartNode="0" EndNode="43">
<Feature>
  <Name className="java.lang.String">type</Name>
  <Value className="java.lang.String">label</Value>
</Feature>
<Feature>
  <Name className="java.lang.String">ss-label</Name>
  <Value className="java.lang.String">bill_should_be_defunded/not_passed</Value>
</Feature>
<Feature>
  <Name className="java.lang.String">polarity</Name>
  <Value className="java.lang.String">negative</Value>
</Feature>
</Annotation>
<Annotation Id="7" Type="arg" StartNode="94" EndNode="213">
<Feature>
  <Name className="java.lang.String">type</Name>
  <Value className="java.lang.String">label</Value>
</Feature>
<Feature>
  <Name className="java.lang.String">ss-label</Name>
  <Value className="java.lang.String">insurers_will_stop_insuring_children</Value>
</Feature>
<Feature>
  <Name className="java.lang.String">polarity</Name>
  <Value className="java.lang.String">negative</Value>
</Feature>
</Annotation>
<Annotation Id="8" Type="arg" StartNode="1645" EndNode="1876">
<Feature>
  <Name className="java.lang.String">unclear</Name>
  <Value className="java.lang.String">true</Value>
</Feature>
<Feature>
  <Name className="java.lang.String">ss-label</Name>
  <Value className="java.lang.String">medicare_will_stop_being_accepted</Value>
</Feature>
<Feature>
  <Name className="java.lang.String">type</Name>
  <Value className="java.lang.String">label</Value>
</Feature>
<Feature>
  <Name className="java.lang.String">polarity</Name>
  <Value className="java.lang.String">negative</Value>
</Feature>
</Annotation>
<Annotation Id="9" Type="arg" StartNode="1878" EndNode="2102">
<Feature>
  <Name className="java.lang.String">type</Name>
  <Value className="java.lang.String">label</Value>
</Feature>
<Feature>
  <Name className="java.lang.String">ss-label</Name>
  <Value className="java.lang.String">medicare_will_stop_being_accepted</Value>
</Feature>
<Feature>
  <Name className="java.lang.String">polarity</Name>
  <Value className="java.lang.String">negative</Value>
</Feature>
</Annotation>
<Annotation Id="10" Type="arg" StartNode="2107" EndNode="2147">
<Feature>
  <Name className="java.lang.String">type</Name>
  <Value className="java.lang.String">label</Value>
</Feature>
<Feature>
  <Name className="java.lang.String">ss-label</Name>
  <Value className="java.lang.String">bill_should_be_defunded/not_passed</Value>
</Feature>
<Feature>
  <Name className="java.lang.String">polarity</Name>
  <Value className="java.lang.String">negative</Value>
</Feature>
</Annotation>
<Annotation Id="11" Type="rel" StartNode="215" EndNode="372">
<Feature>
  <Name className="java.lang.String">type</Name>
  <Value className="java.lang.String">label</Value>
</Feature>
<Feature>
  <Name className="java.lang.String">ss-label</Name>
  <Value className="java.lang.String">insurers_will_stop_insuring_children</Value>
</Feature>
<Feature>
  <Name className="java.lang.String">polarity</Name>
  <Value className="java.lang.String">negative</Value>
</Feature>
</Annotation>
<Annotation Id="12" Type="rel" StartNode="374" EndNode="505">
<Feature>
  <Name className="java.lang.String">type</Name>
  <Value className="java.lang.String">label</Value>
</Feature>
<Feature>
  <Name className="java.lang.String">ss-label</Name>
  <Value className="java.lang.String">insurers_will_stop_insuring_children</Value>
</Feature>
<Feature>
  <Name className="java.lang.String">polarity</Name>
  <Value className="java.lang.String">negative</Value>
</Feature>
</Annotation>
<Annotation Id="13" Type="arg" StartNode="609" EndNode="783">
<Feature>
  <Name className="java.lang.String">type</Name>
  <Value className="java.lang.String"></Value>
</Feature>
<Feature>
  <Name className="java.lang.String">ss-label</Name>
  <Value className="java.lang.String">hurts_doctors</Value>
</Feature>
<Feature>
  <Name className="java.lang.String">polarity</Name>
  <Value className="java.lang.String">negative</Value>
</Feature>
</Annotation>
<Annotation Id="14" Type="rel" StartNode="785" EndNode="910">
<Feature>
  <Name className="java.lang.String">ss-label</Name>
  <Value className="java.lang.String">individuals_will_pay_more</Value>
</Feature>
<Feature>
  <Name className="java.lang.String">unclear</Name>
  <Value className="java.lang.String">true</Value>
</Feature>
<Feature>
  <Name className="java.lang.String">type</Name>
  <Value className="java.lang.String">label</Value>
</Feature>
<Feature>
  <Name className="java.lang.String">polarity</Name>
  <Value className="java.lang.String">negative</Value>
</Feature>
</Annotation>
<Annotation Id="15" Type="arg" StartNode="912" EndNode="986">
<Feature>
  <Name className="java.lang.String">ss-label</Name>
  <Value className="java.lang.String">getting_insurance_will_be_harder</Value>
</Feature>
<Feature>
  <Name className="java.lang.String">unclear</Name>
  <Value className="java.lang.String">true</Value>
</Feature>
<Feature>
  <Name className="java.lang.String">type</Name>
  <Value className="java.lang.String">label</Value>
</Feature>
<Feature>
  <Name className="java.lang.String">polarity</Name>
  <Value className="java.lang.String">negative</Value>
</Feature>
</Annotation>
<Annotation Id="16" Type="rel" StartNode="988" EndNode="1104">
<Feature>
  <Name className="java.lang.String">type</Name>
  <Value className="java.lang.String">label</Value>
</Feature>
<Feature>
  <Name className="java.lang.String">ss-label</Name>
  <Value className="java.lang.String">getting_insurance_will_be_harder</Value>
</Feature>
</Annotation>
<Annotation Id="19" Type="arg" StartNode="507" EndNode="575">
<Feature>
  <Name className="java.lang.String">type</Name>
  <Value className="java.lang.String">else</Value>
</Feature>
<Feature>
  <Name className="java.lang.String">polarity</Name>
  <Value className="java.lang.String">negative</Value>
</Feature>
</Annotation>
<Annotation Id="18" Type="rel" StartNode="1543" EndNode="1643">
<Feature>
  <Name className="java.lang.String">type</Name>
  <Value className="java.lang.String">label</Value>
</Feature>
<Feature>
  <Name className="java.lang.String">ss-label</Name>
  <Value className="java.lang.String">medicare_will_stop_being_accepted</Value>
</Feature>
</Annotation>
<Annotation Id="21" Type="rel" StartNode="1471" EndNode="1541">
<Feature>
  <Name className="java.lang.String">type</Name>
  <Value className="java.lang.String">label</Value>
</Feature>
<Feature>
  <Name className="java.lang.String">ss-label</Name>
  <Value className="java.lang.String">medicare_will_stop_being_accepted</Value>
</Feature>
</Annotation>
<Annotation Id="23" Type="gfbf" StartNode="549" EndNode="557">
<Feature>
  <Name className="java.lang.String">agentId</Name>
  <Value className="java.lang.String">48</Value>
</Feature>
<Feature>
  <Name className="java.lang.String">polarity</Name>
  <Value className="java.lang.String">badfor</Value>
</Feature>
<Feature>
  <Name className="java.lang.String">objectId</Name>
  <Value className="java.lang.String">24</Value>
</Feature>
</Annotation>
<Annotation Id="24" Type="gfbf-object" StartNode="558" EndNode="568">
<Feature>
  <Name className="java.lang.String">writerAtt</Name>
  <Value className="java.lang.String">negative</Value>
</Feature>
</Annotation>
<Annotation Id="26" Type="gfbf" StartNode="650" EndNode="653">
<Feature>
  <Name className="java.lang.String">agentId</Name>
  <Value className="java.lang.String">implicit</Value>
</Feature>
<Feature>
  <Name className="java.lang.String">objectId</Name>
  <Value className="java.lang.String">58</Value>
</Feature>
<Feature>
  <Name className="java.lang.String">polarity</Name>
  <Value className="java.lang.String">badfor</Value>
</Feature>
</Annotation>
<Annotation Id="29" Type="gfbf" StartNode="765" EndNode="768">
<Feature>
  <Name className="java.lang.String">agentId</Name>
  <Value className="java.lang.String">52</Value>
</Feature>
<Feature>
  <Name className="java.lang.String">polarity</Name>
  <Value className="java.lang.String">badfor</Value>
</Feature>
<Feature>
  <Name className="java.lang.String">objectId</Name>
  <Value className="java.lang.String">30</Value>
</Feature>
</Annotation>
<Annotation Id="31" Type="others" StartNode="915" EndNode="933">
</Annotation>
<Annotation Id="30" Type="gfbf-object" StartNode="769" EndNode="783">
<Feature>
  <Name className="java.lang.String">referentId</Name>
  <Value className="java.lang.String">60</Value>
</Feature>
<Feature>
  <Name className="java.lang.String">refererence</Name>
  <Value className="java.lang.String">true</Value>
</Feature>
<Feature>
  <Name className="java.lang.String">writerAtt</Name>
  <Value className="java.lang.String">unknown</Value>
</Feature>
</Annotation>
<Annotation Id="34" Type="gfbf" StartNode="1215" EndNode="1222">
<Feature>
  <Name className="java.lang.String">agentId</Name>
  <Value className="java.lang.String">54</Value>
</Feature>
<Feature>
  <Name className="java.lang.String">polarity</Name>
  <Value className="java.lang.String">goodfor</Value>
</Feature>
<Feature>
  <Name className="java.lang.String">objectId</Name>
  <Value className="java.lang.String">35</Value>
</Feature>
</Annotation>
<Annotation Id="35" Type="gfbf-object" StartNode="1223" EndNode="1232">
<Feature>
  <Name className="java.lang.String">writerAtt</Name>
  <Value className="java.lang.String">negative</Value>
</Feature>
</Annotation>
<Annotation Id="32" Type="gfbf" StartNode="966" EndNode="974">
<Feature>
  <Name className="java.lang.String">agentId</Name>
  <Value className="java.lang.String">53</Value>
</Feature>
<Feature>
  <Name className="java.lang.String">polarity</Name>
  <Value className="java.lang.String">badfor</Value>
</Feature>
<Feature>
  <Name className="java.lang.String">objectId</Name>
  <Value className="java.lang.String">33</Value>
</Feature>
</Annotation>
<Annotation Id="33" Type="gfbf-object" StartNode="975" EndNode="986">
<Feature>
  <Name className="java.lang.String">referentId</Name>
  <Value className="java.lang.String">60</Value>
</Feature>
<Feature>
  <Name className="java.lang.String">refererence</Name>
  <Value className="java.lang.String">true</Value>
</Feature>
<Feature>
  <Name className="java.lang.String">writerAtt</Name>
  <Value className="java.lang.String">positive</Value>
</Feature>
</Annotation>
<Annotation Id="38" Type="others" StartNode="1258" EndNode="1298">
</Annotation>
<Annotation Id="39" Type="gfbf" StartNode="1900" EndNode="1906">
<Feature>
  <Name className="java.lang.String">agentId</Name>
  <Value className="java.lang.String">implicit</Value>
</Feature>
<Feature>
  <Name className="java.lang.String">polarity</Name>
  <Value className="java.lang.String">badfor</Value>
</Feature>
<Feature>
  <Name className="java.lang.String">objectId</Name>
  <Value className="java.lang.String">40</Value>
</Feature>
</Annotation>
<Annotation Id="36" Type="arg" StartNode="1210" EndNode="1339">
</Annotation>
<Annotation Id="37" Type="others" StartNode="1250" EndNode="1257">
<Feature>
  <Name className="java.lang.String">effect</Name>
  <Value className="java.lang.String">reverse</Value>
</Feature>
</Annotation>
<Annotation Id="42" Type="gfbf-object" StartNode="1996" EndNode="2000">
<Feature>
  <Name className="java.lang.String">referentId</Name>
  <Value className="java.lang.String">61</Value>
</Feature>
<Feature>
  <Name className="java.lang.String">writerAtt</Name>
  <Value className="java.lang.String">positive</Value>
</Feature>
</Annotation>
<Annotation Id="40" Type="gfbf-object" StartNode="1878" EndNode="1895">
<Feature>
  <Name className="java.lang.String">writerAtt</Name>
  <Value className="java.lang.String">positive</Value>
</Feature>
</Annotation>
<Annotation Id="41" Type="gfbf" StartNode="1991" EndNode="1995">
<Feature>
  <Name className="java.lang.String">agentId</Name>
  <Value className="java.lang.String">56</Value>
</Feature>
<Feature>
  <Name className="java.lang.String">polarity</Name>
  <Value className="java.lang.String">badfor</Value>
</Feature>
<Feature>
  <Name className="java.lang.String">objectId</Name>
  <Value className="java.lang.String">42</Value>
</Feature>
</Annotation>
<Annotation Id="46" Type="others" StartNode="1735" EndNode="1748">
<Feature>
  <Name className="java.lang.String">effect</Name>
  <Value className="java.lang.String">reverse</Value>
</Feature>
</Annotation>
<Annotation Id="47" Type="others" StartNode="2142" EndNode="2146">
<Feature>
  <Name className="java.lang.String">comment</Name>
  <Value className="java.lang.String">suck is negative  (subjectivity?) for Agent</Value>
</Feature>
</Annotation>
<Annotation Id="44" Type="gfbf" StartNode="1677" EndNode="1683">
<Feature>
  <Name className="java.lang.String">agentId</Name>
  <Value className="java.lang.String">55</Value>
</Feature>
<Feature>
  <Name className="java.lang.String">polarity</Name>
  <Value className="java.lang.String">goodfor</Value>
</Feature>
<Feature>
  <Name className="java.lang.String">objectId</Name>
  <Value className="java.lang.String">45</Value>
</Feature>
</Annotation>
<Annotation Id="45" Type="gfbf-object" StartNode="1684" EndNode="1700">
<Feature>
  <Name className="java.lang.String">unclear</Name>
  <Value className="java.lang.String">true</Value>
</Feature>
<Feature>
  <Name className="java.lang.String">writerAtt</Name>
  <Value className="java.lang.String">negative</Value>
</Feature>
</Annotation>
<Annotation Id="51" Type="influencer" StartNode="541" EndNode="548">
<Feature>
  <Name className="java.lang.String">effect</Name>
  <Value className="java.lang.String">reverse</Value>
</Feature>
<Feature>
  <Name className="java.lang.String">agentId</Name>
  <Value className="java.lang.String">48</Value>
</Feature>
<Feature>
  <Name className="java.lang.String">objectId</Name>
  <Value className="java.lang.String">23</Value>
</Feature>
</Annotation>
<Annotation Id="48" Type="gfbf-agent" StartNode="517" EndNode="540">
<Feature>
  <Name className="java.lang.String">writerAtt</Name>
  <Value className="java.lang.String">positive</Value>
</Feature>
</Annotation>
<Annotation Id="55" Type="gfbf-agent" StartNode="1648" EndNode="1655">
<Feature>
  <Name className="java.lang.String">writerAtt</Name>
  <Value className="java.lang.String">negative</Value>
</Feature>
</Annotation>
<Annotation Id="54" Type="gfbf-agent" StartNode="1210" EndNode="1214">
<Feature>
  <Name className="java.lang.String">referentId</Name>
  <Value className="java.lang.String">59</Value>
</Feature>
<Feature>
  <Name className="java.lang.String">reference</Name>
  <Value className="java.lang.String">true</Value>
</Feature>
<Feature>
  <Name className="java.lang.String">writerAtt</Name>
  <Value className="java.lang.String">negative</Value>
</Feature>
</Annotation>
<Annotation Id="53" Type="gfbf-agent" StartNode="935" EndNode="961">
<Feature>
  <Name className="java.lang.String">writerAtt</Name>
  <Value className="java.lang.String">negative</Value>
</Feature>
</Annotation>
<Annotation Id="52" Type="gfbf-agent" StartNode="733" EndNode="740">
<Feature>
  <Name className="java.lang.String">writerAtt</Name>
  <Value className="java.lang.String">positive</Value>
</Feature>
</Annotation>
<Annotation Id="59" Type="referent" StartNode="935" EndNode="961">
<Feature>
  <Name className="java.lang.String">writerAtt</Name>
  <Value className="java.lang.String">negative</Value>
</Feature>
</Annotation>
<Annotation Id="58" Type="gfbf-object" StartNode="628" EndNode="640">
<Feature>
  <Name className="java.lang.String">writerAtt</Name>
  <Value className="java.lang.String">unknown</Value>
</Feature>
</Annotation>
<Annotation Id="56" Type="gfbf-agent" StartNode="1944" EndNode="1955">
<Feature>
  <Name className="java.lang.String">writerAtt</Name>
  <Value className="java.lang.String">negative</Value>
</Feature>
</Annotation>
<Annotation Id="61" Type="referent" StartNode="1878" EndNode="1895">
<Feature>
  <Name className="java.lang.String">writerAtt</Name>
  <Value className="java.lang.String">positive</Value>
</Feature>
</Annotation>
<Annotation Id="60" Type="referent" StartNode="733" EndNode="740">
<Feature>
  <Name className="java.lang.String">writerAtt</Name>
  <Value className="java.lang.String">positive</Value>
</Feature>
</Annotation>
</AnnotationSet>

<!-- Named annotation set -->

<AnnotationSet Name="Original markups">
<Annotation Id="0" Type="paragraph" StartNode="0" EndNode="92">
</Annotation>
<Annotation Id="1" Type="paragraph" StartNode="94" EndNode="607">
</Annotation>
<Annotation Id="2" Type="paragraph" StartNode="609" EndNode="1469">
</Annotation>
<Annotation Id="3" Type="paragraph" StartNode="1471" EndNode="2105">
</Annotation>
<Annotation Id="4" Type="paragraph" StartNode="2107" EndNode="2236">
</Annotation>
</AnnotationSet>

</GateDocument>
