<?xml version='1.0' encoding='MacRoman'?>
<GateDocument>
<!-- The document's features-->

<GateDocumentFeatures>
<Feature>
  <Name className="java.lang.String">gate.SourceURL</Name>
  <Value className="java.lang.String">file:/E:/Users/conrada/Documents/My%20Dropbox/healthcare_data/training_2/hc052.txt</Value>
</Feature>
<Feature>
  <Name className="java.lang.String">MimeType</Name>
  <Value className="java.lang.String">text/plain</Value>
</Feature>
<Feature>
  <Name className="java.lang.String">docNewLineType</Name>
  <Value className="java.lang.String">CRLF</Value>
</Feature>
</GateDocumentFeatures>
<!-- The document content area with serialized nodes -->

<TextWithNodes><Node id="0" />December 21, 2011&#xd;
<Node id="19" />The biggest, best, and only necessary reason to oppose Obamacare&#xd;<Node id="84" />
<Node id="85" />&#xd;
<Node id="87" />HEADNOTE: Yes, I'm going to call it "Obamacare," rather than the Patient Protection and Affordable Care Act, which is a mouthful and doesn't produce a good acronym. I should also disclose that I sometimes used to refer to the Strategic Defense Initiative as "Star Wars." If either of these things offends you, you can flick me right under the nose the next time you see me in public. That can be very painful.&#xd;
<Node id="498" />&#xd;
<Node id="500" />***&#xd;
<Node id="505" />&#xd;
<Node id="507" />There are many, many things to <Node id="538" />dislike<Node id="545" /> about <Node id="552" />Obamacare<Node id="561" /> in terms of both the substance of the law and the process by which <Node id="629" />it<Node id="631" /> was <Node id="636" />passed<Node id="642" />. For all of its flaws, though, I still haven't heard a single Republican presidential candidate make this case against it:&#xd;
<Node id="767" />&#xd;
<Node id="769" />Every government, every business, every family, and every individual knows that you're supposed to pay for necessities before you buy luxuries<Node id="911" />. <Node id="913" />You take care of your needs first--things like food, shelter, clothing, and transportation--before you start buying big screen TVs and Hawaiian vacations<Node id="1066" />.&#xd;
<Node id="1069" />&#xd;
<Node id="1071" />This is just common sense, good financial practice, and the only form of responsible budgeting and spending over the long haul<Node id="1197" />.&#xd;
<Node id="1200" />&#xd;
<Node id="1202" />In this country, for the better part of the last 40 years--but especially in the last three years, and continuing as far into the future as we can reasonably project--we cannot pay for the things we all agree we need: national defense, health care and income support for seniors, a safety net for the poor, veterans' benefits, and so on<Node id="1538" />. <Node id="1540" />These are necessities for which we are currently borrowing 40 cents of every dollar.<Node id="1624" />&#xd;
<Node id="1626" />&#xd;
<Node id="1628" />When <Node id="1633" />we<Node id="1635" /> <Node id="1636" />aren't<Node id="1642" /> able to <Node id="1651" />pay for<Node id="1658" /> <Node id="1659" />these necessities<Node id="1676" />, how can we possibly contemplate a new, permanent entitlement that will cost hundreds of billions of dollars?<Node id="1786" /> <Node id="1787" />Why are we planning a Hawaiian vacation when we can't afford to pay our mortgage, clothe our children, or buy groceries?<Node id="1907" /> <Node id="1908" />Why are <Node id="1916" />we<Node id="1918" /> <Node id="1919" />taking on<Node id="1928" /> <Node id="1929" />a massive new commitment<Node id="1953" /> when <Node id="1959" />we<Node id="1961" /> <Node id="1962" />can't<Node id="1967" /> <Node id="1968" />honor<Node id="1973" /> <Node id="1974" />our existing commitments<Node id="1998" />?&#xd;<Node id="2000" />
<Node id="2001" />&#xd;
<Node id="2003" />The only rational way forward is to <Node id="2039" />address<Node id="2046" /> <Node id="2047" />our current and future budget crisis<Node id="2083" />--<Node id="2085" />find a way to<Node id="2098" /> <Node id="2099" />pay for<Node id="2106" /> <Node id="2107" />the obligations we have under existing law<Node id="2149" />--before <Node id="2158" />taking on<Node id="2167" /> <Node id="2168" />a new set of obligations<Node id="2192" />. <Node id="2194" />When we get to the point that our budgets are balanced and are projected to stay that way for the foreseeable future, then--<Node id="2318" />and only then<Node id="2331" />--should we begin thinking about the "luxuries" we might be able to afford<Node id="2405" />.&#xd;
<Node id="2408" />&#xd;
<Node id="2410" />I realize that some of you will say "Health care for all is not a luxury; it's a necessity<Node id="2500" />." That's fine. But that opinion comes with an obligation. <Node id="2559" />The obligation is to show how we will pay for our newly expanded list of essential government functions<Node id="2662" />.&#xd;
<Node id="2665" />&#xd;
<Node id="2667" />The president hasn't done that...hasn't even pretended to care much about doing it. The Democratic Senate hasn't done that...hasn't, in fact, passed a budget in years. The Democratic House didn't do it when it had the chance. <Node id="2893" />In short, all the Democrats have done with Obamacare is take an acute problem--our budget crisis--and <Node id="2995" />make it nearly terminal<Node id="3018" />.&#xd;
<Node id="3021" />&#xd;
<Node id="3023" />That's <Node id="3030" />horrifically irresponsible public policy<Node id="3070" />. <Node id="3072" />It<Node id="3074" />'s also <Node id="3082" />a threat to <Node id="3094" />the American economy, the American way of life, and the American way of government<Node id="3176" />.&#xd;
<Node id="3179" />&#xd;
<Node id="3181" />That's why <Node id="3192" />my first priority<Node id="3209" />, should I become president, will be to <Node id="3249" />repeal<Node id="3255" /> <Node id="3256" />Obamacare<Node id="3265" />.&#xd;
<Node id="3268" />&#xd;
<Node id="3270" />Posted at 04:16 PM in Current Affairs | Permalink <Node id="3320" /></TextWithNodes>
<!-- The default annotation set -->

<AnnotationSet>
<Annotation Id="14" Type="doc" StartNode="0" EndNode="3320">
<Feature>
  <Name className="java.lang.String">id</Name>
  <Value className="java.lang.String">hc052</Value>
</Feature>
<Feature>
  <Name className="java.lang.String">author</Name>
  <Value className="java.lang.String">johnny,utah</Value>
</Feature>
<Feature>
  <Name className="java.lang.String">date</Name>
  <Value className="java.lang.String">20111221</Value>
</Feature>
<Feature>
  <Name className="java.lang.String">source</Name>
  <Value className="java.lang.String">planet,utah</Value>
</Feature>
<Feature>
  <Name className="java.lang.String">side</Name>
  <Value className="java.lang.String">anti</Value>
</Feature>
<Feature>
  <Name className="java.lang.String">url</Name>
  <Value className="java.lang.String">http://planetutah.typepad.com/planet_utah/2011/12/the-biggest-best-and-only-necessary-reason-to-oppose-obamacare.html</Value>
</Feature>
</Annotation>
<Annotation Id="15" Type="rel" StartNode="19" EndNode="84">
<Feature>
  <Name className="java.lang.String">type</Name>
  <Value className="java.lang.String">label</Value>
</Feature>
<Feature>
  <Name className="java.lang.String">ss-label</Name>
  <Value className="java.lang.String">bill_should_be_defunded/not_passed</Value>
</Feature>
<Feature>
  <Name className="java.lang.String">polarity</Name>
  <Value className="java.lang.String">negative</Value>
</Feature>
</Annotation>
<Annotation Id="17" Type="arg" StartNode="1628" EndNode="1786">
<Feature>
  <Name className="java.lang.String"></Name>
  <Value className="java.lang.String">label</Value>
</Feature>
<Feature>
  <Name className="java.lang.String">unclear</Name>
  <Value className="java.lang.String">true</Value>
</Feature>
<Feature>
  <Name className="java.lang.String">ss-label</Name>
  <Value className="java.lang.String">too_expensive_for_govt</Value>
</Feature>
<Feature>
  <Name className="java.lang.String">polarity</Name>
  <Value className="java.lang.String">negative</Value>
</Feature>
<Feature>
  <Name className="java.lang.String">incomplete</Name>
  <Value className="java.lang.String">true</Value>
</Feature>
</Annotation>
<Annotation Id="16" Type="arg" StartNode="507" EndNode="642">
<Feature>
  <Name className="java.lang.String">type</Name>
  <Value className="java.lang.String">label</Value>
</Feature>
<Feature>
  <Name className="java.lang.String">ss-label</Name>
  <Value className="java.lang.String">bill_should_be_defunded/not_passed</Value>
</Feature>
<Feature>
  <Name className="java.lang.String">polarity</Name>
  <Value className="java.lang.String">negative</Value>
</Feature>
</Annotation>
<Annotation Id="19" Type="arg" StartNode="2003" EndNode="2192">
<Feature>
  <Name className="java.lang.String">ss-label</Name>
  <Value className="java.lang.String">too_expensive_for_govt</Value>
</Feature>
<Feature>
  <Name className="java.lang.String">unclear</Name>
  <Value className="java.lang.String">true</Value>
</Feature>
<Feature>
  <Name className="java.lang.String">type</Name>
  <Value className="java.lang.String">label</Value>
</Feature>
<Feature>
  <Name className="java.lang.String">polarity</Name>
  <Value className="java.lang.String">positive</Value>
</Feature>
</Annotation>
<Annotation Id="18" Type="arg" StartNode="3181" EndNode="3265">
<Feature>
  <Name className="java.lang.String">ss-label</Name>
  <Value className="java.lang.String">should_be_repealed</Value>
</Feature>
<Feature>
  <Name className="java.lang.String">unclear</Name>
  <Value className="java.lang.String">true</Value>
</Feature>
<Feature>
  <Name className="java.lang.String">type</Name>
  <Value className="java.lang.String">label</Value>
</Feature>
<Feature>
  <Name className="java.lang.String">polarity</Name>
  <Value className="java.lang.String">negative</Value>
</Feature>
</Annotation>
<Annotation Id="21" Type="arg" StartNode="3023" EndNode="3070">
<Feature>
  <Name className="java.lang.String"></Name>
  <Value className="java.lang.String">label</Value>
</Feature>
<Feature>
  <Name className="java.lang.String">unclear</Name>
  <Value className="java.lang.String">true</Value>
</Feature>
<Feature>
  <Name className="java.lang.String">ss-label</Name>
  <Value className="java.lang.String">too_expensive_for_govt</Value>
</Feature>
<Feature>
  <Name className="java.lang.String">polarity</Name>
  <Value className="java.lang.String">negative</Value>
</Feature>
<Feature>
  <Name className="java.lang.String">incomplete</Name>
  <Value className="java.lang.String">true</Value>
</Feature>
</Annotation>
<Annotation Id="20" Type="arg" StartNode="2893" EndNode="3018">
<Feature>
  <Name className="java.lang.String">type</Name>
  <Value className="java.lang.String">label</Value>
</Feature>
<Feature>
  <Name className="java.lang.String">ss-label</Name>
  <Value className="java.lang.String">too_expensive_for_govt</Value>
</Feature>
<Feature>
  <Name className="java.lang.String">polarity</Name>
  <Value className="java.lang.String">negative</Value>
</Feature>
</Annotation>
<Annotation Id="23" Type="arg" StartNode="3072" EndNode="3176">
<Feature>
  <Name className="java.lang.String">unclear</Name>
  <Value className="java.lang.String">true</Value>
</Feature>
<Feature>
  <Name className="java.lang.String">ss-label</Name>
  <Value className="java.lang.String">hurts_economy</Value>
</Feature>
<Feature>
  <Name className="java.lang.String">type</Name>
  <Value className="java.lang.String">label</Value>
</Feature>
<Feature>
  <Name className="java.lang.String">polarity</Name>
  <Value className="java.lang.String">negative</Value>
</Feature>
<Feature>
  <Name className="java.lang.String">incomplete</Name>
  <Value className="java.lang.String">true</Value>
</Feature>
</Annotation>
<Annotation Id="25" Type="arg" StartNode="1908" EndNode="2000">
<Feature>
  <Name className="java.lang.String">type</Name>
  <Value className="java.lang.String">label</Value>
</Feature>
<Feature>
  <Name className="java.lang.String">ss-label</Name>
  <Value className="java.lang.String">too_expensive_for_govt</Value>
</Feature>
<Feature>
  <Name className="java.lang.String">polarity</Name>
  <Value className="java.lang.String">negative</Value>
</Feature>
</Annotation>
<Annotation Id="24" Type="rel" StartNode="769" EndNode="911">
<Feature>
  <Name className="java.lang.String">type</Name>
  <Value className="java.lang.String">label</Value>
</Feature>
<Feature>
  <Name className="java.lang.String">ss-label</Name>
  <Value className="java.lang.String">too_expensive_for_govt</Value>
</Feature>
</Annotation>
<Annotation Id="27" Type="rel" StartNode="1071" EndNode="1197">
<Feature>
  <Name className="java.lang.String">type</Name>
  <Value className="java.lang.String">label</Value>
</Feature>
<Feature>
  <Name className="java.lang.String">ss-label</Name>
  <Value className="java.lang.String">too_expensive_for_govt</Value>
</Feature>
</Annotation>
<Annotation Id="29" Type="rel" StartNode="1540" EndNode="1624">
<Feature>
  <Name className="java.lang.String">type</Name>
  <Value className="java.lang.String">label</Value>
</Feature>
<Feature>
  <Name className="java.lang.String">ss-label</Name>
  <Value className="java.lang.String">too_expensive_for_govt</Value>
</Feature>
</Annotation>
<Annotation Id="28" Type="rel" StartNode="1202" EndNode="1538">
<Feature>
  <Name className="java.lang.String">type</Name>
  <Value className="java.lang.String">label</Value>
</Feature>
<Feature>
  <Name className="java.lang.String">ss-label</Name>
  <Value className="java.lang.String">too_expensive_for_govt</Value>
</Feature>
</Annotation>
<Annotation Id="31" Type="rel" StartNode="913" EndNode="1066">
<Feature>
  <Name className="java.lang.String">type</Name>
  <Value className="java.lang.String">label</Value>
</Feature>
<Feature>
  <Name className="java.lang.String">ss-label</Name>
  <Value className="java.lang.String">too_expensive_for_govt</Value>
</Feature>
</Annotation>
<Annotation Id="30" Type="rel" StartNode="1787" EndNode="1907">
<Feature>
  <Name className="java.lang.String">type</Name>
  <Value className="java.lang.String">label</Value>
</Feature>
<Feature>
  <Name className="java.lang.String">unclear</Name>
  <Value className="java.lang.String">true</Value>
</Feature>
<Feature>
  <Name className="java.lang.String">ss-label</Name>
  <Value className="java.lang.String">too_expensive_for_govt</Value>
</Feature>
</Annotation>
<Annotation Id="34" Type="rel" StartNode="2559" EndNode="2662">
<Feature>
  <Name className="java.lang.String">type</Name>
  <Value className="java.lang.String">label</Value>
</Feature>
<Feature>
  <Name className="java.lang.String">ss-label</Name>
  <Value className="java.lang.String">too_expensive_for_govt</Value>
</Feature>
</Annotation>
<Annotation Id="35" Type="gfbf" StartNode="636" EndNode="642">
<Feature>
  <Name className="java.lang.String">agentId</Name>
  <Value className="java.lang.String">implicit</Value>
</Feature>
<Feature>
  <Name className="java.lang.String">polarity</Name>
  <Value className="java.lang.String">goodfor</Value>
</Feature>
<Feature>
  <Name className="java.lang.String">objectId</Name>
  <Value className="java.lang.String">36</Value>
</Feature>
</Annotation>
<Annotation Id="32" Type="arg" StartNode="2194" EndNode="2405">
<Feature>
  <Name className="java.lang.String">type</Name>
  <Value className="java.lang.String">label</Value>
</Feature>
<Feature>
  <Name className="java.lang.String">ss-label</Name>
  <Value className="java.lang.String">too_expensive_for_govt</Value>
</Feature>
<Feature>
  <Name className="java.lang.String">polarity</Name>
  <Value className="java.lang.String">positive</Value>
</Feature>
</Annotation>
<Annotation Id="33" Type="rel" StartNode="2410" EndNode="2500">
<Feature>
  <Name className="java.lang.String">type</Name>
  <Value className="java.lang.String">label</Value>
</Feature>
<Feature>
  <Name className="java.lang.String">ss-label</Name>
  <Value className="java.lang.String">too_expensive_for_govt</Value>
</Feature>
</Annotation>
<Annotation Id="38" Type="gfbf" StartNode="1651" EndNode="1658">
<Feature>
  <Name className="java.lang.String">agentId</Name>
  <Value className="java.lang.String">60</Value>
</Feature>
<Feature>
  <Name className="java.lang.String">polarity</Name>
  <Value className="java.lang.String">goodfor</Value>
</Feature>
<Feature>
  <Name className="java.lang.String">objectId</Name>
  <Value className="java.lang.String">39</Value>
</Feature>
</Annotation>
<Annotation Id="39" Type="gfbf-object" StartNode="1659" EndNode="1676">
<Feature>
  <Name className="java.lang.String">writerAtt</Name>
  <Value className="java.lang.String">positive</Value>
</Feature>
</Annotation>
<Annotation Id="36" Type="gfbf-object" StartNode="629" EndNode="631">
<Feature>
  <Name className="java.lang.String">referentId</Name>
  <Value className="java.lang.String">69</Value>
</Feature>
<Feature>
  <Name className="java.lang.String">refererence</Name>
  <Value className="java.lang.String">true</Value>
</Feature>
<Feature>
  <Name className="java.lang.String">writerAtt</Name>
  <Value className="java.lang.String">negative</Value>
</Feature>
</Annotation>
<Annotation Id="37" Type="others" StartNode="538" EndNode="545">
<Feature>
  <Name className="java.lang.String">comment</Name>
  <Value className="java.lang.String">it's subjectivity...</Value>
</Feature>
</Annotation>
<Annotation Id="42" Type="gfbf-object" StartNode="1929" EndNode="1953">
<Feature>
  <Name className="java.lang.String">writerAtt</Name>
  <Value className="java.lang.String">negative</Value>
</Feature>
</Annotation>
<Annotation Id="43" Type="influencer" StartNode="1962" EndNode="1967">
<Feature>
  <Name className="java.lang.String">effect</Name>
  <Value className="java.lang.String">reverse</Value>
</Feature>
<Feature>
  <Name className="java.lang.String">agentId</Name>
  <Value className="java.lang.String">62</Value>
</Feature>
<Feature>
  <Name className="java.lang.String">objectId</Name>
  <Value className="java.lang.String">44</Value>
</Feature>
</Annotation>
<Annotation Id="40" Type="influencer" StartNode="1636" EndNode="1642">
<Feature>
  <Name className="java.lang.String">effect</Name>
  <Value className="java.lang.String">reverse</Value>
</Feature>
<Feature>
  <Name className="java.lang.String">agentId</Name>
  <Value className="java.lang.String">60</Value>
</Feature>
<Feature>
  <Name className="java.lang.String">objectId</Name>
  <Value className="java.lang.String">38</Value>
</Feature>
</Annotation>
<Annotation Id="41" Type="gfbf" StartNode="1919" EndNode="1928">
<Feature>
  <Name className="java.lang.String">agentId</Name>
  <Value className="java.lang.String">61</Value>
</Feature>
<Feature>
  <Name className="java.lang.String">polarity</Name>
  <Value className="java.lang.String">goodfor</Value>
</Feature>
<Feature>
  <Name className="java.lang.String">objectId</Name>
  <Value className="java.lang.String">42</Value>
</Feature>
</Annotation>
<Annotation Id="46" Type="gfbf" StartNode="2039" EndNode="2046">
<Feature>
  <Name className="java.lang.String">agentId</Name>
  <Value className="java.lang.String">implicit</Value>
</Feature>
<Feature>
  <Name className="java.lang.String">polarity</Name>
  <Value className="java.lang.String">badfor</Value>
</Feature>
<Feature>
  <Name className="java.lang.String">objectId</Name>
  <Value className="java.lang.String">47</Value>
</Feature>
</Annotation>
<Annotation Id="47" Type="gfbf-object" StartNode="2047" EndNode="2083">
<Feature>
  <Name className="java.lang.String">writerAtt</Name>
  <Value className="java.lang.String">negative</Value>
</Feature>
</Annotation>
<Annotation Id="44" Type="gfbf" StartNode="1968" EndNode="1973">
<Feature>
  <Name className="java.lang.String">agentId</Name>
  <Value className="java.lang.String">62</Value>
</Feature>
<Feature>
  <Name className="java.lang.String">polarity</Name>
  <Value className="java.lang.String">goodfor</Value>
</Feature>
<Feature>
  <Name className="java.lang.String">objectId</Name>
  <Value className="java.lang.String">45</Value>
</Feature>
</Annotation>
<Annotation Id="45" Type="gfbf-object" StartNode="1974" EndNode="1998">
<Feature>
  <Name className="java.lang.String">writerAtt</Name>
  <Value className="java.lang.String">positive</Value>
</Feature>
</Annotation>
<Annotation Id="50" Type="gfbf" StartNode="2099" EndNode="2106">
<Feature>
  <Name className="java.lang.String">agentId</Name>
  <Value className="java.lang.String">implicit</Value>
</Feature>
<Feature>
  <Name className="java.lang.String">polarity</Name>
  <Value className="java.lang.String">goodfor</Value>
</Feature>
<Feature>
  <Name className="java.lang.String">objectId</Name>
  <Value className="java.lang.String">63</Value>
</Feature>
</Annotation>
<Annotation Id="48" Type="gfbf" StartNode="2085" EndNode="2098">
<Feature>
  <Name className="java.lang.String">agentId</Name>
  <Value className="java.lang.String">implicit</Value>
</Feature>
<Feature>
  <Name className="java.lang.String">polarity</Name>
  <Value className="java.lang.String">goodfor</Value>
</Feature>
<Feature>
  <Name className="java.lang.String">objectId</Name>
  <Value className="java.lang.String">64</Value>
</Feature>
</Annotation>
<Annotation Id="55" Type="others" StartNode="2995" EndNode="3018">
</Annotation>
<Annotation Id="54" Type="others" StartNode="2318" EndNode="2331">
<Feature>
  <Name className="java.lang.String">comment</Name>
  <Value className="java.lang.String">negative or positive???</Value>
</Feature>
</Annotation>
<Annotation Id="53" Type="gfbf-object" StartNode="2168" EndNode="2192">
<Feature>
  <Name className="java.lang.String">writerAtt</Name>
  <Value className="java.lang.String">negative</Value>
</Feature>
</Annotation>
<Annotation Id="52" Type="gfbf" StartNode="2158" EndNode="2167">
<Feature>
  <Name className="java.lang.String">agentId</Name>
  <Value className="java.lang.String">implicit</Value>
</Feature>
<Feature>
  <Name className="java.lang.String">polarity</Name>
  <Value className="java.lang.String">goodfor</Value>
</Feature>
<Feature>
  <Name className="java.lang.String">objectId</Name>
  <Value className="java.lang.String">53</Value>
</Feature>
</Annotation>
<Annotation Id="59" Type="gfbf-object" StartNode="3256" EndNode="3265">
<Feature>
  <Name className="java.lang.String">writerAtt</Name>
  <Value className="java.lang.String">negative</Value>
</Feature>
</Annotation>
<Annotation Id="58" Type="gfbf" StartNode="3249" EndNode="3255">
<Feature>
  <Name className="java.lang.String">agentId</Name>
  <Value className="java.lang.String">65</Value>
</Feature>
<Feature>
  <Name className="java.lang.String">polarity</Name>
  <Value className="java.lang.String">badfor</Value>
</Feature>
<Feature>
  <Name className="java.lang.String">objectId</Name>
  <Value className="java.lang.String">59</Value>
</Feature>
</Annotation>
<Annotation Id="57" Type="gfbf-object" StartNode="3094" EndNode="3176">
<Feature>
  <Name className="java.lang.String">writerAtt</Name>
  <Value className="java.lang.String">positive</Value>
</Feature>
</Annotation>
<Annotation Id="63" Type="gfbf-object" StartNode="2107" EndNode="2149">
<Feature>
  <Name className="java.lang.String">writerAtt</Name>
  <Value className="java.lang.String">positive</Value>
</Feature>
</Annotation>
<Annotation Id="62" Type="gfbf-agent" StartNode="1959" EndNode="1961">
<Feature>
  <Name className="java.lang.String">writerAtt</Name>
  <Value className="java.lang.String">positive</Value>
</Feature>
</Annotation>
<Annotation Id="61" Type="gfbf-agent" StartNode="1916" EndNode="1918">
<Feature>
  <Name className="java.lang.String">writerAtt</Name>
  <Value className="java.lang.String">positive</Value>
</Feature>
</Annotation>
<Annotation Id="60" Type="gfbf-agent" StartNode="1633" EndNode="1635">
<Feature>
  <Name className="java.lang.String">writerAtt</Name>
  <Value className="java.lang.String">positive</Value>
</Feature>
</Annotation>
<Annotation Id="69" Type="referent" StartNode="552" EndNode="561">
<Feature>
  <Name className="java.lang.String">writerAtt</Name>
  <Value className="java.lang.String">negative</Value>
</Feature>
</Annotation>
<Annotation Id="70" Type="referent" StartNode="3030" EndNode="3070">
</Annotation>
<Annotation Id="64" Type="gfbf-object" StartNode="2099" EndNode="2149">
<Feature>
  <Name className="java.lang.String">writerAtt</Name>
  <Value className="java.lang.String">positive</Value>
</Feature>
</Annotation>
<Annotation Id="65" Type="gfbf-agent" StartNode="3192" EndNode="3209">
<Feature>
  <Name className="java.lang.String">writerAtt</Name>
  <Value className="java.lang.String">positive</Value>
</Feature>
</Annotation>
<Annotation Id="66" Type="gfbf" StartNode="3082" EndNode="3094">
<Feature>
  <Name className="java.lang.String">agentId</Name>
  <Value className="java.lang.String">67</Value>
</Feature>
<Feature>
  <Name className="java.lang.String">polarity</Name>
  <Value className="java.lang.String">badfor</Value>
</Feature>
<Feature>
  <Name className="java.lang.String">objectId</Name>
  <Value className="java.lang.String">57</Value>
</Feature>
</Annotation>
<Annotation Id="67" Type="gfbf-agent" StartNode="3072" EndNode="3074">
<Feature>
  <Name className="java.lang.String">reference</Name>
  <Value className="java.lang.String">true</Value>
</Feature>
<Feature>
  <Name className="java.lang.String">referentId</Name>
  <Value className="java.lang.String">70</Value>
</Feature>
<Feature>
  <Name className="java.lang.String">writerAtt</Name>
  <Value className="java.lang.String">negative</Value>
</Feature>
</Annotation>
</AnnotationSet>

<!-- Named annotation set -->

<AnnotationSet Name="Original markups">
<Annotation Id="0" Type="paragraph" StartNode="0" EndNode="85">
</Annotation>
<Annotation Id="1" Type="paragraph" StartNode="87" EndNode="498">
</Annotation>
<Annotation Id="2" Type="paragraph" StartNode="500" EndNode="505">
</Annotation>
<Annotation Id="3" Type="paragraph" StartNode="507" EndNode="767">
</Annotation>
<Annotation Id="4" Type="paragraph" StartNode="769" EndNode="1069">
</Annotation>
<Annotation Id="5" Type="paragraph" StartNode="1071" EndNode="1200">
</Annotation>
<Annotation Id="6" Type="paragraph" StartNode="1202" EndNode="1626">
</Annotation>
<Annotation Id="7" Type="paragraph" StartNode="1628" EndNode="2001">
</Annotation>
<Annotation Id="8" Type="paragraph" StartNode="2003" EndNode="2408">
</Annotation>
<Annotation Id="9" Type="paragraph" StartNode="2410" EndNode="2665">
</Annotation>
<Annotation Id="10" Type="paragraph" StartNode="2667" EndNode="3021">
</Annotation>
<Annotation Id="11" Type="paragraph" StartNode="3023" EndNode="3179">
</Annotation>
<Annotation Id="12" Type="paragraph" StartNode="3181" EndNode="3268">
</Annotation>
<Annotation Id="13" Type="paragraph" StartNode="3270" EndNode="3320">
</Annotation>
</AnnotationSet>

</GateDocument>
