<?xml version='1.0' encoding='US-ASCII'?>
<GateDocument version="2">
<!-- The document's features-->

<GateDocumentFeatures>
<Feature>
  <Name className="java.lang.String">gate.SourceURL</Name>
  <Value className="java.lang.String">file:/E:/Users/conrada/Documents/My%20Dropbox/healthcare_data/training_2/hc057.txt</Value>
</Feature>
<Feature>
  <Name className="java.lang.String">MimeType</Name>
  <Value className="java.lang.String">text/plain</Value>
</Feature>
<Feature>
  <Name className="java.lang.String">docNewLineType</Name>
  <Value className="java.lang.String">CRLF</Value>
</Feature>
</GateDocumentFeatures>
<!-- The document content area with serialized nodes -->

<TextWithNodes><Node id="0"/>Obama Admin Targets Down naSyndrome Babies Under Obamacare&#xd;<Node id="59"/>
<Node id="60"/>&#xd;
<Node id="62"/>by Mark Leach | Washington, DC | LifeNews.com | 9/12/11 1:02 PM&#xd;
<Node id="127"/>&#xd;
    <Node id="133"/>Print&#xd;
    Email&#xd;
<Node id="151"/>&#xd;
<Node id="153"/>National&#xd;
<Node id="163"/>&#xd;
     <Node id="170"/>7256&#xd;
     &#xd;
    Share&#xd;
<Node id="194"/>&#xd;
<Node id="196"/>Prenatal testing for Down syndrome should not be considered preventive medicine<Node id="275"/>. <Node id="277"/>Such tests cannot prevent the presence of Down syndrome in a child; but they can decrease the likelihood of a child with Down syndrome surviving beyond the womb<Node id="437"/>. <Node id="439"/>Expectant parents need accurate information, including the many positive outcomes, about life raising a child with Down syndrome<Node id="567"/>.&#xd;
<Node id="570"/>&#xd;
<Node id="572"/>Last month, my daughter Juliet began second grade, where her mother and I expect her to maintain her B+ average on spelling tests and straight A&#x2019;s in Chinese. In addition to being a loving daughter and big sister, Juliet also is endowed with Down syndrome. <Node id="829"/>At the start of the month, the Department for Health and Human Services (HHS) announced that <Node id="922"/>future births of children like Juliet<Node id="959"/> should be <Node id="970"/>prevented<Node id="979"/>. <Node id="981"/>Down syndrome is the most common genetic cause of intellectual disability and, as such, will be targeted in the new HHS regulation&#x2019;s free nationwide prenatal testing program<Node id="1154"/>.&#xd;
<Node id="1157"/>&#xd;
<Node id="1159"/>Discussions of HHS&#x2019;s new regulation have focused on the required availability of free contraceptive services under the Patient Protection and Affordable Care Act (PPACA)<Node id="1328"/>. The regulation is the result of HHS&#x2019;s adopting, in its entirety, the Institute of Medicine&#x2019;s (IOM) report on Clinical Preventive Services for Women. Buried in the IOM report is the recommendation for no-cost well-woman visits; these visits include prenatal care&#x2013;and thus prenatal testing for &#x201c;genetic or developmental conditions.&#x201d; The regulation was issued as part of the PPACA&#x2019;s coverage of preventive services. This prompts the question, how does prenatal testing prevent Down syndrome?&#xd;
<Node id="1820"/>&#xd;
<Node id="1822"/>The IOM report defines preventive services &#x201c;to be measures . . . shown to improve wellbeing, and/or decrease the likelihood or delay the onset of targeted disease or condition.&#x201d; Down syndrome occurs at conception. <Node id="2036"/>Prenatal testing simply identifies whether a pregnancy is positive for Down syndrome&#x2013;a prenatal diagnosis after which most women choose to terminate their pregnancy<Node id="2200"/>. <Node id="2202"/>A prenatal test does not decrease the likelihood of Down syndrome in a person; it does allow for a decreased likelihood of a person with Down syndrome surviving beyond the womb<Node id="2378"/>. <Node id="2380"/>If this is how <Node id="2395"/>HHS<Node id="2398"/> is <Node id="2402"/>justifying<Node id="2412"/> <Node id="2413"/>prenatal testing for Down syndrome as preventive care<Node id="2466"/>, then HHS has ushered in a program meant to target future children like Juliet<Node id="2545"/>.&#xd;
<Node id="2548"/>&#xd;
<Node id="2550"/>The targeted elimination of people with Down syndrome is, in fact, the goal of other countries that have adopted nationwide prenatal testing programs&#x2013;a goal some other countries are now realizing<Node id="2745"/>. <Node id="2747"/>Indeed, according to the Copenhagen Post, Denmark &#x201c;could be a country without a single citizen with Down&#x2019;s syndrome in the not too distant future,&#x201d; due to its nationwide prenatal screening program, in place since 2004<Node id="2964"/>.&#xd;
<Node id="2967"/>&#xd;
<Node id="2969"/>Perhaps the HHS is not purposefully trying to sneak in a modern-day eugenics program to eliminate Down syndrome by regulation<Node id="3094"/>. <Node id="3096"/>It is likely that the IOM report relied on professional guidelines that recommend the offering of prenatal testing for Down syndrome<Node id="3228"/>. <Node id="3230"/>Actual experience, <Node id="3249"/>however<Node id="3256"/>, has shown that <Node id="3273"/>such tests<Node id="3283"/> do <Node id="3287"/>not<Node id="3290"/> &#x201c;<Node id="3292"/>improve<Node id="3299"/> <Node id="3300"/>wellbeing<Node id="3309"/>&#x201d;&#x2013;certainly <Node id="3321"/>not<Node id="3324"/> for <Node id="3329"/>the aborted child<Node id="3346"/>, but also <Node id="3357"/>not<Node id="3360"/> for <Node id="3365"/>the expecting parents<Node id="3386"/>.&#xd;
<Node id="3389"/>&#xd;
<Node id="3391"/>Robert Resta, a Genetic Counselor, notes in August&#x2019;s American Journal of Medical Genetics that &#x201c;there is very little empirical evidence that prenatal knowledge improves medical, developmental, emotional, or adaptational outcomes<Node id="3619"/>.&#x201d; <Node id="3622"/>Further, studies have found that <Node id="3655"/>prenatal testing<Node id="3671"/> <Node id="3672"/>increases<Node id="3681"/> <Node id="3682"/>the mother&#x2019;s anxiety<Node id="3702"/>, regardless of the test results; that women often do not make informed decisions about accepting prenatal testing or decisions made after a diagnosis and that, when abortion is the chosen response, a significant number of women experience post-traumatic stress<Node id="3963"/>.&#xd;
<Node id="3966"/>&#xd;
<Node id="3968"/>The lone dissent to the IOM report by a committee member makes the point that clinical guidelines &#x201c;were never intended to provide a basis for insurance coverage determinations; they are intended as guides to physician practices.&#x201d; Yet, if the IOM&#x2019;s incorporation of such guidelines is the HHS&#x2019;s justification for covering prenatal testing, then why does HHS not provide for the other information required to accompany prenatal testing?&#xd;
<Node id="4404"/>&#xd;
<Node id="4406"/>The IOM report states that informed decision-making &#x201c;is structured to give an individual all the information needed to choose from among different clinical options, such as whether to undergo genetic testing.&#x201d; Professional guidelines require that physicians be well-informed about Down syndrome, offer accurate information, and recognize that parent support organizations can be very helpful. This summer, the National Society for Genetic Counselors and the American Academy of Pediatrics required that this balancing information be part of prenatal care. Both further note that families &#x201c;benefit from hearing a fair and balanced perspective, including the many positive outcomes of children with Down syndrome and their effect on the family.&#x201d;&#xd;
<Node id="5151"/>&#xd;
<Node id="5153"/>The need for this information is so apparent that, in 2005, two senators from opposite sides of the abortion issue, Senators Ted Kennedy and Sam Brownback, co-sponsored legislation that recognized the need to provide accurate, balanced information and support by parent organizations. In 2008, the Prenatally and Postnatally Diagnosed Conditions Awareness Act was signed into law, but it has yet to receive any appropriations. Similarly, the HHS regulation only requires coverage of the testing itself, but says nothing about covering the provision of proper training, accurate written materials, or support to or through parent organizations&#x2013;things that could, in fact, improve the parents&#x2019; and child&#x2019;s wellbeing after receiving a prenatal diagnosis.&#xd;
<Node id="5906"/>&#xd;
<Node id="5908"/>It seems hard to believe that Congress and the President meant for the PPACA to institute a national prenatal screening program that targets Down syndrome and also fails to provide all of the required information to expectant mothers. Sen. Mikulski introduced the provision for preventive services for women, yet she was also the lead sponsor of Rosa&#x2019;s Law, a law that replaces &#x201c;mental retardation&#x201d; with &#x201c;intellectual disability&#x201d; in federal publications. Rosa&#x2019;s law was named after one of her constituents, who, like Juliet, happens to have Down syndrome. Further, given that <Node id="6484"/>HHS&#x2019;s regulation<Node id="6500"/> not only <Node id="6510"/>encourages<Node id="6520"/> <Node id="6521"/>prenatal testing<Node id="6537"/>&#x2019;s <Node id="6540"/>discrimination against<Node id="6562"/> <Node id="6563"/>Down syndrome<Node id="6576"/>, but also <Node id="6587"/>disrespects<Node id="6598"/> <Node id="6599"/>a woman&#x2019;s exercise of informed choice<Node id="6636"/>, it is unlikely that members of the bipartisan Congressional Down Syndrome Caucus would allow the regulation to remain in effect.&#xd;
<Node id="6768"/>&#xd;
<Node id="6770"/>Prenatal testing for Down syndrome should not be labeled as preventive medicine&#x2013;<Node id="6850"/>an inaccurate and misleading description of a procedure<Node id="6905"/> that may <Node id="6915"/>prevent<Node id="6922"/> <Node id="6923"/>Down syndrome births<Node id="6943"/>, but certainly does <Node id="6964"/>not<Node id="6967"/> <Node id="6968"/>prevent<Node id="6975"/> <Node id="6976"/>Down syndrome<Node id="6989"/>. <Node id="6991"/>A regulation should not be allowed to <Node id="7029"/>target a portion of our society for elimination<Node id="7076"/> without public debate by accountable elected officials<Node id="7131"/>. If the regulation is to remain in place, then additional funding should be provided for all the information required to respect a woman&#x2019;s choice following a prenatal diagnosis. The President and the Congress should see that the new HHS requirements for preventive care expressly exclude coverage of prenatal testing for Down syndrome unless and until there is public debate and balanced funding for the needed resources.&#xd;
<Node id="7555"/>&#xd;
<Node id="7557"/>You can help them do that by leaving a comment on this new regulation here.&#xd;
<Node id="7634"/>&#xd;
<Node id="7636"/>LifeNews.com Note: Mark W. Leach is an attorney from Louisville, Kentucky. He serves on the Board of Directors for Down Syndrome of Louisville and Down Syndrome Affiliates in Action, a trade association of local parent support organizations. The views expressed here are entirely his own and not to be attributed to any associated organization or LifeNews.com. This article was originally printed in Public Discourse and is reprinted with permission.&#xd;
<Node id="8088"/></TextWithNodes>
<!-- The default annotation set -->

<AnnotationSet>
<Annotation Id="19" Type="doc" StartNode="0" EndNode="8088">
<Feature>
  <Name className="java.lang.String">id</Name>
  <Value className="java.lang.String">hc057</Value>
</Feature>
<Feature>
  <Name className="java.lang.String">author</Name>
  <Value className="java.lang.String">mark,leach</Value>
</Feature>
<Feature>
  <Name className="java.lang.String">date</Name>
  <Value className="java.lang.String">20110912</Value>
</Feature>
<Feature>
  <Name className="java.lang.String">source</Name>
  <Value className="java.lang.String">lifenews</Value>
</Feature>
<Feature>
  <Name className="java.lang.String">side</Name>
  <Value className="java.lang.String">anti</Value>
</Feature>
<Feature>
  <Name className="java.lang.String">url</Name>
  <Value className="java.lang.String">http://www.lifenews.com/2011/09/12/obama-admin-targets-down-syndrome-babies-under-obamacare/</Value>
</Feature>
</Annotation>
<Annotation Id="20" Type="arg" StartNode="829" EndNode="979">
<Feature>
  <Name className="java.lang.String">type</Name>
  <Value className="java.lang.String">label</Value>
</Feature>
<Feature>
  <Name className="java.lang.String">ss-label</Name>
  <Value className="java.lang.String">encourages_abortion</Value>
</Feature>
<Feature>
  <Name className="java.lang.String">polarity</Name>
  <Value className="java.lang.String">negative</Value>
</Feature>
</Annotation>
<Annotation Id="23" Type="rel" StartNode="2969" EndNode="3094">
<Feature>
  <Name className="java.lang.String">ss-label</Name>
  <Value className="java.lang.String">encourages_abortion</Value>
</Feature>
<Feature>
  <Name className="java.lang.String">unclear</Name>
  <Value className="java.lang.String">true</Value>
</Feature>
<Feature>
  <Name className="java.lang.String">type</Name>
  <Value className="java.lang.String">label</Value>
</Feature>
<Feature>
  <Name className="java.lang.String">polarity</Name>
  <Value className="java.lang.String">negative</Value>
</Feature>
</Annotation>
<Annotation Id="22" Type="arg" StartNode="2550" EndNode="2745">
<Feature>
  <Name className="java.lang.String">type</Name>
  <Value className="java.lang.String">label</Value>
</Feature>
<Feature>
  <Name className="java.lang.String">ss-label</Name>
  <Value className="java.lang.String">encourages_abortion</Value>
</Feature>
<Feature>
  <Name className="java.lang.String">polarity</Name>
  <Value className="java.lang.String">negative</Value>
</Feature>
</Annotation>
<Annotation Id="25" Type="arg" StartNode="3230" EndNode="3386">
<Feature>
  <Name className="java.lang.String">ss-label</Name>
  <Value className="java.lang.String">encourages_abortion</Value>
</Feature>
<Feature>
  <Name className="java.lang.String">unclear</Name>
  <Value className="java.lang.String">true</Value>
</Feature>
<Feature>
  <Name className="java.lang.String">type</Name>
  <Value className="java.lang.String">label</Value>
</Feature>
<Feature>
  <Name className="java.lang.String">polarity</Name>
  <Value className="java.lang.String">negative</Value>
</Feature>
</Annotation>
<Annotation Id="24" Type="rel" StartNode="2036" EndNode="2200">
<Feature>
  <Name className="java.lang.String">type</Name>
  <Value className="java.lang.String">label</Value>
</Feature>
<Feature>
  <Name className="java.lang.String">ss-label</Name>
  <Value className="java.lang.String">encourages_abortion</Value>
</Feature>
</Annotation>
<Annotation Id="27" Type="arg" StartNode="196" EndNode="275">
<Feature>
  <Name className="java.lang.String">type</Name>
  <Value className="java.lang.String">label</Value>
</Feature>
<Feature>
  <Name className="java.lang.String">ss-label</Name>
  <Value className="java.lang.String">encourages_abortion</Value>
</Feature>
<Feature>
  <Name className="java.lang.String">polarity</Name>
  <Value className="java.lang.String">negative</Value>
</Feature>
</Annotation>
<Annotation Id="26" Type="arg" StartNode="6991" EndNode="7131">
<Feature>
  <Name className="java.lang.String">ss-label</Name>
  <Value className="java.lang.String">encourages_abortion</Value>
</Feature>
<Feature>
  <Name className="java.lang.String">unclear</Name>
  <Value className="java.lang.String"></Value>
</Feature>
<Feature>
  <Name className="java.lang.String">type</Name>
  <Value className="java.lang.String"></Value>
</Feature>
<Feature>
  <Name className="java.lang.String">polarity</Name>
  <Value className="java.lang.String">negative</Value>
</Feature>
</Annotation>
<Annotation Id="29" Type="arg" StartNode="439" EndNode="567">
<Feature>
  <Name className="java.lang.String">type</Name>
  <Value className="java.lang.String">label</Value>
</Feature>
<Feature>
  <Name className="java.lang.String">ss-label</Name>
  <Value className="java.lang.String">encourages_abortion</Value>
</Feature>
<Feature>
  <Name className="java.lang.String">polarity</Name>
  <Value className="java.lang.String">positive</Value>
</Feature>
</Annotation>
<Annotation Id="28" Type="rel" StartNode="277" EndNode="437">
<Feature>
  <Name className="java.lang.String">type</Name>
  <Value className="java.lang.String">label</Value>
</Feature>
<Feature>
  <Name className="java.lang.String">ss-label</Name>
  <Value className="java.lang.String">encourages_abortion</Value>
</Feature>
</Annotation>
<Annotation Id="31" Type="arg" StartNode="0" EndNode="59">
<Feature>
  <Name className="java.lang.String">ss-label</Name>
  <Value className="java.lang.String">encourages_abortion</Value>
</Feature>
<Feature>
  <Name className="java.lang.String">unclear</Name>
  <Value className="java.lang.String">true</Value>
</Feature>
<Feature>
  <Name className="java.lang.String">type</Name>
  <Value className="java.lang.String">label</Value>
</Feature>
<Feature>
  <Name className="java.lang.String">polarity</Name>
  <Value className="java.lang.String">negative</Value>
</Feature>
</Annotation>
<Annotation Id="30" Type="rel" StartNode="981" EndNode="1154">
<Feature>
  <Name className="java.lang.String">type</Name>
  <Value className="java.lang.String">label</Value>
</Feature>
<Feature>
  <Name className="java.lang.String">ss-label</Name>
  <Value className="java.lang.String">encourages_abortion</Value>
</Feature>
</Annotation>
<Annotation Id="34" Type="rel" StartNode="2202" EndNode="2378">
<Feature>
  <Name className="java.lang.String">type</Name>
  <Value className="java.lang.String">label</Value>
</Feature>
<Feature>
  <Name className="java.lang.String">ss-label</Name>
  <Value className="java.lang.String">encourages_abortion</Value>
</Feature>
</Annotation>
<Annotation Id="35" Type="arg" StartNode="2380" EndNode="2545">
<Feature>
  <Name className="java.lang.String">ss-label</Name>
  <Value className="java.lang.String">encourages_abortion</Value>
</Feature>
<Feature>
  <Name className="java.lang.String">unclear</Name>
  <Value className="java.lang.String">true</Value>
</Feature>
<Feature>
  <Name className="java.lang.String">type</Name>
  <Value className="java.lang.String">label</Value>
</Feature>
<Feature>
  <Name className="java.lang.String">polarity</Name>
  <Value className="java.lang.String">negative</Value>
</Feature>
</Annotation>
<Annotation Id="32" Type="rel" StartNode="1159" EndNode="1328">
<Feature>
  <Name className="java.lang.String">type</Name>
  <Value className="java.lang.String">label</Value>
</Feature>
<Feature>
  <Name className="java.lang.String">ss-label</Name>
  <Value className="java.lang.String">encourages_abortion</Value>
</Feature>
</Annotation>
<Annotation Id="38" Type="rel" StartNode="3622" EndNode="3963">
<Feature>
  <Name className="java.lang.String">type</Name>
  <Value className="java.lang.String">label</Value>
</Feature>
<Feature>
  <Name className="java.lang.String">ss-label</Name>
  <Value className="java.lang.String">encourages_abortion</Value>
</Feature>
</Annotation>
<Annotation Id="39" Type="rel" StartNode="3391" EndNode="3619">
<Feature>
  <Name className="java.lang.String">type</Name>
  <Value className="java.lang.String">label</Value>
</Feature>
<Feature>
  <Name className="java.lang.String">ss-label</Name>
  <Value className="java.lang.String">encourages_abortion</Value>
</Feature>
</Annotation>
<Annotation Id="36" Type="rel" StartNode="2747" EndNode="2964">
<Feature>
  <Name className="java.lang.String">type</Name>
  <Value className="java.lang.String">label</Value>
</Feature>
<Feature>
  <Name className="java.lang.String">ss-label</Name>
  <Value className="java.lang.String">encourages_abortion</Value>
</Feature>
</Annotation>
<Annotation Id="37" Type="rel" StartNode="3096" EndNode="3228">
<Feature>
  <Name className="java.lang.String">type</Name>
  <Value className="java.lang.String">label</Value>
</Feature>
<Feature>
  <Name className="java.lang.String">ss-label</Name>
  <Value className="java.lang.String">encourages_abortion</Value>
</Feature>
</Annotation>
<Annotation Id="43" Type="gfbf" StartNode="970" EndNode="979">
<Feature>
  <Name className="java.lang.String">agentId</Name>
  <Value className="java.lang.String">implicit</Value>
</Feature>
<Feature>
  <Name className="java.lang.String">objectId</Name>
  <Value className="java.lang.String">44</Value>
</Feature>
<Feature>
  <Name className="java.lang.String">polarity</Name>
  <Value className="java.lang.String">badfor</Value>
</Feature>
</Annotation>
<Annotation Id="40" Type="arg" StartNode="6770" EndNode="6989">
<Feature>
  <Name className="java.lang.String">type</Name>
  <Value className="java.lang.String">label</Value>
</Feature>
<Feature>
  <Name className="java.lang.String">ss-label</Name>
  <Value className="java.lang.String">encourages_abortion</Value>
</Feature>
<Feature>
  <Name className="java.lang.String">polarity</Name>
  <Value className="java.lang.String">negative</Value>
</Feature>
</Annotation>
<Annotation Id="47" Type="gfbf-object" StartNode="2413" EndNode="2466">
<Feature>
  <Name className="java.lang.String">writerAtt</Name>
  <Value className="java.lang.String">negative</Value>
</Feature>
</Annotation>
<Annotation Id="44" Type="gfbf-object" StartNode="922" EndNode="959">
<Feature>
  <Name className="java.lang.String">comment</Name>
  <Value className="java.lang.String">in the range of sb siad...</Value>
</Feature>
<Feature>
  <Name className="java.lang.String">unclear</Name>
  <Value className="java.lang.String">true</Value>
</Feature>
<Feature>
  <Name className="java.lang.String">writerAtt</Name>
  <Value className="java.lang.String">unknown</Value>
</Feature>
</Annotation>
<Annotation Id="45" Type="gfbf" StartNode="2402" EndNode="2412">
<Feature>
  <Name className="java.lang.String">agentId</Name>
  <Value className="java.lang.String">69</Value>
</Feature>
<Feature>
  <Name className="java.lang.String">polarity</Name>
  <Value className="java.lang.String">goodfor</Value>
</Feature>
<Feature>
  <Name className="java.lang.String">objectId</Name>
  <Value className="java.lang.String">47</Value>
</Feature>
</Annotation>
<Annotation Id="51" Type="gfbf-object" StartNode="3300" EndNode="3309">
<Feature>
  <Name className="java.lang.String">writerAtt</Name>
  <Value className="java.lang.String">positive</Value>
</Feature>
</Annotation>
<Annotation Id="50" Type="gfbf" StartNode="3292" EndNode="3299">
<Feature>
  <Name className="java.lang.String">agentId</Name>
  <Value className="java.lang.String">70</Value>
</Feature>
<Feature>
  <Name className="java.lang.String">polarity</Name>
  <Value className="java.lang.String">goodfor</Value>
</Feature>
<Feature>
  <Name className="java.lang.String">objectId</Name>
  <Value className="java.lang.String">51</Value>
</Feature>
</Annotation>
<Annotation Id="49" Type="influencer" StartNode="3287" EndNode="3290">
<Feature>
  <Name className="java.lang.String">effect</Name>
  <Value className="java.lang.String">reverse</Value>
</Feature>
<Feature>
  <Name className="java.lang.String">agentId</Name>
  <Value className="java.lang.String">70</Value>
</Feature>
<Feature>
  <Name className="java.lang.String">objectId</Name>
  <Value className="java.lang.String">50</Value>
</Feature>
</Annotation>
<Annotation Id="48" Type="others" StartNode="3249" EndNode="3256">
<Feature>
  <Name className="java.lang.String">effect</Name>
  <Value className="java.lang.String">reverse</Value>
</Feature>
<Feature>
  <Name className="java.lang.String">unclear</Name>
  <Value className="java.lang.String">true</Value>
</Feature>
</Annotation>
<Annotation Id="55" Type="gfbf-object" StartNode="3365" EndNode="3386">
<Feature>
  <Name className="java.lang.String">writerAtt</Name>
  <Value className="java.lang.String">positive</Value>
</Feature>
</Annotation>
<Annotation Id="54" Type="influencer" StartNode="3357" EndNode="3360">
<Feature>
  <Name className="java.lang.String">effect</Name>
  <Value className="java.lang.String">reverse</Value>
</Feature>
<Feature>
  <Name className="java.lang.String">agentId</Name>
  <Value className="java.lang.String">70</Value>
</Feature>
<Feature>
  <Name className="java.lang.String">objectId</Name>
  <Value className="java.lang.String">66</Value>
</Feature>
</Annotation>
<Annotation Id="53" Type="gfbf-object" StartNode="3329" EndNode="3346">
<Feature>
  <Name className="java.lang.String">writerAtt</Name>
  <Value className="java.lang.String">positive</Value>
</Feature>
</Annotation>
<Annotation Id="52" Type="influencer" StartNode="3321" EndNode="3324">
<Feature>
  <Name className="java.lang.String">effect</Name>
  <Value className="java.lang.String">reverse</Value>
</Feature>
<Feature>
  <Name className="java.lang.String">agentId</Name>
  <Value className="java.lang.String">70</Value>
</Feature>
<Feature>
  <Name className="java.lang.String">objectId</Name>
  <Value className="java.lang.String">65</Value>
</Feature>
</Annotation>
<Annotation Id="59" Type="gfbf" StartNode="6968" EndNode="6975">
<Feature>
  <Name className="java.lang.String">agentId</Name>
  <Value className="java.lang.String">71</Value>
</Feature>
<Feature>
  <Name className="java.lang.String">objectId</Name>
  <Value className="java.lang.String">60</Value>
</Feature>
<Feature>
  <Name className="java.lang.String">polarity</Name>
  <Value className="java.lang.String">badfor</Value>
</Feature>
</Annotation>
<Annotation Id="58" Type="influencer" StartNode="6964" EndNode="6967">
<Feature>
  <Name className="java.lang.String">effect</Name>
  <Value className="java.lang.String">reverse</Value>
</Feature>
<Feature>
  <Name className="java.lang.String">agentId</Name>
  <Value className="java.lang.String">71</Value>
</Feature>
<Feature>
  <Name className="java.lang.String">objectId</Name>
  <Value className="java.lang.String">59</Value>
</Feature>
</Annotation>
<Annotation Id="57" Type="gfbf-object" StartNode="6923" EndNode="6943">
<Feature>
  <Name className="java.lang.String">writerAtt</Name>
  <Value className="java.lang.String">negative</Value>
</Feature>
</Annotation>
<Annotation Id="56" Type="gfbf" StartNode="6915" EndNode="6922">
<Feature>
  <Name className="java.lang.String">agentId</Name>
  <Value className="java.lang.String">71</Value>
</Feature>
<Feature>
  <Name className="java.lang.String">objectId</Name>
  <Value className="java.lang.String">57</Value>
</Feature>
<Feature>
  <Name className="java.lang.String">polarity</Name>
  <Value className="java.lang.String">badfor</Value>
</Feature>
</Annotation>
<Annotation Id="60" Type="gfbf-object" StartNode="6976" EndNode="6989">
<Feature>
  <Name className="java.lang.String">writerAtt</Name>
  <Value className="java.lang.String">negative</Value>
</Feature>
</Annotation>
<Annotation Id="69" Type="gfbf-agent" StartNode="2395" EndNode="2398">
<Feature>
  <Name className="java.lang.String">writerAtt</Name>
  <Value className="java.lang.String">negative</Value>
</Feature>
</Annotation>
<Annotation Id="70" Type="gfbf-agent" StartNode="3273" EndNode="3283">
<Feature>
  <Name className="java.lang.String">writerAtt</Name>
  <Value className="java.lang.String">negative</Value>
</Feature>
</Annotation>
<Annotation Id="71" Type="gfbf-agent" StartNode="6850" EndNode="6905">
<Feature>
  <Name className="java.lang.String">writerAtt</Name>
  <Value className="java.lang.String">negative</Value>
</Feature>
</Annotation>
<Annotation Id="64" Type="others" StartNode="7029" EndNode="7076">
<Feature>
  <Name className="java.lang.String">comment</Name>
  <Value className="java.lang.String">target sb for sth...</Value>
</Feature>
</Annotation>
<Annotation Id="65" Type="gfbf" StartNode="3292" EndNode="3299">
<Feature>
  <Name className="java.lang.String">agentId</Name>
  <Value className="java.lang.String">70</Value>
</Feature>
<Feature>
  <Name className="java.lang.String">objectId</Name>
  <Value className="java.lang.String">53</Value>
</Feature>
<Feature>
  <Name className="java.lang.String">polarity</Name>
  <Value className="java.lang.String">goodfor</Value>
</Feature>
</Annotation>
<Annotation Id="66" Type="gfbf" StartNode="3292" EndNode="3299">
<Feature>
  <Name className="java.lang.String">agentId</Name>
  <Value className="java.lang.String">70</Value>
</Feature>
<Feature>
  <Name className="java.lang.String">objectId</Name>
  <Value className="java.lang.String">55</Value>
</Feature>
<Feature>
  <Name className="java.lang.String">polarity</Name>
  <Value className="java.lang.String">goodfor</Value>
</Feature>
</Annotation>
<Annotation Id="76" Type="influencer" StartNode="6510" EndNode="6520">
<Feature>
  <Name className="java.lang.String">effect</Name>
  <Value className="java.lang.String">retain</Value>
</Feature>
<Feature>
  <Name className="java.lang.String">agentId</Name>
  <Value className="java.lang.String">75</Value>
</Feature>
<Feature>
  <Name className="java.lang.String">objectId</Name>
  <Value className="java.lang.String">80</Value>
</Feature>
</Annotation>
<Annotation Id="78" Type="gfbf" StartNode="6587" EndNode="6598">
<Feature>
  <Name className="java.lang.String">agentId</Name>
  <Value className="java.lang.String">75</Value>
</Feature>
<Feature>
  <Name className="java.lang.String">polarity</Name>
  <Value className="java.lang.String">badfor</Value>
</Feature>
<Feature>
  <Name className="java.lang.String">objectId</Name>
  <Value className="java.lang.String">79</Value>
</Feature>
</Annotation>
<Annotation Id="79" Type="gfbf-object" StartNode="6599" EndNode="6636">
<Feature>
  <Name className="java.lang.String">writerAtt</Name>
  <Value className="java.lang.String">positive</Value>
</Feature>
</Annotation>
<Annotation Id="72" Type="gfbf-agent" StartNode="3655" EndNode="3671">
<Feature>
  <Name className="java.lang.String">writerAtt</Name>
  <Value className="java.lang.String">negative</Value>
</Feature>
</Annotation>
<Annotation Id="73" Type="gfbf" StartNode="3672" EndNode="3681">
<Feature>
  <Name className="java.lang.String">agentId</Name>
  <Value className="java.lang.String">72</Value>
</Feature>
<Feature>
  <Name className="java.lang.String">polarity</Name>
  <Value className="java.lang.String">goodfor</Value>
</Feature>
<Feature>
  <Name className="java.lang.String">objectId</Name>
  <Value className="java.lang.String">74</Value>
</Feature>
</Annotation>
<Annotation Id="74" Type="gfbf-object" StartNode="3682" EndNode="3702">
<Feature>
  <Name className="java.lang.String">writerAtt</Name>
  <Value className="java.lang.String">negative</Value>
</Feature>
</Annotation>
<Annotation Id="75" Type="gfbf-agent" StartNode="6484" EndNode="6500">
<Feature>
  <Name className="java.lang.String">writerAtt</Name>
  <Value className="java.lang.String">negative</Value>
</Feature>
</Annotation>
<Annotation Id="81" Type="gfbf-object" StartNode="6563" EndNode="6576">
<Feature>
  <Name className="java.lang.String">writerAtt</Name>
  <Value className="java.lang.String">positive</Value>
</Feature>
</Annotation>
<Annotation Id="80" Type="gfbf" StartNode="6540" EndNode="6562">
<Feature>
  <Name className="java.lang.String">agentId</Name>
  <Value className="java.lang.String">83</Value>
</Feature>
<Feature>
  <Name className="java.lang.String">polarity</Name>
  <Value className="java.lang.String">badfor</Value>
</Feature>
<Feature>
  <Name className="java.lang.String">objectId</Name>
  <Value className="java.lang.String">81</Value>
</Feature>
</Annotation>
<Annotation Id="83" Type="gfbf-agent" StartNode="6521" EndNode="6537">
<Feature>
  <Name className="java.lang.String">writerAtt</Name>
  <Value className="java.lang.String">negative</Value>
</Feature>
</Annotation>
</AnnotationSet>

<!-- Named annotation set -->

<AnnotationSet Name="Original markups">
<Annotation Id="0" Type="paragraph" StartNode="0" EndNode="60">
</Annotation>
<Annotation Id="1" Type="paragraph" StartNode="62" EndNode="127">
</Annotation>
<Annotation Id="2" Type="paragraph" StartNode="133" EndNode="151">
</Annotation>
<Annotation Id="3" Type="paragraph" StartNode="153" EndNode="163">
</Annotation>
<Annotation Id="4" Type="paragraph" StartNode="170" EndNode="194">
</Annotation>
<Annotation Id="5" Type="paragraph" StartNode="196" EndNode="570">
</Annotation>
<Annotation Id="6" Type="paragraph" StartNode="572" EndNode="1157">
</Annotation>
<Annotation Id="7" Type="paragraph" StartNode="1159" EndNode="1820">
</Annotation>
<Annotation Id="8" Type="paragraph" StartNode="1822" EndNode="2548">
</Annotation>
<Annotation Id="9" Type="paragraph" StartNode="2550" EndNode="2967">
</Annotation>
<Annotation Id="10" Type="paragraph" StartNode="2969" EndNode="3389">
</Annotation>
<Annotation Id="11" Type="paragraph" StartNode="3391" EndNode="3966">
</Annotation>
<Annotation Id="12" Type="paragraph" StartNode="3968" EndNode="4404">
</Annotation>
<Annotation Id="13" Type="paragraph" StartNode="4406" EndNode="5151">
</Annotation>
<Annotation Id="14" Type="paragraph" StartNode="5153" EndNode="5906">
</Annotation>
<Annotation Id="15" Type="paragraph" StartNode="5908" EndNode="6768">
</Annotation>
<Annotation Id="17" Type="paragraph" StartNode="7557" EndNode="7634">
</Annotation>
<Annotation Id="16" Type="paragraph" StartNode="6770" EndNode="7555">
</Annotation>
<Annotation Id="18" Type="paragraph" StartNode="7636" EndNode="8088">
</Annotation>
</AnnotationSet>

</GateDocument>
