<?xml version='1.0' encoding='MacRoman'?>
<GateDocument>
<!-- The document's features-->

<GateDocumentFeatures>
<Feature>
  <Name className="java.lang.String">MimeType</Name>
  <Value className="java.lang.String">text/plain</Value>
</Feature>
<Feature>
  <Name className="java.lang.String">gate.SourceURL</Name>
  <Value className="java.lang.String">file:/E:/Users/conrada/Documents/My%20Dropbox/healthcare_data/training_2/hc059.txt</Value>
</Feature>
<Feature>
  <Name className="java.lang.String">docNewLineType</Name>
  <Value className="java.lang.String">CRLF</Value>
</Feature>
</GateDocumentFeatures>
<!-- The document content area with serialized nodes -->

<TextWithNodes><Node id="0" />AMERIHEALTH BOSS: <Node id="18" />Health-Care Reform<Node id="36" /> Will <Node id="42" />Boost<Node id="47" /> <Node id="48" />The Economy<Node id="59" />&#xd;
September 29, 2011&#xd;
By Jim Tayoun&#xd;
<Node id="96" />&#xd;
<Node id="98" />CEO Michael A. Rashid&#xd;
<Node id="121" />&#xd;
<Node id="123" />AmeriHealth Mercy Family of Companies President and CEO Michael A. Rashid said <Node id="202" />the Affordable Care Act<Node id="225" />, which will <Node id="238" />extend health-insurance coverage for<Node id="274" /> <Node id="275" />Americans<Node id="284" /> and is expected to <Node id="304" />expand<Node id="310" /> <Node id="311" />Medicaid enrollment<Node id="330" />, is also likely to <Node id="350" />create<Node id="356" /> <Node id="357" />jobs<Node id="361" /> as it <Node id="368" />provides an economic stimulus for the country<Node id="413" />.&#xd;
<Node id="416" />&#xd;
<Node id="418" />&#x201c;<Node id="419" />Medicaid expenditures drive <Node id="447" />an important economic engine<Node id="475" /> <Node id="476" />that<Node id="480" /> <Node id="481" />supports<Node id="489" /> <Node id="490" />hospitals, physicians, medical equipment providers, pharmacists and nursing homes<Node id="571" />. <Node id="573" />In part, <Node id="582" />these expenditures<Node id="600" /> have <Node id="606" />contributed to<Node id="620" /> <Node id="621" />employment growth<Node id="638" />,&#x201d; Rashid said<Node id="652" />.&#xd;
<Node id="655" />&#xd;
<Node id="657" />&#x201c;<Node id="658" />The Affordable Care Act also <Node id="687" />provides for significant investments<Node id="723" /> in <Node id="727" />community health centers<Node id="751" />, which have long been an important source of access to <Node id="807" />care for<Node id="815" /> <Node id="816" />the nation&#x2019;s vulnerable populations<Node id="851" />,&#x201d; he said<Node id="861" />. &#x201c;<Node id="864" />Over the next five years, the law provides $11 billion in funding for the operation, expansion and construction of community health centers nationally<Node id="1014" />. <Node id="1016" />These centers <Node id="1030" />provide high-quality jobs<Node id="1055" /> in many of the nation&#x2019;s most economically distressed communities<Node id="1120" />.&#x201d;&#xd;
<Node id="1124" />&#xd;
<Node id="1126" />Rashid made the remarks while speaking on a distinguished health-care panel, &#x201c;The Politics of Race and Health Equity,&#x201d; at the Congressional Black Caucus Foundation&#x2019;s Annual Legislative Conference in Washington<Node id="1335" />.&#xd;
<Node id="1338" />&#xd;
<Node id="1340" />Rashid said that in Pennsylvania, where AmeriHealth Mercy is based, every Medicaid dollar spent generates $2.77 more in economic activity, according to the Commonwealth&#x2019;s Dept of Public Welfare<Node id="1533" />. <Node id="1535" />He also said that in paying for members&#x2019; care, managed care organizations like AmeriHealth Mercy reinvest 93 percent of the $12.2 billion of federal Medicaid funding for Pennsylvania in local communities<Node id="1738" />.&#xd;
<Node id="1741" />&#xd;
<Node id="1743" />He said that while all but one of the state&#x2019;s 67 counties added jobs in the health-care sector in recent years, <Node id="1855" />the benefit of additional Medicaid funding<Node id="1897" /> will <Node id="1903" />extend to<Node id="1912" /> <Node id="1913" />other businesses<Node id="1929" />.&#xd;
<Node id="1932" />&#xd;
<Node id="1934" />&#x201c;<Node id="1935" />Health care reform<Node id="1953" /> is projected to <Node id="1970" />benefit<Node id="1977" /> <Node id="1978" />businesses that mine large databases of clinical and administrative data<Node id="2050" /> to <Node id="2054" />help<Node id="2058" /> <Node id="2059" />providers<Node id="2068" /> do predictive analysis<Node id="2091" />,&#x201d; Rashid said<Node id="2105" />. &#x201c;<Node id="2108" />It<Node id="2110" /> should <Node id="2118" />benefit<Node id="2125" /> <Node id="2126" />IT companies<Node id="2138" /> that can <Node id="2148" />help<Node id="2152" /> <Node id="2153" />states<Node id="2159" /> with streamlined eligibility systems and exchange platforms<Node id="2219" />.&#x201d;&#xd;
<Node id="2223" />&#xd;
<Node id="2225" />Also expected to benefit are businesses owned by minorities and women, Rashid told the audience<Node id="2320" />. <Node id="2322" />State governments typically require Medicaid health plans to have staff represent the racial, ethnic and cultural diversity of the people they serve and to meet commitments to disadvantaged businesses when bidding for business<Node id="2548" />. <Node id="2550" />AmeriHealth Mercy, for example, has invested more than $30 million in women- and minority-owned businesses since 2007, meeting or exceeding its purchasing expenditure target each year<Node id="2733" />.&#xd;
<Node id="2736" />&#xd;
<Node id="2738" />&#x201c;<Node id="2739" />Not only does <Node id="2753" />Medicaid<Node id="2761" /> <Node id="2762" />reduce<Node id="2768" /> <Node id="2769" />health disparities<Node id="2787" />, by virtue of those it serves, but <Node id="2823" />it<Node id="2825" /> also can <Node id="2835" />reduce<Node id="2841" /> <Node id="2842" />economic disparities<Node id="2862" /> <Node id="2863" />for women- and minority-owned businesses<Node id="2903" />,&#x201d; Rashid said<Node id="2917" />.&#xd;
<Node id="2920" /></TextWithNodes>
<!-- The default annotation set -->

<AnnotationSet>
<Annotation Id="11" Type="doc" StartNode="0" EndNode="2920">
<Feature>
  <Name className="java.lang.String">id</Name>
  <Value className="java.lang.String">hc059</Value>
</Feature>
<Feature>
  <Name className="java.lang.String">author</Name>
  <Value className="java.lang.String">jim,tayoun</Value>
</Feature>
<Feature>
  <Name className="java.lang.String">source</Name>
  <Value className="java.lang.String">philadelphia,public,record</Value>
</Feature>
<Feature>
  <Name className="java.lang.String">date</Name>
  <Value className="java.lang.String">20110929</Value>
</Feature>
<Feature>
  <Name className="java.lang.String">side</Name>
  <Value className="java.lang.String">pro</Value>
</Feature>
<Feature>
  <Name className="java.lang.String">url</Name>
  <Value className="java.lang.String">http://www.phillyrecord.com/2011/09/amerihealth-boss-health-care-reform-will-boost-the-economy/</Value>
</Feature>
</Annotation>
<Annotation Id="12" Type="arg" StartNode="0" EndNode="59">
<Feature>
  <Name className="java.lang.String">type</Name>
  <Value className="java.lang.String">label</Value>
</Feature>
<Feature>
  <Name className="java.lang.String">ss-label</Name>
  <Value className="java.lang.String">helps_economy</Value>
</Feature>
<Feature>
  <Name className="java.lang.String">polarity</Name>
  <Value className="java.lang.String">positive</Value>
</Feature>
</Annotation>
<Annotation Id="13" Type="arg" StartNode="123" EndNode="413">
<Feature>
  <Name className="java.lang.String">type</Name>
  <Value className="java.lang.String">label</Value>
</Feature>
<Feature>
  <Name className="java.lang.String">ss-label</Name>
  <Value className="java.lang.String">helps_economy</Value>
</Feature>
<Feature>
  <Name className="java.lang.String">polarity</Name>
  <Value className="java.lang.String">positive</Value>
</Feature>
</Annotation>
<Annotation Id="14" Type="arg" StartNode="658" EndNode="861">
<Feature>
  <Name className="java.lang.String">type</Name>
  <Value className="java.lang.String">label</Value>
</Feature>
<Feature>
  <Name className="java.lang.String">ss-label</Name>
  <Value className="java.lang.String">improves_funding_for_community_health_centers</Value>
</Feature>
<Feature>
  <Name className="java.lang.String">polarity</Name>
  <Value className="java.lang.String">positive</Value>
</Feature>
</Annotation>
<Annotation Id="15" Type="rel" StartNode="419" EndNode="571">
<Feature>
  <Name className="java.lang.String">type</Name>
  <Value className="java.lang.String">label</Value>
</Feature>
<Feature>
  <Name className="java.lang.String">ss-label</Name>
  <Value className="java.lang.String">promotes_jobs</Value>
</Feature>
</Annotation>
<Annotation Id="17" Type="rel" StartNode="1340" EndNode="1533">
<Feature>
  <Name className="java.lang.String">type</Name>
  <Value className="java.lang.String">label</Value>
</Feature>
<Feature>
  <Name className="java.lang.String">ss-label</Name>
  <Value className="java.lang.String">helps_economy</Value>
</Feature>
<Feature>
  <Name className="java.lang.String">polarity</Name>
  <Value className="java.lang.String">positive</Value>
</Feature>
</Annotation>
<Annotation Id="16" Type="rel" StartNode="864" EndNode="1014">
<Feature>
  <Name className="java.lang.String">type</Name>
  <Value className="java.lang.String">label</Value>
</Feature>
<Feature>
  <Name className="java.lang.String">ss-label</Name>
  <Value className="java.lang.String">improves_funding_for_community_health_centers</Value>
</Feature>
<Feature>
  <Name className="java.lang.String">polarity</Name>
  <Value className="java.lang.String">positive</Value>
</Feature>
</Annotation>
<Annotation Id="19" Type="arg" StartNode="1935" EndNode="2105">
<Feature>
  <Name className="java.lang.String">type</Name>
  <Value className="java.lang.String">label</Value>
</Feature>
<Feature>
  <Name className="java.lang.String">ss-label</Name>
  <Value className="java.lang.String">helps_economy</Value>
</Feature>
<Feature>
  <Name className="java.lang.String">polarity</Name>
  <Value className="java.lang.String">positive</Value>
</Feature>
</Annotation>
<Annotation Id="18" Type="arg" StartNode="1743" EndNode="1929">
<Feature>
  <Name className="java.lang.String">type</Name>
  <Value className="java.lang.String">label</Value>
</Feature>
<Feature>
  <Name className="java.lang.String">ss-label</Name>
  <Value className="java.lang.String">helps_economy</Value>
</Feature>
<Feature>
  <Name className="java.lang.String">polarity</Name>
  <Value className="java.lang.String">positive</Value>
</Feature>
</Annotation>
<Annotation Id="21" Type="arg" StartNode="2739" EndNode="2917">
<Feature>
  <Name className="java.lang.String">type</Name>
  <Value className="java.lang.String">label</Value>
</Feature>
<Feature>
  <Name className="java.lang.String">ss-label</Name>
  <Value className="java.lang.String">helps_marginalized_groups</Value>
</Feature>
<Feature>
  <Name className="java.lang.String">polarity</Name>
  <Value className="java.lang.String">positive</Value>
</Feature>
</Annotation>
<Annotation Id="20" Type="arg" StartNode="2225" EndNode="2320">
<Feature>
  <Name className="java.lang.String">unclear</Name>
  <Value className="java.lang.String">true</Value>
</Feature>
<Feature>
  <Name className="java.lang.String">ss-label</Name>
  <Value className="java.lang.String">helps_marginalized_groups</Value>
</Feature>
<Feature>
  <Name className="java.lang.String">type</Name>
  <Value className="java.lang.String">label</Value>
</Feature>
<Feature>
  <Name className="java.lang.String">polarity</Name>
  <Value className="java.lang.String">positive</Value>
</Feature>
</Annotation>
<Annotation Id="23" Type="rel" StartNode="1126" EndNode="1335">
<Feature>
  <Name className="java.lang.String">type</Name>
  <Value className="java.lang.String">label</Value>
</Feature>
<Feature>
  <Name className="java.lang.String">ss-label</Name>
  <Value className="java.lang.String">helps_marginalized_groups</Value>
</Feature>
<Feature>
  <Name className="java.lang.String">polarity</Name>
  <Value className="java.lang.String">positive</Value>
</Feature>
</Annotation>
<Annotation Id="22" Type="arg" StartNode="1016" EndNode="1120">
<Feature>
  <Name className="java.lang.String">ss-label</Name>
  <Value className="java.lang.String">promotes_jobs</Value>
</Feature>
<Feature>
  <Name className="java.lang.String">unclear</Name>
  <Value className="java.lang.String">true</Value>
</Feature>
<Feature>
  <Name className="java.lang.String">type</Name>
  <Value className="java.lang.String">label</Value>
</Feature>
<Feature>
  <Name className="java.lang.String">polarity</Name>
  <Value className="java.lang.String">positive</Value>
</Feature>
</Annotation>
<Annotation Id="25" Type="arg" StartNode="573" EndNode="652">
<Feature>
  <Name className="java.lang.String">ss-label</Name>
  <Value className="java.lang.String">promotes_jobs</Value>
</Feature>
<Feature>
  <Name className="java.lang.String">unclear</Name>
  <Value className="java.lang.String">true</Value>
</Feature>
<Feature>
  <Name className="java.lang.String">type</Name>
  <Value className="java.lang.String">label</Value>
</Feature>
<Feature>
  <Name className="java.lang.String">polarity</Name>
  <Value className="java.lang.String">positive</Value>
</Feature>
<Feature>
  <Name className="java.lang.String">incomplete</Name>
  <Value className="java.lang.String">true</Value>
</Feature>
</Annotation>
<Annotation Id="24" Type="rel" StartNode="2550" EndNode="2733">
<Feature>
  <Name className="java.lang.String">type</Name>
  <Value className="java.lang.String">label</Value>
</Feature>
<Feature>
  <Name className="java.lang.String">ss-label</Name>
  <Value className="java.lang.String">helps_marginalized_groups</Value>
</Feature>
<Feature>
  <Name className="java.lang.String">unclear</Name>
  <Value className="java.lang.String">true</Value>
</Feature>
</Annotation>
<Annotation Id="27" Type="rel" StartNode="2322" EndNode="2548">
<Feature>
  <Name className="java.lang.String">type</Name>
  <Value className="java.lang.String">label</Value>
</Feature>
<Feature>
  <Name className="java.lang.String">ss-label</Name>
  <Value className="java.lang.String">helps_marginalized_groups</Value>
</Feature>
</Annotation>
<Annotation Id="26" Type="rel" StartNode="1535" EndNode="1738">
<Feature>
  <Name className="java.lang.String">type</Name>
  <Value className="java.lang.String">label</Value>
</Feature>
<Feature>
  <Name className="java.lang.String">ss-label</Name>
  <Value className="java.lang.String">helps_economy</Value>
</Feature>
</Annotation>
<Annotation Id="29" Type="gfbf" StartNode="42" EndNode="47">
<Feature>
  <Name className="java.lang.String">agentId</Name>
  <Value className="java.lang.String">64</Value>
</Feature>
<Feature>
  <Name className="java.lang.String">polarity</Name>
  <Value className="java.lang.String">goodfor</Value>
</Feature>
<Feature>
  <Name className="java.lang.String">objectId</Name>
  <Value className="java.lang.String">30</Value>
</Feature>
</Annotation>
<Annotation Id="28" Type="arg" StartNode="2108" EndNode="2219">
<Feature>
  <Name className="java.lang.String">type</Name>
  <Value className="java.lang.String">label</Value>
</Feature>
<Feature>
  <Name className="java.lang.String">ss-label</Name>
  <Value className="java.lang.String">helps_economy</Value>
</Feature>
<Feature>
  <Name className="java.lang.String">polarity</Name>
  <Value className="java.lang.String">positive</Value>
</Feature>
</Annotation>
<Annotation Id="30" Type="gfbf-object" StartNode="48" EndNode="59">
<Feature>
  <Name className="java.lang.String">writerAtt</Name>
  <Value className="java.lang.String">positive</Value>
</Feature>
</Annotation>
<Annotation Id="34" Type="gfbf-object" StartNode="311" EndNode="330">
<Feature>
  <Name className="java.lang.String">comment</Name>
  <Value className="java.lang.String">in the range of sb siad...</Value>
</Feature>
<Feature>
  <Name className="java.lang.String">unclear</Name>
  <Value className="java.lang.String">true</Value>
</Feature>
<Feature>
  <Name className="java.lang.String">writerAtt</Name>
  <Value className="java.lang.String">positive</Value>
</Feature>
</Annotation>
<Annotation Id="35" Type="gfbf" StartNode="350" EndNode="356">
<Feature>
  <Name className="java.lang.String">agentId</Name>
  <Value className="java.lang.String">66</Value>
</Feature>
<Feature>
  <Name className="java.lang.String">polarity</Name>
  <Value className="java.lang.String">goodfor</Value>
</Feature>
<Feature>
  <Name className="java.lang.String">objectId</Name>
  <Value className="java.lang.String">61</Value>
</Feature>
</Annotation>
<Annotation Id="32" Type="gfbf-object" StartNode="275" EndNode="284">
<Feature>
  <Name className="java.lang.String">unclear</Name>
  <Value className="java.lang.String">true</Value>
</Feature>
<Feature>
  <Name className="java.lang.String">writerAtt</Name>
  <Value className="java.lang.String">positive</Value>
</Feature>
<Feature>
  <Name className="java.lang.String">comment</Name>
  <Value className="java.lang.String">in the range of sb siad...</Value>
</Feature>
<Feature>
  <Name className="java.lang.String">polarity</Name>
  <Value className="java.lang.String"></Value>
</Feature>
</Annotation>
<Annotation Id="33" Type="gfbf" StartNode="304" EndNode="310">
<Feature>
  <Name className="java.lang.String">agentId</Name>
  <Value className="java.lang.String">66</Value>
</Feature>
<Feature>
  <Name className="java.lang.String">polarity</Name>
  <Value className="java.lang.String">goodfor</Value>
</Feature>
<Feature>
  <Name className="java.lang.String">objectId</Name>
  <Value className="java.lang.String">34</Value>
</Feature>
</Annotation>
<Annotation Id="38" Type="gfbf-object" StartNode="621" EndNode="638">
<Feature>
  <Name className="java.lang.String">comment</Name>
  <Value className="java.lang.String">in the rage of sb said....</Value>
</Feature>
<Feature>
  <Name className="java.lang.String">unclear</Name>
  <Value className="java.lang.String">true</Value>
</Feature>
<Feature>
  <Name className="java.lang.String">writerAtt</Name>
  <Value className="java.lang.String">positive</Value>
</Feature>
</Annotation>
<Annotation Id="39" Type="others" StartNode="687" EndNode="723">
<Feature>
  <Name className="java.lang.String">comment</Name>
  <Value className="java.lang.String">procide for</Value>
</Feature>
</Annotation>
<Annotation Id="36" Type="others" StartNode="368" EndNode="413">
<Feature>
  <Name className="java.lang.String">comment</Name>
  <Value className="java.lang.String">provide</Value>
</Feature>
</Annotation>
<Annotation Id="37" Type="gfbf" StartNode="606" EndNode="620">
<Feature>
  <Name className="java.lang.String">agentId</Name>
  <Value className="java.lang.String">67</Value>
</Feature>
<Feature>
  <Name className="java.lang.String">polarity</Name>
  <Value className="java.lang.String">goodfor</Value>
</Feature>
<Feature>
  <Name className="java.lang.String">objectId</Name>
  <Value className="java.lang.String">38</Value>
</Feature>
</Annotation>
<Annotation Id="42" Type="others" StartNode="1030" EndNode="1055">
<Feature>
  <Name className="java.lang.String">comment</Name>
  <Value className="java.lang.String">provide</Value>
</Feature>
</Annotation>
<Annotation Id="43" Type="gfbf" StartNode="1903" EndNode="1912">
<Feature>
  <Name className="java.lang.String">agentId</Name>
  <Value className="java.lang.String">70</Value>
</Feature>
<Feature>
  <Name className="java.lang.String">polarity</Name>
  <Value className="java.lang.String">goodfor</Value>
</Feature>
<Feature>
  <Name className="java.lang.String">objectId</Name>
  <Value className="java.lang.String">44</Value>
</Feature>
</Annotation>
<Annotation Id="40" Type="gfbf" StartNode="807" EndNode="815">
<Feature>
  <Name className="java.lang.String">agentId</Name>
  <Value className="java.lang.String">69</Value>
</Feature>
<Feature>
  <Name className="java.lang.String">polarity</Name>
  <Value className="java.lang.String">goodfor</Value>
</Feature>
<Feature>
  <Name className="java.lang.String">objectId</Name>
  <Value className="java.lang.String">41</Value>
</Feature>
</Annotation>
<Annotation Id="41" Type="gfbf-object" StartNode="816" EndNode="851">
<Feature>
  <Name className="java.lang.String">comment</Name>
  <Value className="java.lang.String">in the range of sb siad...</Value>
</Feature>
<Feature>
  <Name className="java.lang.String">unclear</Name>
  <Value className="java.lang.String">true</Value>
</Feature>
<Feature>
  <Name className="java.lang.String">writerAtt</Name>
  <Value className="java.lang.String">positive</Value>
</Feature>
</Annotation>
<Annotation Id="46" Type="gfbf-object" StartNode="1978" EndNode="2091">
<Feature>
  <Name className="java.lang.String">comment</Name>
  <Value className="java.lang.String">in the range of sb siad...</Value>
</Feature>
<Feature>
  <Name className="java.lang.String">unclear</Name>
  <Value className="java.lang.String">true</Value>
</Feature>
<Feature>
  <Name className="java.lang.String">writerAtt</Name>
  <Value className="java.lang.String">positive</Value>
</Feature>
</Annotation>
<Annotation Id="47" Type="gfbf" StartNode="2054" EndNode="2058">
<Feature>
  <Name className="java.lang.String">agentId</Name>
  <Value className="java.lang.String">72</Value>
</Feature>
<Feature>
  <Name className="java.lang.String">objectId</Name>
  <Value className="java.lang.String">48</Value>
</Feature>
<Feature>
  <Name className="java.lang.String">polarity</Name>
  <Value className="java.lang.String">goodfor</Value>
</Feature>
</Annotation>
<Annotation Id="44" Type="gfbf-object" StartNode="1913" EndNode="1929">
<Feature>
  <Name className="java.lang.String">comment</Name>
  <Value className="java.lang.String">in the range of sb siad...</Value>
</Feature>
<Feature>
  <Name className="java.lang.String">unclear</Name>
  <Value className="java.lang.String">true</Value>
</Feature>
<Feature>
  <Name className="java.lang.String">writerAtt</Name>
  <Value className="java.lang.String">positive</Value>
</Feature>
</Annotation>
<Annotation Id="45" Type="gfbf" StartNode="1970" EndNode="1977">
<Feature>
  <Name className="java.lang.String">agentId</Name>
  <Value className="java.lang.String">71</Value>
</Feature>
<Feature>
  <Name className="java.lang.String">polarity</Name>
  <Value className="java.lang.String">goodfor</Value>
</Feature>
<Feature>
  <Name className="java.lang.String">objectId</Name>
  <Value className="java.lang.String">46</Value>
</Feature>
</Annotation>
<Annotation Id="51" Type="gfbf" StartNode="2148" EndNode="2152">
<Feature>
  <Name className="java.lang.String">agentId</Name>
  <Value className="java.lang.String">74</Value>
</Feature>
<Feature>
  <Name className="java.lang.String">polarity</Name>
  <Value className="java.lang.String">goodfor</Value>
</Feature>
<Feature>
  <Name className="java.lang.String">objectId</Name>
  <Value className="java.lang.String">52</Value>
</Feature>
</Annotation>
<Annotation Id="50" Type="gfbf-object" StartNode="2126" EndNode="2219">
<Feature>
  <Name className="java.lang.String">comment</Name>
  <Value className="java.lang.String">in the range of sb siad...</Value>
</Feature>
<Feature>
  <Name className="java.lang.String">unclear</Name>
  <Value className="java.lang.String">true</Value>
</Feature>
<Feature>
  <Name className="java.lang.String">writerAtt</Name>
  <Value className="java.lang.String">positive</Value>
</Feature>
</Annotation>
<Annotation Id="49" Type="gfbf" StartNode="2118" EndNode="2125">
<Feature>
  <Name className="java.lang.String">agentId</Name>
  <Value className="java.lang.String">73</Value>
</Feature>
<Feature>
  <Name className="java.lang.String">polarity</Name>
  <Value className="java.lang.String">goodfor</Value>
</Feature>
<Feature>
  <Name className="java.lang.String">objectId</Name>
  <Value className="java.lang.String">50</Value>
</Feature>
</Annotation>
<Annotation Id="48" Type="gfbf-object" StartNode="2059" EndNode="2068">
<Feature>
  <Name className="java.lang.String">comment</Name>
  <Value className="java.lang.String">in the range of sb siad...</Value>
</Feature>
<Feature>
  <Name className="java.lang.String">unclear</Name>
  <Value className="java.lang.String">true</Value>
</Feature>
<Feature>
  <Name className="java.lang.String">writerAtt</Name>
  <Value className="java.lang.String">positive</Value>
</Feature>
</Annotation>
<Annotation Id="54" Type="gfbf-object" StartNode="2769" EndNode="2787">
<Feature>
  <Name className="java.lang.String">comment</Name>
  <Value className="java.lang.String">in the range of sb siad...</Value>
</Feature>
<Feature>
  <Name className="java.lang.String">unclear</Name>
  <Value className="java.lang.String">true</Value>
</Feature>
<Feature>
  <Name className="java.lang.String">writerAtt</Name>
  <Value className="java.lang.String">negative</Value>
</Feature>
</Annotation>
<Annotation Id="53" Type="gfbf" StartNode="2762" EndNode="2768">
<Feature>
  <Name className="java.lang.String">agentId</Name>
  <Value className="java.lang.String">75</Value>
</Feature>
<Feature>
  <Name className="java.lang.String">polarity</Name>
  <Value className="java.lang.String">badfor</Value>
</Feature>
<Feature>
  <Name className="java.lang.String">objectId</Name>
  <Value className="java.lang.String">54</Value>
</Feature>
</Annotation>
<Annotation Id="52" Type="gfbf-object" StartNode="2153" EndNode="2159">
<Feature>
  <Name className="java.lang.String">comment</Name>
  <Value className="java.lang.String">in the range of sb siad...</Value>
</Feature>
<Feature>
  <Name className="java.lang.String">unclear</Name>
  <Value className="java.lang.String">true</Value>
</Feature>
<Feature>
  <Name className="java.lang.String">writerAtt</Name>
  <Value className="java.lang.String">positive</Value>
</Feature>
</Annotation>
<Annotation Id="59" Type="gfbf" StartNode="2835" EndNode="2841">
<Feature>
  <Name className="java.lang.String">agentId</Name>
  <Value className="java.lang.String">76</Value>
</Feature>
<Feature>
  <Name className="java.lang.String">polarity</Name>
  <Value className="java.lang.String">badfor</Value>
</Feature>
<Feature>
  <Name className="java.lang.String">objectId</Name>
  <Value className="java.lang.String">58</Value>
</Feature>
</Annotation>
<Annotation Id="58" Type="gfbf-object" StartNode="2842" EndNode="2862">
<Feature>
  <Name className="java.lang.String">writerAtt</Name>
  <Value className="java.lang.String">negative</Value>
</Feature>
</Annotation>
<Annotation Id="63" Type="gfbf" StartNode="2835" EndNode="2841">
<Feature>
  <Name className="java.lang.String">agentId</Name>
  <Value className="java.lang.String">76</Value>
</Feature>
<Feature>
  <Name className="java.lang.String">objectId</Name>
  <Value className="java.lang.String">60</Value>
</Feature>
<Feature>
  <Name className="java.lang.String">comment</Name>
  <Value className="java.lang.String">reduce for</Value>
</Feature>
<Feature>
  <Name className="java.lang.String">polarity</Name>
  <Value className="java.lang.String">goodfor</Value>
</Feature>
</Annotation>
<Annotation Id="62" Type="others" StartNode="368" EndNode="413">
<Feature>
  <Name className="java.lang.String">comment</Name>
  <Value className="java.lang.String">provide sth for sb.</Value>
</Feature>
</Annotation>
<Annotation Id="61" Type="gfbf-object" StartNode="357" EndNode="361">
<Feature>
  <Name className="java.lang.String">writerAtt</Name>
  <Value className="java.lang.String">positive</Value>
</Feature>
</Annotation>
<Annotation Id="60" Type="gfbf-object" StartNode="2863" EndNode="2903">
<Feature>
  <Name className="java.lang.String">comment</Name>
  <Value className="java.lang.String">in the range of sb siad...</Value>
</Feature>
<Feature>
  <Name className="java.lang.String">unclear</Name>
  <Value className="java.lang.String">true</Value>
</Feature>
<Feature>
  <Name className="java.lang.String">writerAtt</Name>
  <Value className="java.lang.String">positive</Value>
</Feature>
</Annotation>
<Annotation Id="69" Type="gfbf-agent" StartNode="727" EndNode="751">
<Feature>
  <Name className="java.lang.String">writerAtt</Name>
  <Value className="java.lang.String">positive</Value>
</Feature>
</Annotation>
<Annotation Id="70" Type="gfbf-agent" StartNode="1855" EndNode="1897">
<Feature>
  <Name className="java.lang.String">writerAtt</Name>
  <Value className="java.lang.String">positive</Value>
</Feature>
</Annotation>
<Annotation Id="71" Type="gfbf-agent" StartNode="1935" EndNode="1953">
<Feature>
  <Name className="java.lang.String">writerAtt</Name>
  <Value className="java.lang.String">positive</Value>
</Feature>
</Annotation>
<Annotation Id="64" Type="gfbf-agent" StartNode="18" EndNode="36">
<Feature>
  <Name className="java.lang.String">writerAtt</Name>
  <Value className="java.lang.String">positive</Value>
</Feature>
</Annotation>
<Annotation Id="65" Type="gfbf" StartNode="238" EndNode="274">
<Feature>
  <Name className="java.lang.String">agentId</Name>
  <Value className="java.lang.String">66</Value>
</Feature>
<Feature>
  <Name className="java.lang.String">objectId</Name>
  <Value className="java.lang.String">32</Value>
</Feature>
<Feature>
  <Name className="java.lang.String">comment</Name>
  <Value className="java.lang.String">extend for</Value>
</Feature>
<Feature>
  <Name className="java.lang.String">polarity</Name>
  <Value className="java.lang.String">goodfor</Value>
</Feature>
</Annotation>
<Annotation Id="66" Type="gfbf-agent" StartNode="202" EndNode="225">
<Feature>
  <Name className="java.lang.String">writerAtt</Name>
  <Value className="java.lang.String">positive</Value>
</Feature>
</Annotation>
<Annotation Id="67" Type="gfbf-agent" StartNode="582" EndNode="600">
<Feature>
  <Name className="java.lang.String">writerAtt</Name>
  <Value className="java.lang.String">positive</Value>
</Feature>
</Annotation>
<Annotation Id="76" Type="gfbf-agent" StartNode="2823" EndNode="2825">
<Feature>
  <Name className="java.lang.String">referentId</Name>
  <Value className="java.lang.String">78</Value>
</Feature>
<Feature>
  <Name className="java.lang.String">reference</Name>
  <Value className="java.lang.String">true</Value>
</Feature>
<Feature>
  <Name className="java.lang.String">writerAtt</Name>
  <Value className="java.lang.String">positive</Value>
</Feature>
</Annotation>
<Annotation Id="77" Type="referent" StartNode="1935" EndNode="1953">
<Feature>
  <Name className="java.lang.String">writerAtt</Name>
  <Value className="java.lang.String">positive</Value>
</Feature>
</Annotation>
<Annotation Id="78" Type="referent" StartNode="2753" EndNode="2761">
<Feature>
  <Name className="java.lang.String">writerAtt</Name>
  <Value className="java.lang.String">positive</Value>
</Feature>
</Annotation>
<Annotation Id="79" Type="gfbf" StartNode="481" EndNode="489">
<Feature>
  <Name className="java.lang.String">agentId</Name>
  <Value className="java.lang.String">81</Value>
</Feature>
<Feature>
  <Name className="java.lang.String">objectId</Name>
  <Value className="java.lang.String">80</Value>
</Feature>
<Feature>
  <Name className="java.lang.String">polarity</Name>
  <Value className="java.lang.String">goodfor</Value>
</Feature>
</Annotation>
<Annotation Id="72" Type="gfbf-agent" StartNode="1978" EndNode="2050">
<Feature>
  <Name className="java.lang.String">writerAtt</Name>
  <Value className="java.lang.String">positive</Value>
</Feature>
</Annotation>
<Annotation Id="73" Type="gfbf-agent" StartNode="2108" EndNode="2110">
<Feature>
  <Name className="java.lang.String">referentId</Name>
  <Value className="java.lang.String">77</Value>
</Feature>
<Feature>
  <Name className="java.lang.String">reference</Name>
  <Value className="java.lang.String">true</Value>
</Feature>
<Feature>
  <Name className="java.lang.String">writerAtt</Name>
  <Value className="java.lang.String">positive</Value>
</Feature>
</Annotation>
<Annotation Id="74" Type="gfbf-agent" StartNode="2126" EndNode="2138">
<Feature>
  <Name className="java.lang.String">writerAtt</Name>
  <Value className="java.lang.String">positive</Value>
</Feature>
</Annotation>
<Annotation Id="75" Type="gfbf-agent" StartNode="2753" EndNode="2761">
<Feature>
  <Name className="java.lang.String">writerAtt</Name>
  <Value className="java.lang.String">positive</Value>
</Feature>
</Annotation>
<Annotation Id="81" Type="gfbf-agent" StartNode="476" EndNode="480">
<Feature>
  <Name className="java.lang.String">referentId</Name>
  <Value className="java.lang.String">82</Value>
</Feature>
<Feature>
  <Name className="java.lang.String">reference</Name>
  <Value className="java.lang.String">true</Value>
</Feature>
<Feature>
  <Name className="java.lang.String">writerAtt</Name>
  <Value className="java.lang.String">positive</Value>
</Feature>
</Annotation>
<Annotation Id="80" Type="gfbf-object" StartNode="490" EndNode="571">
<Feature>
  <Name className="java.lang.String">writerAtt</Name>
  <Value className="java.lang.String">positive</Value>
</Feature>
</Annotation>
<Annotation Id="82" Type="referent" StartNode="447" EndNode="475">
<Feature>
  <Name className="java.lang.String">writerAtt</Name>
  <Value className="java.lang.String">positive</Value>
</Feature>
</Annotation>
</AnnotationSet>

<!-- Named annotation set -->

<AnnotationSet Name="Original markups">
<Annotation Id="0" Type="paragraph" StartNode="0" EndNode="96">
</Annotation>
<Annotation Id="1" Type="paragraph" StartNode="98" EndNode="121">
</Annotation>
<Annotation Id="2" Type="paragraph" StartNode="123" EndNode="416">
</Annotation>
<Annotation Id="3" Type="paragraph" StartNode="418" EndNode="655">
</Annotation>
<Annotation Id="4" Type="paragraph" StartNode="657" EndNode="1124">
</Annotation>
<Annotation Id="5" Type="paragraph" StartNode="1126" EndNode="1338">
</Annotation>
<Annotation Id="6" Type="paragraph" StartNode="1340" EndNode="1741">
</Annotation>
<Annotation Id="7" Type="paragraph" StartNode="1743" EndNode="1932">
</Annotation>
<Annotation Id="8" Type="paragraph" StartNode="1934" EndNode="2223">
</Annotation>
<Annotation Id="9" Type="paragraph" StartNode="2225" EndNode="2736">
</Annotation>
<Annotation Id="10" Type="paragraph" StartNode="2738" EndNode="2920">
</Annotation>
</AnnotationSet>

</GateDocument>
