<?xml version='1.0' encoding='MacRoman'?>
<GateDocument>
<!-- The document's features-->

<GateDocumentFeatures>
<Feature>
  <Name className="java.lang.String">gate.SourceURL</Name>
  <Value className="java.lang.String">file:/E:/Users/conrada/Documents/My%20Dropbox/healthcare_data/training_2/hc050.txt</Value>
</Feature>
<Feature>
  <Name className="java.lang.String">MimeType</Name>
  <Value className="java.lang.String">text/plain</Value>
</Feature>
<Feature>
  <Name className="java.lang.String">docNewLineType</Name>
  <Value className="java.lang.String">CRLF</Value>
</Feature>
</GateDocumentFeatures>
<!-- The document content area with serialized nodes -->

<TextWithNodes><Node id="0" />Obamacare Abominations<Node id="22" />&#xd;
<Node id="24" />&#xd;
    <Node id="30" />John Stossel&#xd;
    John Stossel&#xd;
     &#xd;
<Node id="69" />&#xd;
<Node id="71" />Dec 21, 2011&#xd;
<Node id="85" />&#xd;
<Node id="87" />President Obama says his health care "reform" will be good for business<Node id="158" />.&#xd;
<Node id="161" />&#xd;
<Node id="163" />Business has learned the truth<Node id="193" />.&#xd;
<Node id="196" />&#xd;
<Node id="198" />Three successful businessmen explained to me how Obamacare is a reason that unemployment stays high<Node id="297" />. <Node id="299" />Its length and complexity make businessmen wary of expanding<Node id="359" />.&#xd;
<Node id="362" />&#xd;
<Node id="364" />Mike Whalen, CEO of Heart of America Group, which runs hotels and restaurants, said that when he asked his company's health insurance experts to summarize the impact of Obamacare, "the three of them kind of looked at each other and said, 'We've gone to seminar after seminar, and, Mike, we can't tell you<Node id="668" />.' <Node id="671" />I think that just kind of sums up the uncertainty<Node id="720" />."&#xd;
<Node id="724" />&#xd;
<Node id="726" />Brad Anderson, CEO of Best Buy, added that Obamacare makes it impossible to achieve even basic certainty about future personnel costs<Node id="859" />:&#xd;
<Node id="862" />&#xd;
<Node id="864" />"<Node id="865" />If I was trying to get you to fund a new business I had started and you asked me what my payroll was going to be three years from now per employee, if I went to the deepest specialist in the industry, he can't tell me what it's actually going to cost, let alone what I'm going to be responsible for<Node id="1163" />."&#xd;
<Node id="1167" />&#xd;
<Node id="1169" />You would think a piece of legislation more than a thousand pages long would at least be clear about the specifics<Node id="1283" />. <Node id="1285" />But a lot of those pages say: "The secretary will determine<Node id="1344" /> ..." <Node id="1350" />That means the secretary of health and human services will announce the rules sometime in the future<Node id="1450" />. <Node id="1452" />How can a business make plans in such a fog?<Node id="1496" />&#xd;
<Node id="1498" />&#xd;
<Node id="1500" />John Allison, former CEO of BB&amp;T, the 12th biggest bank in America, pointed out how <Node id="1584" />Obamacare<Node id="1593" /> <Node id="1594" />encourages<Node id="1604" /> <Node id="1605" />employers<Node id="1614" /> <Node id="1615" />not<Node id="1618" /> to <Node id="1622" />insure<Node id="1628" /> <Node id="1629" />their employees<Node id="1644" />. <Node id="1646" />Under the law, an employer would be fined for that<Node id="1696" />. <Node id="1698" />But the penalty at present -- about $2,000 -- is lower than the cost of a policy.<Node id="1779" />&#xd;
<Node id="1781" />&#xd;
<Node id="1783" />"<Node id="1784" />What that means is in theory every company ought to dump their plan on the government plan and pay the penalty," he said<Node id="1904" />. "<Node id="1907" />So you don't really know what the cost is because it's designed to fail<Node id="1978" />."&#xd;
<Node id="1982" />&#xd;
<Node id="1984" />Of course, then every employee would turn to the government-subsidized health insurance<Node id="2071" />. <Node id="2073" />Maybe that was the central planners' intention all along<Node id="2129" />.&#xd;
<Node id="2132" />&#xd;
<Node id="2134" />An owner of 12 IHOPS<Node id="2154" /> told me that <Node id="2168" />he<Node id="2170" /> <Node id="2171" />can't<Node id="2176" /> <Node id="2177" />expand<Node id="2183" /> <Node id="2184" />his business<Node id="2196" /> because he can't afford the burden of Obamacare<Node id="2244" />. <Node id="2246" />Many of his waitresses work part time or change jobs every few months<Node id="2315" />. <Node id="2317" />He hadn't been insuring them, but Obamacare requires him to<Node id="2376" />. <Node id="2378" />He says he can't make money paying a $2,000 penalty for every waitress, so he's cancelled his plans to expand<Node id="2487" />. <Node id="2489" />It's one more reason why job growth hasn't picked up post-recession<Node id="2556" />.&#xd;
<Node id="2559" />&#xd;
<Node id="2561" />Of course, we were told that government health care would increase hiring. After all, European companies don't have to pay for their employees' health insurance. <Node id="2723" />If every American employer paid the $2,000 penalty and their workers turned to government for insurance, American companies would be better able to compete with European ones<Node id="2897" />. They might save $10,000 per employee.&#xd;
<Node id="2938" />&#xd;
<Node id="2940" />That sounded good, but like <Node id="2968" />so many politicians' promises<Node id="2997" />, <Node id="2999" />it<Node id="3001" /> <Node id="3002" />leaves out<Node id="3012" /> <Node id="3013" />the hidden costs<Node id="3029" />. <Node id="3031" />When countries move to a government-funded system, taxes rise to crushing levels, as they have in Europe.<Node id="3136" />&#xd;
<Node id="3138" />&#xd;
<Node id="3140" />Whalen sees Obamacare as a crossing of the Rubicon<Node id="3190" />.&#xd;
<Node id="3193" />&#xd;
<Node id="3195" />"<Node id="3196" />We've had an agreement in this country, kind of unwritten, for the last 50 years, that we would spend about 18 to 19 percent of GDP (gross domestic product) on the federal government<Node id="3378" />. <Node id="3380" />This is a tipping point<Node id="3403" />. <Node id="3405" />This takes us to 25 to 30 percent<Node id="3438" />. <Node id="3440" />And that money comes out of the private sector<Node id="3486" />. <Node id="3488" />That means fewer jobs<Node id="3509" />. <Node id="3511" />This is a game-changer<Node id="3533" />."&#xd;
<Node id="3537" />&#xd;
<Node id="3539" />He means it's a game-changer because of the cost<Node id="3587" />. <Node id="3589" />But the law's impenetrable complication does almost as much damage<Node id="3655" />. <Node id="3657" />Robert Higgs of the Independent Institute is right: If you wonder why <Node id="3727" />businesspeople<Node id="3741" /> are <Node id="3746" />not<Node id="3749" /> investing and <Node id="3764" />reviving<Node id="3772" /> <Node id="3773" />the economy<Node id="3784" />, the answer lies in all the question marks that Obamacare and other new regulations confront them with<Node id="3887" />. <Node id="3889" />Higgs calls this "regime uncertainty<Node id="3925" />." <Node id="3928" />It's also what prolonged the Great Depression<Node id="3973" />.&#xd;
<Node id="3976" />&#xd;
<Node id="3978" />No one who understands the nature of government as the wielder of force -- as opposed to the peaceful persuasion of the free market -- is surprised by this<Node id="4133" />.&#xd;
Tags: Health Care , Small Business , Individual Mandate , Obamacare&#xd;
John Stossel&#xd;
John Stossel&#xd;
John Stossel is host of "Stossel" on the Fox Business Network. He's the author of "Give Me a Break" and of "Myth, Lies, and Downright Stupidity." To find out more about John Stossel, visit his site at johnstossel.com.&#xd;
<Node id="4452" />&#xd;
<Node id="4454" />&#xfffd;Creators Syndicate <Node id="4474" /></TextWithNodes>
<!-- The default annotation set -->

<AnnotationSet>
<Annotation Id="21" Type="doc" StartNode="0" EndNode="4474">
<Feature>
  <Name className="java.lang.String">id</Name>
  <Value className="java.lang.String">hc050</Value>
</Feature>
<Feature>
  <Name className="java.lang.String">author</Name>
  <Value className="java.lang.String">john,stossel</Value>
</Feature>
<Feature>
  <Name className="java.lang.String">date</Name>
  <Value className="java.lang.String">20111221</Value>
</Feature>
<Feature>
  <Name className="java.lang.String">source</Name>
  <Value className="java.lang.String">townhall</Value>
</Feature>
<Feature>
  <Name className="java.lang.String">side</Name>
  <Value className="java.lang.String">anti</Value>
</Feature>
<Feature>
  <Name className="java.lang.String">url</Name>
  <Value className="java.lang.String">http://townhall.com/columnists/johnstossel/2011/12/21/creators_oped/page/full/</Value>
</Feature>
</Annotation>
<Annotation Id="23" Type="arg" StartNode="1500" EndNode="1644">
<Feature>
  <Name className="java.lang.String">type</Name>
  <Value className="java.lang.String">label</Value>
</Feature>
<Feature>
  <Name className="java.lang.String">ss-label</Name>
  <Value className="java.lang.String">businesses_will_stop_offering_insurance_to_employees</Value>
</Feature>
<Feature>
  <Name className="java.lang.String">polarity</Name>
  <Value className="java.lang.String">negative</Value>
</Feature>
</Annotation>
<Annotation Id="22" Type="arg" StartNode="198" EndNode="297">
<Feature>
  <Name className="java.lang.String">type</Name>
  <Value className="java.lang.String">label</Value>
</Feature>
<Feature>
  <Name className="java.lang.String">ss-label</Name>
  <Value className="java.lang.String">causes_unemployment</Value>
</Feature>
<Feature>
  <Name className="java.lang.String">polarity</Name>
  <Value className="java.lang.String">negative</Value>
</Feature>
</Annotation>
<Annotation Id="25" Type="arg" StartNode="1984" EndNode="2071">
<Feature>
  <Name className="java.lang.String">unclear</Name>
  <Value className="java.lang.String">true</Value>
</Feature>
<Feature>
  <Name className="java.lang.String">ss-label</Name>
  <Value className="java.lang.String">goal_is_to_expand_entitlements</Value>
</Feature>
<Feature>
  <Name className="java.lang.String">type</Name>
  <Value className="java.lang.String">label</Value>
</Feature>
<Feature>
  <Name className="java.lang.String">polarity</Name>
  <Value className="java.lang.String">negative</Value>
</Feature>
</Annotation>
<Annotation Id="24" Type="rel" StartNode="1698" EndNode="1779">
<Feature>
  <Name className="java.lang.String">type</Name>
  <Value className="java.lang.String">label</Value>
</Feature>
<Feature>
  <Name className="java.lang.String">ss-label</Name>
  <Value className="java.lang.String">businesses_will_stop_offering_insurance_to_employees</Value>
</Feature>
<Feature>
  <Name className="java.lang.String">unclear</Name>
  <Value className="java.lang.String">true</Value>
</Feature>
</Annotation>
<Annotation Id="27" Type="arg" StartNode="3031" EndNode="3136">
<Feature>
  <Name className="java.lang.String">type</Name>
  <Value className="java.lang.String">label</Value>
</Feature>
<Feature>
  <Name className="java.lang.String">ss-label</Name>
  <Value className="java.lang.String">similar_programs_have_failed_abroad</Value>
</Feature>
<Feature>
  <Name className="java.lang.String">polarity</Name>
  <Value className="java.lang.String">negative</Value>
</Feature>
</Annotation>
<Annotation Id="26" Type="arg" StartNode="2134" EndNode="2244">
<Feature>
  <Name className="java.lang.String">type</Name>
  <Value className="java.lang.String">label</Value>
</Feature>
<Feature>
  <Name className="java.lang.String">ss-label</Name>
  <Value className="java.lang.String">hurts_businesses</Value>
</Feature>
<Feature>
  <Name className="java.lang.String">polarity</Name>
  <Value className="java.lang.String">negative</Value>
</Feature>
</Annotation>
<Annotation Id="29" Type="arg" StartNode="3488" EndNode="3509">
<Feature>
  <Name className="java.lang.String">ss-label</Name>
  <Value className="java.lang.String">causes_unemployment</Value>
</Feature>
<Feature>
  <Name className="java.lang.String">type</Name>
  <Value className="java.lang.String">label</Value>
</Feature>
<Feature>
  <Name className="java.lang.String">polarity</Name>
  <Value className="java.lang.String">negative</Value>
</Feature>
<Feature>
  <Name className="java.lang.String">incomplete</Name>
  <Value className="java.lang.String">true</Value>
</Feature>
</Annotation>
<Annotation Id="28" Type="rel" StartNode="3440" EndNode="3486">
<Feature>
  <Name className="java.lang.String">ss-label</Name>
  <Value className="java.lang.String">hurts_economy</Value>
</Feature>
<Feature>
  <Name className="java.lang.String">unclear</Name>
  <Value className="java.lang.String"></Value>
</Feature>
<Feature>
  <Name className="java.lang.String">type</Name>
  <Value className="java.lang.String">label</Value>
</Feature>
<Feature>
  <Name className="java.lang.String">polarity</Name>
  <Value className="java.lang.String">negative</Value>
</Feature>
<Feature>
  <Name className="java.lang.String">incomplete</Name>
  <Value className="java.lang.String">true</Value>
</Feature>
</Annotation>
<Annotation Id="31" Type="arg" StartNode="3657" EndNode="3887">
<Feature>
  <Name className="java.lang.String">type</Name>
  <Value className="java.lang.String">label</Value>
</Feature>
<Feature>
  <Name className="java.lang.String">ss-label</Name>
  <Value className="java.lang.String">leads_to_economic_uncertainty</Value>
</Feature>
<Feature>
  <Name className="java.lang.String">polarity</Name>
  <Value className="java.lang.String">negative</Value>
</Feature>
</Annotation>
<Annotation Id="30" Type="arg" StartNode="3589" EndNode="3655">
<Feature>
  <Name className="java.lang.String">type</Name>
  <Value className="java.lang.String">label</Value>
</Feature>
<Feature>
  <Name className="java.lang.String">ss-label</Name>
  <Value className="java.lang.String">leads_to_economic_uncertainty</Value>
</Feature>
<Feature>
  <Name className="java.lang.String">polarity</Name>
  <Value className="java.lang.String">negative</Value>
</Feature>
</Annotation>
<Annotation Id="34" Type="arg" StartNode="726" EndNode="859">
<Feature>
  <Name className="java.lang.String">type</Name>
  <Value className="java.lang.String">label</Value>
</Feature>
<Feature>
  <Name className="java.lang.String">ss-label</Name>
  <Value className="java.lang.String">leads_to_economic_uncertainty</Value>
</Feature>
<Feature>
  <Name className="java.lang.String">polarity</Name>
  <Value className="java.lang.String">negative</Value>
</Feature>
</Annotation>
<Annotation Id="35" Type="arg" StartNode="1169" EndNode="1283">
<Feature>
  <Name className="java.lang.String">type</Name>
  <Value className="java.lang.String">label</Value>
</Feature>
<Feature>
  <Name className="java.lang.String">ss-label</Name>
  <Value className="java.lang.String">leads_to_economic_uncertainty</Value>
</Feature>
<Feature>
  <Name className="java.lang.String">polarity</Name>
  <Value className="java.lang.String">negative</Value>
</Feature>
</Annotation>
<Annotation Id="32" Type="rel" StartNode="0" EndNode="22">
<Feature>
  <Name className="java.lang.String">unclear</Name>
  <Value className="java.lang.String">true</Value>
</Feature>
<Feature>
  <Name className="java.lang.String">ss-label</Name>
  <Value className="java.lang.String">bill_should_be_defunded/not_passed</Value>
</Feature>
<Feature>
  <Name className="java.lang.String">type</Name>
  <Value className="java.lang.String">label</Value>
</Feature>
<Feature>
  <Name className="java.lang.String">polarity</Name>
  <Value className="java.lang.String">negative</Value>
</Feature>
<Feature>
  <Name className="java.lang.String">incomplete</Name>
  <Value className="java.lang.String">true</Value>
</Feature>
</Annotation>
<Annotation Id="33" Type="arg" StartNode="671" EndNode="720">
<Feature>
  <Name className="java.lang.String">unclear</Name>
  <Value className="java.lang.String">true</Value>
</Feature>
<Feature>
  <Name className="java.lang.String">ss-label</Name>
  <Value className="java.lang.String">leads_to_economic_uncertainty</Value>
</Feature>
<Feature>
  <Name className="java.lang.String">type</Name>
  <Value className="java.lang.String">label</Value>
</Feature>
<Feature>
  <Name className="java.lang.String">polarity</Name>
  <Value className="java.lang.String">negative</Value>
</Feature>
<Feature>
  <Name className="java.lang.String">incomplete</Name>
  <Value className="java.lang.String">true</Value>
</Feature>
</Annotation>
<Annotation Id="38" Type="rel" StartNode="1350" EndNode="1450">
<Feature>
  <Name className="java.lang.String">type</Name>
  <Value className="java.lang.String">label</Value>
</Feature>
<Feature>
  <Name className="java.lang.String">ss-label</Name>
  <Value className="java.lang.String">leads_to_economic_uncertainty</Value>
</Feature>
</Annotation>
<Annotation Id="39" Type="arg" StartNode="1784" EndNode="1904">
<Feature>
  <Name className="java.lang.String">type</Name>
  <Value className="java.lang.String">label</Value>
</Feature>
<Feature>
  <Name className="java.lang.String">ss-label</Name>
  <Value className="java.lang.String">businesses_will_stop_offering_insurance_to_employees</Value>
</Feature>
<Feature>
  <Name className="java.lang.String">polarity</Name>
  <Value className="java.lang.String">negative</Value>
</Feature>
</Annotation>
<Annotation Id="36" Type="arg" StartNode="299" EndNode="359">
<Feature>
  <Name className="java.lang.String">ss-label</Name>
  <Value className="java.lang.String">leads_to_economic_uncertainty</Value>
</Feature>
<Feature>
  <Name className="java.lang.String">type</Name>
  <Value className="java.lang.String">label</Value>
</Feature>
<Feature>
  <Name className="java.lang.String">polarity</Name>
  <Value className="java.lang.String">negative</Value>
</Feature>
<Feature>
  <Name className="java.lang.String">incomplete</Name>
  <Value className="java.lang.String">true</Value>
</Feature>
</Annotation>
<Annotation Id="37" Type="arg" StartNode="1452" EndNode="1496">
<Feature>
  <Name className="java.lang.String">type</Name>
  <Value className="java.lang.String">label</Value>
</Feature>
<Feature>
  <Name className="java.lang.String">ss-label</Name>
  <Value className="java.lang.String">leads_to_economic_uncertainty</Value>
</Feature>
<Feature>
  <Name className="java.lang.String">polarity</Name>
  <Value className="java.lang.String">negative</Value>
</Feature>
</Annotation>
<Annotation Id="42" Type="arg" StartNode="2940" EndNode="3029">
<Feature>
  <Name className="java.lang.String">ss-label</Name>
  <Value className="java.lang.String">will_cost_more_than_anticipated</Value>
</Feature>
<Feature>
  <Name className="java.lang.String">type</Name>
  <Value className="java.lang.String">label</Value>
</Feature>
<Feature>
  <Name className="java.lang.String">polarity</Name>
  <Value className="java.lang.String">negative</Value>
</Feature>
<Feature>
  <Name className="java.lang.String">incomplete</Name>
  <Value className="java.lang.String">true</Value>
</Feature>
</Annotation>
<Annotation Id="43" Type="arg" StartNode="3978" EndNode="4133">
<Feature>
  <Name className="java.lang.String">unclear</Name>
  <Value className="java.lang.String">true</Value>
</Feature>
<Feature>
  <Name className="java.lang.String">ss-label</Name>
  <Value className="java.lang.String">govt_not_capable_of_solving_problem</Value>
</Feature>
<Feature>
  <Name className="java.lang.String">type</Name>
  <Value className="java.lang.String">label</Value>
</Feature>
<Feature>
  <Name className="java.lang.String">polarity</Name>
  <Value className="java.lang.String">negative</Value>
</Feature>
<Feature>
  <Name className="java.lang.String">incomplete</Name>
  <Value className="java.lang.String">true</Value>
</Feature>
</Annotation>
<Annotation Id="40" Type="rel" StartNode="2073" EndNode="2129">
<Feature>
  <Name className="java.lang.String">type</Name>
  <Value className="java.lang.String">label</Value>
</Feature>
<Feature>
  <Name className="java.lang.String">ss-label</Name>
  <Value className="java.lang.String">goal_is_to_expand_entitlements</Value>
</Feature>
</Annotation>
<Annotation Id="41" Type="rel" StartNode="2378" EndNode="2487">
<Feature>
  <Name className="java.lang.String">ss-label</Name>
  <Value className="java.lang.String">hurts_businesses</Value>
</Feature>
<Feature>
  <Name className="java.lang.String">unclear</Name>
  <Value className="java.lang.String">true</Value>
</Feature>
<Feature>
  <Name className="java.lang.String">type</Name>
  <Value className="java.lang.String">label</Value>
</Feature>
<Feature>
  <Name className="java.lang.String">polarity</Name>
  <Value className="java.lang.String">negative</Value>
</Feature>
</Annotation>
<Annotation Id="46" Type="rel" StartNode="364" EndNode="668">
<Feature>
  <Name className="java.lang.String">type</Name>
  <Value className="java.lang.String">label</Value>
</Feature>
<Feature>
  <Name className="java.lang.String">ss-label</Name>
  <Value className="java.lang.String">leads_to_economic_uncertainty</Value>
</Feature>
</Annotation>
<Annotation Id="47" Type="rel" StartNode="865" EndNode="1163">
<Feature>
  <Name className="java.lang.String">type</Name>
  <Value className="java.lang.String">label</Value>
</Feature>
<Feature>
  <Name className="java.lang.String">ss-label</Name>
  <Value className="java.lang.String">leads_to_economic_uncertainty</Value>
</Feature>
</Annotation>
<Annotation Id="44" Type="rel" StartNode="87" EndNode="158">
<Feature>
  <Name className="java.lang.String">type</Name>
  <Value className="java.lang.String">label</Value>
</Feature>
<Feature>
  <Name className="java.lang.String">ss-label</Name>
  <Value className="java.lang.String">hurts_businesses</Value>
</Feature>
</Annotation>
<Annotation Id="45" Type="rel" StartNode="163" EndNode="193">
<Feature>
  <Name className="java.lang.String">type</Name>
  <Value className="java.lang.String">label</Value>
</Feature>
<Feature>
  <Name className="java.lang.String">ss-label</Name>
  <Value className="java.lang.String">hurts_businesses</Value>
</Feature>
</Annotation>
<Annotation Id="51" Type="rel" StartNode="2246" EndNode="2315">
<Feature>
  <Name className="java.lang.String">type</Name>
  <Value className="java.lang.String">label</Value>
</Feature>
<Feature>
  <Name className="java.lang.String">ss-label</Name>
  <Value className="java.lang.String">hurts_businesses</Value>
</Feature>
</Annotation>
<Annotation Id="50" Type="arg" StartNode="1907" EndNode="1978">
<Feature>
  <Name className="java.lang.String">type</Name>
  <Value className="java.lang.String">label</Value>
</Feature>
<Feature>
  <Name className="java.lang.String">ss-label</Name>
  <Value className="java.lang.String">leads_to_economic_uncertainty</Value>
</Feature>
<Feature>
  <Name className="java.lang.String">polarity</Name>
  <Value className="java.lang.String">negative</Value>
</Feature>
</Annotation>
<Annotation Id="49" Type="rel" StartNode="1646" EndNode="1696">
<Feature>
  <Name className="java.lang.String">type</Name>
  <Value className="java.lang.String">label</Value>
</Feature>
<Feature>
  <Name className="java.lang.String">ss-label</Name>
  <Value className="java.lang.String">businesses_will_stop_offering_insurance_to_employees</Value>
</Feature>
</Annotation>
<Annotation Id="48" Type="rel" StartNode="1285" EndNode="1344">
<Feature>
  <Name className="java.lang.String">type</Name>
  <Value className="java.lang.String">label</Value>
</Feature>
<Feature>
  <Name className="java.lang.String">ss-label</Name>
  <Value className="java.lang.String">leads_to_economic_uncertainty</Value>
</Feature>
</Annotation>
<Annotation Id="55" Type="rel" StartNode="3140" EndNode="3190">
<Feature>
  <Name className="java.lang.String">type</Name>
  <Value className="java.lang.String">label</Value>
</Feature>
<Feature>
  <Name className="java.lang.String">ss-label</Name>
  <Value className="java.lang.String">expands_federal_govt</Value>
</Feature>
</Annotation>
<Annotation Id="54" Type="arg" StartNode="2723" EndNode="2897">
<Feature>
  <Name className="java.lang.String">type</Name>
  <Value className="java.lang.String">else</Value>
</Feature>
<Feature>
  <Name className="java.lang.String">polarity</Name>
  <Value className="java.lang.String">positive</Value>
</Feature>
<Feature>
  <Name className="java.lang.String">incomplete</Name>
  <Value className="java.lang.String">centralizes_healthcare_control</Value>
</Feature>
</Annotation>
<Annotation Id="53" Type="arg" StartNode="2489" EndNode="2556">
<Feature>
  <Name className="java.lang.String">type</Name>
  <Value className="java.lang.String">label</Value>
</Feature>
<Feature>
  <Name className="java.lang.String">ss-label</Name>
  <Value className="java.lang.String">causes_unemployment</Value>
</Feature>
<Feature>
  <Name className="java.lang.String">polarity</Name>
  <Value className="java.lang.String">negative</Value>
</Feature>
</Annotation>
<Annotation Id="52" Type="rel" StartNode="2317" EndNode="2376">
<Feature>
  <Name className="java.lang.String">type</Name>
  <Value className="java.lang.String">label</Value>
</Feature>
<Feature>
  <Name className="java.lang.String">ss-label</Name>
  <Value className="java.lang.String">hurts_businesses</Value>
</Feature>
</Annotation>
<Annotation Id="59" Type="arg" StartNode="3511" EndNode="3533">
<Feature>
  <Name className="java.lang.String">type</Name>
  <Value className="java.lang.String">else</Value>
</Feature>
<Feature>
  <Name className="java.lang.String">polarity</Name>
  <Value className="java.lang.String">negative</Value>
</Feature>
</Annotation>
<Annotation Id="58" Type="rel" StartNode="3405" EndNode="3438">
<Feature>
  <Name className="java.lang.String">type</Name>
  <Value className="java.lang.String">label</Value>
</Feature>
<Feature>
  <Name className="java.lang.String">ss-label</Name>
  <Value className="java.lang.String">expands_federal_govt</Value>
</Feature>
</Annotation>
<Annotation Id="57" Type="arg" StartNode="3380" EndNode="3403">
<Feature>
  <Name className="java.lang.String">unclear</Name>
  <Value className="java.lang.String">true</Value>
</Feature>
<Feature>
  <Name className="java.lang.String">ss-label</Name>
  <Value className="java.lang.String">expands_federal_govt</Value>
</Feature>
<Feature>
  <Name className="java.lang.String">type</Name>
  <Value className="java.lang.String">else</Value>
</Feature>
<Feature>
  <Name className="java.lang.String">polarity</Name>
  <Value className="java.lang.String">negative</Value>
</Feature>
<Feature>
  <Name className="java.lang.String">incomplete</Name>
  <Value className="java.lang.String">true</Value>
</Feature>
</Annotation>
<Annotation Id="56" Type="rel" StartNode="3196" EndNode="3378">
<Feature>
  <Name className="java.lang.String">type</Name>
  <Value className="java.lang.String">label</Value>
</Feature>
<Feature>
  <Name className="java.lang.String">ss-label</Name>
  <Value className="java.lang.String">expands_federal_govt</Value>
</Feature>
</Annotation>
<Annotation Id="63" Type="gfbf" StartNode="1622" EndNode="1628">
<Feature>
  <Name className="java.lang.String">agentId</Name>
  <Value className="java.lang.String">78</Value>
</Feature>
<Feature>
  <Name className="java.lang.String">polarity</Name>
  <Value className="java.lang.String">goodfor</Value>
</Feature>
<Feature>
  <Name className="java.lang.String">objectId</Name>
  <Value className="java.lang.String">64</Value>
</Feature>
</Annotation>
<Annotation Id="62" Type="rel" StartNode="3928" EndNode="3973">
<Feature>
  <Name className="java.lang.String">type</Name>
  <Value className="java.lang.String">label</Value>
</Feature>
<Feature>
  <Name className="java.lang.String">ss-label</Name>
  <Value className="java.lang.String">leads_to_economic_uncertainty</Value>
</Feature>
</Annotation>
<Annotation Id="61" Type="rel" StartNode="3889" EndNode="3925">
<Feature>
  <Name className="java.lang.String">type</Name>
  <Value className="java.lang.String">label</Value>
</Feature>
<Feature>
  <Name className="java.lang.String">ss-label</Name>
  <Value className="java.lang.String">leads_to_economic_uncertainty</Value>
</Feature>
</Annotation>
<Annotation Id="60" Type="rel" StartNode="3539" EndNode="3587">
<Feature>
  <Name className="java.lang.String">type</Name>
  <Value className="java.lang.String">label</Value>
</Feature>
<Feature>
  <Name className="java.lang.String">ss-label</Name>
  <Value className="java.lang.String">too_expensive</Value>
</Feature>
</Annotation>
<Annotation Id="68" Type="gfbf-object" StartNode="2184" EndNode="2196">
<Feature>
  <Name className="java.lang.String">writerAtt</Name>
  <Value className="java.lang.String">positive</Value>
</Feature>
</Annotation>
<Annotation Id="69" Type="influencer" StartNode="2171" EndNode="2176">
<Feature>
  <Name className="java.lang.String">effect</Name>
  <Value className="java.lang.String">reverse</Value>
</Feature>
<Feature>
  <Name className="java.lang.String">agentId</Name>
  <Value className="java.lang.String">79</Value>
</Feature>
<Feature>
  <Name className="java.lang.String">objectId</Name>
  <Value className="java.lang.String">67</Value>
</Feature>
</Annotation>
<Annotation Id="70" Type="gfbf" StartNode="3002" EndNode="3012">
<Feature>
  <Name className="java.lang.String">agentId</Name>
  <Value className="java.lang.String">80</Value>
</Feature>
<Feature>
  <Name className="java.lang.String">polarity</Name>
  <Value className="java.lang.String">badfor</Value>
</Feature>
<Feature>
  <Name className="java.lang.String">objectId</Name>
  <Value className="java.lang.String">71</Value>
</Feature>
</Annotation>
<Annotation Id="71" Type="gfbf-object" StartNode="3013" EndNode="3029">
<Feature>
  <Name className="java.lang.String">writerAtt</Name>
  <Value className="java.lang.String">positive</Value>
</Feature>
</Annotation>
<Annotation Id="64" Type="gfbf-object" StartNode="1629" EndNode="1644">
<Feature>
  <Name className="java.lang.String">writerAtt</Name>
  <Value className="java.lang.String">positive</Value>
</Feature>
</Annotation>
<Annotation Id="66" Type="influencer" StartNode="1594" EndNode="1604">
<Feature>
  <Name className="java.lang.String">effect</Name>
  <Value className="java.lang.String">retain</Value>
</Feature>
<Feature>
  <Name className="java.lang.String">agentId</Name>
  <Value className="java.lang.String">76</Value>
</Feature>
<Feature>
  <Name className="java.lang.String">objectId</Name>
  <Value className="java.lang.String">75</Value>
</Feature>
</Annotation>
<Annotation Id="67" Type="gfbf" StartNode="2177" EndNode="2183">
<Feature>
  <Name className="java.lang.String">agentId</Name>
  <Value className="java.lang.String">79</Value>
</Feature>
<Feature>
  <Name className="java.lang.String">polarity</Name>
  <Value className="java.lang.String">goodfor</Value>
</Feature>
<Feature>
  <Name className="java.lang.String">objectId</Name>
  <Value className="java.lang.String">68</Value>
</Feature>
</Annotation>
<Annotation Id="76" Type="gfbf-agent" StartNode="1584" EndNode="1593">
<Feature>
  <Name className="java.lang.String">writerAtt</Name>
  <Value className="java.lang.String">negative</Value>
</Feature>
</Annotation>
<Annotation Id="77" Type="gfbf-object" StartNode="1605" EndNode="1614">
<Feature>
  <Name className="java.lang.String">writerAtt</Name>
  <Value className="java.lang.String">negative</Value>
</Feature>
</Annotation>
<Annotation Id="78" Type="gfbf-agent" StartNode="1605" EndNode="1614">
<Feature>
  <Name className="java.lang.String">writerAtt</Name>
  <Value className="java.lang.String">negative</Value>
</Feature>
</Annotation>
<Annotation Id="79" Type="gfbf-agent" StartNode="2168" EndNode="2170">
<Feature>
  <Name className="java.lang.String">referentId</Name>
  <Value className="java.lang.String">83</Value>
</Feature>
<Feature>
  <Name className="java.lang.String">reference</Name>
  <Value className="java.lang.String">true</Value>
</Feature>
<Feature>
  <Name className="java.lang.String">writerAtt</Name>
  <Value className="java.lang.String">positive</Value>
</Feature>
</Annotation>
<Annotation Id="72" Type="gfbf" StartNode="3764" EndNode="3772">
<Feature>
  <Name className="java.lang.String">agentId</Name>
  <Value className="java.lang.String">81</Value>
</Feature>
<Feature>
  <Name className="java.lang.String">polarity</Name>
  <Value className="java.lang.String">goodfor</Value>
</Feature>
<Feature>
  <Name className="java.lang.String">objectId</Name>
  <Value className="java.lang.String">73</Value>
</Feature>
</Annotation>
<Annotation Id="73" Type="gfbf-object" StartNode="3773" EndNode="3784">
<Feature>
  <Name className="java.lang.String">writerAtt</Name>
  <Value className="java.lang.String">positive</Value>
</Feature>
</Annotation>
<Annotation Id="75" Type="influencer" StartNode="1615" EndNode="1618">
<Feature>
  <Name className="java.lang.String">effect</Name>
  <Value className="java.lang.String">reverse</Value>
</Feature>
<Feature>
  <Name className="java.lang.String">agentId</Name>
  <Value className="java.lang.String">78</Value>
</Feature>
<Feature>
  <Name className="java.lang.String">objectId</Name>
  <Value className="java.lang.String">63</Value>
</Feature>
</Annotation>
<Annotation Id="84" Type="referent" StartNode="2968" EndNode="2997">
<Feature>
  <Name className="java.lang.String">comment</Name>
  <Value className="java.lang.String">do an inference?</Value>
</Feature>
<Feature>
  <Name className="java.lang.String">unclear</Name>
  <Value className="java.lang.String">true</Value>
</Feature>
<Feature>
  <Name className="java.lang.String">writerAtt</Name>
  <Value className="java.lang.String">negative</Value>
</Feature>
</Annotation>
<Annotation Id="81" Type="gfbf-agent" StartNode="3727" EndNode="3741">
<Feature>
  <Name className="java.lang.String">writerAtt</Name>
  <Value className="java.lang.String">negative</Value>
</Feature>
</Annotation>
<Annotation Id="80" Type="gfbf-agent" StartNode="2999" EndNode="3001">
<Feature>
  <Name className="java.lang.String">referentId</Name>
  <Value className="java.lang.String">84</Value>
</Feature>
<Feature>
  <Name className="java.lang.String">reference</Name>
  <Value className="java.lang.String">true</Value>
</Feature>
<Feature>
  <Name className="java.lang.String">writerAtt</Name>
  <Value className="java.lang.String">negative</Value>
</Feature>
</Annotation>
<Annotation Id="83" Type="referent" StartNode="2134" EndNode="2154">
<Feature>
  <Name className="java.lang.String">writerAtt</Name>
  <Value className="java.lang.String">positive</Value>
</Feature>
</Annotation>
<Annotation Id="82" Type="influencer" StartNode="3746" EndNode="3749">
<Feature>
  <Name className="java.lang.String">effect</Name>
  <Value className="java.lang.String">reverse</Value>
</Feature>
<Feature>
  <Name className="java.lang.String">agentId</Name>
  <Value className="java.lang.String">81</Value>
</Feature>
<Feature>
  <Name className="java.lang.String">objectId</Name>
  <Value className="java.lang.String">72</Value>
</Feature>
</Annotation>
</AnnotationSet>

<!-- Named annotation set -->

<AnnotationSet Name="Original markups">
<Annotation Id="0" Type="paragraph" StartNode="0" EndNode="24">
</Annotation>
<Annotation Id="1" Type="paragraph" StartNode="30" EndNode="69">
</Annotation>
<Annotation Id="2" Type="paragraph" StartNode="71" EndNode="85">
</Annotation>
<Annotation Id="3" Type="paragraph" StartNode="87" EndNode="161">
</Annotation>
<Annotation Id="4" Type="paragraph" StartNode="163" EndNode="196">
</Annotation>
<Annotation Id="5" Type="paragraph" StartNode="198" EndNode="362">
</Annotation>
<Annotation Id="6" Type="paragraph" StartNode="364" EndNode="724">
</Annotation>
<Annotation Id="7" Type="paragraph" StartNode="726" EndNode="862">
</Annotation>
<Annotation Id="8" Type="paragraph" StartNode="864" EndNode="1167">
</Annotation>
<Annotation Id="9" Type="paragraph" StartNode="1169" EndNode="1498">
</Annotation>
<Annotation Id="10" Type="paragraph" StartNode="1500" EndNode="1781">
</Annotation>
<Annotation Id="11" Type="paragraph" StartNode="1783" EndNode="1982">
</Annotation>
<Annotation Id="12" Type="paragraph" StartNode="1984" EndNode="2132">
</Annotation>
<Annotation Id="13" Type="paragraph" StartNode="2134" EndNode="2559">
</Annotation>
<Annotation Id="14" Type="paragraph" StartNode="2561" EndNode="2938">
</Annotation>
<Annotation Id="15" Type="paragraph" StartNode="2940" EndNode="3138">
</Annotation>
<Annotation Id="17" Type="paragraph" StartNode="3195" EndNode="3537">
</Annotation>
<Annotation Id="16" Type="paragraph" StartNode="3140" EndNode="3193">
</Annotation>
<Annotation Id="19" Type="paragraph" StartNode="3978" EndNode="4452">
</Annotation>
<Annotation Id="18" Type="paragraph" StartNode="3539" EndNode="3976">
</Annotation>
<Annotation Id="20" Type="paragraph" StartNode="4454" EndNode="4474">
</Annotation>
</AnnotationSet>

</GateDocument>
