<?xml version='1.0' encoding='MacRoman'?>
<GateDocument>
<!-- The document's features-->

<GateDocumentFeatures>
<Feature>
  <Name className="java.lang.String">gate.SourceURL</Name>
  <Value className="java.lang.String">file:/E:/Users/conrada/Documents/My%20Dropbox/healthcare_data/training_2/hc065.txt</Value>
</Feature>
<Feature>
  <Name className="java.lang.String">MimeType</Name>
  <Value className="java.lang.String">text/plain</Value>
</Feature>
<Feature>
  <Name className="java.lang.String">docNewLineType</Name>
  <Value className="java.lang.String">CRLF</Value>
</Feature>
</GateDocumentFeatures>
<!-- The document content area with serialized nodes -->

<TextWithNodes><Node id="0" />The 10 Dumbest Arguments<Node id="24" /> <Node id="25" />Against<Node id="32" /> <Node id="33" />Health-Care Reform<Node id="51" />&#xd;
<Node id="53" />&#xd;
<Node id="55" />Paul Waldman&#xd;
<Node id="69" />&#xd;
<Node id="71" />July 27, 2009&#xd;
<Node id="86" />&#xd;
<Node id="88" />The <Node id="92" />health-care debate<Node id="110" /> has been <Node id="120" />overwhelmed<Node id="131" /> by <Node id="135" />grumbling resistance<Node id="155" />. <Node id="157" />Too bad the complaints are largely groundless<Node id="202" />.&#xd;
1&#xd;
Donate Email Print Send to Instapaper&#xd;
<Node id="247" />&#xd;
<Node id="249" />In order to reap democracy's fruits, we have to endure many sacrifices<Node id="319" />. <Node id="321" />The cost of enjoying the freedom to express our views is that we must tolerate the despicable views of others<Node id="430" />. Giving everyone the freedom to worship as they wish means that beliefs that could probably warrant intervention with powerful psychopharmacology are instead accorded the utmost respect. <Node id="618" />And a legislature made up of popularly elected representatives means that our laws are made by bodies that include no small number of liars, knaves, and fools<Node id="776" />. This is the democratic bargain. It's worth every penny, but there are times when it makes you want to scream.&#xd;
<Node id="889" />&#xd;
<Node id="891" />As the latest iteration of our once-every-generation-or-so effort to reform our disaster of a health-care system reaches its climax, we find ourselves at one of those times. <Node id="1065" />The opponents of reform are getting serious now, and they've turned the volume on their megaphones of mendacity up to 11<Node id="1185" />.&#xd;
<Node id="1188" />&#xd;
<Node id="1190" />Herewith, then, <Node id="1206" />we have <Node id="1214" />the 10 dumbest arguments<Node id="1238" /> currently <Node id="1249" />circulating against<Node id="1268" /> <Node id="1269" />health-care reform<Node id="1287" />.&#xd;
<Node id="1290" />&#xd;
<Node id="1292" />What we really need is a "bipartisan" health-reform bill -- and if Democrats act properly, they could get one<Node id="1401" />. <Node id="1403" />The myth that "bipartisan" legislation works better than partisan legislation is widespread<Node id="1494" />, but virtually <Node id="1510" />no<Node id="1512" /> <Node id="1513" />real evidence<Node id="1526" /> <Node id="1527" />supports<Node id="1535" /> <Node id="1536" />it<Node id="1538" />. <Node id="1540" />For every successful program passed with support from both parties, you can find another one that failed<Node id="1644" />. <Node id="1646" />There are also plenty of popular programs that enjoyed the support of only one side<Node id="1729" />. Republicans aren't afraid to attack Medicare because some party members voted for it in 1965; they're afraid to attack Medicare because it has been hugely successful at achieving its goal of providing quality, affordable health care to seniors. <Node id="1976" />The future popularity of the current health-care reform will be a function of whether <Node id="2062" />the program<Node id="2073" /> works, <Node id="2081" />not<Node id="2084" /> how many <Node id="2094" />Republicans<Node id="2105" /> <Node id="2106" />voted for<Node id="2115" /> <Node id="2116" />it<Node id="2118" />.&#xd;
<Node id="2121" />&#xd;
<Node id="2123" />More important, <Node id="2139" />Republicans<Node id="2150" /> are <Node id="2155" />not<Node id="2158" /> going to <Node id="2168" />vote for<Node id="2176" /> <Node id="2177" />this health-care reform<Node id="2200" />, no matter what the final bill looks like<Node id="2242" />. <Node id="2244" />Chances are it will get zero Republican votes in the House and maybe two Republican votes in the Senate, tops<Node id="2353" />. Anyone who thinks more optimistically has been partaking of too many free samples from pharmaceutical lobbyists.&#xd;
<Node id="2469" />&#xd;
<Node id="2471" />Whatever we do, <Node id="2487" />we<Node id="2489" /> <Node id="2490" />shouldn't<Node id="2499" /> <Node id="2500" />ruin<Node id="2504" /> "<Node id="2506" />the best health-care system in the world<Node id="2546" />." Progressives confronted with this common argument often respond with incredulity. "Are you kidding me?" they shout. <Node id="2665" />Fifty million uninsured, the highest per-capita costs in the world, millions of people pushed into bankruptcy by medical bills, worse health outcomes than most of the industrialized world?<Node id="2853" /> Are you kidding me?&#xd;
<Node id="2875" />&#xd;
<Node id="2877" />But this is not a practical argument -- it's a moral argument<Node id="2938" />. <Node id="2940" />Those who make it believe that our system is the best precisely because of its inequality<Node id="3029" />. <Node id="3031" />Systems like those of our European friends, in which everyone <Node id="3093" />has access to<Node id="3106" /> high-quality care at a reasonable price, just <Node id="3153" />don't sit right<Node id="3168" /> with many conservative Republicans<Node id="3203" />. <Node id="3205" />If a captain of industry can't buy better health care than the guy who cuts his lawn can, then the world just isn't functioning as it should<Node id="3345" />.&#xd;
<Node id="3348" />&#xd;
<Node id="3350" />This health reform is moving too fast<Node id="3387" />. We've heard from lots of Republicans -- and a few conservative Democrats -- that <Node id="3470" />the best thing to do is just take our time, lest <Node id="3519" />we<Node id="3521" /> be<Node id="3524" /> too hasty<Node id="3534" /> about <Node id="3541" />fixing<Node id="3547" /> <Node id="3548" />our broken system<Node id="3565" />. But there's a simple question I haven't heard asked: Why?&#xd;
<Node id="3626" />&#xd;
<Node id="3628" />It isn't as though these GOP members of Congress have been pulling one all-nighter after another hammering out details of reform, and they just need a couple more weeks to get all their work done<Node id="3823" />. <Node id="3825" />Instead, the people making this argument are for the most part reform's bitterest opponents, who have no goal other than to kill the effort<Node id="3964" />.&#xd;
<Node id="3967" />&#xd;
<Node id="3969" />If we can find an anecdote about a Canadian or Brit who had an unhappy medical experience, that means <Node id="4071" />we<Node id="4073" /> <Node id="4074" />shouldn't<Node id="4083" /> <Node id="4084" />reform<Node id="4090" /> <Node id="4091" />our own system<Node id="4105" />. <Node id="4107" />This argument is everywhere, particularly on talk radio and Fox News<Node id="4175" />. <Node id="4177" />While there is a case to be made both for and against a completely socialized system like they have in England -- where the hospitals are owned by the government, and all the doctors and nurses are government employees -- or a socialized insurance scheme like they have in Canada<Node id="4456" />, <Node id="4458" />nothing remotely like that is being debated here<Node id="4506" />. <Node id="4508" />This argument is like saying that you shouldn't buy a Honda because Volkswagens don't get good gas mileage<Node id="4614" />.&#xd;
<Node id="4617" />&#xd;
<Node id="4619" />If this health reform passes, <Node id="4649" />some bureaucrat<Node id="4664" /> might be able to <Node id="4682" />dictate<Node id="4689" /> <Node id="4690" />what care you can get<Node id="4711" />, standing between you and your doctor<Node id="4749" />. <Node id="4751" />This may well be the most widespread and pernicious of <Node id="4806" />all the dumb arguments<Node id="4828" /> <Node id="4829" />against<Node id="4836" /> <Node id="4837" />health-care reform<Node id="4855" />. It certainly has some intuitive appeal, as long as you don't think about it for more than three or four seconds. Who wants some snotty bureaucrat telling my doctor what to do? That would be awful!&#xd;
<Node id="5055" />&#xd;
<Node id="5057" />So true -- you'd never want a government bureaucrat getting between you and your doctor<Node id="5144" />. <Node id="5146" />Much better to have your care controlled by <Node id="5190" />an entire team of insurance-company bureaucrats<Node id="5237" />, whose bonuses and promotions depend on <Node id="5278" />denying<Node id="5285" /> <Node id="5286" />your claims<Node id="5297" /> and <Node id="5302" />limiting<Node id="5310" /> <Node id="5311" />your care<Node id="5320" />. <Node id="5322" />That is, if you have a plan in the first case, what with their denial of your pre-existing conditions and their attempts to kick you off your policy if you actually get sick<Node id="5495" />. <Node id="5497" />That's so much better than letting some government bureaucrat get involved<Node id="5571" />.&#xd;
<Node id="5574" />&#xd;
<Node id="5576" />Reform<Node id="5582" /> is all well and good, but we need to make sure <Node id="5630" />it<Node id="5632" /> <Node id="5633" />doesn't<Node id="5640" /> <Node id="5641" />increase<Node id="5649" /> <Node id="5650" />the deficit<Node id="5661" />. <Node id="5663" />This is the argument made most notably by the "Blue Dog" conservative Democrats, and it should be called what it is: a charade<Node id="5789" />. <Node id="5791" />The Blue Dogs<Node id="5804" /> claim to be deeply concerned about fiscal responsibility, but the truth is that they are motivated almost entirely by ideology<Node id="5931" />. <Node id="5933" />Nothing wrong with that, but don't try to tell us their only concern is deficits<Node id="6013" />. <Node id="6015" />Were that the case, they would be pushing not just for a public option to be part of the bill but for it to be open to every American citizen or company that wants it, because that would save the most money<Node id="6221" />. <Node id="6223" />But of course, they aren't, because the public option is "big government," and they don't like that<Node id="6322" />. And if they were only concerned about fiscal responsibility, they would have opposed the Bush tax cuts, supported tax increases to pay for the Iraq War, or opposed the war and its $2 trillion price tag entirely. But of course they didn't. <Node id="6563" />What <Node id="6568" />they<Node id="6572" /> <Node id="6573" />oppose<Node id="6579" /> is <Node id="6583" />progressive legislation that provides benefits to regular Americans<Node id="6650" />.&#xd;
Related Articles&#xd;
<Node id="6671" />&#xd;
    <Node id="6677" />Protest and Possibility&#xd;
    Nov 01, 2011&#xd;
    The Ties That Blind&#xd;
    Oct 31, 2011&#xd;
    The Medicare Bind&#xd;
    Oct 12, 2011&#xd;
    Death Watch for Health Clinics&#xd;
    Oct 06, 2011&#xd;
    Noted&#xd;
    Sep 30, 2011&#xd;
<Node id="6887" />&#xd;
<Node id="6889" />If you can make a flow chart with lots of boxes and arrows on it, that means health reform will be terrible<Node id="6996" />. <Node id="6998" />As a group, Republican representatives are not known for their intelligence or dignity, but this has to be among their more ridiculous exercises in a while: They made themselves a fancy chart purporting to show <Node id="7209" />how complex the Democrats' health plan is<Node id="7250" />, in the hopes that we'd all <Node id="7279" />shriek madly and run in the other direction<Node id="7322" />. <Node id="7324" />According to Roll Call, about 50 GOP members of Congress have blandished the chart during their floor speeches or put it on their Web site<Node id="7462" />.&#xd;
<Node id="7465" />&#xd;
<Node id="7467" />In truth, their chart bears almost no relationship to the way reform would actually work systemically, not to mention <Node id="7585" />how absurd is the contention <Node id="7614" />that ordinary <Node id="7628" />Americans' health care would be made<Node id="7664" /> more complicated by, say, the existence of a training program for nurses<Node id="7737" />. It looks like it was put together by a group of fifth-graders, which it kind of was.&#xd;
<Node id="7825" />&#xd;
<Node id="7827" />If we could only make it illegal for people to <Node id="7874" />sue<Node id="7877" /> when their surgeon amputates the wrong leg, we could get costs under control<Node id="7954" />. You can sympathize with doctors who are afraid of being sued by patients who didn't like the outcome of their cases. <Node id="8073" />But the idea that <Node id="8091" />the solution to<Node id="8106" /> <Node id="8107" />rising costs<Node id="8119" /> is <Node id="8123" />capping<Node id="8130" /> <Node id="8131" />malpractice awards<Node id="8149" /> is just ridiculous<Node id="8168" />.&#xd;
<Node id="8171" />&#xd;
<Node id="8173" />In Atul Gawande's justly celebrated New Yorker article, he relates how he asked a group of doctors in the now-notorious city of McAllen, Texas, why medical costs there are higher than anywhere else in the country. <Node id="8387" />They began to complain about lawsuits, until Gawande pointed out, "Several years ago, Texas passed a tough malpractice law that capped pain-and-suffering awards at two hundred and fifty thousand dollars<Node id="8589" />. <Node id="8591" />Didn't lawsuits go down?<Node id="8615" />" One of the doctors admitted, "Practically to zero."&#xd;
<Node id="8670" />&#xd;
<Node id="8672" />Reform might make me <Node id="8693" />lose<Node id="8697" /> my current health coverage<Node id="8724" />. <Node id="8726" />Here is a list of some things that could make you completely lose your current health coverage: Losing your job<Node id="8837" />. <Node id="8839" />Leaving your job for a different one<Node id="8875" />. <Node id="8877" />Poor earnings for your employer, which makes them decide to cut benefits<Node id="8949" />. <Node id="8951" />Trying to start your own small business<Node id="8990" />. <Node id="8992" />Getting a serious illness<Node id="9017" />.&#xd;
<Node id="9020" />&#xd;
<Node id="9022" />You want to meet people who have absolutely no need to worry about losing their coverage?<Node id="9111" /> <Node id="9112" />Talk to a senior on Medicare, or a veteran who gets his care from the VA .<Node id="9186" /> <Node id="9187" />Those rotten government programs don't kick people off<Node id="9241" />.&#xd;
<Node id="9244" />&#xd;
<Node id="9246" />Health-care reform<Node id="9264" /> will <Node id="9270" />literally<Node id="9279" /> <Node id="9280" />kill<Node id="9284" /> <Node id="9285" />you<Node id="9288" />. <Node id="9290" />This is the level of absurdity to which conservatives have actually descended<Node id="9367" />. As Steve Benen observed, "<Node id="9395" />As Republican desperation has become more palpable, there's a preoccupation with the 'reform = literal death' meme<Node id="9509" />." The examples are legion, but here are a couple to give you the flavor. <Node id="9583" />Louie Gohmert of Texas delivered a bizarre rant on the House floor in which he claimed, "One in five people have to die because they went to socialized medicine!<Node id="9744" /> Now I've got three daughters and a wife. <Node id="9786" />I would hate to think that among five women, one of them is going to die because we go to socialized care.<Node id="9892" />" When Bill O'Reilly asked Dick Morris (who, let's be honest, is probably upset that the public option won't cover therapeutic visits to prostitutes who let you suck their toes) what the plan would mean for a regular guy, Morris responded, "<Node id="10133" />Obama's plan<Node id="10145" /> is gonna <Node id="10155" />kill<Node id="10159" /> <Node id="10160" />you<Node id="10163" />."&#xd;
<Node id="10167" />&#xd;
<Node id="10169" />This is just part of the hurricane of idiocy the administration must struggle through if it is to pass health-care reform<Node id="10290" />. <Node id="10292" />Don't get me wrong -- there are <Node id="10324" />some very good reasons<Node id="10346" /> to <Node id="10350" />remain optimistic about<Node id="10373" /> <Node id="10374" />the odds of reform succeeding<Node id="10403" />. <Node id="10405" />On the other hand, if in our national debate you always bet that the side offering the most dim-witted, disingenuous arguments will triumph, most of the time you'll be right<Node id="10578" />.&#xd;
<Node id="10581" />&#xd;
<Node id="10583" />Correction: A previous version of this article suggested that the Canadian health-care system was wholly socialized. In Canada, doctors are not government employees. They are private fee for service practitioners, as in the United States.&#xd;
<Node id="10823" /></TextWithNodes>
<!-- The default annotation set -->

<AnnotationSet>
<Annotation Id="27" Type="doc" StartNode="0" EndNode="10823">
<Feature>
  <Name className="java.lang.String">id</Name>
  <Value className="java.lang.String">hc065</Value>
</Feature>
<Feature>
  <Name className="java.lang.String">author</Name>
  <Value className="java.lang.String">paul,waldman</Value>
</Feature>
<Feature>
  <Name className="java.lang.String">date</Name>
  <Value className="java.lang.String">20090727</Value>
</Feature>
<Feature>
  <Name className="java.lang.String">source</Name>
  <Value className="java.lang.String">american,prospect</Value>
</Feature>
<Feature>
  <Name className="java.lang.String">side</Name>
  <Value className="java.lang.String">pro</Value>
</Feature>
<Feature>
  <Name className="java.lang.String">url</Name>
  <Value className="java.lang.String">http://prospect.org/article/10-dumbest-arguments-against-health-care-reform</Value>
</Feature>
</Annotation>
<Annotation Id="29" Type="arg" StartNode="1065" EndNode="1185">
<Feature>
  <Name className="java.lang.String">type</Name>
  <Value className="java.lang.String">label</Value>
</Feature>
<Feature>
  <Name className="java.lang.String">ss-label</Name>
  <Value className="java.lang.String">opposition_demagogues_bill</Value>
</Feature>
<Feature>
  <Name className="java.lang.String">polarity</Name>
  <Value className="java.lang.String">negative</Value>
</Feature>
</Annotation>
<Annotation Id="28" Type="arg" StartNode="0" EndNode="51">
<Feature>
  <Name className="java.lang.String">type</Name>
  <Value className="java.lang.String">label</Value>
</Feature>
<Feature>
  <Name className="java.lang.String">ss-label</Name>
  <Value className="java.lang.String">bill_should_be_passed</Value>
</Feature>
<Feature>
  <Name className="java.lang.String">polarity</Name>
  <Value className="java.lang.String">negative</Value>
</Feature>
</Annotation>
<Annotation Id="31" Type="arg" StartNode="2123" EndNode="2242">
<Feature>
  <Name className="java.lang.String">type</Name>
  <Value className="java.lang.String">label</Value>
</Feature>
<Feature>
  <Name className="java.lang.String">ss-label</Name>
  <Value className="java.lang.String">opposition_demagogues_bill</Value>
</Feature>
<Feature>
  <Name className="java.lang.String">polarity</Name>
  <Value className="java.lang.String">negative</Value>
</Feature>
</Annotation>
<Annotation Id="30" Type="arg" StartNode="1206" EndNode="1287">
<Feature>
  <Name className="java.lang.String">type</Name>
  <Value className="java.lang.String">label</Value>
</Feature>
<Feature>
  <Name className="java.lang.String">ss-label</Name>
  <Value className="java.lang.String">bill_should_not_be_defunded</Value>
</Feature>
<Feature>
  <Name className="java.lang.String">polarity</Name>
  <Value className="java.lang.String">negative</Value>
</Feature>
</Annotation>
<Annotation Id="32" Type="rel" StartNode="2244" EndNode="2353">
<Feature>
  <Name className="java.lang.String">type</Name>
  <Value className="java.lang.String">label</Value>
</Feature>
<Feature>
  <Name className="java.lang.String">ss-label</Name>
  <Value className="java.lang.String">opposition_demagogues_bill</Value>
</Feature>
</Annotation>
<Annotation Id="33" Type="rel" StartNode="2665" EndNode="2853">
<Feature>
  <Name className="java.lang.String">prospect</Name>
  <Value className="java.lang.String"></Value>
</Feature>
<Feature>
  <Name className="java.lang.String">ss-label</Name>
  <Value className="java.lang.String">healthcare_quality_currently_not_good</Value>
</Feature>
<Feature>
  <Name className="java.lang.String">type</Name>
  <Value className="java.lang.String">label</Value>
</Feature>
<Feature>
  <Name className="java.lang.String">polarity</Name>
  <Value className="java.lang.String">negative</Value>
</Feature>
<Feature>
  <Name className="java.lang.String">incomplete</Name>
  <Value className="java.lang.String">true</Value>
</Feature>
</Annotation>
<Annotation Id="38" Type="arg" StartNode="3628" EndNode="3823">
<Feature>
  <Name className="java.lang.String">ss-label</Name>
  <Value className="java.lang.String">opposition_demagogues_bill</Value>
</Feature>
<Feature>
  <Name className="java.lang.String">unclear</Name>
  <Value className="java.lang.String">true</Value>
</Feature>
<Feature>
  <Name className="java.lang.String">type</Name>
  <Value className="java.lang.String">label</Value>
</Feature>
<Feature>
  <Name className="java.lang.String">polarity</Name>
  <Value className="java.lang.String">negative</Value>
</Feature>
</Annotation>
<Annotation Id="39" Type="arg" StartNode="3825" EndNode="3964">
<Feature>
  <Name className="java.lang.String">ss-label</Name>
  <Value className="java.lang.String">opposition_demagogues_bill</Value>
</Feature>
<Feature>
  <Name className="java.lang.String">unclear</Name>
  <Value className="java.lang.String">true</Value>
</Feature>
<Feature>
  <Name className="java.lang.String">type</Name>
  <Value className="java.lang.String">label</Value>
</Feature>
<Feature>
  <Name className="java.lang.String">polarity</Name>
  <Value className="java.lang.String">negative</Value>
</Feature>
</Annotation>
<Annotation Id="37" Type="arg" StartNode="3031" EndNode="3203">
<Feature>
  <Name className="java.lang.String">ss-label</Name>
  <Value className="java.lang.String">opposition_promotes_inequality_in_healthcare</Value>
</Feature>
<Feature>
  <Name className="java.lang.String">type</Name>
  <Value className="java.lang.String">label</Value>
</Feature>
<Feature>
  <Name className="java.lang.String">polarity</Name>
  <Value className="java.lang.String">positive</Value>
</Feature>
<Feature>
  <Name className="java.lang.String">incomplete</Name>
  <Value className="java.lang.String">true</Value>
</Feature>
</Annotation>
<Annotation Id="42" Type="arg" StartNode="5146" EndNode="5320">
<Feature>
  <Name className="java.lang.String">ss-label</Name>
  <Value className="java.lang.String">current_system_leads_to_corporate_exploitation</Value>
</Feature>
<Feature>
  <Name className="java.lang.String">unclear</Name>
  <Value className="java.lang.String">true</Value>
</Feature>
<Feature>
  <Name className="java.lang.String">type</Name>
  <Value className="java.lang.String">label</Value>
</Feature>
<Feature>
  <Name className="java.lang.String">polarity</Name>
  <Value className="java.lang.String">negative</Value>
</Feature>
</Annotation>
<Annotation Id="43" Type="arg" StartNode="5322" EndNode="5495">
<Feature>
  <Name className="java.lang.String">ss-label</Name>
  <Value className="java.lang.String">pre-existing_conditions_currently_block_coverage</Value>
</Feature>
<Feature>
  <Name className="java.lang.String">type</Name>
  <Value className="java.lang.String">label</Value>
</Feature>
<Feature>
  <Name className="java.lang.String">polarity</Name>
  <Value className="java.lang.String">negative</Value>
</Feature>
<Feature>
  <Name className="java.lang.String">incomplete</Name>
  <Value className="java.lang.String">true</Value>
</Feature>
</Annotation>
<Annotation Id="40" Type="arg" StartNode="4177" EndNode="4456">
<Feature>
  <Name className="java.lang.String">unclear</Name>
  <Value className="java.lang.String">true</Value>
</Feature>
<Feature>
  <Name className="java.lang.String">type</Name>
  <Value className="java.lang.String">else</Value>
</Feature>
<Feature>
  <Name className="java.lang.String">polarity</Name>
  <Value className="java.lang.String">positive</Value>
</Feature>
<Feature>
  <Name className="java.lang.String">incomplete</Name>
  <Value className="java.lang.String">true</Value>
</Feature>
</Annotation>
<Annotation Id="41" Type="arg" StartNode="5791" EndNode="5931">
<Feature>
  <Name className="java.lang.String">type</Name>
  <Value className="java.lang.String">label</Value>
</Feature>
<Feature>
  <Name className="java.lang.String">ss-label</Name>
  <Value className="java.lang.String">opposition_demagogues_bill</Value>
</Feature>
<Feature>
  <Name className="java.lang.String">polarity</Name>
  <Value className="java.lang.String">negative</Value>
</Feature>
</Annotation>
<Annotation Id="46" Type="arg" StartNode="7467" EndNode="7737">
<Feature>
  <Name className="java.lang.String">type</Name>
  <Value className="java.lang.String">label</Value>
</Feature>
<Feature>
  <Name className="java.lang.String">ss-label</Name>
  <Value className="java.lang.String">opposition_demagogues_bill</Value>
</Feature>
<Feature>
  <Name className="java.lang.String">polarity</Name>
  <Value className="java.lang.String">negative</Value>
</Feature>
</Annotation>
<Annotation Id="47" Type="arg" StartNode="8073" EndNode="8168">
<Feature>
  <Name className="java.lang.String">type</Name>
  <Value className="java.lang.String">label</Value>
</Feature>
<Feature>
  <Name className="java.lang.String">ss-label</Name>
  <Value className="java.lang.String">tort_reform_not_answer</Value>
</Feature>
<Feature>
  <Name className="java.lang.String">polarity</Name>
  <Value className="java.lang.String">negative</Value>
</Feature>
</Annotation>
<Annotation Id="44" Type="arg" StartNode="6015" EndNode="6221">
<Feature>
  <Name className="java.lang.String">type</Name>
  <Value className="java.lang.String">label</Value>
</Feature>
<Feature>
  <Name className="java.lang.String">ss-label</Name>
  <Value className="java.lang.String">opposition_demagogues_bill</Value>
</Feature>
<Feature>
  <Name className="java.lang.String">polarity</Name>
  <Value className="java.lang.String">positive</Value>
</Feature>
</Annotation>
<Annotation Id="45" Type="arg" StartNode="6998" EndNode="7322">
<Feature>
  <Name className="java.lang.String">type</Name>
  <Value className="java.lang.String">label</Value>
</Feature>
<Feature>
  <Name className="java.lang.String">ss-label</Name>
  <Value className="java.lang.String">opposition_demagogues_bill</Value>
</Feature>
<Feature>
  <Name className="java.lang.String">polarity</Name>
  <Value className="java.lang.String">negative</Value>
</Feature>
</Annotation>
<Annotation Id="51" Type="rel" StartNode="9395" EndNode="9509">
<Feature>
  <Name className="java.lang.String">type</Name>
  <Value className="java.lang.String">label</Value>
</Feature>
<Feature>
  <Name className="java.lang.String">ss-label</Name>
  <Value className="java.lang.String">opposition_demagogues_bill</Value>
</Feature>
<Feature>
  <Name className="java.lang.String">polarity</Name>
  <Value className="java.lang.String">negative</Value>
</Feature>
</Annotation>
<Annotation Id="50" Type="rel" StartNode="9290" EndNode="9367">
<Feature>
  <Name className="java.lang.String">ss-label</Name>
  <Value className="java.lang.String">opposition_demagogues_bill</Value>
</Feature>
<Feature>
  <Name className="java.lang.String">type</Name>
  <Value className="java.lang.String">label</Value>
</Feature>
<Feature>
  <Name className="java.lang.String">polarity</Name>
  <Value className="java.lang.String">negative</Value>
</Feature>
<Feature>
  <Name className="java.lang.String">incomplete</Name>
  <Value className="java.lang.String">true</Value>
</Feature>
</Annotation>
<Annotation Id="49" Type="rel" StartNode="8877" EndNode="8949">
<Feature>
  <Name className="java.lang.String">ss-label</Name>
  <Value className="java.lang.String">makes_insurance_independent_of_job</Value>
</Feature>
<Feature>
  <Name className="java.lang.String">type</Name>
  <Value className="java.lang.String">label</Value>
</Feature>
<Feature>
  <Name className="java.lang.String">polarity</Name>
  <Value className="java.lang.String">negative</Value>
</Feature>
<Feature>
  <Name className="java.lang.String">incomplete</Name>
  <Value className="java.lang.String">true</Value>
</Feature>
</Annotation>
<Annotation Id="48" Type="rel" StartNode="8726" EndNode="8837">
<Feature>
  <Name className="java.lang.String">type</Name>
  <Value className="java.lang.String">label</Value>
</Feature>
<Feature>
  <Name className="java.lang.String">ss-label</Name>
  <Value className="java.lang.String">makes_insurance_independent_of_job</Value>
</Feature>
<Feature>
  <Name className="java.lang.String">polarity</Name>
  <Value className="java.lang.String">negative</Value>
</Feature>
</Annotation>
<Annotation Id="55" Type="arg" StartNode="1292" EndNode="1401">
<Feature>
  <Name className="java.lang.String">unclear</Name>
  <Value className="java.lang.String">true</Value>
</Feature>
<Feature>
  <Name className="java.lang.String">ss-label</Name>
  <Value className="java.lang.String">does_not_need_to_be_bipartisan</Value>
</Feature>
<Feature>
  <Name className="java.lang.String">type</Name>
  <Value className="java.lang.String">label</Value>
</Feature>
<Feature>
  <Name className="java.lang.String">polarity</Name>
  <Value className="java.lang.String">positive</Value>
</Feature>
</Annotation>
<Annotation Id="54" Type="arg" StartNode="157" EndNode="202">
<Feature>
  <Name className="java.lang.String">ss-label</Name>
  <Value className="java.lang.String">opposition_demagogues_bill</Value>
</Feature>
<Feature>
  <Name className="java.lang.String">type</Name>
  <Value className="java.lang.String">label</Value>
</Feature>
<Feature>
  <Name className="java.lang.String">polarity</Name>
  <Value className="java.lang.String">negative</Value>
</Feature>
<Feature>
  <Name className="java.lang.String">incomplete</Name>
  <Value className="java.lang.String">true</Value>
</Feature>
</Annotation>
<Annotation Id="53" Type="arg" StartNode="88" EndNode="155">
<Feature>
  <Name className="java.lang.String">prospect</Name>
  <Value className="java.lang.String"></Value>
</Feature>
<Feature>
  <Name className="java.lang.String">ss-label</Name>
  <Value className="java.lang.String">opposition_demagogues_bill</Value>
</Feature>
<Feature>
  <Name className="java.lang.String">type</Name>
  <Value className="java.lang.String">label</Value>
</Feature>
<Feature>
  <Name className="java.lang.String">polarity</Name>
  <Value className="java.lang.String">negative</Value>
</Feature>
</Annotation>
<Annotation Id="52" Type="arg" StartNode="10169" EndNode="10290">
<Feature>
  <Name className="java.lang.String">type</Name>
  <Value className="java.lang.String">label</Value>
</Feature>
<Feature>
  <Name className="java.lang.String">ss-label</Name>
  <Value className="java.lang.String">opposition_demagogues_bill</Value>
</Feature>
<Feature>
  <Name className="java.lang.String">polarity</Name>
  <Value className="java.lang.String">negative</Value>
</Feature>
</Annotation>
<Annotation Id="59" Type="arg" StartNode="3205" EndNode="3345">
<Feature>
  <Name className="java.lang.String">ss-label</Name>
  <Value className="java.lang.String">opposition_promotes_inequality_in_healthcare</Value>
</Feature>
<Feature>
  <Name className="java.lang.String">unclear</Name>
  <Value className="java.lang.String">true</Value>
</Feature>
<Feature>
  <Name className="java.lang.String">type</Name>
  <Value className="java.lang.String">label</Value>
</Feature>
<Feature>
  <Name className="java.lang.String">polarity</Name>
  <Value className="java.lang.String">negative</Value>
</Feature>
</Annotation>
<Annotation Id="58" Type="arg" StartNode="2940" EndNode="3029">
<Feature>
  <Name className="java.lang.String">type</Name>
  <Value className="java.lang.String">label</Value>
</Feature>
<Feature>
  <Name className="java.lang.String">ss-label</Name>
  <Value className="java.lang.String">opposition_promotes_inequality_in_healthcare</Value>
</Feature>
<Feature>
  <Name className="java.lang.String">polarity</Name>
  <Value className="java.lang.String">negative</Value>
</Feature>
</Annotation>
<Annotation Id="57" Type="arg" StartNode="2877" EndNode="2938">
<Feature>
  <Name className="java.lang.String">unclear</Name>
  <Value className="java.lang.String">true</Value>
</Feature>
<Feature>
  <Name className="java.lang.String">ss-label</Name>
  <Value className="java.lang.String">opposition_promotes_inequality_in_healthcare</Value>
</Feature>
<Feature>
  <Name className="java.lang.String">type</Name>
  <Value className="java.lang.String">label</Value>
</Feature>
<Feature>
  <Name className="java.lang.String">polarity</Name>
  <Value className="java.lang.String">positive</Value>
</Feature>
</Annotation>
<Annotation Id="56" Type="arg" StartNode="2471" EndNode="2546">
<Feature>
  <Name className="java.lang.String">type</Name>
  <Value className="java.lang.String">else</Value>
</Feature>
<Feature>
  <Name className="java.lang.String">polarity</Name>
  <Value className="java.lang.String">negative</Value>
</Feature>
</Annotation>
<Annotation Id="63" Type="arg" StartNode="4107" EndNode="4175">
<Feature>
  <Name className="java.lang.String">type</Name>
  <Value className="java.lang.String">else</Value>
</Feature>
<Feature>
  <Name className="java.lang.String">polarity</Name>
  <Value className="java.lang.String">positive</Value>
</Feature>
</Annotation>
<Annotation Id="62" Type="arg" StartNode="4508" EndNode="4614">
<Feature>
  <Name className="java.lang.String">type</Name>
  <Value className="java.lang.String">else</Value>
</Feature>
<Feature>
  <Name className="java.lang.String">polarity</Name>
  <Value className="java.lang.String">negative</Value>
</Feature>
</Annotation>
<Annotation Id="61" Type="arg" StartNode="3969" EndNode="4105">
<Feature>
  <Name className="java.lang.String">type</Name>
  <Value className="java.lang.String">else</Value>
</Feature>
<Feature>
  <Name className="java.lang.String">polarity</Name>
  <Value className="java.lang.String">negative</Value>
</Feature>
</Annotation>
<Annotation Id="60" Type="arg" StartNode="3350" EndNode="3387">
<Feature>
  <Name className="java.lang.String">type</Name>
  <Value className="java.lang.String">else</Value>
</Feature>
<Feature>
  <Name className="java.lang.String">polarity</Name>
  <Value className="java.lang.String">negative</Value>
</Feature>
</Annotation>
<Annotation Id="68" Type="rel" StartNode="1540" EndNode="1644">
<Feature>
  <Name className="java.lang.String">type</Name>
  <Value className="java.lang.String">label</Value>
</Feature>
<Feature>
  <Name className="java.lang.String">ss-label</Name>
  <Value className="java.lang.String">does_not_need_to_be_bipartisan</Value>
</Feature>
</Annotation>
<Annotation Id="69" Type="rel" StartNode="1646" EndNode="1729">
<Feature>
  <Name className="java.lang.String">type</Name>
  <Value className="java.lang.String">label</Value>
</Feature>
<Feature>
  <Name className="java.lang.String">ss-label</Name>
  <Value className="java.lang.String">does_not_need_to_be_bipartisan</Value>
</Feature>
</Annotation>
<Annotation Id="70" Type="arg" StartNode="1976" EndNode="2118">
<Feature>
  <Name className="java.lang.String">type</Name>
  <Value className="java.lang.String">label</Value>
</Feature>
<Feature>
  <Name className="java.lang.String">ss-label</Name>
  <Value className="java.lang.String">does_not_need_to_be_bipartisan</Value>
</Feature>
<Feature>
  <Name className="java.lang.String">polarity</Name>
  <Value className="java.lang.String">positive</Value>
</Feature>
</Annotation>
<Annotation Id="71" Type="arg" StartNode="249" EndNode="319">
<Feature>
  <Name className="java.lang.String">type</Name>
  <Value className="java.lang.String">else</Value>
</Feature>
<Feature>
  <Name className="java.lang.String">polarity</Name>
  <Value className="java.lang.String">positive</Value>
</Feature>
</Annotation>
<Annotation Id="64" Type="arg" StartNode="4458" EndNode="4506">
<Feature>
  <Name className="java.lang.String">ss-label</Name>
  <Value className="java.lang.String">opposition_demagogues_bill</Value>
</Feature>
<Feature>
  <Name className="java.lang.String">type</Name>
  <Value className="java.lang.String">label</Value>
</Feature>
<Feature>
  <Name className="java.lang.String">polarity</Name>
  <Value className="java.lang.String">negative</Value>
</Feature>
<Feature>
  <Name className="java.lang.String">incomplete</Name>
  <Value className="java.lang.String">true</Value>
</Feature>
</Annotation>
<Annotation Id="65" Type="arg" StartNode="4619" EndNode="4749">
<Feature>
  <Name className="java.lang.String">type</Name>
  <Value className="java.lang.String">else</Value>
</Feature>
<Feature>
  <Name className="java.lang.String">polarity</Name>
  <Value className="java.lang.String">negative</Value>
</Feature>
</Annotation>
<Annotation Id="66" Type="arg" StartNode="4751" EndNode="4855">
<Feature>
  <Name className="java.lang.String">type</Name>
  <Value className="java.lang.String">else</Value>
</Feature>
<Feature>
  <Name className="java.lang.String">polarity</Name>
  <Value className="java.lang.String">negative</Value>
</Feature>
</Annotation>
<Annotation Id="67" Type="arg" StartNode="1403" EndNode="1538">
<Feature>
  <Name className="java.lang.String">type</Name>
  <Value className="java.lang.String">label</Value>
</Feature>
<Feature>
  <Name className="java.lang.String">ss-label</Name>
  <Value className="java.lang.String">does_not_need_to_be_bipartisan</Value>
</Feature>
<Feature>
  <Name className="java.lang.String">polarity</Name>
  <Value className="java.lang.String">negative</Value>
</Feature>
</Annotation>
<Annotation Id="76" Type="arg" StartNode="5576" EndNode="5661">
<Feature>
  <Name className="java.lang.String">type</Name>
  <Value className="java.lang.String">else</Value>
</Feature>
<Feature>
  <Name className="java.lang.String">ss-label</Name>
  <Value className="java.lang.String"></Value>
</Feature>
<Feature>
  <Name className="java.lang.String">polarity</Name>
  <Value className="java.lang.String">positive</Value>
</Feature>
</Annotation>
<Annotation Id="77" Type="arg" StartNode="5497" EndNode="5571">
<Feature>
  <Name className="java.lang.String">type</Name>
  <Value className="java.lang.String">else</Value>
</Feature>
<Feature>
  <Name className="java.lang.String">polarity</Name>
  <Value className="java.lang.String">positive</Value>
</Feature>
</Annotation>
<Annotation Id="78" Type="arg" StartNode="5663" EndNode="5789">
<Feature>
  <Name className="java.lang.String">unclear</Name>
  <Value className="java.lang.String">true</Value>
</Feature>
<Feature>
  <Name className="java.lang.String">ss-label</Name>
  <Value className="java.lang.String">opposition_demagogues_bill</Value>
</Feature>
<Feature>
  <Name className="java.lang.String">type</Name>
  <Value className="java.lang.String">label</Value>
</Feature>
<Feature>
  <Name className="java.lang.String">polarity</Name>
  <Value className="java.lang.String">positive</Value>
</Feature>
</Annotation>
<Annotation Id="79" Type="arg" StartNode="6563" EndNode="6650">
<Feature>
  <Name className="java.lang.String">ss-label</Name>
  <Value className="java.lang.String">opposition_demagogues_bill</Value>
</Feature>
<Feature>
  <Name className="java.lang.String">unclear</Name>
  <Value className="java.lang.String">true</Value>
</Feature>
<Feature>
  <Name className="java.lang.String">type</Name>
  <Value className="java.lang.String">label</Value>
</Feature>
<Feature>
  <Name className="java.lang.String">polarity</Name>
  <Value className="java.lang.String">negative</Value>
</Feature>
</Annotation>
<Annotation Id="72" Type="rel" StartNode="321" EndNode="430">
<Feature>
  <Name className="java.lang.String">type</Name>
  <Value className="java.lang.String">label</Value>
</Feature>
<Feature>
  <Name className="java.lang.String">ss-label</Name>
  <Value className="java.lang.String">opposition_demagogues_bill</Value>
</Feature>
<Feature>
  <Name className="java.lang.String">unclear</Name>
  <Value className="java.lang.String">true</Value>
</Feature>
</Annotation>
<Annotation Id="73" Type="rel" StartNode="618" EndNode="776">
<Feature>
  <Name className="java.lang.String">type</Name>
  <Value className="java.lang.String">label</Value>
</Feature>
<Feature>
  <Name className="java.lang.String">ss-label</Name>
  <Value className="java.lang.String">opposition_demagogues_bill</Value>
</Feature>
<Feature>
  <Name className="java.lang.String">unclear</Name>
  <Value className="java.lang.String">true</Value>
</Feature>
</Annotation>
<Annotation Id="74" Type="arg" StartNode="3470" EndNode="3565">
<Feature>
  <Name className="java.lang.String">type</Name>
  <Value className="java.lang.String">else</Value>
</Feature>
<Feature>
  <Name className="java.lang.String">unclear</Name>
  <Value className="java.lang.String">true</Value>
</Feature>
<Feature>
  <Name className="java.lang.String">polarity</Name>
  <Value className="java.lang.String">positive</Value>
</Feature>
</Annotation>
<Annotation Id="75" Type="arg" StartNode="5057" EndNode="5144">
<Feature>
  <Name className="java.lang.String">type</Name>
  <Value className="java.lang.String">else</Value>
</Feature>
<Feature>
  <Name className="java.lang.String">unclear</Name>
  <Value className="java.lang.String">true</Value>
</Feature>
<Feature>
  <Name className="java.lang.String">polarity</Name>
  <Value className="java.lang.String">negative</Value>
</Feature>
</Annotation>
<Annotation Id="85" Type="rel" StartNode="7324" EndNode="7462">
<Feature>
  <Name className="java.lang.String">type</Name>
  <Value className="java.lang.String">label</Value>
</Feature>
<Feature>
  <Name className="java.lang.String">ss-label</Name>
  <Value className="java.lang.String">opposition_demagogues_bill</Value>
</Feature>
</Annotation>
<Annotation Id="86" Type="arg" StartNode="7827" EndNode="7954">
<Feature>
  <Name className="java.lang.String">type</Name>
  <Value className="java.lang.String">else</Value>
</Feature>
<Feature>
  <Name className="java.lang.String">polarity</Name>
  <Value className="java.lang.String">positive</Value>
</Feature>
</Annotation>
<Annotation Id="81" Type="arg" StartNode="6223" EndNode="6322">
<Feature>
  <Name className="java.lang.String">unclear</Name>
  <Value className="java.lang.String">true</Value>
</Feature>
<Feature>
  <Name className="java.lang.String">ss-label</Name>
  <Value className="java.lang.String">opposition_demagogues_bill</Value>
</Feature>
<Feature>
  <Name className="java.lang.String">type</Name>
  <Value className="java.lang.String">label</Value>
</Feature>
<Feature>
  <Name className="java.lang.String">polarity</Name>
  <Value className="java.lang.String">negative</Value>
</Feature>
</Annotation>
<Annotation Id="80" Type="rel" StartNode="5933" EndNode="6013">
<Feature>
  <Name className="java.lang.String">type</Name>
  <Value className="java.lang.String">label</Value>
</Feature>
<Feature>
  <Name className="java.lang.String">ss-label</Name>
  <Value className="java.lang.String">opposition_demagogues_bill</Value>
</Feature>
</Annotation>
<Annotation Id="83" Type="arg" StartNode="6889" EndNode="6996">
<Feature>
  <Name className="java.lang.String">type</Name>
  <Value className="java.lang.String">else</Value>
</Feature>
<Feature>
  <Name className="java.lang.String">unclear</Name>
  <Value className="java.lang.String">true</Value>
</Feature>
<Feature>
  <Name className="java.lang.String">polarity</Name>
  <Value className="java.lang.String">negative</Value>
</Feature>
</Annotation>
<Annotation Id="93" Type="arg" StartNode="9246" EndNode="9288">
<Feature>
  <Name className="java.lang.String">type</Name>
  <Value className="java.lang.String">else</Value>
</Feature>
<Feature>
  <Name className="java.lang.String">ss-label</Name>
  <Value className="java.lang.String"></Value>
</Feature>
<Feature>
  <Name className="java.lang.String">polarity</Name>
  <Value className="java.lang.String">negative</Value>
</Feature>
</Annotation>
<Annotation Id="92" Type="rel" StartNode="8951" EndNode="8990">
<Feature>
  <Name className="java.lang.String">type</Name>
  <Value className="java.lang.String">label</Value>
</Feature>
<Feature>
  <Name className="java.lang.String">ss-label</Name>
  <Value className="java.lang.String">makes_insurance_independent_of_job</Value>
</Feature>
</Annotation>
<Annotation Id="95" Type="rel" StartNode="9022" EndNode="9111">
<Feature>
  <Name className="java.lang.String">type</Name>
  <Value className="java.lang.String">label</Value>
</Feature>
<Feature>
  <Name className="java.lang.String">ss-label</Name>
  <Value className="java.lang.String">expands/guarentees_access_to_insurance</Value>
</Feature>
<Feature>
  <Name className="java.lang.String">unclear</Name>
  <Value className="java.lang.String">true</Value>
</Feature>
</Annotation>
<Annotation Id="94" Type="rel" StartNode="8992" EndNode="9017">
<Feature>
  <Name className="java.lang.String">type</Name>
  <Value className="java.lang.String">label</Value>
</Feature>
<Feature>
  <Name className="java.lang.String">ss-label</Name>
  <Value className="java.lang.String">makes_insurance_independent_of_job</Value>
</Feature>
</Annotation>
<Annotation Id="89" Type="rel" StartNode="8591" EndNode="8615">
<Feature>
  <Name className="java.lang.String">type</Name>
  <Value className="java.lang.String">label</Value>
</Feature>
<Feature>
  <Name className="java.lang.String">ss-label</Name>
  <Value className="java.lang.String">tort_reform_not_answer</Value>
</Feature>
</Annotation>
<Annotation Id="88" Type="rel" StartNode="8387" EndNode="8589">
<Feature>
  <Name className="java.lang.String">type</Name>
  <Value className="java.lang.String">label</Value>
</Feature>
<Feature>
  <Name className="java.lang.String">ss-label</Name>
  <Value className="java.lang.String">tort_reform_not_answer</Value>
</Feature>
</Annotation>
<Annotation Id="91" Type="rel" StartNode="8839" EndNode="8875">
<Feature>
  <Name className="java.lang.String">type</Name>
  <Value className="java.lang.String">label</Value>
</Feature>
<Feature>
  <Name className="java.lang.String">ss-label</Name>
  <Value className="java.lang.String">makes_insurance_independent_of_job</Value>
</Feature>
<Feature>
  <Name className="java.lang.String">unclear</Name>
  <Value className="java.lang.String">true</Value>
</Feature>
</Annotation>
<Annotation Id="90" Type="arg" StartNode="8672" EndNode="8724">
<Feature>
  <Name className="java.lang.String">type</Name>
  <Value className="java.lang.String">else</Value>
</Feature>
<Feature>
  <Name className="java.lang.String">unclear</Name>
  <Value className="java.lang.String">true</Value>
</Feature>
<Feature>
  <Name className="java.lang.String">polarity</Name>
  <Value className="java.lang.String">negative</Value>
</Feature>
</Annotation>
<Annotation Id="102" Type="arg" StartNode="10292" EndNode="10403">
<Feature>
  <Name className="java.lang.String">type</Name>
  <Value className="java.lang.String">label</Value>
</Feature>
<Feature>
  <Name className="java.lang.String">ss-label</Name>
  <Value className="java.lang.String">bill_will_improve_healthcare_system</Value>
</Feature>
<Feature>
  <Name className="java.lang.String">polarity</Name>
  <Value className="java.lang.String">positive</Value>
</Feature>
</Annotation>
<Annotation Id="103" Type="gfbf" StartNode="120" EndNode="131">
<Feature>
  <Name className="java.lang.String">agentId</Name>
  <Value className="java.lang.String">104</Value>
</Feature>
<Feature>
  <Name className="java.lang.String">polarity</Name>
  <Value className="java.lang.String">badfor</Value>
</Feature>
<Feature>
  <Name className="java.lang.String">objectId</Name>
  <Value className="java.lang.String">105</Value>
</Feature>
</Annotation>
<Annotation Id="100" Type="arg" StartNode="10133" EndNode="10163">
<Feature>
  <Name className="java.lang.String">ss-label</Name>
  <Value className="java.lang.String">opposition_demagogues_bill</Value>
</Feature>
<Feature>
  <Name className="java.lang.String">unclear</Name>
  <Value className="java.lang.String">true</Value>
</Feature>
<Feature>
  <Name className="java.lang.String">type</Name>
  <Value className="java.lang.String">else</Value>
</Feature>
<Feature>
  <Name className="java.lang.String">polarity</Name>
  <Value className="java.lang.String">negative</Value>
</Feature>
</Annotation>
<Annotation Id="101" Type="arg" StartNode="10405" EndNode="10578">
<Feature>
  <Name className="java.lang.String">ss-label</Name>
  <Value className="java.lang.String">opposition_demagogues_bill</Value>
</Feature>
<Feature>
  <Name className="java.lang.String">unclear</Name>
  <Value className="java.lang.String">true</Value>
</Feature>
<Feature>
  <Name className="java.lang.String">type</Name>
  <Value className="java.lang.String">label</Value>
</Feature>
<Feature>
  <Name className="java.lang.String">polarity</Name>
  <Value className="java.lang.String">negative</Value>
</Feature>
</Annotation>
<Annotation Id="98" Type="rel" StartNode="9583" EndNode="9744">
<Feature>
  <Name className="java.lang.String">type</Name>
  <Value className="java.lang.String">label</Value>
</Feature>
<Feature>
  <Name className="java.lang.String">ss-label</Name>
  <Value className="java.lang.String">opposition_demagogues_bill</Value>
</Feature>
</Annotation>
<Annotation Id="99" Type="rel" StartNode="9786" EndNode="9892">
<Feature>
  <Name className="java.lang.String">type</Name>
  <Value className="java.lang.String">label</Value>
</Feature>
<Feature>
  <Name className="java.lang.String">ss-label</Name>
  <Value className="java.lang.String">opposition_demagogues_bill</Value>
</Feature>
</Annotation>
<Annotation Id="96" Type="rel" StartNode="9112" EndNode="9186">
<Feature>
  <Name className="java.lang.String">type</Name>
  <Value className="java.lang.String">label</Value>
</Feature>
<Feature>
  <Name className="java.lang.String">ss-label</Name>
  <Value className="java.lang.String">expands/guarentees_access_to_insurance</Value>
</Feature>
<Feature>
  <Name className="java.lang.String">unclear</Name>
  <Value className="java.lang.String">true</Value>
</Feature>
</Annotation>
<Annotation Id="97" Type="rel" StartNode="9187" EndNode="9241">
<Feature>
  <Name className="java.lang.String">type</Name>
  <Value className="java.lang.String">label</Value>
</Feature>
<Feature>
  <Name className="java.lang.String">ss-label</Name>
  <Value className="java.lang.String">expands/guarentees_access_to_insurance</Value>
</Feature>
<Feature>
  <Name className="java.lang.String">unclear</Name>
  <Value className="java.lang.String">true</Value>
</Feature>
</Annotation>
<Annotation Id="110" Type="gfbf-agent" StartNode="1513" EndNode="1526">
<Feature>
  <Name className="java.lang.String">writerAtt</Name>
  <Value className="java.lang.String">positive</Value>
</Feature>
</Annotation>
<Annotation Id="111" Type="gfbf-object" StartNode="1536" EndNode="1538">
<Feature>
  <Name className="java.lang.String">referentId</Name>
  <Value className="java.lang.String">177</Value>
</Feature>
<Feature>
  <Name className="java.lang.String">refererence</Name>
  <Value className="java.lang.String">true</Value>
</Feature>
<Feature>
  <Name className="java.lang.String">writerAtt</Name>
  <Value className="java.lang.String">negative</Value>
</Feature>
</Annotation>
<Annotation Id="108" Type="gfbf-agent" StartNode="1214" EndNode="1238">
<Feature>
  <Name className="java.lang.String">writerAtt</Name>
  <Value className="java.lang.String">negative</Value>
</Feature>
</Annotation>
<Annotation Id="109" Type="gfbf" StartNode="1527" EndNode="1535">
<Feature>
  <Name className="java.lang.String">agentId</Name>
  <Value className="java.lang.String">110</Value>
</Feature>
<Feature>
  <Name className="java.lang.String">polarity</Name>
  <Value className="java.lang.String">goodfor</Value>
</Feature>
<Feature>
  <Name className="java.lang.String">objectId</Name>
  <Value className="java.lang.String">111</Value>
</Feature>
</Annotation>
<Annotation Id="106" Type="gfbf" StartNode="1249" EndNode="1268">
<Feature>
  <Name className="java.lang.String">agentId</Name>
  <Value className="java.lang.String">108</Value>
</Feature>
<Feature>
  <Name className="java.lang.String">polarity</Name>
  <Value className="java.lang.String">badfor</Value>
</Feature>
<Feature>
  <Name className="java.lang.String">objectId</Name>
  <Value className="java.lang.String">107</Value>
</Feature>
</Annotation>
<Annotation Id="107" Type="gfbf-object" StartNode="1269" EndNode="1287">
<Feature>
  <Name className="java.lang.String">writerAtt</Name>
  <Value className="java.lang.String">positive</Value>
</Feature>
</Annotation>
<Annotation Id="104" Type="gfbf-agent" StartNode="92" EndNode="110">
<Feature>
  <Name className="java.lang.String">writerAtt</Name>
  <Value className="java.lang.String">positive</Value>
</Feature>
</Annotation>
<Annotation Id="105" Type="gfbf-object" StartNode="135" EndNode="155">
<Feature>
  <Name className="java.lang.String">writerAtt</Name>
  <Value className="java.lang.String">negative</Value>
</Feature>
</Annotation>
<Annotation Id="119" Type="gfbf-object" StartNode="2177" EndNode="2200">
<Feature>
  <Name className="java.lang.String">writerAtt</Name>
  <Value className="java.lang.String">positive</Value>
</Feature>
</Annotation>
<Annotation Id="118" Type="gfbf-agent" StartNode="2139" EndNode="2150">
<Feature>
  <Name className="java.lang.String">writerAtt</Name>
  <Value className="java.lang.String">negative</Value>
</Feature>
</Annotation>
<Annotation Id="117" Type="gfbf" StartNode="2168" EndNode="2176">
<Feature>
  <Name className="java.lang.String">agentId</Name>
  <Value className="java.lang.String">118</Value>
</Feature>
<Feature>
  <Name className="java.lang.String">polarity</Name>
  <Value className="java.lang.String">goodfor</Value>
</Feature>
<Feature>
  <Name className="java.lang.String">objectId</Name>
  <Value className="java.lang.String">119</Value>
</Feature>
</Annotation>
<Annotation Id="116" Type="influencer" StartNode="2081" EndNode="2084">
<Feature>
  <Name className="java.lang.String">unclear</Name>
  <Value className="java.lang.String">true</Value>
</Feature>
<Feature>
  <Name className="java.lang.String">agentId</Name>
  <Value className="java.lang.String">115</Value>
</Feature>
<Feature>
  <Name className="java.lang.String">objectId</Name>
  <Value className="java.lang.String">113</Value>
</Feature>
<Feature>
  <Name className="java.lang.String">effect</Name>
  <Value className="java.lang.String">reverse</Value>
</Feature>
</Annotation>
<Annotation Id="115" Type="gfbf-agent" StartNode="2094" EndNode="2105">
<Feature>
  <Name className="java.lang.String">writerAtt</Name>
  <Value className="java.lang.String">negative</Value>
</Feature>
</Annotation>
<Annotation Id="114" Type="gfbf-object" StartNode="2116" EndNode="2118">
<Feature>
  <Name className="java.lang.String">referentId</Name>
  <Value className="java.lang.String">178</Value>
</Feature>
<Feature>
  <Name className="java.lang.String">refererence</Name>
  <Value className="java.lang.String">true</Value>
</Feature>
<Feature>
  <Name className="java.lang.String">writerAtt</Name>
  <Value className="java.lang.String">positive</Value>
</Feature>
</Annotation>
<Annotation Id="113" Type="gfbf" StartNode="2106" EndNode="2115">
<Feature>
  <Name className="java.lang.String">agentId</Name>
  <Value className="java.lang.String">115</Value>
</Feature>
<Feature>
  <Name className="java.lang.String">polarity</Name>
  <Value className="java.lang.String">goodfor</Value>
</Feature>
<Feature>
  <Name className="java.lang.String">objectId</Name>
  <Value className="java.lang.String">114</Value>
</Feature>
</Annotation>
<Annotation Id="112" Type="influencer" StartNode="1510" EndNode="1512">
<Feature>
  <Name className="java.lang.String">effect</Name>
  <Value className="java.lang.String">reverse</Value>
</Feature>
<Feature>
  <Name className="java.lang.String">agentId</Name>
  <Value className="java.lang.String">110</Value>
</Feature>
<Feature>
  <Name className="java.lang.String">objectId</Name>
  <Value className="java.lang.String">109</Value>
</Feature>
</Annotation>
<Annotation Id="127" Type="gfbf" StartNode="3541" EndNode="3547">
<Feature>
  <Name className="java.lang.String">agentId</Name>
  <Value className="java.lang.String">129</Value>
</Feature>
<Feature>
  <Name className="java.lang.String">polarity</Name>
  <Value className="java.lang.String">badfor</Value>
</Feature>
<Feature>
  <Name className="java.lang.String">objectId</Name>
  <Value className="java.lang.String">128</Value>
</Feature>
</Annotation>
<Annotation Id="126" Type="others" StartNode="3153" EndNode="3168">
<Feature>
  <Name className="java.lang.String">comment</Name>
  <Value className="java.lang.String">descriptive?</Value>
</Feature>
</Annotation>
<Annotation Id="125" Type="others" StartNode="3093" EndNode="3106">
</Annotation>
<Annotation Id="124" Type="gfbf-agent" StartNode="2487" EndNode="2489">
<Feature>
  <Name className="java.lang.String">writerAtt</Name>
  <Value className="java.lang.String">positive</Value>
</Feature>
</Annotation>
<Annotation Id="123" Type="influencer" StartNode="2490" EndNode="2499">
<Feature>
  <Name className="java.lang.String">effect</Name>
  <Value className="java.lang.String">reverse</Value>
</Feature>
<Feature>
  <Name className="java.lang.String">agentId</Name>
  <Value className="java.lang.String">124</Value>
</Feature>
<Feature>
  <Name className="java.lang.String">objectId</Name>
  <Value className="java.lang.String">121</Value>
</Feature>
</Annotation>
<Annotation Id="122" Type="gfbf-object" StartNode="2506" EndNode="2546">
<Feature>
  <Name className="java.lang.String">writerAtt</Name>
  <Value className="java.lang.String">positive</Value>
</Feature>
</Annotation>
<Annotation Id="121" Type="gfbf" StartNode="2500" EndNode="2504">
<Feature>
  <Name className="java.lang.String">agentId</Name>
  <Value className="java.lang.String">124</Value>
</Feature>
<Feature>
  <Name className="java.lang.String">polarity</Name>
  <Value className="java.lang.String">badfor</Value>
</Feature>
<Feature>
  <Name className="java.lang.String">objectId</Name>
  <Value className="java.lang.String">122</Value>
</Feature>
</Annotation>
<Annotation Id="120" Type="influencer" StartNode="2155" EndNode="2158">
<Feature>
  <Name className="java.lang.String">effect</Name>
  <Value className="java.lang.String">reverse</Value>
</Feature>
<Feature>
  <Name className="java.lang.String">agentId</Name>
  <Value className="java.lang.String">118</Value>
</Feature>
<Feature>
  <Name className="java.lang.String">objectId</Name>
  <Value className="java.lang.String">117</Value>
</Feature>
</Annotation>
<Annotation Id="137" Type="gfbf-agent" StartNode="4649" EndNode="4664">
<Feature>
  <Name className="java.lang.String">writerAtt</Name>
  <Value className="java.lang.String">negative</Value>
</Feature>
</Annotation>
<Annotation Id="136" Type="gfbf-object" StartNode="4690" EndNode="4711">
<Feature>
  <Name className="java.lang.String">writerAtt</Name>
  <Value className="java.lang.String">positive</Value>
</Feature>
</Annotation>
<Annotation Id="139" Type="gfbf-object" StartNode="4837" EndNode="4855">
<Feature>
  <Name className="java.lang.String">writerAtt</Name>
  <Value className="java.lang.String">positive</Value>
</Feature>
</Annotation>
<Annotation Id="138" Type="gfbf" StartNode="4829" EndNode="4836">
<Feature>
  <Name className="java.lang.String">agentId</Name>
  <Value className="java.lang.String">140</Value>
</Feature>
<Feature>
  <Name className="java.lang.String">polarity</Name>
  <Value className="java.lang.String">badfor</Value>
</Feature>
<Feature>
  <Name className="java.lang.String">objectId</Name>
  <Value className="java.lang.String">139</Value>
</Feature>
</Annotation>
<Annotation Id="141" Type="gfbf" StartNode="5278" EndNode="5285">
<Feature>
  <Name className="java.lang.String">agentId</Name>
  <Value className="java.lang.String">145</Value>
</Feature>
<Feature>
  <Name className="java.lang.String">polarity</Name>
  <Value className="java.lang.String">badfor</Value>
</Feature>
<Feature>
  <Name className="java.lang.String">objectId</Name>
  <Value className="java.lang.String">142</Value>
</Feature>
</Annotation>
<Annotation Id="140" Type="gfbf-agent" StartNode="4806" EndNode="4828">
<Feature>
  <Name className="java.lang.String">writerAtt</Name>
  <Value className="java.lang.String">negative</Value>
</Feature>
</Annotation>
<Annotation Id="143" Type="gfbf" StartNode="5302" EndNode="5310">
<Feature>
  <Name className="java.lang.String">agentId</Name>
  <Value className="java.lang.String">146</Value>
</Feature>
<Feature>
  <Name className="java.lang.String">polarity</Name>
  <Value className="java.lang.String">badfor</Value>
</Feature>
<Feature>
  <Name className="java.lang.String">objectId</Name>
  <Value className="java.lang.String">144</Value>
</Feature>
</Annotation>
<Annotation Id="142" Type="gfbf-object" StartNode="5286" EndNode="5297">
<Feature>
  <Name className="java.lang.String">writerAtt</Name>
  <Value className="java.lang.String">positive</Value>
</Feature>
</Annotation>
<Annotation Id="129" Type="gfbf-agent" StartNode="3519" EndNode="3521">
<Feature>
  <Name className="java.lang.String">writerAtt</Name>
  <Value className="java.lang.String">positive</Value>
</Feature>
</Annotation>
<Annotation Id="128" Type="gfbf-object" StartNode="3548" EndNode="3565">
<Feature>
  <Name className="java.lang.String">writerAtt</Name>
  <Value className="java.lang.String">negative</Value>
</Feature>
</Annotation>
<Annotation Id="131" Type="influencer" StartNode="4074" EndNode="4083">
<Feature>
  <Name className="java.lang.String">effect</Name>
  <Value className="java.lang.String">reverse</Value>
</Feature>
<Feature>
  <Name className="java.lang.String">agentId</Name>
  <Value className="java.lang.String">134</Value>
</Feature>
<Feature>
  <Name className="java.lang.String">objectId</Name>
  <Value className="java.lang.String">132</Value>
</Feature>
</Annotation>
<Annotation Id="130" Type="influencer" StartNode="3524" EndNode="3534">
<Feature>
  <Name className="java.lang.String">effect</Name>
  <Value className="java.lang.String">reverse</Value>
</Feature>
<Feature>
  <Name className="java.lang.String">agentId</Name>
  <Value className="java.lang.String">129</Value>
</Feature>
<Feature>
  <Name className="java.lang.String">objectId</Name>
  <Value className="java.lang.String">127</Value>
</Feature>
</Annotation>
<Annotation Id="133" Type="gfbf-object" StartNode="4091" EndNode="4105">
<Feature>
  <Name className="java.lang.String">writerAtt</Name>
  <Value className="java.lang.String">negative</Value>
</Feature>
</Annotation>
<Annotation Id="132" Type="gfbf" StartNode="4084" EndNode="4090">
<Feature>
  <Name className="java.lang.String">agentId</Name>
  <Value className="java.lang.String">134</Value>
</Feature>
<Feature>
  <Name className="java.lang.String">polarity</Name>
  <Value className="java.lang.String">badfor</Value>
</Feature>
<Feature>
  <Name className="java.lang.String">objectId</Name>
  <Value className="java.lang.String">133</Value>
</Feature>
</Annotation>
<Annotation Id="135" Type="gfbf" StartNode="4682" EndNode="4689">
<Feature>
  <Name className="java.lang.String">unclear</Name>
  <Value className="java.lang.String">true</Value>
</Feature>
<Feature>
  <Name className="java.lang.String">agentId</Name>
  <Value className="java.lang.String">137</Value>
</Feature>
<Feature>
  <Name className="java.lang.String">objectId</Name>
  <Value className="java.lang.String">136</Value>
</Feature>
<Feature>
  <Name className="java.lang.String">polarity</Name>
  <Value className="java.lang.String">badfor</Value>
</Feature>
</Annotation>
<Annotation Id="134" Type="gfbf-agent" StartNode="4071" EndNode="4073">
<Feature>
  <Name className="java.lang.String">writerAtt</Name>
  <Value className="java.lang.String">positive</Value>
</Feature>
</Annotation>
<Annotation Id="152" Type="gfbf-agent" StartNode="6568" EndNode="6572">
<Feature>
  <Name className="java.lang.String">reference</Name>
  <Value className="java.lang.String">true</Value>
</Feature>
<Feature>
  <Name className="java.lang.String">referentId</Name>
  <Value className="java.lang.String">180</Value>
</Feature>
<Feature>
  <Name className="java.lang.String">writerAtt</Name>
  <Value className="java.lang.String">negative</Value>
</Feature>
</Annotation>
<Annotation Id="154" Type="others" StartNode="7279" EndNode="7322">
<Feature>
  <Name className="java.lang.String">comment</Name>
  <Value className="java.lang.String">BadFor agent</Value>
</Feature>
</Annotation>
<Annotation Id="155" Type="others" StartNode="7209" EndNode="7250">
<Feature>
  <Name className="java.lang.String">comment</Name>
  <Value className="java.lang.String">this is negative subjectivity?</Value>
</Feature>
</Annotation>
<Annotation Id="156" Type="others" StartNode="7585" EndNode="7614">
<Feature>
  <Name className="java.lang.String">comment</Name>
  <Value className="java.lang.String">how...subjectivity</Value>
</Feature>
</Annotation>
<Annotation Id="157" Type="others" StartNode="7628" EndNode="7664">
<Feature>
  <Name className="java.lang.String">comment</Name>
  <Value className="java.lang.String">make sth ADJ</Value>
</Feature>
</Annotation>
<Annotation Id="158" Type="others" StartNode="7874" EndNode="7877">
<Feature>
  <Name className="java.lang.String">comment</Name>
  <Value className="java.lang.String">no object?</Value>
</Feature>
</Annotation>
<Annotation Id="159" Type="gfbf" StartNode="8123" EndNode="8130">
<Feature>
  <Name className="java.lang.String">agentId</Name>
  <Value className="java.lang.String">182</Value>
</Feature>
<Feature>
  <Name className="java.lang.String">objectId</Name>
  <Value className="java.lang.String">160</Value>
</Feature>
<Feature>
  <Name className="java.lang.String">polarity</Name>
  <Value className="java.lang.String">badfor</Value>
</Feature>
</Annotation>
<Annotation Id="144" Type="gfbf-object" StartNode="5311" EndNode="5320">
<Feature>
  <Name className="java.lang.String">writerAtt</Name>
  <Value className="java.lang.String">positive</Value>
</Feature>
</Annotation>
<Annotation Id="145" Type="gfbf-agent" StartNode="5190" EndNode="5237">
<Feature>
  <Name className="java.lang.String">writerAtt</Name>
  <Value className="java.lang.String">negative</Value>
</Feature>
</Annotation>
<Annotation Id="146" Type="gfbf-agent" StartNode="5190" EndNode="5237">
<Feature>
  <Name className="java.lang.String">writerAtt</Name>
  <Value className="java.lang.String">negative</Value>
</Feature>
</Annotation>
<Annotation Id="147" Type="gfbf" StartNode="5641" EndNode="5649">
<Feature>
  <Name className="java.lang.String">agentId</Name>
  <Value className="java.lang.String">150</Value>
</Feature>
<Feature>
  <Name className="java.lang.String">polarity</Name>
  <Value className="java.lang.String">goodfor</Value>
</Feature>
<Feature>
  <Name className="java.lang.String">objectId</Name>
  <Value className="java.lang.String">148</Value>
</Feature>
</Annotation>
<Annotation Id="148" Type="gfbf-object" StartNode="5650" EndNode="5661">
<Feature>
  <Name className="java.lang.String">writerAtt</Name>
  <Value className="java.lang.String">negative</Value>
</Feature>
</Annotation>
<Annotation Id="149" Type="influencer" StartNode="5633" EndNode="5640">
<Feature>
  <Name className="java.lang.String">effect</Name>
  <Value className="java.lang.String">reverse</Value>
</Feature>
<Feature>
  <Name className="java.lang.String">agentId</Name>
  <Value className="java.lang.String">150</Value>
</Feature>
<Feature>
  <Name className="java.lang.String">objectId</Name>
  <Value className="java.lang.String">147</Value>
</Feature>
</Annotation>
<Annotation Id="150" Type="gfbf-agent" StartNode="5630" EndNode="5632">
<Feature>
  <Name className="java.lang.String">reference</Name>
  <Value className="java.lang.String">true</Value>
</Feature>
<Feature>
  <Name className="java.lang.String">referentId</Name>
  <Value className="java.lang.String">179</Value>
</Feature>
<Feature>
  <Name className="java.lang.String">writerAtt</Name>
  <Value className="java.lang.String">positive</Value>
</Feature>
</Annotation>
<Annotation Id="151" Type="gfbf" StartNode="6573" EndNode="6579">
<Feature>
  <Name className="java.lang.String">agentId</Name>
  <Value className="java.lang.String">152</Value>
</Feature>
<Feature>
  <Name className="java.lang.String">polarity</Name>
  <Value className="java.lang.String">badfor</Value>
</Feature>
<Feature>
  <Name className="java.lang.String">objectId</Name>
  <Value className="java.lang.String">181</Value>
</Feature>
</Annotation>
<Annotation Id="171" Type="gfbf" StartNode="10350" EndNode="10373">
<Feature>
  <Name className="java.lang.String">unclear</Name>
  <Value className="java.lang.String">true</Value>
</Feature>
<Feature>
  <Name className="java.lang.String">agentId</Name>
  <Value className="java.lang.String">173</Value>
</Feature>
<Feature>
  <Name className="java.lang.String">objectId</Name>
  <Value className="java.lang.String">172</Value>
</Feature>
<Feature>
  <Name className="java.lang.String">polarity</Name>
  <Value className="java.lang.String">goodfor</Value>
</Feature>
</Annotation>
<Annotation Id="169" Type="gfbf-agent" StartNode="10133" EndNode="10145">
<Feature>
  <Name className="java.lang.String">writerAtt</Name>
  <Value className="java.lang.String">positive</Value>
</Feature>
</Annotation>
<Annotation Id="168" Type="gfbf-object" StartNode="10160" EndNode="10163">
<Feature>
  <Name className="java.lang.String">writerAtt</Name>
  <Value className="java.lang.String">positive</Value>
</Feature>
</Annotation>
<Annotation Id="175" Type="gfbf-object" StartNode="33" EndNode="51">
<Feature>
  <Name className="java.lang.String">writerAtt</Name>
  <Value className="java.lang.String">positive</Value>
</Feature>
</Annotation>
<Annotation Id="174" Type="gfbf" StartNode="25" EndNode="32">
<Feature>
  <Name className="java.lang.String">agentId</Name>
  <Value className="java.lang.String">176</Value>
</Feature>
<Feature>
  <Name className="java.lang.String">objectId</Name>
  <Value className="java.lang.String">175</Value>
</Feature>
<Feature>
  <Name className="java.lang.String">polarity</Name>
  <Value className="java.lang.String">badfor</Value>
</Feature>
</Annotation>
<Annotation Id="173" Type="gfbf-agent" StartNode="10324" EndNode="10346">
<Feature>
  <Name className="java.lang.String">unclear</Name>
  <Value className="java.lang.String">true</Value>
</Feature>
<Feature>
  <Name className="java.lang.String">writerAtt</Name>
  <Value className="java.lang.String">positive</Value>
</Feature>
</Annotation>
<Annotation Id="172" Type="gfbf-object" StartNode="10374" EndNode="10403">
<Feature>
  <Name className="java.lang.String">writerAtt</Name>
  <Value className="java.lang.String">positive</Value>
</Feature>
</Annotation>
<Annotation Id="163" Type="influencer" StartNode="9270" EndNode="9279">
<Feature>
  <Name className="java.lang.String">unclear</Name>
  <Value className="java.lang.String">true</Value>
</Feature>
<Feature>
  <Name className="java.lang.String">agentId</Name>
  <Value className="java.lang.String">166</Value>
</Feature>
<Feature>
  <Name className="java.lang.String">objectId</Name>
  <Value className="java.lang.String">164</Value>
</Feature>
<Feature>
  <Name className="java.lang.String">effect</Name>
  <Value className="java.lang.String">reverse</Value>
</Feature>
</Annotation>
<Annotation Id="161" Type="others" StartNode="8693" EndNode="8697">
<Feature>
  <Name className="java.lang.String">comment</Name>
  <Value className="java.lang.String">property...</Value>
</Feature>
</Annotation>
<Annotation Id="160" Type="gfbf-object" StartNode="8131" EndNode="8149">
<Feature>
  <Name className="java.lang.String">writerAtt</Name>
  <Value className="java.lang.String">negative</Value>
</Feature>
</Annotation>
<Annotation Id="167" Type="gfbf" StartNode="10155" EndNode="10159">
<Feature>
  <Name className="java.lang.String">agentId</Name>
  <Value className="java.lang.String">169</Value>
</Feature>
<Feature>
  <Name className="java.lang.String">polarity</Name>
  <Value className="java.lang.String">badfor</Value>
</Feature>
<Feature>
  <Name className="java.lang.String">objectId</Name>
  <Value className="java.lang.String">168</Value>
</Feature>
</Annotation>
<Annotation Id="166" Type="gfbf-agent" StartNode="9246" EndNode="9264">
<Feature>
  <Name className="java.lang.String">writerAtt</Name>
  <Value className="java.lang.String">positive</Value>
</Feature>
</Annotation>
<Annotation Id="165" Type="gfbf-object" StartNode="9285" EndNode="9288">
<Feature>
  <Name className="java.lang.String">writerAtt</Name>
  <Value className="java.lang.String">positive</Value>
</Feature>
</Annotation>
<Annotation Id="164" Type="gfbf" StartNode="9280" EndNode="9284">
<Feature>
  <Name className="java.lang.String">agentId</Name>
  <Value className="java.lang.String">166</Value>
</Feature>
<Feature>
  <Name className="java.lang.String">polarity</Name>
  <Value className="java.lang.String">badfor</Value>
</Feature>
<Feature>
  <Name className="java.lang.String">objectId</Name>
  <Value className="java.lang.String">165</Value>
</Feature>
</Annotation>
<Annotation Id="184" Type="gfbf" StartNode="8091" EndNode="8106">
<Feature>
  <Name className="java.lang.String">agentId</Name>
  <Value className="java.lang.String">implicit</Value>
</Feature>
<Feature>
  <Name className="java.lang.String">objectId</Name>
  <Value className="java.lang.String">185</Value>
</Feature>
<Feature>
  <Name className="java.lang.String">polarity</Name>
  <Value className="java.lang.String">badfor</Value>
</Feature>
</Annotation>
<Annotation Id="185" Type="gfbf-object" StartNode="8107" EndNode="8119">
<Feature>
  <Name className="java.lang.String">writerAtt</Name>
  <Value className="java.lang.String">negative</Value>
</Feature>
</Annotation>
<Annotation Id="178" Type="referent" StartNode="2062" EndNode="2073">
<Feature>
  <Name className="java.lang.String">writerAtt</Name>
  <Value className="java.lang.String">positive</Value>
</Feature>
</Annotation>
<Annotation Id="179" Type="referent" StartNode="5576" EndNode="5582">
<Feature>
  <Name className="java.lang.String">writerAtt</Name>
  <Value className="java.lang.String">positive</Value>
</Feature>
</Annotation>
<Annotation Id="176" Type="gfbf-agent" StartNode="0" EndNode="24">
<Feature>
  <Name className="java.lang.String">writerAtt</Name>
  <Value className="java.lang.String">negative</Value>
</Feature>
</Annotation>
<Annotation Id="177" Type="referent" StartNode="1403" EndNode="1494">
<Feature>
  <Name className="java.lang.String">writerAtt</Name>
  <Value className="java.lang.String">negative</Value>
</Feature>
</Annotation>
<Annotation Id="182" Type="gfbf-agent" StartNode="8091" EndNode="8119">
<Feature>
  <Name className="java.lang.String">writerAtt</Name>
  <Value className="java.lang.String">positive</Value>
</Feature>
</Annotation>
<Annotation Id="180" Type="referent" StartNode="5791" EndNode="5804">
<Feature>
  <Name className="java.lang.String">writerAtt</Name>
  <Value className="java.lang.String">negative</Value>
</Feature>
</Annotation>
<Annotation Id="181" Type="gfbf-object" StartNode="6583" EndNode="6650">
<Feature>
  <Name className="java.lang.String">writerAtt</Name>
  <Value className="java.lang.String">positive</Value>
</Feature>
</Annotation>
</AnnotationSet>

<!-- Named annotation set -->

<AnnotationSet Name="Original markups">
<Annotation Id="0" Type="paragraph" StartNode="0" EndNode="53">
</Annotation>
<Annotation Id="1" Type="paragraph" StartNode="55" EndNode="69">
</Annotation>
<Annotation Id="2" Type="paragraph" StartNode="71" EndNode="86">
</Annotation>
<Annotation Id="3" Type="paragraph" StartNode="88" EndNode="247">
</Annotation>
<Annotation Id="4" Type="paragraph" StartNode="249" EndNode="889">
</Annotation>
<Annotation Id="5" Type="paragraph" StartNode="891" EndNode="1188">
</Annotation>
<Annotation Id="6" Type="paragraph" StartNode="1190" EndNode="1290">
</Annotation>
<Annotation Id="7" Type="paragraph" StartNode="1292" EndNode="2121">
</Annotation>
<Annotation Id="8" Type="paragraph" StartNode="2123" EndNode="2469">
</Annotation>
<Annotation Id="9" Type="paragraph" StartNode="2471" EndNode="2875">
</Annotation>
<Annotation Id="10" Type="paragraph" StartNode="2877" EndNode="3348">
</Annotation>
<Annotation Id="11" Type="paragraph" StartNode="3350" EndNode="3626">
</Annotation>
<Annotation Id="12" Type="paragraph" StartNode="3628" EndNode="3967">
</Annotation>
<Annotation Id="13" Type="paragraph" StartNode="3969" EndNode="4617">
</Annotation>
<Annotation Id="14" Type="paragraph" StartNode="4619" EndNode="5055">
</Annotation>
<Annotation Id="15" Type="paragraph" StartNode="5057" EndNode="5574">
</Annotation>
<Annotation Id="17" Type="paragraph" StartNode="6677" EndNode="6887">
</Annotation>
<Annotation Id="16" Type="paragraph" StartNode="5576" EndNode="6671">
</Annotation>
<Annotation Id="19" Type="paragraph" StartNode="7467" EndNode="7825">
</Annotation>
<Annotation Id="18" Type="paragraph" StartNode="6889" EndNode="7465">
</Annotation>
<Annotation Id="21" Type="paragraph" StartNode="8173" EndNode="8670">
</Annotation>
<Annotation Id="20" Type="paragraph" StartNode="7827" EndNode="8171">
</Annotation>
<Annotation Id="23" Type="paragraph" StartNode="9022" EndNode="9244">
</Annotation>
<Annotation Id="22" Type="paragraph" StartNode="8672" EndNode="9020">
</Annotation>
<Annotation Id="25" Type="paragraph" StartNode="10169" EndNode="10581">
</Annotation>
<Annotation Id="24" Type="paragraph" StartNode="9246" EndNode="10167">
</Annotation>
<Annotation Id="26" Type="paragraph" StartNode="10583" EndNode="10823">
</Annotation>
</AnnotationSet>

</GateDocument>
