<?xml version='1.0' encoding='US-ASCII'?>
<GateDocument version="2">
<!-- The document's features-->

<GateDocumentFeatures>
<Feature>
  <Name className="java.lang.String">gate.SourceURL</Name>
  <Value className="java.lang.String">file:/Users/holicyj/Downloads/agreement3_Y/hc067.txt</Value>
</Feature>
<Feature>
  <Name className="java.lang.String">MimeType</Name>
  <Value className="java.lang.String">text/plain</Value>
</Feature>
<Feature>
  <Name className="java.lang.String">docNewLineType</Name>
  <Value className="java.lang.String">CRLF</Value>
</Feature>
</GateDocumentFeatures>
<!-- The document content area with serialized nodes -->

<TextWithNodes><Node id="0"/>The Affordable Care Act: Under Fire but Exceeding Expectations&#xd;
Wednesday, 12/21/2011 - 9:38 am by Rajiv Narayan | One Comment&#xd;
<Node id="128"/>&#xd;
<Node id="130"/>health-care-money-150 Despite facing legal challenges, <Node id="185"/>health care reform<Node id="203"/> is already <Node id="215"/>extending<Node id="224"/> coverage to millions of <Node id="249"/>young Americans<Node id="264"/>.&#xd;
<Node id="267"/>&#xd;
<Node id="269"/>According to a revision of official estimates released last week, <Node id="335"/>2.5 million young Americans aged 19-25 have gained health care coverage since September 2010<Node id="427"/>. A little over a year ago, 64.4 percent of young Americans had health insurance; since then, that proportion has risen to 72.7 percent. This is great news, as an increasing number of us 20-somethings with health insurance no longer have to live uncertain of our health care coverage. Known collectively (and pejoratively) as the &#xfffd;invincibles,&#xfffd; <Node id="772"/>Americans aged 19-25 are accustomed to being left in the blind spot of health coverage<Node id="858"/>. Let&#xfffd;s hope those days are over.&#xd;
<Node id="893"/>&#xd;
<Node id="895"/>So far, as the mounting evidence can tell us, the boom in coverage seems to be an effect of the Patient Protection and Affordable Care Act (ACA). Indeed, not only were more insured between the ages of 19-25 in the second quarter of 2011 compared to the third quarter of 2010, but coverage by like programs (such as Medicaid) has fallen in that period. With lower disposable incomes in this recession, <Node id="1296"/>fewer Americans have the resources to purchase health insurance for their children outright<Node id="1387"/>. If <Node id="1392"/>programs like Medicaid and private consumption<Node id="1438"/> are <Node id="1443"/>not<Node id="1446"/> <Node id="1447"/>insuring<Node id="1455"/> <Node id="1456"/>young people<Node id="1468"/>, the inescapable conclusion is that the Affordable Care Act is responsible for the latest increase in coverage.&#xd;
<Node id="1582"/>&#xd;
<Node id="1584"/>This early success for health care reform is especially significant given that the law is under fire in several states and in the courts. In addition to the challenge brought against the ACA&#xfffd;s individual mandate, <Node id="1797"/>26 states attorneys general<Node id="1824"/> are seeking to <Node id="1840"/>repeal<Node id="1846"/> <Node id="1847"/>the law<Node id="1854"/> in its entirety. Moreover, the National Conference of State Legislatures has recorded <Node id="1941"/>actions from 45 state legislatures<Node id="1975"/> that have <Node id="1986"/>proposed<Node id="1994"/> <Node id="1995"/>legislation<Node id="2006"/> to <Node id="2010"/>limit<Node id="2015"/>, <Node id="2017"/>alter<Node id="2022"/> or <Node id="2026"/>oppose<Node id="2032"/> <Node id="2033"/>selected state or federal actions<Node id="2066"/>&#xfffd; in compliance with the law. Consider for a moment that <Node id="2123"/>much of the legislations core features, including the controversial individual mandate<Node id="2209"/>, will <Node id="2216"/>not<Node id="2219"/> even <Node id="2225"/>activate<Node id="2233"/> until 2014.&#xd;
<Node id="2247"/>&#xd;
<Node id="2249"/>Sign up for weekly ND20 highlights, mind-blowing stats, and event alerts.&#xd;
<Node id="2324"/>&#xd;
<Node id="2326"/>With this context in mind, the real news here is that<Node id="2379"/> <Node id="2380"/>health care reform<Node id="2398"/> is <Node id="2402"/>not<Node id="2405"/> imploding on take off<Node id="2427"/>, raining fire and <Node id="2446"/>destruction on<Node id="2460"/> <Node id="2461"/>a population in need<Node id="2481"/>. If any group has underestimated the impact of the Affordable Care Act, that group is its proponents. According to official estimates released at the beginning of fall, <Node id="2651"/>health care reform<Node id="2669"/> was expected to <Node id="2686"/>cover<Node id="2691"/> <Node id="2692"/>an additional 1 million young adults<Node id="2728"/>. The newest numbers, which peg the actual increase closer to 2.5 million, show the Affordable Care Act doing even better than we thought it would despite <Node id="2883"/>the many doomsday scenarios<Node id="2910"/> <Node id="2911"/>concocted by<Node id="2923"/> <Node id="2924"/>its staunch opponents<Node id="2945"/>.&#xd;
<Node id="2948"/>&#xd;
<Node id="2950"/>It may be <Node id="2960"/>too early<Node id="2969"/> to <Node id="2973"/>expand<Node id="2979"/> <Node id="2980"/>other projections about the impact of reform<Node id="3024"/>, so let us instead recall what benefits we have to look forward to by recounting past estimates. Among the many projections made by the President&#xfffd;s Council of Economic Advisers, <Node id="3203"/>the ACA<Node id="3210"/> is estimated to <Node id="3227"/>increase<Node id="3235"/> <Node id="3236"/>net economic well-being<Node id="3259"/> by roughly $100 billion a year and <Node id="3295"/>increase<Node id="3303"/> <Node id="3304"/>real GDP<Node id="3312"/> by 8 percent through 2030 relative to the no-reform baseline. The Congressional Budget Office also links a &#xfffd;net reduction in federal deficits of $143 billion over the 2010-2019 period&#xfffd; to the Affordable Care Act.&#xd;
<Node id="3527"/>&#xd;
<Node id="3529"/>With <Node id="3534"/>the Supreme Court<Node id="3551"/> set to <Node id="3559"/>take up<Node id="3566"/> <Node id="3567"/>health care reform<Node id="3585"/> in the coming months and state governments continuing to create political hurdles for it to overcome, it is worth stressing that the benefits of reform have been meeting and exceeding expectations. <Node id="3784"/>As it becomes clearer that <Node id="3811"/>this law<Node id="3819"/> is helping to <Node id="3834"/>build<Node id="3839"/> <Node id="3840"/>a future where more have access to care<Node id="3879"/>, we must consider what the opponents of reform are really against.&#xd;
<Node id="3948"/>&#xd;
<Node id="3950"/>Rajiv Narayan is the Senior Fellow for Health Care Policy at the Roosevelt Institute | Campus Network and a graduating senior at the University of California, Davis.&#xd;
<Node id="4117"/></TextWithNodes>
<!-- The default annotation set -->

<AnnotationSet>
<Annotation Id="1" Type="doc" StartNode="1" EndNode="5551">
<Feature>
<Name className="java.lang.String">id</Name>
<Value className="java.lang.String">hc067</Value>
</Feature>
<Feature>
<Name className="java.lang.String">side</Name>
<Value className="java.lang.String">pro</Value>
</Feature>
</Annotation>
<Annotation Id="10" Type="gfbf-agent" StartNode="185" EndNode="203">
<Feature>
  <Name className="java.lang.String">writerAtt</Name>
  <Value className="java.lang.String">positive</Value>
</Feature>
</Annotation>
<Annotation Id="11" Type="gfbf-object" StartNode="249" EndNode="264">
<Feature>
  <Name className="java.lang.String">writerAtt</Name>
  <Value className="java.lang.String">positive</Value>
</Feature>
</Annotation>
<Annotation Id="12" Type="gfbf" StartNode="215" EndNode="224">
<Feature>
  <Name className="java.lang.String">agentId</Name>
  <Value className="java.lang.String">10</Value>
</Feature>
<Feature>
  <Name className="java.lang.String">objectId</Name>
  <Value className="java.lang.String">11</Value>
</Feature>
<Feature>
  <Name className="java.lang.String">polarity</Name>
  <Value className="java.lang.String">goodfor</Value>
</Feature>
</Annotation>
<Annotation Id="21" Type="gfbf-object" StartNode="1456" EndNode="1468">
<Feature>
  <Name className="java.lang.String">writerAtt</Name>
  <Value className="java.lang.String">positive</Value>
</Feature>
</Annotation>
<Annotation Id="20" Type="gfbf-agent" StartNode="1392" EndNode="1438">
<Feature>
  <Name className="java.lang.String">writerAtt</Name>
  <Value className="java.lang.String">negative</Value>
</Feature>
</Annotation>
<Annotation Id="23" Type="influencer" StartNode="1443" EndNode="1446">
<Feature>
  <Name className="java.lang.String">effect</Name>
  <Value className="java.lang.String">reverse</Value>
</Feature>
<Feature>
  <Name className="java.lang.String">agentId</Name>
  <Value className="java.lang.String">20</Value>
</Feature>
<Feature>
  <Name className="java.lang.String">objectId</Name>
  <Value className="java.lang.String">22</Value>
</Feature>
</Annotation>
<Annotation Id="22" Type="gfbf" StartNode="1447" EndNode="1455">
<Feature>
  <Name className="java.lang.String">agentId</Name>
  <Value className="java.lang.String">20</Value>
</Feature>
<Feature>
  <Name className="java.lang.String">uncertain</Name>
  <Value className="java.lang.String"></Value>
</Feature>
<Feature>
  <Name className="java.lang.String">objectId</Name>
  <Value className="java.lang.String">21</Value>
</Feature>
<Feature>
  <Name className="java.lang.String">polarity</Name>
  <Value className="java.lang.String">goodfor</Value>
</Feature>
</Annotation>
<Annotation Id="25" Type="gfbf-object" StartNode="1847" EndNode="1854">
<Feature>
  <Name className="java.lang.String">writerAtt</Name>
  <Value className="java.lang.String">positive</Value>
</Feature>
</Annotation>
<Annotation Id="24" Type="gfbf-agent" StartNode="1797" EndNode="1824">
<Feature>
  <Name className="java.lang.String">writerAtt</Name>
  <Value className="java.lang.String">negative</Value>
</Feature>
</Annotation>
<Annotation Id="26" Type="gfbf" StartNode="1840" EndNode="1846">
<Feature>
  <Name className="java.lang.String">agentId</Name>
  <Value className="java.lang.String">24</Value>
</Feature>
<Feature>
  <Name className="java.lang.String">objectId</Name>
  <Value className="java.lang.String">25</Value>
</Feature>
<Feature>
  <Name className="java.lang.String">polarity</Name>
  <Value className="java.lang.String">badfor</Value>
</Feature>
</Annotation>
<Annotation Id="29" Type="gfbf-object" StartNode="2033" EndNode="2066">
<Feature>
  <Name className="java.lang.String">writerAtt</Name>
  <Value className="java.lang.String">positive</Value>
</Feature>
</Annotation>
<Annotation Id="31" Type="gfbf-agent" StartNode="1995" EndNode="2006">
<Feature>
  <Name className="java.lang.String">writerAtt</Name>
  <Value className="java.lang.String">negative</Value>
</Feature>
</Annotation>
<Annotation Id="30" Type="gfbf-agent" StartNode="1941" EndNode="1975">
<Feature>
  <Name className="java.lang.String">writerAtt</Name>
  <Value className="java.lang.String">negative</Value>
</Feature>
</Annotation>
<Annotation Id="34" Type="gfbf" StartNode="2026" EndNode="2032">
<Feature>
  <Name className="java.lang.String">agentId</Name>
  <Value className="java.lang.String">31</Value>
</Feature>
<Feature>
  <Name className="java.lang.String">objectId</Name>
  <Value className="java.lang.String">29</Value>
</Feature>
<Feature>
  <Name className="java.lang.String">polarity</Name>
  <Value className="java.lang.String">badfor</Value>
</Feature>
</Annotation>
<Annotation Id="35" Type="influencer" StartNode="1986" EndNode="1994">
<Feature>
  <Name className="java.lang.String">effect</Name>
  <Value className="java.lang.String">retain</Value>
</Feature>
<Feature>
  <Name className="java.lang.String">agentId</Name>
  <Value className="java.lang.String">30</Value>
</Feature>
<Feature>
  <Name className="java.lang.String">objectId</Name>
  <Value className="java.lang.String">32</Value>
</Feature>
</Annotation>
<Annotation Id="32" Type="gfbf" StartNode="2010" EndNode="2015">
<Feature>
  <Name className="java.lang.String">agentId</Name>
  <Value className="java.lang.String">31</Value>
</Feature>
<Feature>
  <Name className="java.lang.String">objectId</Name>
  <Value className="java.lang.String">29</Value>
</Feature>
<Feature>
  <Name className="java.lang.String">polarity</Name>
  <Value className="java.lang.String">badfor</Value>
</Feature>
</Annotation>
<Annotation Id="33" Type="gfbf" StartNode="2017" EndNode="2022">
<Feature>
  <Name className="java.lang.String">agentId</Name>
  <Value className="java.lang.String">31</Value>
</Feature>
<Feature>
  <Name className="java.lang.String">objectId</Name>
  <Value className="java.lang.String">29</Value>
</Feature>
<Feature>
  <Name className="java.lang.String">polarity</Name>
  <Value className="java.lang.String">badfor</Value>
</Feature>
</Annotation>
<Annotation Id="39" Type="gfbf" StartNode="2225" EndNode="2233">
<Feature>
  <Name className="java.lang.String">agentId</Name>
  <Value className="java.lang.String">implicit</Value>
</Feature>
<Feature>
  <Name className="java.lang.String">uncertain</Name>
  <Value className="java.lang.String">true</Value>
</Feature>
<Feature>
  <Name className="java.lang.String">objectId</Name>
  <Value className="java.lang.String">68</Value>
</Feature>
<Feature>
  <Name className="java.lang.String">polarity</Name>
  <Value className="java.lang.String">goodfor</Value>
</Feature>
</Annotation>
<Annotation Id="36" Type="influencer" StartNode="1986" EndNode="1994">
<Feature>
  <Name className="java.lang.String">effect</Name>
  <Value className="java.lang.String">retain</Value>
</Feature>
<Feature>
  <Name className="java.lang.String">agentId</Name>
  <Value className="java.lang.String">30</Value>
</Feature>
<Feature>
  <Name className="java.lang.String">objectId</Name>
  <Value className="java.lang.String">33</Value>
</Feature>
</Annotation>
<Annotation Id="37" Type="influencer" StartNode="1986" EndNode="1994">
<Feature>
  <Name className="java.lang.String">effect</Name>
  <Value className="java.lang.String">retain</Value>
</Feature>
<Feature>
  <Name className="java.lang.String">agentId</Name>
  <Value className="java.lang.String">30</Value>
</Feature>
<Feature>
  <Name className="java.lang.String">objectId</Name>
  <Value className="java.lang.String">34</Value>
</Feature>
</Annotation>
<Annotation Id="40" Type="influencer" StartNode="2216" EndNode="2219">
<Feature>
  <Name className="java.lang.String">effect</Name>
  <Value className="java.lang.String">reverse</Value>
</Feature>
<Feature>
  <Name className="java.lang.String">agentId</Name>
  <Value className="java.lang.String">implicit</Value>
</Feature>
<Feature>
  <Name className="java.lang.String">objectId</Name>
  <Value className="java.lang.String">39</Value>
</Feature>
</Annotation>
<Annotation Id="41" Type="gfbf-agent" StartNode="2380" EndNode="2398">
<Feature>
  <Name className="java.lang.String">writerAtt</Name>
  <Value className="java.lang.String">positive</Value>
</Feature>
</Annotation>
<Annotation Id="46" Type="gfbf-object" StartNode="2692" EndNode="2728">
<Feature>
  <Name className="java.lang.String">writerAtt</Name>
  <Value className="java.lang.String">positive</Value>
</Feature>
</Annotation>
<Annotation Id="47" Type="gfbf" StartNode="2686" EndNode="2691">
<Feature>
  <Name className="java.lang.String">agentId</Name>
  <Value className="java.lang.String">45</Value>
</Feature>
<Feature>
  <Name className="java.lang.String">objectId</Name>
  <Value className="java.lang.String">46</Value>
</Feature>
<Feature>
  <Name className="java.lang.String">polarity</Name>
  <Value className="java.lang.String">goodfor</Value>
</Feature>
</Annotation>
<Annotation Id="45" Type="gfbf-agent" StartNode="2651" EndNode="2669">
<Feature>
  <Name className="java.lang.String">writerAtt</Name>
  <Value className="java.lang.String">positive</Value>
</Feature>
</Annotation>
<Annotation Id="50" Type="gfbf" StartNode="2911" EndNode="2923">
<Feature>
  <Name className="java.lang.String">agentId</Name>
  <Value className="java.lang.String">48</Value>
</Feature>
<Feature>
  <Name className="java.lang.String">objectId</Name>
  <Value className="java.lang.String">49</Value>
</Feature>
<Feature>
  <Name className="java.lang.String">polarity</Name>
  <Value className="java.lang.String">goodfor</Value>
</Feature>
</Annotation>
<Annotation Id="49" Type="gfbf-object" StartNode="2883" EndNode="2910">
<Feature>
  <Name className="java.lang.String">uncertain</Name>
  <Value className="java.lang.String"></Value>
</Feature>
<Feature>
  <Name className="java.lang.String">writerAtt</Name>
  <Value className="java.lang.String">negative</Value>
</Feature>
</Annotation>
<Annotation Id="48" Type="gfbf-agent" StartNode="2924" EndNode="2945">
<Feature>
  <Name className="java.lang.String">referentId</Name>
  <Value className="java.lang.String">45</Value>
</Feature>
<Feature>
  <Name className="java.lang.String">reference</Name>
  <Value className="java.lang.String">true</Value>
</Feature>
<Feature>
  <Name className="java.lang.String">writerAtt</Name>
  <Value className="java.lang.String">negative</Value>
</Feature>
</Annotation>
<Annotation Id="55" Type="gfbf" StartNode="3295" EndNode="3303">
<Feature>
  <Name className="java.lang.String">agentId</Name>
  <Value className="java.lang.String">72</Value>
</Feature>
<Feature>
  <Name className="java.lang.String">polarity</Name>
  <Value className="java.lang.String">goodfor</Value>
</Feature>
<Feature>
  <Name className="java.lang.String">objectId</Name>
  <Value className="java.lang.String">54</Value>
</Feature>
</Annotation>
<Annotation Id="54" Type="gfbf-object" StartNode="3304" EndNode="3312">
<Feature>
  <Name className="java.lang.String">writerAtt</Name>
  <Value className="java.lang.String">positive</Value>
</Feature>
</Annotation>
<Annotation Id="53" Type="gfbf" StartNode="3227" EndNode="3235">
<Feature>
  <Name className="java.lang.String">agentId</Name>
  <Value className="java.lang.String">72</Value>
</Feature>
<Feature>
  <Name className="java.lang.String">polarity</Name>
  <Value className="java.lang.String">goodfor</Value>
</Feature>
<Feature>
  <Name className="java.lang.String">objectId</Name>
  <Value className="java.lang.String">52</Value>
</Feature>
</Annotation>
<Annotation Id="52" Type="gfbf-object" StartNode="3236" EndNode="3259">
<Feature>
  <Name className="java.lang.String">writerAtt</Name>
  <Value className="java.lang.String">positive</Value>
</Feature>
</Annotation>
<Annotation Id="58" Type="gfbf" StartNode="3559" EndNode="3566">
<Feature>
  <Name className="java.lang.String">agentId</Name>
  <Value className="java.lang.String">56</Value>
</Feature>
<Feature>
  <Name className="java.lang.String">uncertain</Name>
  <Value className="java.lang.String">true</Value>
</Feature>
<Feature>
  <Name className="java.lang.String">objectId</Name>
  <Value className="java.lang.String">57</Value>
</Feature>
<Feature>
  <Name className="java.lang.String">polarity</Name>
  <Value className="java.lang.String">goodfor</Value>
</Feature>
</Annotation>
<Annotation Id="57" Type="gfbf-object" StartNode="3567" EndNode="3585">
<Feature>
  <Name className="java.lang.String">writerAtt</Name>
  <Value className="java.lang.String">positive</Value>
</Feature>
</Annotation>
<Annotation Id="56" Type="gfbf-agent" StartNode="3534" EndNode="3551">
<Feature>
  <Name className="java.lang.String">writerAtt</Name>
  <Value className="java.lang.String">positive</Value>
</Feature>
</Annotation>
<Annotation Id="63" Type="gfbf" StartNode="2973" EndNode="2979">
<Feature>
  <Name className="java.lang.String">agentId</Name>
  <Value className="java.lang.String">implicit</Value>
</Feature>
<Feature>
  <Name className="java.lang.String">objectId</Name>
  <Value className="java.lang.String">66</Value>
</Feature>
<Feature>
  <Name className="java.lang.String">polarity</Name>
  <Value className="java.lang.String">goodfor</Value>
</Feature>
</Annotation>
<Annotation Id="60" Type="gfbf-agent" StartNode="3811" EndNode="3819">
<Feature>
  <Name className="java.lang.String">writerAtt</Name>
  <Value className="java.lang.String">positive</Value>
</Feature>
</Annotation>
<Annotation Id="68" Type="gfbf-object" StartNode="2123" EndNode="2209">
<Feature>
  <Name className="java.lang.String">writerAtt</Name>
  <Value className="java.lang.String">negative</Value>
</Feature>
</Annotation>
<Annotation Id="69" Type="influencer" StartNode="2402" EndNode="2405">
<Feature>
  <Name className="java.lang.String">effect</Name>
  <Value className="java.lang.String">reverse</Value>
</Feature>
<Feature>
  <Name className="java.lang.String">agentId</Name>
  <Value className="java.lang.String">41</Value>
</Feature>
<Feature>
  <Name className="java.lang.String">objectId</Name>
  <Value className="java.lang.String">70</Value>
</Feature>
</Annotation>
<Annotation Id="70" Type="gfbf" StartNode="2446" EndNode="2460">
<Feature>
  <Name className="java.lang.String">agentId</Name>
  <Value className="java.lang.String">41</Value>
</Feature>
<Feature>
  <Name className="java.lang.String">objectId</Name>
  <Value className="java.lang.String">71</Value>
</Feature>
<Feature>
  <Name className="java.lang.String">polarity</Name>
  <Value className="java.lang.String">badfor</Value>
</Feature>
</Annotation>
<Annotation Id="71" Type="gfbf-object" StartNode="2461" EndNode="2481">
<Feature>
  <Name className="java.lang.String">writerAtt</Name>
  <Value className="java.lang.String">positive</Value>
</Feature>
</Annotation>
<Annotation Id="64" Type="gfbf" StartNode="3834" EndNode="3839">
<Feature>
  <Name className="java.lang.String">agentId</Name>
  <Value className="java.lang.String">60</Value>
</Feature>
<Feature>
  <Name className="java.lang.String">objectId</Name>
  <Value className="java.lang.String">73</Value>
</Feature>
<Feature>
  <Name className="java.lang.String">phaseII</Name>
  <Value className="java.lang.String">phaseII</Value>
</Feature>
<Feature>
  <Name className="java.lang.String">polarity</Name>
  <Value className="java.lang.String">goodfor</Value>
</Feature>
</Annotation>
<Annotation Id="66" Type="gfbf-object" StartNode="2980" EndNode="3024">
<Feature>
  <Name className="java.lang.String">writerAtt</Name>
  <Value className="java.lang.String">negative</Value>
</Feature>
</Annotation>
<Annotation Id="67" Type="influencer" StartNode="2960" EndNode="2969">
<Feature>
  <Name className="java.lang.String">effect</Name>
  <Value className="java.lang.String">reverse</Value>
</Feature>
<Feature>
  <Name className="java.lang.String">agentId</Name>
  <Value className="java.lang.String">implicit</Value>
</Feature>
<Feature>
  <Name className="java.lang.String">objectId</Name>
  <Value className="java.lang.String">63</Value>
</Feature>
</Annotation>
<Annotation Id="76" Type="highlight" StartNode="1296" EndNode="1387">
</Annotation>
<Annotation Id="77" Type="highlight" StartNode="2379" EndNode="2427">
<Feature>
  <Name className="java.lang.String">agree</Name>
  <Value className="java.lang.String">agree</Value>
</Feature>
</Annotation>
<Annotation Id="78" Type="highlight" StartNode="3784" EndNode="3879">
</Annotation>
<Annotation Id="72" Type="gfbf-agent" StartNode="3203" EndNode="3210">
<Feature>
  <Name className="java.lang.String">writerAtt</Name>
  <Value className="java.lang.String">positive</Value>
</Feature>
</Annotation>
<Annotation Id="73" Type="gfbf-object" StartNode="3840" EndNode="3879">
<Feature>
  <Name className="java.lang.String">writerAtt</Name>
  <Value className="java.lang.String">positive</Value>
</Feature>
</Annotation>
<Annotation Id="74" Type="highlight" StartNode="335" EndNode="427">
</Annotation>
<Annotation Id="75" Type="highlight" StartNode="772" EndNode="858">
</Annotation>
</AnnotationSet>

<!-- Named annotation set -->

<AnnotationSet Name="Original markups">
<Annotation Id="0" Type="paragraph" StartNode="0" EndNode="128">
</Annotation>
<Annotation Id="1" Type="paragraph" StartNode="130" EndNode="267">
</Annotation>
<Annotation Id="2" Type="paragraph" StartNode="269" EndNode="893">
</Annotation>
<Annotation Id="3" Type="paragraph" StartNode="895" EndNode="1582">
</Annotation>
<Annotation Id="4" Type="paragraph" StartNode="1584" EndNode="2247">
</Annotation>
<Annotation Id="5" Type="paragraph" StartNode="2249" EndNode="2324">
</Annotation>
<Annotation Id="6" Type="paragraph" StartNode="2326" EndNode="2948">
</Annotation>
<Annotation Id="7" Type="paragraph" StartNode="2950" EndNode="3527">
</Annotation>
<Annotation Id="8" Type="paragraph" StartNode="3529" EndNode="3948">
</Annotation>
<Annotation Id="9" Type="paragraph" StartNode="3950" EndNode="4117">
</Annotation>
</AnnotationSet>

</GateDocument>
