<?xml version='1.0' encoding='US-ASCII'?>
<GateDocument version="2">
<!-- The document's features-->

<GateDocumentFeatures>
<Feature>
  <Name className="java.lang.String">gate.SourceURL</Name>
  <Value className="java.lang.String">file:/E:/Users/conrada/Documents/My%20Dropbox/healthcare_data/training_3/hc073.txt</Value>
</Feature>
<Feature>
  <Name className="java.lang.String">MimeType</Name>
  <Value className="java.lang.String">text/plain</Value>
</Feature>
<Feature>
  <Name className="java.lang.String">docNewLineType</Name>
  <Value className="java.lang.String">CRLF</Value>
</Feature>
</GateDocumentFeatures>
<!-- The document content area with serialized nodes -->

<TextWithNodes><Node id="0"/>January 19 2011   InstapaperEmail&#xd;
<Node id="35"/>Why <Node id="39"/>Doctors<Node id="46"/> Will <Node id="52"/>Support<Node id="59"/> <Node id="60"/>ObamaCare Repeal<Node id="76"/>&#xd;<Node id="77"/>
Hadley Heath&#xd;
<Node id="92"/>&#xd;
<Node id="94"/>This week <Node id="104"/>the Republican members of the House of Representatives<Node id="158"/> plan to vote to <Node id="175"/>repeal<Node id="181"/> <Node id="182"/>the new health care law known as "ObamaCare<Node id="225"/>." <Node id="228"/>Democrats<Node id="237"/> are quickly <Node id="250"/>dismissing<Node id="260"/> <Node id="261"/>the effort<Node id="271"/>. <Node id="273"/>Senate Majority Leader Harry Reid<Node id="306"/> pledged to <Node id="318"/>block<Node id="323"/> <Node id="324"/>the bill<Node id="332"/> and Rep  Pete Stark (D-CA) tarred it as nothing more than "an obvious attempt to throw red meat to extreme Tea Partiers in the Republican base."&#xd;
<Node id="479"/>&#xd;
<Node id="481"/>Democrats may wish that <Node id="505"/>only<Node id="509"/> <Node id="510"/>a fringe of hard line, anti-government types<Node id="554"/> supported<Node id="564"/> <Node id="565"/>repealing<Node id="574"/> <Node id="575"/>ObamaCare<Node id="584"/>, but the truth is very different<Node id="617"/>. <Node id="619"/>Support for<Node id="630"/> <Node id="631"/>ObamaCare's repeal<Node id="649"/> is broad, and includes <Node id="673"/>one group<Node id="682"/> too often <Node id="693"/>overlooked<Node id="703"/> during the health care debate: America's doctors<Node id="752"/>.&#xd;
<Node id="755"/>&#xd;
<Node id="757"/>According to a Physicians Foundation survey from November, 56 percent of doctors said <Node id="843"/>the new law<Node id="854"/> will <Node id="860"/>diminish<Node id="868"/> <Node id="869"/>the quality of care they can provide to patients<Node id="917"/>. <Node id="919"/>One under-discussed outcome of Obamacare may be a growing shortage of accessible doctors<Node id="1007"/>. <Node id="1009"/>Many doctors<Node id="1021"/> expressed their intention to retire early, <Node id="1065"/>close<Node id="1070"/> <Node id="1071"/>their practices<Node id="1086"/>, or exit the profession entirely after the law passed<Node id="1140"/>. <Node id="1142"/>While more current doctors turn in their stethoscopes, fewer smart kids will enter medicine<Node id="1233"/>, <Node id="1235"/>which<Node id="1240"/> will <Node id="1246"/>compound<Node id="1254"/> <Node id="1255"/>America's already predicted doctor shortage<Node id="1298"/>, even as Medicaid rolls grow longer<Node id="1334"/>. <Node id="1336"/>The Association of American Medical Colleges projects that nationwide physician shortages will balloon to 62,900 doctors in five years and 91,500 by 2020<Node id="1489"/>.&#xd;
<Node id="1492"/>&#xd;
<Node id="1494"/>Common sense tells us that we can't treat more patients in the US  health care system with fewer doctors per patient<Node id="1610"/>. <Node id="1612"/>That's a basic problem of supply and demand, a concept often ignored by those crafting the legislation<Node id="1714"/>. That wasn't the only information disregarded during the health care debate. <Node id="1792"/>Legislators<Node id="1803"/> also <Node id="1809"/>snubbed<Node id="1816"/> <Node id="1817"/>the policy recommendations of practicing physicians<Node id="1868"/>: Fully eighty-six percent of doctors surveyed said the viewpoint of physicians was not adequately represented in the passage of the reform<Node id="2007"/>.&#xd;
<Node id="2010"/>&#xd;
<Node id="2012"/>Maybe our <Node id="2022"/>policymakers<Node id="2034"/> thought it was alright to <Node id="2061"/>ignore<Node id="2067"/> <Node id="2068"/>doctors<Node id="2075"/>. <Node id="2077"/>After all, ObamaCare is supposed to be all about the patient, giving them more access to treatment (even if it does so by <Node id="2199"/>forcing them to buy insurance<Node id="2228"/>)<Node id="2229"/>.&#xd;
<Node id="2232"/>&#xd;
<Node id="2234"/>Yet attracting and retaining doctors is critical to the health of our medical system and to serving patients' needs<Node id="2349"/>. <Node id="2351"/>Many Americans may assume that relatively high pay will be enough to keep doctors in the profession<Node id="2450"/>. <Node id="2452"/>But doctors' "high pay" should be kept in perspective: Medical doctors go for years without any pay while in medical school (which is expensive)<Node id="2596"/>. <Node id="2598"/>During residency, they must work long, undesirable hours<Node id="2654"/>. <Node id="2656"/>Then they enter the profession, and because of today's messy tort system, they must pay for <Node id="2748"/>pricy malpractice insurance<Node id="2775"/>, <Node id="2777"/>which<Node id="2782"/> <Node id="2783"/>eats into<Node id="2792"/> <Node id="2793"/>their earnings<Node id="2807"/>. <Node id="2809"/>These highly intelligent individuals have many other ways to earn money outside of the medical field, and will opt to do so if medicine becomes a less attractive option<Node id="2977"/>.&#xd;
<Node id="2980"/>&#xd;
<Node id="2982"/>Doctors<Node id="2989"/>' <Node id="2991"/>opposition to<Node id="3004"/> <Node id="3005"/>ObamaCare<Node id="3014"/> is likely as much due to what the legislation didn't do, as it is to what it did wrong<Node id="3101"/>. <Node id="3103"/>ObamaCare<Node id="3112"/> didn't reform <Node id="3127"/>tort law<Node id="3135"/>, <Node id="3137"/>which<Node id="3142"/> <Node id="3143"/>contributes to<Node id="3157"/> <Node id="3158"/>the high cost of health care<Node id="3186"/> by driving defensive medicine and keeping malpractice premiums high for doctors<Node id="3266"/>. <Node id="3268"/>It<Node id="3270"/> <Node id="3271"/>didn't<Node id="3277"/> <Node id="3278"/>fix<Node id="3281"/> <Node id="3282"/>the Sustainable Growth Rate formula<Node id="3317"/>, which determines how much Medicare pays for services physicians provide<Node id="3390"/>. <Node id="3392"/>In fact, ObamaCare intentionally left the so-called "doc fix" out because it would have added to the bill's costs<Node id="3505"/>. <Node id="3507"/>But cuts to Medicare reimbursements are still scheduled each year, and doctors will have to wait on Congress to determine how much they will or won't be paid to see their elderly patients<Node id="3694"/>.&#xd;
<Node id="3697"/>&#xd;
<Node id="3699"/>In addition to <Node id="3714"/>ignoring<Node id="3722"/> <Node id="3723"/>some existing problems in the health care system<Node id="3771"/>, <Node id="3773"/>ObamaCare<Node id="3782"/> will actually <Node id="3797"/>worsen<Node id="3803"/> <Node id="3804"/>other problems for doctors<Node id="3830"/>. <Node id="3832"/>ObamaCare will add 18 million people to Medicaid, which on average reimburses doctors only 56 percent of the market rate<Node id="3952"/>. <Node id="3954"/>Sixty percent of doctors are already considering a move to stop accepting government health programs<Node id="4054"/>. <Node id="4056"/>This<Node id="4060"/> is <Node id="4064"/>bad news for<Node id="4076"/> <Node id="4077"/>patients who were promised "easy access,"<Node id="4118"/> but it's hard on <Node id="4136"/>doctors<Node id="4143"/> as well, who entered the profession to <Node id="4183"/>help<Node id="4187"/> <Node id="4188"/>the sick<Node id="4196"/>, <Node id="4198"/>not<Node id="4201"/> to have to <Node id="4213"/>turn <Node id="4218"/>them<Node id="4222"/> away<Node id="4227"/>.&#xd;
<Node id="4230"/>&#xd;
<Node id="4232"/>ObamaCare also inserts an unprecedented amount of government bureaucracy into the work that doctors do<Node id="4334"/>. <Node id="4336"/>You've probably already seen the ObamaCare flow chart with a thousand arrows<Node id="4412"/>. <Node id="4414"/>Where do you think doctors fit into that mess?&#xd;<Node id="4461"/>
<Node id="4462"/>&#xd;
<Node id="4464"/>Here are a few places: <Node id="4487"/>The Physician Quality Reporting Program means (even) more paperwork for doctors<Node id="4566"/>. <Node id="4568"/>The Independent Payment Advisory Board will attempt to reduce government spending on Medicare, essentially through price controls<Node id="4697"/>. <Node id="4699"/>This will <Node id="4709"/>make it more difficult for <Node id="4736"/>Medicare patients and their doctors to access the right treatments<Node id="4802"/>. <Node id="4804"/>The "non-profit" Patient-Centered Outcomes Research Institute will gather information on comparative effectiveness in patient outcomes<Node id="4938"/>, <Node id="4940"/>which may ultimately dictate which treatments doctors must prescribe<Node id="5008"/>. <Node id="5010"/>It's unknown just how much <Node id="5037"/>doctors' choices<Node id="5053"/> will be <Node id="5062"/>limited<Node id="5069"/>, but doctors naturally fear their loss of autonomy<Node id="5120"/>.&#xd;
<Node id="5123"/>&#xd;
<Node id="5125"/>So next time you visit your family physician, or your optometrist, or your neurosurgeon, ask how he or she feels about the health reform<Node id="5261"/>. <Node id="5263"/>Ask if he or she favors repeal<Node id="5293"/>. <Node id="5295"/>In most cases, the answer will be yes<Node id="5332"/>.&#xd;
<Node id="5335"/>&#xd;
<Node id="5337"/>Congress<Node id="5345"/> <Node id="5346"/>shouldn't<Node id="5355"/> <Node id="5356"/>ignore<Node id="5362"/> <Node id="5363"/>input from doctors on health policy<Node id="5398"/>. <Node id="5400"/>Repeal is the right prescription<Node id="5432"/>.<Node id="5433"/></TextWithNodes>
<!-- The default annotation set -->

<AnnotationSet>
<Annotation Id="13" Type="doc" StartNode="0" EndNode="5433">
<Feature>
  <Name className="java.lang.String">id</Name>
  <Value className="java.lang.String">hc073</Value>
</Feature>
<Feature>
  <Name className="java.lang.String">author</Name>
  <Value className="java.lang.String">hadley,heath</Value>
</Feature>
<Feature>
  <Name className="java.lang.String">date</Name>
  <Value className="java.lang.String">20110119</Value>
</Feature>
<Feature>
  <Name className="java.lang.String">source</Name>
  <Value className="java.lang.String">independent,womens,forum</Value>
</Feature>
<Feature>
  <Name className="java.lang.String">side</Name>
  <Value className="java.lang.String">anti</Value>
</Feature>
<Feature>
  <Name className="java.lang.String">url</Name>
  <Value className="java.lang.String">http://iwf.org/news/2432818/Why-Doctors-Will-Support-ObamaCare-Repeal</Value>
</Feature>
</Annotation>
<Annotation Id="14" Type="arg" StartNode="35" EndNode="77">
<Feature>
  <Name className="java.lang.String">type</Name>
  <Value className="java.lang.String">label</Value>
</Feature>
<Feature>
  <Name className="java.lang.String">ss-label</Name>
  <Value className="java.lang.String">unpopular_among_doctors</Value>
</Feature>
<Feature>
  <Name className="java.lang.String">polarity</Name>
  <Value className="java.lang.String">positive</Value>
</Feature>
</Annotation>
<Annotation Id="15" Type="arg" StartNode="619" EndNode="752">
<Feature>
  <Name className="java.lang.String">type</Name>
  <Value className="java.lang.String">label</Value>
</Feature>
<Feature>
  <Name className="java.lang.String">ss-label</Name>
  <Value className="java.lang.String">unpopular_among_doctors</Value>
</Feature>
<Feature>
  <Name className="java.lang.String">polarity</Name>
  <Value className="java.lang.String">positive</Value>
</Feature>
</Annotation>
<Annotation Id="16" Type="arg" StartNode="757" EndNode="917">
<Feature>
  <Name className="java.lang.String">type</Name>
  <Value className="java.lang.String">label</Value>
</Feature>
<Feature>
  <Name className="java.lang.String">ss-label</Name>
  <Value className="java.lang.String">diminishes_quality_of_care</Value>
</Feature>
<Feature>
  <Name className="java.lang.String">polarity</Name>
  <Value className="java.lang.String">negative</Value>
</Feature>
</Annotation>
<Annotation Id="19" Type="arg" StartNode="1009" EndNode="1140">
<Feature>
  <Name className="java.lang.String">ss-label</Name>
  <Value className="java.lang.String">doctors_will_retire</Value>
</Feature>
<Feature>
  <Name className="java.lang.String">unclear</Name>
  <Value className="java.lang.String">true</Value>
</Feature>
<Feature>
  <Name className="java.lang.String">type</Name>
  <Value className="java.lang.String">label</Value>
</Feature>
<Feature>
  <Name className="java.lang.String">polarity</Name>
  <Value className="java.lang.String">negative</Value>
</Feature>
</Annotation>
<Annotation Id="18" Type="arg" StartNode="919" EndNode="1007">
<Feature>
  <Name className="java.lang.String">type</Name>
  <Value className="java.lang.String">label</Value>
</Feature>
<Feature>
  <Name className="java.lang.String">ss-label</Name>
  <Value className="java.lang.String">doctors_will_retire</Value>
</Feature>
<Feature>
  <Name className="java.lang.String">polarity</Name>
  <Value className="java.lang.String">negative</Value>
</Feature>
</Annotation>
<Annotation Id="21" Type="rel" StartNode="1336" EndNode="1489">
<Feature>
  <Name className="java.lang.String">type</Name>
  <Value className="java.lang.String">label</Value>
</Feature>
<Feature>
  <Name className="java.lang.String">ss-label</Name>
  <Value className="java.lang.String">healthcare_supply_is_too_small</Value>
</Feature>
<Feature>
  <Name className="java.lang.String">polarity</Name>
  <Value className="java.lang.String">negative</Value>
</Feature>
</Annotation>
<Annotation Id="20" Type="arg" StartNode="1142" EndNode="1334">
<Feature>
  <Name className="java.lang.String">type</Name>
  <Value className="java.lang.String">label</Value>
</Feature>
<Feature>
  <Name className="java.lang.String">ss-label</Name>
  <Value className="java.lang.String">healthcare_supply_is_too_small</Value>
</Feature>
<Feature>
  <Name className="java.lang.String">polarity</Name>
  <Value className="java.lang.String">negative</Value>
</Feature>
</Annotation>
<Annotation Id="23" Type="arg" StartNode="1792" EndNode="2007">
<Feature>
  <Name className="java.lang.String">type</Name>
  <Value className="java.lang.String">label</Value>
</Feature>
<Feature>
  <Name className="java.lang.String">ss-label</Name>
  <Value className="java.lang.String">unpopular_among_doctors</Value>
</Feature>
<Feature>
  <Name className="java.lang.String">polarity</Name>
  <Value className="java.lang.String">negative</Value>
</Feature>
</Annotation>
<Annotation Id="22" Type="arg" StartNode="1494" EndNode="1610">
<Feature>
  <Name className="java.lang.String">type</Name>
  <Value className="java.lang.String">label</Value>
</Feature>
<Feature>
  <Name className="java.lang.String">ss-label</Name>
  <Value className="java.lang.String">healthcare_supply_is_too_small</Value>
</Feature>
<Feature>
  <Name className="java.lang.String">polarity</Name>
  <Value className="java.lang.String">negative</Value>
</Feature>
</Annotation>
<Annotation Id="25" Type="arg" StartNode="3103" EndNode="3266">
<Feature>
  <Name className="java.lang.String">type</Name>
  <Value className="java.lang.String">label</Value>
</Feature>
<Feature>
  <Name className="java.lang.String">ss-label</Name>
  <Value className="java.lang.String">lacks_tort_reform</Value>
</Feature>
<Feature>
  <Name className="java.lang.String">polarity</Name>
  <Value className="java.lang.String">negative</Value>
</Feature>
</Annotation>
<Annotation Id="24" Type="arg" StartNode="2809" EndNode="2977">
<Feature>
  <Name className="java.lang.String">ss-label</Name>
  <Value className="java.lang.String">doctors_will_retire</Value>
</Feature>
<Feature>
  <Name className="java.lang.String">unclear</Name>
  <Value className="java.lang.String">true</Value>
</Feature>
<Feature>
  <Name className="java.lang.String">type</Name>
  <Value className="java.lang.String">label</Value>
</Feature>
<Feature>
  <Name className="java.lang.String">polarity</Name>
  <Value className="java.lang.String">negative</Value>
</Feature>
</Annotation>
<Annotation Id="27" Type="rel" StartNode="3832" EndNode="3952">
<Feature>
  <Name className="java.lang.String">prospect</Name>
  <Value className="java.lang.String"></Value>
</Feature>
<Feature>
  <Name className="java.lang.String">ss-label</Name>
  <Value className="java.lang.String">medicare_will_stop_being_accepted</Value>
</Feature>
<Feature>
  <Name className="java.lang.String">type</Name>
  <Value className="java.lang.String">label</Value>
</Feature>
<Feature>
  <Name className="java.lang.String">polarity</Name>
  <Value className="java.lang.String">negative</Value>
</Feature>
</Annotation>
<Annotation Id="26" Type="arg" StartNode="3268" EndNode="3390">
<Feature>
  <Name className="java.lang.String">type</Name>
  <Value className="java.lang.String">label</Value>
</Feature>
<Feature>
  <Name className="java.lang.String">ss-label</Name>
  <Value className="java.lang.String">doesnt_fix_medicare_reimbursements</Value>
</Feature>
<Feature>
  <Name className="java.lang.String">polarity</Name>
  <Value className="java.lang.String">negative</Value>
</Feature>
</Annotation>
<Annotation Id="29" Type="arg" StartNode="4232" EndNode="4334">
<Feature>
  <Name className="java.lang.String">type</Name>
  <Value className="java.lang.String">label</Value>
</Feature>
<Feature>
  <Name className="java.lang.String">ss-label</Name>
  <Value className="java.lang.String">increases_govt_interference_in_healthcare_decisions</Value>
</Feature>
<Feature>
  <Name className="java.lang.String">polarity</Name>
  <Value className="java.lang.String">negative</Value>
</Feature>
</Annotation>
<Annotation Id="28" Type="rel" StartNode="3954" EndNode="4054">
<Feature>
  <Name className="java.lang.String">type</Name>
  <Value className="java.lang.String">label</Value>
</Feature>
<Feature>
  <Name className="java.lang.String">ss-label</Name>
  <Value className="java.lang.String">medicare_will_stop_being_accepted</Value>
</Feature>
</Annotation>
<Annotation Id="31" Type="arg" StartNode="5010" EndNode="5120">
<Feature>
  <Name className="java.lang.String"></Name>
  <Value className="java.lang.String">true</Value>
</Feature>
<Feature>
  <Name className="java.lang.String">ss-label</Name>
  <Value className="java.lang.String">increases_govt_interference_in_healthcare_decisions</Value>
</Feature>
<Feature>
  <Name className="java.lang.String">type</Name>
  <Value className="java.lang.String">label</Value>
</Feature>
<Feature>
  <Name className="java.lang.String">polarity</Name>
  <Value className="java.lang.String">negative</Value>
</Feature>
</Annotation>
<Annotation Id="30" Type="arg" StartNode="4699" EndNode="4802">
<Feature>
  <Name className="java.lang.String">type</Name>
  <Value className="java.lang.String">label</Value>
</Feature>
<Feature>
  <Name className="java.lang.String">ss-label</Name>
  <Value className="java.lang.String">increases_govt_interference_in_healthcare_decisions</Value>
</Feature>
<Feature>
  <Name className="java.lang.String">polarity</Name>
  <Value className="java.lang.String">negative</Value>
</Feature>
</Annotation>
<Annotation Id="34" Type="arg" StartNode="2012" EndNode="2075">
<Feature>
  <Name className="java.lang.String">ss-label</Name>
  <Value className="java.lang.String">hurts_doctors</Value>
</Feature>
<Feature>
  <Name className="java.lang.String">unclear</Name>
  <Value className="java.lang.String">true</Value>
</Feature>
<Feature>
  <Name className="java.lang.String">type</Name>
  <Value className="java.lang.String">label</Value>
</Feature>
<Feature>
  <Name className="java.lang.String">polarity</Name>
  <Value className="java.lang.String">negative</Value>
</Feature>
</Annotation>
<Annotation Id="35" Type="arg" StartNode="2234" EndNode="2349">
<Feature>
  <Name className="java.lang.String">type</Name>
  <Value className="java.lang.String">label</Value>
</Feature>
<Feature>
  <Name className="java.lang.String">ss-label</Name>
  <Value className="java.lang.String">hurts_doctors</Value>
</Feature>
<Feature>
  <Name className="java.lang.String">polarity</Name>
  <Value className="java.lang.String">positive</Value>
</Feature>
</Annotation>
<Annotation Id="32" Type="rel" StartNode="4804" EndNode="4938">
<Feature>
  <Name className="java.lang.String">type</Name>
  <Value className="java.lang.String">label</Value>
</Feature>
<Feature>
  <Name className="java.lang.String">ss-label</Name>
  <Value className="java.lang.String">increases_govt_interference_in_healthcare_decisions</Value>
</Feature>
</Annotation>
<Annotation Id="33" Type="rel" StartNode="1612" EndNode="1714">
<Feature>
  <Name className="java.lang.String">type</Name>
  <Value className="java.lang.String">label</Value>
</Feature>
<Feature>
  <Name className="java.lang.String">ss-label</Name>
  <Value className="java.lang.String">healthcare_supply_is_too_small</Value>
</Feature>
<Feature>
  <Name className="java.lang.String">polarity</Name>
  <Value className="java.lang.String">negative</Value>
</Feature>
</Annotation>
<Annotation Id="38" Type="rel" StartNode="3392" EndNode="3505">
<Feature>
  <Name className="java.lang.String">ss-label</Name>
  <Value className="java.lang.String">doesnt_fix_medicare_reimbursements</Value>
</Feature>
<Feature>
  <Name className="java.lang.String">unclear</Name>
  <Value className="java.lang.String">true</Value>
</Feature>
<Feature>
  <Name className="java.lang.String">type</Name>
  <Value className="java.lang.String">label</Value>
</Feature>
<Feature>
  <Name className="java.lang.String">polarity</Name>
  <Value className="java.lang.String">negative</Value>
</Feature>
</Annotation>
<Annotation Id="39" Type="rel" StartNode="3507" EndNode="3694">
<Feature>
  <Name className="java.lang.String">type</Name>
  <Value className="java.lang.String">label</Value>
</Feature>
<Feature>
  <Name className="java.lang.String">ss-label</Name>
  <Value className="java.lang.String">doesnt_fix_medicare_reimbursements</Value>
</Feature>
<Feature>
  <Name className="java.lang.String">polarity</Name>
  <Value className="java.lang.String">negative</Value>
</Feature>
</Annotation>
<Annotation Id="36" Type="arg" StartNode="2656" EndNode="2807">
<Feature>
  <Name className="java.lang.String">ss-label</Name>
  <Value className="java.lang.String">tort_reform_needed</Value>
</Feature>
<Feature>
  <Name className="java.lang.String">unclear</Name>
  <Value className="java.lang.String">true</Value>
</Feature>
<Feature>
  <Name className="java.lang.String">type</Name>
  <Value className="java.lang.String">label</Value>
</Feature>
<Feature>
  <Name className="java.lang.String">polarity</Name>
  <Value className="java.lang.String">negative</Value>
</Feature>
</Annotation>
<Annotation Id="37" Type="arg" StartNode="2982" EndNode="3101">
<Feature>
  <Name className="java.lang.String">type</Name>
  <Value className="java.lang.String">label</Value>
</Feature>
<Feature>
  <Name className="java.lang.String">ss-label</Name>
  <Value className="java.lang.String">unpopular_among_doctors</Value>
</Feature>
<Feature>
  <Name className="java.lang.String">polarity</Name>
  <Value className="java.lang.String">negative</Value>
</Feature>
</Annotation>
<Annotation Id="42" Type="rel" StartNode="4336" EndNode="4412">
<Feature>
  <Name className="java.lang.String">type</Name>
  <Value className="java.lang.String">label</Value>
</Feature>
<Feature>
  <Name className="java.lang.String">ss-label</Name>
  <Value className="java.lang.String">increases_govt_interference_in_healthcare_decisions</Value>
</Feature>
</Annotation>
<Annotation Id="43" Type="arg" StartNode="4487" EndNode="4566">
<Feature>
  <Name className="java.lang.String">unclear</Name>
  <Value className="java.lang.String">true</Value>
</Feature>
<Feature>
  <Name className="java.lang.String">ss-label</Name>
  <Value className="java.lang.String">increases_govt_interference_in_healthcare_decisions</Value>
</Feature>
<Feature>
  <Name className="java.lang.String">type</Name>
  <Value className="java.lang.String">label</Value>
</Feature>
<Feature>
  <Name className="java.lang.String">polarity</Name>
  <Value className="java.lang.String">negative</Value>
</Feature>
</Annotation>
<Annotation Id="40" Type="arg" StartNode="3699" EndNode="3830">
<Feature>
  <Name className="java.lang.String">type</Name>
  <Value className="java.lang.String">label</Value>
</Feature>
<Feature>
  <Name className="java.lang.String">ss-label</Name>
  <Value className="java.lang.String">hurts_doctors</Value>
</Feature>
<Feature>
  <Name className="java.lang.String">polarity</Name>
  <Value className="java.lang.String">negative</Value>
</Feature>
</Annotation>
<Annotation Id="41" Type="arg" StartNode="4056" EndNode="4227">
<Feature>
  <Name className="java.lang.String">ss-label</Name>
  <Value className="java.lang.String">medicare_will_stop_being_accepted</Value>
</Feature>
<Feature>
  <Name className="java.lang.String">unclear</Name>
  <Value className="java.lang.String">true</Value>
</Feature>
<Feature>
  <Name className="java.lang.String">type</Name>
  <Value className="java.lang.String">label</Value>
</Feature>
<Feature>
  <Name className="java.lang.String">polarity</Name>
  <Value className="java.lang.String">negative</Value>
</Feature>
</Annotation>
<Annotation Id="46" Type="arg" StartNode="5400" EndNode="5432">
<Feature>
  <Name className="java.lang.String">type</Name>
  <Value className="java.lang.String">label</Value>
</Feature>
<Feature>
  <Name className="java.lang.String">ss-label</Name>
  <Value className="java.lang.String">bill_should_be_defunded/not_passed</Value>
</Feature>
<Feature>
  <Name className="java.lang.String">polarity</Name>
  <Value className="java.lang.String">positive</Value>
</Feature>
</Annotation>
<Annotation Id="47" Type="rel" StartNode="481" EndNode="617">
<Feature>
  <Name className="java.lang.String">type</Name>
  <Value className="java.lang.String">label</Value>
</Feature>
<Feature>
  <Name className="java.lang.String">ss-label</Name>
  <Value className="java.lang.String">unpopular</Value>
</Feature>
</Annotation>
<Annotation Id="44" Type="rel" StartNode="4568" EndNode="4697">
<Feature>
  <Name className="java.lang.String">type</Name>
  <Value className="java.lang.String">label</Value>
</Feature>
<Feature>
  <Name className="java.lang.String">ss-label</Name>
  <Value className="java.lang.String">increases_govt_interference_in_healthcare_decisions</Value>
</Feature>
</Annotation>
<Annotation Id="45" Type="arg" StartNode="5337" EndNode="5398">
<Feature>
  <Name className="java.lang.String">prospect</Name>
  <Value className="java.lang.String"></Value>
</Feature>
<Feature>
  <Name className="java.lang.String">unclear</Name>
  <Value className="java.lang.String">true</Value>
</Feature>
<Feature>
  <Name className="java.lang.String">ss-label</Name>
  <Value className="java.lang.String">unpopular_among_doctors</Value>
</Feature>
<Feature>
  <Name className="java.lang.String">type</Name>
  <Value className="java.lang.String">label</Value>
</Feature>
<Feature>
  <Name className="java.lang.String">polarity</Name>
  <Value className="java.lang.String">negative</Value>
</Feature>
</Annotation>
<Annotation Id="51" Type="arg" StartNode="5295" EndNode="5332">
<Feature>
  <Name className="java.lang.String">ss-label</Name>
  <Value className="java.lang.String">unpopular_among_doctors</Value>
</Feature>
<Feature>
  <Name className="java.lang.String">type</Name>
  <Value className="java.lang.String">label</Value>
</Feature>
<Feature>
  <Name className="java.lang.String">polarity</Name>
  <Value className="java.lang.String">positive</Value>
</Feature>
<Feature>
  <Name className="java.lang.String">incomplete</Name>
  <Value className="java.lang.String">true</Value>
</Feature>
</Annotation>
<Annotation Id="50" Type="rel" StartNode="5125" EndNode="5261">
<Feature>
  <Name className="java.lang.String">type</Name>
  <Value className="java.lang.String">label</Value>
</Feature>
<Feature>
  <Name className="java.lang.String">ss-label</Name>
  <Value className="java.lang.String">unpopular_among_doctors</Value>
</Feature>
</Annotation>
<Annotation Id="49" Type="rel" StartNode="94" EndNode="225">
<Feature>
  <Name className="java.lang.String">type</Name>
  <Value className="java.lang.String">label</Value>
</Feature>
<Feature>
  <Name className="java.lang.String">ss-label</Name>
  <Value className="java.lang.String">should_be_repealed</Value>
</Feature>
</Annotation>
<Annotation Id="48" Type="arg" StartNode="4940" EndNode="5008">
<Feature>
  <Name className="java.lang.String">unclear</Name>
  <Value className="java.lang.String">true</Value>
</Feature>
<Feature>
  <Name className="java.lang.String">ss-label</Name>
  <Value className="java.lang.String">increases_govt_interference_in_healthcare_decisions</Value>
</Feature>
<Feature>
  <Name className="java.lang.String">type</Name>
  <Value className="java.lang.String">label</Value>
</Feature>
<Feature>
  <Name className="java.lang.String">polarity</Name>
  <Value className="java.lang.String">negative</Value>
</Feature>
</Annotation>
<Annotation Id="55" Type="rel" StartNode="2452" EndNode="2596">
<Feature>
  <Name className="java.lang.String">type</Name>
  <Value className="java.lang.String">label</Value>
</Feature>
<Feature>
  <Name className="java.lang.String">ss-label</Name>
  <Value className="java.lang.String">hurts_doctors</Value>
</Feature>
</Annotation>
<Annotation Id="54" Type="rel" StartNode="2351" EndNode="2450">
<Feature>
  <Name className="java.lang.String">type</Name>
  <Value className="java.lang.String">label</Value>
</Feature>
<Feature>
  <Name className="java.lang.String">ss-label</Name>
  <Value className="java.lang.String">hurts_doctors</Value>
</Feature>
</Annotation>
<Annotation Id="53" Type="arg" StartNode="2077" EndNode="2229">
<Feature>
  <Name className="java.lang.String">type</Name>
  <Value className="java.lang.String">else</Value>
</Feature>
<Feature>
  <Name className="java.lang.String">unclear</Name>
  <Value className="java.lang.String">true</Value>
</Feature>
<Feature>
  <Name className="java.lang.String">polarity</Name>
  <Value className="java.lang.String">positive</Value>
</Feature>
</Annotation>
<Annotation Id="52" Type="rel" StartNode="5263" EndNode="5293">
<Feature>
  <Name className="java.lang.String">type</Name>
  <Value className="java.lang.String">label</Value>
</Feature>
<Feature>
  <Name className="java.lang.String">unclear</Name>
  <Value className="java.lang.String">true</Value>
</Feature>
<Feature>
  <Name className="java.lang.String">ss-label</Name>
  <Value className="java.lang.String">unpopular_among_doctors</Value>
</Feature>
</Annotation>
<Annotation Id="59" Type="gfbf-agent" StartNode="39" EndNode="46">
<Feature>
  <Name className="java.lang.String">writerAtt</Name>
  <Value className="java.lang.String">positive</Value>
</Feature>
</Annotation>
<Annotation Id="58" Type="gfbf" StartNode="52" EndNode="59">
<Feature>
  <Name className="java.lang.String">agentId</Name>
  <Value className="java.lang.String">59</Value>
</Feature>
<Feature>
  <Name className="java.lang.String">objectId</Name>
  <Value className="java.lang.String">60</Value>
</Feature>
<Feature>
  <Name className="java.lang.String">polarity</Name>
  <Value className="java.lang.String">goodfor</Value>
</Feature>
</Annotation>
<Annotation Id="57" Type="arg" StartNode="4414" EndNode="4461">
<Feature>
  <Name className="java.lang.String">type</Name>
  <Value className="java.lang.String">label</Value>
</Feature>
<Feature>
  <Name className="java.lang.String">ss-label</Name>
  <Value className="java.lang.String">increases_govt_interference_in_healthcare_decisions</Value>
</Feature>
<Feature>
  <Name className="java.lang.String">polarity</Name>
  <Value className="java.lang.String">negative</Value>
</Feature>
</Annotation>
<Annotation Id="56" Type="rel" StartNode="2598" EndNode="2654">
<Feature>
  <Name className="java.lang.String">type</Name>
  <Value className="java.lang.String">label</Value>
</Feature>
<Feature>
  <Name className="java.lang.String">ss-label</Name>
  <Value className="java.lang.String">hurts_doctors</Value>
</Feature>
</Annotation>
<Annotation Id="63" Type="gfbf-object" StartNode="673" EndNode="682">
<Feature>
  <Name className="java.lang.String">writerAtt</Name>
  <Value className="java.lang.String">positive</Value>
</Feature>
</Annotation>
<Annotation Id="62" Type="gfbf-object" StartNode="631" EndNode="649">
<Feature>
  <Name className="java.lang.String">writerAtt</Name>
  <Value className="java.lang.String">positive</Value>
</Feature>
</Annotation>
<Annotation Id="61" Type="gfbf" StartNode="619" EndNode="630">
<Feature>
  <Name className="java.lang.String">agentId</Name>
  <Value className="java.lang.String">implicit</Value>
</Feature>
<Feature>
  <Name className="java.lang.String">polarity</Name>
  <Value className="java.lang.String">goodfor</Value>
</Feature>
<Feature>
  <Name className="java.lang.String">objectId</Name>
  <Value className="java.lang.String">62</Value>
</Feature>
</Annotation>
<Annotation Id="60" Type="gfbf-object" StartNode="60" EndNode="76">
<Feature>
  <Name className="java.lang.String">writerAtt</Name>
  <Value className="java.lang.String">positive</Value>
</Feature>
</Annotation>
<Annotation Id="68" Type="gfbf" StartNode="1065" EndNode="1070">
<Feature>
  <Name className="java.lang.String">agentId</Name>
  <Value className="java.lang.String">70</Value>
</Feature>
<Feature>
  <Name className="java.lang.String">objectId</Name>
  <Value className="java.lang.String">69</Value>
</Feature>
<Feature>
  <Name className="java.lang.String">polarity</Name>
  <Value className="java.lang.String">badfor</Value>
</Feature>
</Annotation>
<Annotation Id="69" Type="gfbf-object" StartNode="1071" EndNode="1086">
<Feature>
  <Name className="java.lang.String">writerAtt</Name>
  <Value className="java.lang.String">positive</Value>
</Feature>
</Annotation>
<Annotation Id="70" Type="gfbf-agent" StartNode="1009" EndNode="1021">
<Feature>
  <Name className="java.lang.String">writerAtt</Name>
  <Value className="java.lang.String">positive</Value>
</Feature>
</Annotation>
<Annotation Id="71" Type="gfbf" StartNode="1246" EndNode="1254">
<Feature>
  <Name className="java.lang.String">agentId</Name>
  <Value className="java.lang.String">73</Value>
</Feature>
<Feature>
  <Name className="java.lang.String">objectId</Name>
  <Value className="java.lang.String">72</Value>
</Feature>
<Feature>
  <Name className="java.lang.String">polarity</Name>
  <Value className="java.lang.String">goodfor</Value>
</Feature>
</Annotation>
<Annotation Id="64" Type="gfbf" StartNode="693" EndNode="703">
<Feature>
  <Name className="java.lang.String">agentId</Name>
  <Value className="java.lang.String">implicit</Value>
</Feature>
<Feature>
  <Name className="java.lang.String">polarity</Name>
  <Value className="java.lang.String">badfor</Value>
</Feature>
<Feature>
  <Name className="java.lang.String">objectId</Name>
  <Value className="java.lang.String">63</Value>
</Feature>
</Annotation>
<Annotation Id="65" Type="gfbf" StartNode="860" EndNode="868">
<Feature>
  <Name className="java.lang.String">agentId</Name>
  <Value className="java.lang.String">67</Value>
</Feature>
<Feature>
  <Name className="java.lang.String">objectId</Name>
  <Value className="java.lang.String">66</Value>
</Feature>
<Feature>
  <Name className="java.lang.String">polarity</Name>
  <Value className="java.lang.String">badfor</Value>
</Feature>
</Annotation>
<Annotation Id="66" Type="gfbf-object" StartNode="869" EndNode="917">
<Feature>
  <Name className="java.lang.String">writerAtt</Name>
  <Value className="java.lang.String">positive</Value>
</Feature>
</Annotation>
<Annotation Id="67" Type="gfbf-agent" StartNode="843" EndNode="854">
<Feature>
  <Name className="java.lang.String">writerAtt</Name>
  <Value className="java.lang.String">negative</Value>
</Feature>
</Annotation>
<Annotation Id="76" Type="gfbf-agent" StartNode="1792" EndNode="1803">
<Feature>
  <Name className="java.lang.String">writerAtt</Name>
  <Value className="java.lang.String">positive</Value>
</Feature>
</Annotation>
<Annotation Id="77" Type="gfbf" StartNode="2061" EndNode="2067">
<Feature>
  <Name className="java.lang.String">agentId</Name>
  <Value className="java.lang.String">79</Value>
</Feature>
<Feature>
  <Name className="java.lang.String">objectId</Name>
  <Value className="java.lang.String">78</Value>
</Feature>
<Feature>
  <Name className="java.lang.String">polarity</Name>
  <Value className="java.lang.String">badfor</Value>
</Feature>
</Annotation>
<Annotation Id="78" Type="gfbf-object" StartNode="2068" EndNode="2075">
<Feature>
  <Name className="java.lang.String">writerAtt</Name>
  <Value className="java.lang.String">positive</Value>
</Feature>
</Annotation>
<Annotation Id="79" Type="gfbf-agent" StartNode="2022" EndNode="2034">
<Feature>
  <Name className="java.lang.String">writerAtt</Name>
  <Value className="java.lang.String">negative</Value>
</Feature>
</Annotation>
<Annotation Id="72" Type="gfbf-object" StartNode="1255" EndNode="1298">
<Feature>
  <Name className="java.lang.String">writerAtt</Name>
  <Value className="java.lang.String">negative</Value>
</Feature>
</Annotation>
<Annotation Id="73" Type="gfbf-agent" StartNode="1235" EndNode="1240">
<Feature>
  <Name className="java.lang.String">reference</Name>
  <Value className="java.lang.String">true</Value>
</Feature>
<Feature>
  <Name className="java.lang.String">referentId</Name>
  <Value className="java.lang.String">123</Value>
</Feature>
<Feature>
  <Name className="java.lang.String">writerAtt</Name>
  <Value className="java.lang.String">negative</Value>
</Feature>
</Annotation>
<Annotation Id="74" Type="gfbf" StartNode="1809" EndNode="1816">
<Feature>
  <Name className="java.lang.String">agentId</Name>
  <Value className="java.lang.String">76</Value>
</Feature>
<Feature>
  <Name className="java.lang.String">objectId</Name>
  <Value className="java.lang.String">75</Value>
</Feature>
<Feature>
  <Name className="java.lang.String">polarity</Name>
  <Value className="java.lang.String">badfor</Value>
</Feature>
</Annotation>
<Annotation Id="75" Type="gfbf-object" StartNode="1817" EndNode="1868">
<Feature>
  <Name className="java.lang.String">writerAtt</Name>
  <Value className="java.lang.String">negative</Value>
</Feature>
</Annotation>
<Annotation Id="85" Type="gfbf-object" StartNode="3005" EndNode="3014">
<Feature>
  <Name className="java.lang.String">writerAtt</Name>
  <Value className="java.lang.String">negative</Value>
</Feature>
</Annotation>
<Annotation Id="84" Type="gfbf" StartNode="2991" EndNode="3004">
<Feature>
  <Name className="java.lang.String">agentId</Name>
  <Value className="java.lang.String">86</Value>
</Feature>
<Feature>
  <Name className="java.lang.String">objectId</Name>
  <Value className="java.lang.String">85</Value>
</Feature>
<Feature>
  <Name className="java.lang.String">polarity</Name>
  <Value className="java.lang.String">badfor</Value>
</Feature>
</Annotation>
<Annotation Id="87" Type="gfbf" StartNode="3143" EndNode="3157">
<Feature>
  <Name className="java.lang.String">agentId</Name>
  <Value className="java.lang.String">89</Value>
</Feature>
<Feature>
  <Name className="java.lang.String">objectId</Name>
  <Value className="java.lang.String">88</Value>
</Feature>
<Feature>
  <Name className="java.lang.String">polarity</Name>
  <Value className="java.lang.String">goodfor</Value>
</Feature>
</Annotation>
<Annotation Id="86" Type="gfbf-agent" StartNode="2982" EndNode="2989">
<Feature>
  <Name className="java.lang.String">writerAtt</Name>
  <Value className="java.lang.String">positive</Value>
</Feature>
</Annotation>
<Annotation Id="81" Type="gfbf" StartNode="2783" EndNode="2792">
<Feature>
  <Name className="java.lang.String">agentId</Name>
  <Value className="java.lang.String">83</Value>
</Feature>
<Feature>
  <Name className="java.lang.String">objectId</Name>
  <Value className="java.lang.String">82</Value>
</Feature>
<Feature>
  <Name className="java.lang.String">polarity</Name>
  <Value className="java.lang.String">badfor</Value>
</Feature>
</Annotation>
<Annotation Id="80" Type="others" StartNode="2199" EndNode="2228">
<Feature>
  <Name className="java.lang.String">comment</Name>
  <Value className="java.lang.String">force sb to do sth</Value>
</Feature>
</Annotation>
<Annotation Id="83" Type="gfbf-agent" StartNode="2777" EndNode="2782">
<Feature>
  <Name className="java.lang.String">referentId</Name>
  <Value className="java.lang.String">124</Value>
</Feature>
<Feature>
  <Name className="java.lang.String">reference</Name>
  <Value className="java.lang.String">true</Value>
</Feature>
<Feature>
  <Name className="java.lang.String">writerAtt</Name>
  <Value className="java.lang.String">negative</Value>
</Feature>
</Annotation>
<Annotation Id="82" Type="gfbf-object" StartNode="2793" EndNode="2807">
<Feature>
  <Name className="java.lang.String">writerAtt</Name>
  <Value className="java.lang.String">positive</Value>
</Feature>
</Annotation>
<Annotation Id="93" Type="influencer" StartNode="3271" EndNode="3277">
<Feature>
  <Name className="java.lang.String">effect</Name>
  <Value className="java.lang.String">reverse</Value>
</Feature>
<Feature>
  <Name className="java.lang.String">agentId</Name>
  <Value className="java.lang.String">92</Value>
</Feature>
<Feature>
  <Name className="java.lang.String">objectId</Name>
  <Value className="java.lang.String">90</Value>
</Feature>
</Annotation>
<Annotation Id="92" Type="gfbf-agent" StartNode="3268" EndNode="3270">
<Feature>
  <Name className="java.lang.String">reference</Name>
  <Value className="java.lang.String">true</Value>
</Feature>
<Feature>
  <Name className="java.lang.String">referentId</Name>
  <Value className="java.lang.String">126</Value>
</Feature>
<Feature>
  <Name className="java.lang.String">writerAtt</Name>
  <Value className="java.lang.String">negative</Value>
</Feature>
</Annotation>
<Annotation Id="94" Type="gfbf" StartNode="3714" EndNode="3722">
<Feature>
  <Name className="java.lang.String">agentId</Name>
  <Value className="java.lang.String">97</Value>
</Feature>
<Feature>
  <Name className="java.lang.String">objectId</Name>
  <Value className="java.lang.String">96</Value>
</Feature>
<Feature>
  <Name className="java.lang.String">polarity</Name>
  <Value className="java.lang.String">badfor</Value>
</Feature>
</Annotation>
<Annotation Id="89" Type="gfbf-agent" StartNode="3137" EndNode="3142">
<Feature>
  <Name className="java.lang.String">reference</Name>
  <Value className="java.lang.String">true</Value>
</Feature>
<Feature>
  <Name className="java.lang.String">referentId</Name>
  <Value className="java.lang.String">125</Value>
</Feature>
<Feature>
  <Name className="java.lang.String">writerAtt</Name>
  <Value className="java.lang.String">negative</Value>
</Feature>
</Annotation>
<Annotation Id="88" Type="gfbf-object" StartNode="3158" EndNode="3186">
<Feature>
  <Name className="java.lang.String">writerAtt</Name>
  <Value className="java.lang.String">negative</Value>
</Feature>
</Annotation>
<Annotation Id="91" Type="gfbf-object" StartNode="3282" EndNode="3317">
<Feature>
  <Name className="java.lang.String">writerAtt</Name>
  <Value className="java.lang.String">negative</Value>
</Feature>
</Annotation>
<Annotation Id="90" Type="gfbf" StartNode="3278" EndNode="3281">
<Feature>
  <Name className="java.lang.String">unclear</Name>
  <Value className="java.lang.String">true</Value>
</Feature>
<Feature>
  <Name className="java.lang.String">agentId</Name>
  <Value className="java.lang.String">92</Value>
</Feature>
<Feature>
  <Name className="java.lang.String">objectId</Name>
  <Value className="java.lang.String">91</Value>
</Feature>
<Feature>
  <Name className="java.lang.String">polarity</Name>
  <Value className="java.lang.String">badfor</Value>
</Feature>
</Annotation>
<Annotation Id="102" Type="gfbf-object" StartNode="4077" EndNode="4118">
<Feature>
  <Name className="java.lang.String">writerAtt</Name>
  <Value className="java.lang.String">positive</Value>
</Feature>
</Annotation>
<Annotation Id="103" Type="gfbf-agent" StartNode="4056" EndNode="4060">
<Feature>
  <Name className="java.lang.String">referentId</Name>
  <Value className="java.lang.String">148</Value>
</Feature>
<Feature>
  <Name className="java.lang.String">reference</Name>
  <Value className="java.lang.String">true</Value>
</Feature>
<Feature>
  <Name className="java.lang.String">writerAtt</Name>
  <Value className="java.lang.String">negative</Value>
</Feature>
</Annotation>
<Annotation Id="100" Type="gfbf-object" StartNode="3804" EndNode="3830">
<Feature>
  <Name className="java.lang.String">writerAtt</Name>
  <Value className="java.lang.String">negative</Value>
</Feature>
</Annotation>
<Annotation Id="101" Type="gfbf" StartNode="4064" EndNode="4076">
<Feature>
  <Name className="java.lang.String">agentId</Name>
  <Value className="java.lang.String">103</Value>
</Feature>
<Feature>
  <Name className="java.lang.String">objectId</Name>
  <Value className="java.lang.String">102</Value>
</Feature>
<Feature>
  <Name className="java.lang.String">polarity</Name>
  <Value className="java.lang.String">badfor</Value>
</Feature>
</Annotation>
<Annotation Id="98" Type="gfbf-agent" StartNode="3773" EndNode="3782">
<Feature>
  <Name className="java.lang.String">writerAtt</Name>
  <Value className="java.lang.String">negative</Value>
</Feature>
</Annotation>
<Annotation Id="99" Type="gfbf" StartNode="3797" EndNode="3803">
<Feature>
  <Name className="java.lang.String">agentId</Name>
  <Value className="java.lang.String">98</Value>
</Feature>
<Feature>
  <Name className="java.lang.String">objectId</Name>
  <Value className="java.lang.String">100</Value>
</Feature>
<Feature>
  <Name className="java.lang.String">polarity</Name>
  <Value className="java.lang.String">badfor</Value>
</Feature>
</Annotation>
<Annotation Id="96" Type="gfbf-object" StartNode="3723" EndNode="3771">
<Feature>
  <Name className="java.lang.String">writerAtt</Name>
  <Value className="java.lang.String">negative</Value>
</Feature>
</Annotation>
<Annotation Id="97" Type="gfbf-agent" StartNode="3773" EndNode="3782">
<Feature>
  <Name className="java.lang.String">writerAtt</Name>
  <Value className="java.lang.String">negative</Value>
</Feature>
</Annotation>
<Annotation Id="111" Type="gfbf" StartNode="4213" EndNode="4227">
<Feature>
  <Name className="java.lang.String">agentId</Name>
  <Value className="java.lang.String">107</Value>
</Feature>
<Feature>
  <Name className="java.lang.String">objectId</Name>
  <Value className="java.lang.String">113</Value>
</Feature>
<Feature>
  <Name className="java.lang.String">polarity</Name>
  <Value className="java.lang.String">badfor</Value>
</Feature>
</Annotation>
<Annotation Id="108" Type="gfbf" StartNode="4183" EndNode="4187">
<Feature>
  <Name className="java.lang.String">agentId</Name>
  <Value className="java.lang.String">107</Value>
</Feature>
<Feature>
  <Name className="java.lang.String">objectId</Name>
  <Value className="java.lang.String">109</Value>
</Feature>
<Feature>
  <Name className="java.lang.String">polarity</Name>
  <Value className="java.lang.String">goodfor</Value>
</Feature>
</Annotation>
<Annotation Id="109" Type="gfbf-object" StartNode="4188" EndNode="4196">
<Feature>
  <Name className="java.lang.String">writerAtt</Name>
  <Value className="java.lang.String">positive</Value>
</Feature>
</Annotation>
<Annotation Id="107" Type="gfbf-agent" StartNode="4136" EndNode="4143">
<Feature>
  <Name className="java.lang.String">writerAtt</Name>
  <Value className="java.lang.String">positive</Value>
</Feature>
</Annotation>
<Annotation Id="119" Type="gfbf" StartNode="5356" EndNode="5362">
<Feature>
  <Name className="java.lang.String">agentId</Name>
  <Value className="java.lang.String">122</Value>
</Feature>
<Feature>
  <Name className="java.lang.String">objectId</Name>
  <Value className="java.lang.String">120</Value>
</Feature>
<Feature>
  <Name className="java.lang.String">polarity</Name>
  <Value className="java.lang.String">badfor</Value>
</Feature>
</Annotation>
<Annotation Id="118" Type="gfbf-object" StartNode="5037" EndNode="5053">
<Feature>
  <Name className="java.lang.String">writerAtt</Name>
  <Value className="java.lang.String">positive</Value>
</Feature>
</Annotation>
<Annotation Id="117" Type="gfbf" StartNode="5062" EndNode="5069">
<Feature>
  <Name className="java.lang.String">agentId</Name>
  <Value className="java.lang.String">implicit</Value>
</Feature>
<Feature>
  <Name className="java.lang.String">polarity</Name>
  <Value className="java.lang.String">badfor</Value>
</Feature>
<Feature>
  <Name className="java.lang.String">objectId</Name>
  <Value className="java.lang.String">118</Value>
</Feature>
</Annotation>
<Annotation Id="116" Type="others" StartNode="4709" EndNode="4736">
<Feature>
  <Name className="java.lang.String">comment</Name>
  <Value className="java.lang.String">make it ADJ for sb?</Value>
</Feature>
</Annotation>
<Annotation Id="114" Type="influencer" StartNode="4198" EndNode="4201">
<Feature>
  <Name className="java.lang.String">effect</Name>
  <Value className="java.lang.String">reverse</Value>
</Feature>
<Feature>
  <Name className="java.lang.String">agentId</Name>
  <Value className="java.lang.String">107</Value>
</Feature>
<Feature>
  <Name className="java.lang.String">objectId</Name>
  <Value className="java.lang.String">111</Value>
</Feature>
</Annotation>
<Annotation Id="113" Type="gfbf-object" StartNode="4218" EndNode="4222">
<Feature>
  <Name className="java.lang.String">referentId</Name>
  <Value className="java.lang.String">128</Value>
</Feature>
<Feature>
  <Name className="java.lang.String">writerAtt</Name>
  <Value className="java.lang.String">positive</Value>
</Feature>
<Feature>
  <Name className="java.lang.String">refererence</Name>
  <Value className="java.lang.String">true</Value>
</Feature>
</Annotation>
<Annotation Id="126" Type="referent" StartNode="3103" EndNode="3112">
<Feature>
  <Name className="java.lang.String">writerAtt</Name>
  <Value className="java.lang.String">negative</Value>
</Feature>
</Annotation>
<Annotation Id="125" Type="referent" StartNode="3127" EndNode="3135">
<Feature>
  <Name className="java.lang.String">writerAtt</Name>
  <Value className="java.lang.String">negative</Value>
</Feature>
</Annotation>
<Annotation Id="124" Type="referent" StartNode="2748" EndNode="2775">
<Feature>
  <Name className="java.lang.String">writerAtt</Name>
  <Value className="java.lang.String">negative</Value>
</Feature>
</Annotation>
<Annotation Id="123" Type="referent" StartNode="1142" EndNode="1233">
<Feature>
  <Name className="java.lang.String">writerAtt</Name>
  <Value className="java.lang.String">negative</Value>
</Feature>
</Annotation>
<Annotation Id="122" Type="gfbf-agent" StartNode="5337" EndNode="5345">
<Feature>
  <Name className="java.lang.String">writerAtt</Name>
  <Value className="java.lang.String">negative</Value>
</Feature>
</Annotation>
<Annotation Id="121" Type="influencer" StartNode="5346" EndNode="5355">
<Feature>
  <Name className="java.lang.String">effect</Name>
  <Value className="java.lang.String">reverse</Value>
</Feature>
<Feature>
  <Name className="java.lang.String">agentId</Name>
  <Value className="java.lang.String">122</Value>
</Feature>
<Feature>
  <Name className="java.lang.String">objectId</Name>
  <Value className="java.lang.String">119</Value>
</Feature>
</Annotation>
<Annotation Id="120" Type="gfbf-object" StartNode="5363" EndNode="5398">
<Feature>
  <Name className="java.lang.String">writerAtt</Name>
  <Value className="java.lang.String">positive</Value>
</Feature>
</Annotation>
<Annotation Id="137" Type="gfbf-agent" StartNode="228" EndNode="237">
<Feature>
  <Name className="java.lang.String">writerAtt</Name>
  <Value className="java.lang.String">negative</Value>
</Feature>
</Annotation>
<Annotation Id="136" Type="gfbf-object" StartNode="261" EndNode="271">
<Feature>
  <Name className="java.lang.String">writerAtt</Name>
  <Value className="java.lang.String">positive</Value>
</Feature>
</Annotation>
<Annotation Id="139" Type="gfbf" StartNode="318" EndNode="323">
<Feature>
  <Name className="java.lang.String">agentId</Name>
  <Value className="java.lang.String">138</Value>
</Feature>
<Feature>
  <Name className="java.lang.String">objectId</Name>
  <Value className="java.lang.String">140</Value>
</Feature>
<Feature>
  <Name className="java.lang.String">polarity</Name>
  <Value className="java.lang.String">badfor</Value>
</Feature>
</Annotation>
<Annotation Id="138" Type="gfbf-agent" StartNode="273" EndNode="306">
<Feature>
  <Name className="java.lang.String">writerAtt</Name>
  <Value className="java.lang.String">positive</Value>
</Feature>
</Annotation>
<Annotation Id="141" Type="gfbf-agent" StartNode="510" EndNode="554">
<Feature>
  <Name className="java.lang.String">writerAtt</Name>
  <Value className="java.lang.String">negative</Value>
</Feature>
</Annotation>
<Annotation Id="140" Type="gfbf-object" StartNode="324" EndNode="332">
<Feature>
  <Name className="java.lang.String">writerAtt</Name>
  <Value className="java.lang.String">negative</Value>
</Feature>
</Annotation>
<Annotation Id="143" Type="gfbf-object" StartNode="564" EndNode="584">
<Feature>
  <Name className="java.lang.String">writerAtt</Name>
  <Value className="java.lang.String">positive</Value>
</Feature>
</Annotation>
<Annotation Id="128" Type="referent" StartNode="4188" EndNode="4196">
<Feature>
  <Name className="java.lang.String">writerAtt</Name>
  <Value className="java.lang.String">positive</Value>
</Feature>
</Annotation>
<Annotation Id="130" Type="gfbf" StartNode="175" EndNode="181">
<Feature>
  <Name className="java.lang.String">agentId</Name>
  <Value className="java.lang.String">134</Value>
</Feature>
<Feature>
  <Name className="java.lang.String">objectId</Name>
  <Value className="java.lang.String">147</Value>
</Feature>
<Feature>
  <Name className="java.lang.String">polarity</Name>
  <Value className="java.lang.String">badfor</Value>
</Feature>
</Annotation>
<Annotation Id="135" Type="gfbf" StartNode="250" EndNode="260">
<Feature>
  <Name className="java.lang.String">agentId</Name>
  <Value className="java.lang.String">137</Value>
</Feature>
<Feature>
  <Name className="java.lang.String">objectId</Name>
  <Value className="java.lang.String">136</Value>
</Feature>
<Feature>
  <Name className="java.lang.String">polarity</Name>
  <Value className="java.lang.String">badfor</Value>
</Feature>
</Annotation>
<Annotation Id="134" Type="gfbf-agent" StartNode="104" EndNode="158">
<Feature>
  <Name className="java.lang.String">writerAtt</Name>
  <Value className="java.lang.String">positive</Value>
</Feature>
</Annotation>
<Annotation Id="144" Type="gfbf" StartNode="565" EndNode="574">
<Feature>
  <Name className="java.lang.String">agentId</Name>
  <Value className="java.lang.String">implicit</Value>
</Feature>
<Feature>
  <Name className="java.lang.String">objectId</Name>
  <Value className="java.lang.String">145</Value>
</Feature>
<Feature>
  <Name className="java.lang.String">polarity</Name>
  <Value className="java.lang.String">badfor</Value>
</Feature>
</Annotation>
<Annotation Id="145" Type="gfbf-object" StartNode="575" EndNode="584">
<Feature>
  <Name className="java.lang.String">writerAtt</Name>
  <Value className="java.lang.String">negative</Value>
</Feature>
</Annotation>
<Annotation Id="146" Type="influencer" StartNode="505" EndNode="509">
<Feature>
  <Name className="java.lang.String">effect</Name>
  <Value className="java.lang.String">reverse</Value>
</Feature>
<Feature>
  <Name className="java.lang.String">agentId</Name>
  <Value className="java.lang.String">141</Value>
</Feature>
<Feature>
  <Name className="java.lang.String">objectId</Name>
  <Value className="java.lang.String">144</Value>
</Feature>
</Annotation>
<Annotation Id="147" Type="gfbf-object" StartNode="182" EndNode="225">
<Feature>
  <Name className="java.lang.String">writerAtt</Name>
  <Value className="java.lang.String">negative</Value>
</Feature>
</Annotation>
<Annotation Id="148" Type="referent" StartNode="3954" EndNode="4054">
</Annotation>
</AnnotationSet>

<!-- Named annotation set -->

<AnnotationSet Name="Original markups">
<Annotation Id="0" Type="paragraph" StartNode="0" EndNode="92">
</Annotation>
<Annotation Id="1" Type="paragraph" StartNode="94" EndNode="479">
</Annotation>
<Annotation Id="2" Type="paragraph" StartNode="481" EndNode="755">
</Annotation>
<Annotation Id="3" Type="paragraph" StartNode="757" EndNode="1492">
</Annotation>
<Annotation Id="4" Type="paragraph" StartNode="1494" EndNode="2010">
</Annotation>
<Annotation Id="5" Type="paragraph" StartNode="2012" EndNode="2232">
</Annotation>
<Annotation Id="6" Type="paragraph" StartNode="2234" EndNode="2980">
</Annotation>
<Annotation Id="7" Type="paragraph" StartNode="2982" EndNode="3697">
</Annotation>
<Annotation Id="8" Type="paragraph" StartNode="3699" EndNode="4230">
</Annotation>
<Annotation Id="9" Type="paragraph" StartNode="4232" EndNode="4462">
</Annotation>
<Annotation Id="10" Type="paragraph" StartNode="4464" EndNode="5123">
</Annotation>
<Annotation Id="11" Type="paragraph" StartNode="5125" EndNode="5335">
</Annotation>
<Annotation Id="12" Type="paragraph" StartNode="5337" EndNode="5433">
</Annotation>
</AnnotationSet>

</GateDocument>
