<?xml version='1.0' encoding='US-ASCII'?>
<GateDocument version="2">
<!-- The document's features-->

<GateDocumentFeatures>
<Feature>
  <Name className="java.lang.String">gate.SourceURL</Name>
  <Value className="java.lang.String">file:/E:/Users/conrada/Documents/My%20Dropbox/healthcare_data/training_3/hc075.txt</Value>
</Feature>
<Feature>
  <Name className="java.lang.String">MimeType</Name>
  <Value className="java.lang.String">text/plain</Value>
</Feature>
<Feature>
  <Name className="java.lang.String">docNewLineType</Name>
  <Value className="java.lang.String">CRLF</Value>
</Feature>
</GateDocumentFeatures>
<!-- The document content area with serialized nodes -->

<TextWithNodes><Node id="0"/>Gingrich: <Node id="10"/>1,968 Reasons<Node id="23"/> to <Node id="27"/>Repeal<Node id="33"/> <Node id="34"/>ObamaCare<Node id="43"/>&#xd;<Node id="44"/>
<Node id="45"/>&#xd;
<Node id="47"/>Posted by NN&amp;V Staff on Jan 19th, 2011 and filed under Government. You can follow any responses to this entry through the RSS 2.0. Both comments and pings are currently closed.&#xd;
<Node id="225"/>&#xd;
<Node id="227"/>(Newt Gingrich) - If you had any doubt about the importance of <Node id="290"/>repealing<Node id="299"/> <Node id="300"/>the health reform law<Node id="321"/>, a new chart from the Center for Health Transformation will give you <Node id="391"/>1,968 reasons<Node id="404"/> to <Node id="408"/>repeal<Node id="414"/> <Node id="415"/>the bill<Node id="423"/>.&#xd;
<Node id="426"/>&#xd;
<Node id="428"/>The chart, titled "The New and Expanded Secretarial Powers in the Health Reform Law" reveals the ways in which the 2,700-page health reform law grants 1,968 powers to the Secretary of Health and Human Services<Node id="637"/>.&#xd;
<Node id="640"/>&#xd;
<Node id="642"/>Control over<Node id="654"/> <Node id="655"/>the largest single sector of the American economy<Node id="704"/> (about 18% of GDP, or one out of every five dollars in the entire economy) and a matter of life and death for every American, will be handed over to <Node id="854"/>one appointed bureaucrat<Node id="878"/>.&#xd;
<Node id="881"/>&#xd;
<Node id="883"/>Here are five outrageous examples the Center for Health Transformation found in the 1,968 grants of power<Node id="988"/>:&#xd;
<Node id="991"/>&#xd;
<Node id="993"/>1. The Secretary determines "clinical concern  -  of drugs - Section 3307 - (ii) IDENTIFICATION OF DRUGS IN CERTAIN CATEGORIES AND CLASSES. (I) - <Node id="1139"/>the Secretary shall identify, as appropriate, categories and classes of drugs for which the Secretary determines are of clinical concern<Node id="1275"/>. (II) CRITERIA. The Secretary shall use criteria established by the Secretary in making any determination under subclause (I). (iii) IMPLEMENTATION. The Secretary shall establish the criteria - and any exceptions - through the promulgation of a regulation which includes a public notice and comment period.&#xd;
<Node id="1584"/>&#xd;
<Node id="1586"/>Meaning: <Node id="1595"/>The Secretary will decide what clinical drugs seniors can access<Node id="1659"/>.&#xd;
<Node id="1662"/>&#xd;
<Node id="1664"/>2. Secretary decides how drugs are dispensed in long-term care facilities - Section 3310 - (3) REDUCING WASTEFUL DISPENSING OF OUTPATIENT PRESCRIPTION DRUGS IN LONG-TERM CARE FACILITIES. <Node id="1851"/>The Secretary shall require PDP sponsors of prescription drug plans to utilize specific, uniform dispensing techniques, as determined by the Secretary<Node id="2001"/>, in consultation with - any other stakeholders the Secretary determines appropriate - when dispensing covered part D drugs to enrollees who reside in a long-term care facility in order to reduce waste associated with 30-day fills.&#xd;
<Node id="2234"/>&#xd;
<Node id="2236"/>Meaning: <Node id="2245"/>The Secretary will instruct physicians and nurses exactly how to give a drug to their patients in long-term care facilities<Node id="2368"/>.&#xd;
<Node id="2371"/>&#xd;
<Node id="2373"/>3. "Tooth-level surveillance" - Section 4102 - (2) NATIONAL HEALTH AND NUTRITION EXAMINATION SURVEY. The Secretary shall develop oral healthcare components that shall include tooth-level surveillance for inclusion in the National Health and Nutrition Examination Survey - the term "tooth-level surveillance" means a clinical examination where an examiner looks at each dental surface, on each tooth in the mouth and as defined by the Division of Oral Health of the Centers for Disease Control and Prevention.&#xd;
<Node id="2883"/>&#xd;
<Node id="2885"/>Meaning: <Node id="2894"/>The Secretary will determine how dentists and dental hygienists should examine your teeth<Node id="2983"/>.&#xd;
<Node id="2986"/>&#xd;
<Node id="2988"/>4. The Secretary may establish insurance premium ratings for states - Section 1201 - FAIR HEALTH INSURANCE PREMIUMS - SECRETARIAL REVIEW - With respect to the premium rate charged by a health insurance issuer for health insurance coverage offered in the individual or small group market - Each State shall establish 1 or more rating areas within that State for purposes of applying the requirements of this title. The Secretary shall review the rating areas established by each State under subparagraph (A) to ensure the adequacy of such areas for purposes of carrying out the requirements of this title. If the Secretary determines a State's rating areas are not adequate, or that a State does not establish such areas, the Secretary may establish rating areas for that State.&#xd;
<Node id="3767"/>&#xd;
<Node id="3769"/>Meaning: <Node id="3778"/>The Secretary<Node id="3791"/> can <Node id="3796"/>overrule<Node id="3804"/> <Node id="3805"/>states<Node id="3811"/> on what insurance rates can be whether they like it or not<Node id="3870"/>.&#xd;
<Node id="3873"/>&#xd;
<Node id="3875"/>5. The Secretary may use comparative effectiveness research - Section 6301(c) - LIMITATIONS ON CERTAIN USES OF COMPARITIVE EFFECTIVENESS RESEARCH - (2) Paragraph (1) shall not be construed as preventing the Secretary from using evidence or findings from such comparative clinical effectiveness research in determining coverage, reimbursement, or incentive programs under title XVIII based upon a comparison of the difference in the effectiveness of alternative treatments in extending an individual's life due to the individual's age, disability, or terminal illness.&#xd;
<Node id="4444"/>&#xd;
<Node id="4446"/>Meaning: <Node id="4455"/>The Secretary can use comparative effectiveness research to determine access to care for seniors, like they do for patients in the British National Health Service<Node id="4617"/>.&#xd;
<Node id="4620"/>&#xd;
<Node id="4622"/>Warnings about the Dictatorial Nature of Big Government&#xd;<Node id="4678"/>
<Node id="4679"/>&#xd;
<Node id="4681"/>This report confirms what I warned about in my book, To Save America: <Node id="4751"/>Stopping<Node id="4759"/> <Node id="4760"/>Obama's Secular Socialist Machine<Node id="4793"/>, which has just been released in an updated paperback, about how the rush to socialism under the Obama administration puts all our freedoms at risk<Node id="4941"/>.&#xd;
<Node id="4944"/>&#xd;
<Node id="4946"/>Of course, I am hardly the first to warn about the inherently totalitarian nature of big government<Node id="5045"/>:&#xd;
<Node id="5048"/>&#xd;
<Node id="5050"/>Thomas Jefferson warned in a letter to Charles Hammond that "When all government, domestic and foreign, in little as in great things, shall be drawn to Washington as the center of all power, it will render powerless the checks provided of one government on another and will become as venal and oppressive as the government from which we separated<Node id="5396"/>."&#xd;
<Node id="5400"/>&#xd;
<Node id="5402"/>Freidrich Hayek warned in the Road to Serfdom that "The more the state "plans," the more difficult planning becomes for the individual<Node id="5536"/>." <Node id="5539"/>Hayek also wrote in The Constitution of Liberty, "Once wide coercive powers are given to governmental agencies for particular purposes, such powers cannot be effectively controlled by democratic assemblies<Node id="5744"/>."&#xd;
<Node id="5748"/>&#xd;
<Node id="5750"/>Even George Orwell, who was a left wing intellectual, understood the danger of giving too much power to unelected bureaucrats<Node id="5875"/>. Orwell's novel, 1984, described dictatorship in London, not Moscow. He agreed with Hayek's concerns in a review of the Road to Serfdom: "It cannot be said too often  -  <Node id="6046"/>collectivism is not inherently democratic, but, on the contrary, gives to a tyrannical minority such powers as the Spanish Inquisitors never dreamed of<Node id="6197"/>."
<Node id="6200"/>&#xd;
<Node id="6202"/>Dictatorial Powers<Node id="6220"/> <Node id="6221"/>Inspire<Node id="6228"/> <Node id="6229"/>Dictatorial Behavior<Node id="6249"/>:&#xd;
Kathleen Sebelius as a Case Study<Node id="6285"/>&#xd;
<Node id="6287"/>&#xd;
<Node id="6289"/>These warnings about the corrupting nature of big government are already being shown to be true through the actions of Kathleen Sebelius, the current Secretary of the Health and Human Services.&#xd;
<Node id="6484"/>&#xd;
<Node id="6486"/>Flushed with the promise of these 1,968 new grants of authority to her office, Secretary Sebelius recently made a series of threats to<Node id="6620"/> use <Node id="6625"/>one of these new powers<Node id="6648"/> to <Node id="6652"/>punish<Node id="6658"/> <Node id="6659"/>health insurance companies<Node id="6685"/> who have dared to tell the truth<Node id="6718"/> <Node id="6719"/>about how <Node id="6729"/>the health reform law<Node id="6750"/> has led to <Node id="6762"/>rate hikes for<Node id="6776"/> <Node id="6777"/>their customers<Node id="6792"/>.&#xd;
<Node id="6795"/>&#xd;
<Node id="6797"/>The idea of <Node id="6809"/>an unelected bureaucrat<Node id="6832"/> using <Node id="6839"/>her power<Node id="6848"/> to <Node id="6852"/>punish<Node id="6858"/> <Node id="6859"/>those who exercise their right to free speech<Node id="6904"/> should be considered abhorrent in a society that values liberty<Node id="6968"/>.&#xd;
<Node id="6971"/>&#xd;
<Node id="6973"/>Also, as Karl Rove astutely pointed out in the Wall Street Journal , Secretary Sebelius has also used her new powers to reward her friends<Node id="7111"/>. <Node id="7113"/>The Secretary has granted a number of companies exemptions from key requirements in Obamacare<Node id="7206"/>. <Node id="7208"/>More than a third of these companies' employees are unionized compared to a mere 7% of the national workforce<Node id="7317"/>.&#xd;
<Node id="7320"/>&#xd;
<Node id="7322"/>No Bureaucrat Should Have This Power<Node id="7358"/>&#xd;
<Node id="7360"/>&#xd;
<Node id="7362"/>To be clear, <Node id="7375"/>the danger posed<Node id="7391"/> by Obamacare's unprecedented centralization of power over our health decisions is bigger than the current occupant of the Secretary of HHS<Node id="7530"/>. <Node id="7532"/>No unelected bureaucrat should have this amount of power, whether he or she is in a Democratic or Republican administration<Node id="7655"/>.&#xd;
<Node id="7658"/>&#xd;
<Node id="7660"/>The genius of the founding fathers is that they understood the fallen nature of man and designed a system of government to prevent any one person from being so powerful that he or she could violate the rights of any citizen<Node id="7883"/>.&#xd;
<Node id="7886"/>&#xd;
<Node id="7888"/>Every step we take toward bigger and bigger government throws this delicate balance off kilter<Node id="7982"/>.&#xd;
<Node id="7985"/>&#xd;
<Node id="7987"/>As Milton Friedman warns, giving power to <Node id="8029"/>bureaucrats<Node id="8040"/> to <Node id="8044"/>right<Node id="8049"/> <Node id="8050"/>the wrongs of society<Node id="8071"/> inevitably leads to worse results than that achieved by free people pursuing happiness on their own<Node id="8171"/>. "<Node id="8174"/>Where in the world do you find these angels," Friedman asks "that are going to reorganize society for us?"<Node id="8280"/>&#xd;
<Node id="8282"/>&#xd;
<Node id="8284"/>Considering the warning of Friedman and many more of history's great thinkers on liberty, is it really any surprise that a political appointee would use <Node id="8437"/>new, unprecedented powers<Node id="8462"/> to <Node id="8466"/>reward<Node id="8472"/> <Node id="8473"/>friends<Node id="8480"/> and <Node id="8485"/>punish<Node id="8491"/> <Node id="8492"/>opponents<Node id="8501"/>?<Node id="8502"/>&#xd;
<Node id="8504"/>&#xd;
<Node id="8506"/>The very fact that <Node id="8525"/>the Secretary<Node id="8538"/> is now so powerful that <Node id="8563"/>she<Node id="8566"/> can unilaterally <Node id="8584"/>punish<Node id="8590"/> <Node id="8591"/>opponents of the new healthcare law<Node id="8626"/> shows how dangerous this bill is to the freedom of the American people<Node id="8697"/>.&#xd;
<Node id="8700"/>&#xd;
<Node id="8702"/>And this new study from the Center for Health Transformation shows that there are 1,968 reasons why <Node id="8802"/>all Americans<Node id="8815"/> <Node id="8816"/>who<Node id="8819"/> <Node id="8820"/>value<Node id="8825"/> <Node id="8826"/>liberty<Node id="8833"/> should insist <Node id="8848"/>their elected representatives<Node id="8877"/> support full <Node id="8891"/>repeal of<Node id="8900"/> <Node id="8901"/>the healthcare law<Node id="8919"/>. <Node id="8921"/></TextWithNodes>
<!-- The default annotation set -->

<AnnotationSet>
<Annotation Id="129" Type="gfbf-agent" StartNode="10" EndNode="23">
<Feature>
  <Name className="java.lang.String">writerAtt</Name>
  <Value className="java.lang.String">positive</Value>
</Feature>
</Annotation>
<Annotation Id="128" Type="referent" StartNode="8525" EndNode="8538">
<Feature>
  <Name className="java.lang.String">writerAtt</Name>
  <Value className="java.lang.String">negative</Value>
</Feature>
</Annotation>
<Annotation Id="130" Type="gfbf-agent" StartNode="391" EndNode="404">
<Feature>
  <Name className="java.lang.String">writerAtt</Name>
  <Value className="java.lang.String">positive</Value>
</Feature>
</Annotation>
<Annotation Id="35" Type="doc" StartNode="0" EndNode="8921">
<Feature>
  <Name className="java.lang.String">id</Name>
  <Value className="java.lang.String">hc076</Value>
</Feature>
<Feature>
  <Name className="java.lang.String">author</Name>
  <Value className="java.lang.String"></Value>
</Feature>
<Feature>
  <Name className="java.lang.String">source</Name>
  <Value className="java.lang.String">nevada,news,views</Value>
</Feature>
<Feature>
  <Name className="java.lang.String">date</Name>
  <Value className="java.lang.String">20110119</Value>
</Feature>
<Feature>
  <Name className="java.lang.String">side</Name>
  <Value className="java.lang.String">anti</Value>
</Feature>
<Feature>
  <Name className="java.lang.String">url</Name>
  <Value className="java.lang.String">http://nevadanewsandviews.com/archives/7901</Value>
</Feature>
</Annotation>
<Annotation Id="38" Type="rel" StartNode="428" EndNode="637">
<Feature>
  <Name className="java.lang.String">type</Name>
  <Value className="java.lang.String">label</Value>
</Feature>
<Feature>
  <Name className="java.lang.String">ss-label</Name>
  <Value className="java.lang.String">bill_should_be_defunded/not_passed</Value>
</Feature>
</Annotation>
<Annotation Id="39" Type="arg" StartNode="642" EndNode="878">
<Feature>
  <Name className="java.lang.String">ss-label</Name>
  <Value className="java.lang.String">centralizes_healthcare_control</Value>
</Feature>
<Feature>
  <Name className="java.lang.String">unclear</Name>
  <Value className="java.lang.String">true</Value>
</Feature>
<Feature>
  <Name className="java.lang.String">type</Name>
  <Value className="java.lang.String">label</Value>
</Feature>
<Feature>
  <Name className="java.lang.String">polarity</Name>
  <Value className="java.lang.String">negative</Value>
</Feature>
</Annotation>
<Annotation Id="36" Type="arg" StartNode="10" EndNode="44">
<Feature>
  <Name className="java.lang.String">type</Name>
  <Value className="java.lang.String">label</Value>
</Feature>
<Feature>
  <Name className="java.lang.String">ss-label</Name>
  <Value className="java.lang.String">bill_should_be_defunded/not_passed</Value>
</Feature>
<Feature>
  <Name className="java.lang.String">polarity</Name>
  <Value className="java.lang.String">positive</Value>
</Feature>
</Annotation>
<Annotation Id="37" Type="arg" StartNode="227" EndNode="423">
<Feature>
  <Name className="java.lang.String">type</Name>
  <Value className="java.lang.String">label</Value>
</Feature>
<Feature>
  <Name className="java.lang.String">ss-label</Name>
  <Value className="java.lang.String">bill_should_be_defunded/not_passed</Value>
</Feature>
<Feature>
  <Name className="java.lang.String">polarity</Name>
  <Value className="java.lang.String">positive</Value>
</Feature>
</Annotation>
<Annotation Id="42" Type="arg" StartNode="2894" EndNode="2983">
<Feature>
  <Name className="java.lang.String">ss-label</Name>
  <Value className="java.lang.String">increases_govt_interference_in_healthcare_decisions</Value>
</Feature>
<Feature>
  <Name className="java.lang.String">unclear</Name>
  <Value className="java.lang.String">true</Value>
</Feature>
<Feature>
  <Name className="java.lang.String">type</Name>
  <Value className="java.lang.String">label</Value>
</Feature>
<Feature>
  <Name className="java.lang.String">polarity</Name>
  <Value className="java.lang.String">negative</Value>
</Feature>
</Annotation>
<Annotation Id="43" Type="arg" StartNode="3778" EndNode="3870">
<Feature>
  <Name className="java.lang.String">type</Name>
  <Value className="java.lang.String">label</Value>
</Feature>
<Feature>
  <Name className="java.lang.String">ss-label</Name>
  <Value className="java.lang.String">centralizes_healthcare_control</Value>
</Feature>
<Feature>
  <Name className="java.lang.String">polarity</Name>
  <Value className="java.lang.String">negative</Value>
</Feature>
</Annotation>
<Annotation Id="40" Type="arg" StartNode="1595" EndNode="1659">
<Feature>
  <Name className="java.lang.String">ss-label</Name>
  <Value className="java.lang.String">restricts_healthcare_choice</Value>
</Feature>
<Feature>
  <Name className="java.lang.String">unclear</Name>
  <Value className="java.lang.String">true</Value>
</Feature>
<Feature>
  <Name className="java.lang.String">type</Name>
  <Value className="java.lang.String">label</Value>
</Feature>
<Feature>
  <Name className="java.lang.String">polarity</Name>
  <Value className="java.lang.String">negative</Value>
</Feature>
</Annotation>
<Annotation Id="41" Type="arg" StartNode="2245" EndNode="2368">
<Feature>
  <Name className="java.lang.String">unclear</Name>
  <Value className="java.lang.String">true</Value>
</Feature>
<Feature>
  <Name className="java.lang.String">ss-label</Name>
  <Value className="java.lang.String">increases_govt_interference_in_healthcare_decisions</Value>
</Feature>
<Feature>
  <Name className="java.lang.String">type</Name>
  <Value className="java.lang.String">label</Value>
</Feature>
<Feature>
  <Name className="java.lang.String">polarity</Name>
  <Value className="java.lang.String">negative</Value>
</Feature>
</Annotation>
<Annotation Id="47" Type="arg" StartNode="6486" EndNode="6718">
<Feature>
  <Name className="java.lang.String">type</Name>
  <Value className="java.lang.String">label</Value>
</Feature>
<Feature>
  <Name className="java.lang.String">ss-label</Name>
  <Value className="java.lang.String">attacks_on_insurance_companies_are_politically_motivated</Value>
</Feature>
<Feature>
  <Name className="java.lang.String">polarity</Name>
  <Value className="java.lang.String">negative</Value>
</Feature>
</Annotation>
<Annotation Id="44" Type="rel" StartNode="4455" EndNode="4617">
<Feature>
  <Name className="java.lang.String">ss-label</Name>
  <Value className="java.lang.String">similar_programs_have_failed_abroad</Value>
</Feature>
<Feature>
  <Name className="java.lang.String">unclear</Name>
  <Value className="java.lang.String">true</Value>
</Feature>
<Feature>
  <Name className="java.lang.String">type</Name>
  <Value className="java.lang.String">label</Value>
</Feature>
<Feature>
  <Name className="java.lang.String">polarity</Name>
  <Value className="java.lang.String">negative</Value>
</Feature>
<Feature>
  <Name className="java.lang.String">incomplete</Name>
  <Value className="java.lang.String">true</Value>
</Feature>
</Annotation>
<Annotation Id="45" Type="arg" StartNode="4681" EndNode="4941">
<Feature>
  <Name className="java.lang.String">type</Name>
  <Value className="java.lang.String">label</Value>
</Feature>
<Feature>
  <Name className="java.lang.String">ss-label</Name>
  <Value className="java.lang.String">expands_govt</Value>
</Feature>
<Feature>
  <Name className="java.lang.String">polarity</Name>
  <Value className="java.lang.String">negative</Value>
</Feature>
</Annotation>
<Annotation Id="51" Type="rel" StartNode="7208" EndNode="7317">
<Feature>
  <Name className="java.lang.String">type</Name>
  <Value className="java.lang.String">label</Value>
</Feature>
<Feature>
  <Name className="java.lang.String">ss-label</Name>
  <Value className="java.lang.String">bill_is_politically_motivated</Value>
</Feature>
</Annotation>
<Annotation Id="50" Type="rel" StartNode="7113" EndNode="7206">
<Feature>
  <Name className="java.lang.String">type</Name>
  <Value className="java.lang.String">label</Value>
</Feature>
<Feature>
  <Name className="java.lang.String">ss-label</Name>
  <Value className="java.lang.String">bill_is_politically_motivated</Value>
</Feature>
<Feature>
  <Name className="java.lang.String">polarity</Name>
  <Value className="java.lang.String"></Value>
</Feature>
</Annotation>
<Annotation Id="49" Type="arg" StartNode="6973" EndNode="7111">
<Feature>
  <Name className="java.lang.String">ss-label</Name>
  <Value className="java.lang.String">bill_is_politically_motivated</Value>
</Feature>
<Feature>
  <Name className="java.lang.String">unclear</Name>
  <Value className="java.lang.String">true</Value>
</Feature>
<Feature>
  <Name className="java.lang.String">type</Name>
  <Value className="java.lang.String">label</Value>
</Feature>
<Feature>
  <Name className="java.lang.String">polarity</Name>
  <Value className="java.lang.String">negative</Value>
</Feature>
</Annotation>
<Annotation Id="48" Type="arg" StartNode="6719" EndNode="6792">
<Feature>
  <Name className="java.lang.String">ss-label</Name>
  <Value className="java.lang.String">individuals_will_pay_more</Value>
</Feature>
<Feature>
  <Name className="java.lang.String">unclear</Name>
  <Value className="java.lang.String">true</Value>
</Feature>
<Feature>
  <Name className="java.lang.String">type</Name>
  <Value className="java.lang.String">label</Value>
</Feature>
<Feature>
  <Name className="java.lang.String">polarity</Name>
  <Value className="java.lang.String">negative</Value>
</Feature>
</Annotation>
<Annotation Id="55" Type="rel" StartNode="4946" EndNode="5045">
<Feature>
  <Name className="java.lang.String">ss-label</Name>
  <Value className="java.lang.String">govt_reaching_beyond_authority</Value>
</Feature>
<Feature>
  <Name className="java.lang.String">unclear</Name>
  <Value className="java.lang.String">true</Value>
</Feature>
<Feature>
  <Name className="java.lang.String">type</Name>
  <Value className="java.lang.String">label</Value>
</Feature>
<Feature>
  <Name className="java.lang.String">polarity</Name>
  <Value className="java.lang.String">negative</Value>
</Feature>
<Feature>
  <Name className="java.lang.String">incomplete</Name>
  <Value className="java.lang.String">true</Value>
</Feature>
</Annotation>
<Annotation Id="54" Type="rel" StartNode="1851" EndNode="2001">
<Feature>
  <Name className="java.lang.String">type</Name>
  <Value className="java.lang.String">label</Value>
</Feature>
<Feature>
  <Name className="java.lang.String">ss-label</Name>
  <Value className="java.lang.String">increases_govt_interference_in_healthcare_decisions</Value>
</Feature>
</Annotation>
<Annotation Id="53" Type="rel" StartNode="1139" EndNode="1275">
<Feature>
  <Name className="java.lang.String">type</Name>
  <Value className="java.lang.String">label</Value>
</Feature>
<Feature>
  <Name className="java.lang.String">ss-label</Name>
  <Value className="java.lang.String">restricts_healthcare_choice</Value>
</Feature>
</Annotation>
<Annotation Id="59" Type="arg" StartNode="6797" EndNode="6968">
<Feature>
  <Name className="java.lang.String">ss-label</Name>
  <Value className="java.lang.String">govt_reaching_beyond_authority</Value>
</Feature>
<Feature>
  <Name className="java.lang.String">unclear</Name>
  <Value className="java.lang.String">true</Value>
</Feature>
<Feature>
  <Name className="java.lang.String">type</Name>
  <Value className="java.lang.String">label</Value>
</Feature>
<Feature>
  <Name className="java.lang.String">polarity</Name>
  <Value className="java.lang.String">negative</Value>
</Feature>
<Feature>
  <Name className="java.lang.String">incomplete</Name>
  <Value className="java.lang.String">true</Value>
</Feature>
</Annotation>
<Annotation Id="58" Type="rel" StartNode="5750" EndNode="5875">
<Feature>
  <Name className="java.lang.String">ss-label</Name>
  <Value className="java.lang.String">govt_reaching_beyond_authority</Value>
</Feature>
<Feature>
  <Name className="java.lang.String">unclear</Name>
  <Value className="java.lang.String">true</Value>
</Feature>
<Feature>
  <Name className="java.lang.String">type</Name>
  <Value className="java.lang.String">label</Value>
</Feature>
<Feature>
  <Name className="java.lang.String">polarity</Name>
  <Value className="java.lang.String">negative</Value>
</Feature>
<Feature>
  <Name className="java.lang.String">incomplete</Name>
  <Value className="java.lang.String">true</Value>
</Feature>
</Annotation>
<Annotation Id="57" Type="rel" StartNode="5539" EndNode="5744">
<Feature>
  <Name className="java.lang.String">type</Name>
  <Value className="java.lang.String">label</Value>
</Feature>
<Feature>
  <Name className="java.lang.String">ss-label</Name>
  <Value className="java.lang.String">govt_reaching_beyond_authority</Value>
</Feature>
<Feature>
  <Name className="java.lang.String">polarity</Name>
  <Value className="java.lang.String">negative</Value>
</Feature>
</Annotation>
<Annotation Id="56" Type="rel" StartNode="5402" EndNode="5536">
<Feature>
  <Name className="java.lang.String">unclear</Name>
  <Value className="java.lang.String">true</Value>
</Feature>
<Feature>
  <Name className="java.lang.String">ss-label</Name>
  <Value className="java.lang.String">increases_govt_interference_in_healthcare_decisions</Value>
</Feature>
<Feature>
  <Name className="java.lang.String">type</Name>
  <Value className="java.lang.String">label</Value>
</Feature>
<Feature>
  <Name className="java.lang.String">polarity</Name>
  <Value className="java.lang.String">negative</Value>
</Feature>
</Annotation>
<Annotation Id="63" Type="arg" StartNode="7888" EndNode="7982">
<Feature>
  <Name className="java.lang.String">ss-label</Name>
  <Value className="java.lang.String">expands_govt</Value>
</Feature>
<Feature>
  <Name className="java.lang.String">unclear</Name>
  <Value className="java.lang.String">true</Value>
</Feature>
<Feature>
  <Name className="java.lang.String">type</Name>
  <Value className="java.lang.String">label</Value>
</Feature>
<Feature>
  <Name className="java.lang.String">polarity</Name>
  <Value className="java.lang.String">negative</Value>
</Feature>
<Feature>
  <Name className="java.lang.String">incomplete</Name>
  <Value className="java.lang.String">true</Value>
</Feature>
</Annotation>
<Annotation Id="62" Type="rel" StartNode="7660" EndNode="7883">
<Feature>
  <Name className="java.lang.String">type</Name>
  <Value className="java.lang.String">label</Value>
</Feature>
<Feature>
  <Name className="java.lang.String">ss-label</Name>
  <Value className="java.lang.String">govt_reaching_beyond_authority</Value>
</Feature>
</Annotation>
<Annotation Id="61" Type="arg" StartNode="7532" EndNode="7655">
<Feature>
  <Name className="java.lang.String">ss-label</Name>
  <Value className="java.lang.String">govt_reaching_beyond_authority</Value>
</Feature>
<Feature>
  <Name className="java.lang.String">type</Name>
  <Value className="java.lang.String">label</Value>
</Feature>
<Feature>
  <Name className="java.lang.String">polarity</Name>
  <Value className="java.lang.String">negative</Value>
</Feature>
<Feature>
  <Name className="java.lang.String">incomplete</Name>
  <Value className="java.lang.String">true</Value>
</Feature>
</Annotation>
<Annotation Id="60" Type="arg" StartNode="7362" EndNode="7530">
<Feature>
  <Name className="java.lang.String">ss-label</Name>
  <Value className="java.lang.String">centralizes_healthcare_control</Value>
</Feature>
<Feature>
  <Name className="java.lang.String">unclear</Name>
  <Value className="java.lang.String"></Value>
</Feature>
<Feature>
  <Name className="java.lang.String">type</Name>
  <Value className="java.lang.String">label</Value>
</Feature>
<Feature>
  <Name className="java.lang.String">polarity</Name>
  <Value className="java.lang.String">negative</Value>
</Feature>
</Annotation>
<Annotation Id="68" Type="arg" StartNode="6202" EndNode="6285">
<Feature>
  <Name className="java.lang.String">unclear</Name>
  <Value className="java.lang.String">true</Value>
</Feature>
<Feature>
  <Name className="java.lang.String">ss-label</Name>
  <Value className="java.lang.String">threatens_freedom</Value>
</Feature>
<Feature>
  <Name className="java.lang.String">type</Name>
  <Value className="java.lang.String">label</Value>
</Feature>
<Feature>
  <Name className="java.lang.String">polarity</Name>
  <Value className="java.lang.String">negative</Value>
</Feature>
</Annotation>
<Annotation Id="69" Type="arg" StartNode="7322" EndNode="7358">
<Feature>
  <Name className="java.lang.String">type</Name>
  <Value className="java.lang.String">label</Value>
</Feature>
<Feature>
  <Name className="java.lang.String">ss-label</Name>
  <Value className="java.lang.String">govt_reaching_beyond_authority</Value>
</Feature>
<Feature>
  <Name className="java.lang.String">polarity</Name>
  <Value className="java.lang.String">negative</Value>
</Feature>
</Annotation>
<Annotation Id="70" Type="arg" StartNode="883" EndNode="988">
<Feature>
  <Name className="java.lang.String">ss-label</Name>
  <Value className="java.lang.String">centralizes_healthcare_control</Value>
</Feature>
<Feature>
  <Name className="java.lang.String">unclear</Name>
  <Value className="java.lang.String">true</Value>
</Feature>
<Feature>
  <Name className="java.lang.String">type</Name>
  <Value className="java.lang.String">label</Value>
</Feature>
<Feature>
  <Name className="java.lang.String">polarity</Name>
  <Value className="java.lang.String">negative</Value>
</Feature>
</Annotation>
<Annotation Id="71" Type="rel" StartNode="4622" EndNode="4678">
<Feature>
  <Name className="java.lang.String">type</Name>
  <Value className="java.lang.String">label</Value>
</Feature>
<Feature>
  <Name className="java.lang.String">ss-label</Name>
  <Value className="java.lang.String">govt_reaching_beyond_authority</Value>
</Feature>
</Annotation>
<Annotation Id="64" Type="arg" StartNode="7987" EndNode="8171">
<Feature>
  <Name className="java.lang.String">ss-label</Name>
  <Value className="java.lang.String">expands_govt</Value>
</Feature>
<Feature>
  <Name className="java.lang.String">unclear</Name>
  <Value className="java.lang.String">true</Value>
</Feature>
<Feature>
  <Name className="java.lang.String">type</Name>
  <Value className="java.lang.String">label</Value>
</Feature>
<Feature>
  <Name className="java.lang.String">polarity</Name>
  <Value className="java.lang.String">negative</Value>
</Feature>
</Annotation>
<Annotation Id="65" Type="rel" StartNode="8174" EndNode="8280">
<Feature>
  <Name className="java.lang.String">type</Name>
  <Value className="java.lang.String">label</Value>
</Feature>
<Feature>
  <Name className="java.lang.String">ss-label</Name>
  <Value className="java.lang.String">expands_govt</Value>
</Feature>
</Annotation>
<Annotation Id="66" Type="arg" StartNode="8284" EndNode="8502">
<Feature>
  <Name className="java.lang.String">type</Name>
  <Value className="java.lang.String">label</Value>
</Feature>
<Feature>
  <Name className="java.lang.String">ss-label</Name>
  <Value className="java.lang.String">politicizes_healthcare_system</Value>
</Feature>
<Feature>
  <Name className="java.lang.String">polarity</Name>
  <Value className="java.lang.String">negative</Value>
</Feature>
</Annotation>
<Annotation Id="67" Type="arg" StartNode="8506" EndNode="8697">
<Feature>
  <Name className="java.lang.String">type</Name>
  <Value className="java.lang.String">label</Value>
</Feature>
<Feature>
  <Name className="java.lang.String">ss-label</Name>
  <Value className="java.lang.String">threatens_freedom</Value>
</Feature>
<Feature>
  <Name className="java.lang.String">polarity</Name>
  <Value className="java.lang.String">negative</Value>
</Feature>
</Annotation>
<Annotation Id="76" Type="gfbf-object" StartNode="34" EndNode="43">
<Feature>
  <Name className="java.lang.String">writerAtt</Name>
  <Value className="java.lang.String">negative</Value>
</Feature>
</Annotation>
<Annotation Id="77" Type="gfbf" StartNode="290" EndNode="299">
<Feature>
  <Name className="java.lang.String">agentId</Name>
  <Value className="java.lang.String">implicit</Value>
</Feature>
<Feature>
  <Name className="java.lang.String">polarity</Name>
  <Value className="java.lang.String">badfor</Value>
</Feature>
<Feature>
  <Name className="java.lang.String">objectId</Name>
  <Value className="java.lang.String">78</Value>
</Feature>
</Annotation>
<Annotation Id="78" Type="gfbf-object" StartNode="300" EndNode="321">
<Feature>
  <Name className="java.lang.String">writerAtt</Name>
  <Value className="java.lang.String">negative</Value>
</Feature>
</Annotation>
<Annotation Id="79" Type="gfbf" StartNode="408" EndNode="414">
<Feature>
  <Name className="java.lang.String">agentId</Name>
  <Value className="java.lang.String">130</Value>
</Feature>
<Feature>
  <Name className="java.lang.String">polarity</Name>
  <Value className="java.lang.String">badfor</Value>
</Feature>
<Feature>
  <Name className="java.lang.String">objectId</Name>
  <Value className="java.lang.String">80</Value>
</Feature>
</Annotation>
<Annotation Id="72" Type="rel" StartNode="5050" EndNode="5396">
<Feature>
  <Name className="java.lang.String">type</Name>
  <Value className="java.lang.String">label</Value>
</Feature>
<Feature>
  <Name className="java.lang.String">ss-label</Name>
  <Value className="java.lang.String">govt_reaching_beyond_authority</Value>
</Feature>
</Annotation>
<Annotation Id="73" Type="rel" StartNode="6046" EndNode="6197">
<Feature>
  <Name className="java.lang.String">type</Name>
  <Value className="java.lang.String">label</Value>
</Feature>
<Feature>
  <Name className="java.lang.String">ss-label</Name>
  <Value className="java.lang.String">govt_reaching_beyond_authority</Value>
</Feature>
</Annotation>
<Annotation Id="74" Type="arg" StartNode="8702" EndNode="8919">
<Feature>
  <Name className="java.lang.String">type</Name>
  <Value className="java.lang.String">label</Value>
</Feature>
<Feature>
  <Name className="java.lang.String">ss-label</Name>
  <Value className="java.lang.String">should_be_repealed</Value>
</Feature>
<Feature>
  <Name className="java.lang.String">polarity</Name>
  <Value className="java.lang.String">positive</Value>
</Feature>
</Annotation>
<Annotation Id="75" Type="gfbf" StartNode="27" EndNode="33">
<Feature>
  <Name className="java.lang.String">agentId</Name>
  <Value className="java.lang.String">129</Value>
</Feature>
<Feature>
  <Name className="java.lang.String">polarity</Name>
  <Value className="java.lang.String">badfor</Value>
</Feature>
<Feature>
  <Name className="java.lang.String">objectId</Name>
  <Value className="java.lang.String">76</Value>
</Feature>
</Annotation>
<Annotation Id="85" Type="gfbf-object" StartNode="3805" EndNode="3811">
<Feature>
  <Name className="java.lang.String">writerAtt</Name>
  <Value className="java.lang.String">positive</Value>
</Feature>
</Annotation>
<Annotation Id="84" Type="gfbf" StartNode="3796" EndNode="3804">
<Feature>
  <Name className="java.lang.String">agentId</Name>
  <Value className="java.lang.String">86</Value>
</Feature>
<Feature>
  <Name className="java.lang.String">objectId</Name>
  <Value className="java.lang.String">85</Value>
</Feature>
<Feature>
  <Name className="java.lang.String">polarity</Name>
  <Value className="java.lang.String">badfor</Value>
</Feature>
</Annotation>
<Annotation Id="87" Type="gfbf" StartNode="4751" EndNode="4759">
<Feature>
  <Name className="java.lang.String">agentId</Name>
  <Value className="java.lang.String">implicit</Value>
</Feature>
<Feature>
  <Name className="java.lang.String">polarity</Name>
  <Value className="java.lang.String">badfor</Value>
</Feature>
<Feature>
  <Name className="java.lang.String">objectId</Name>
  <Value className="java.lang.String">88</Value>
</Feature>
</Annotation>
<Annotation Id="86" Type="gfbf-agent" StartNode="3778" EndNode="3791">
<Feature>
  <Name className="java.lang.String">writerAtt</Name>
  <Value className="java.lang.String">negative</Value>
</Feature>
</Annotation>
<Annotation Id="81" Type="gfbf" StartNode="642" EndNode="654">
<Feature>
  <Name className="java.lang.String">agentId</Name>
  <Value className="java.lang.String">83</Value>
</Feature>
<Feature>
  <Name className="java.lang.String">unclear</Name>
  <Value className="java.lang.String">true</Value>
</Feature>
<Feature>
  <Name className="java.lang.String">writerAtt</Name>
  <Value className="java.lang.String"></Value>
</Feature>
<Feature>
  <Name className="java.lang.String">polarity</Name>
  <Value className="java.lang.String">badfor</Value>
</Feature>
<Feature>
  <Name className="java.lang.String">objectId</Name>
  <Value className="java.lang.String">82</Value>
</Feature>
</Annotation>
<Annotation Id="80" Type="gfbf-object" StartNode="415" EndNode="423">
<Feature>
  <Name className="java.lang.String">writerAtt</Name>
  <Value className="java.lang.String">negative</Value>
</Feature>
</Annotation>
<Annotation Id="83" Type="gfbf-agent" StartNode="854" EndNode="878">
<Feature>
  <Name className="java.lang.String">writerAtt</Name>
  <Value className="java.lang.String">negative</Value>
</Feature>
</Annotation>
<Annotation Id="82" Type="gfbf-object" StartNode="655" EndNode="704">
<Feature>
  <Name className="java.lang.String">writerAtt</Name>
  <Value className="java.lang.String">positive</Value>
</Feature>
</Annotation>
<Annotation Id="93" Type="gfbf-object" StartNode="6659" EndNode="6685">
<Feature>
  <Name className="java.lang.String">writerAtt</Name>
  <Value className="java.lang.String">positive</Value>
</Feature>
</Annotation>
<Annotation Id="92" Type="gfbf" StartNode="6652" EndNode="6658">
<Feature>
  <Name className="java.lang.String">agentId</Name>
  <Value className="java.lang.String">97</Value>
</Feature>
<Feature>
  <Name className="java.lang.String">objectId</Name>
  <Value className="java.lang.String">93</Value>
</Feature>
<Feature>
  <Name className="java.lang.String">polarity</Name>
  <Value className="java.lang.String">badfor</Value>
</Feature>
</Annotation>
<Annotation Id="95" Type="gfbf-object" StartNode="6777" EndNode="6792">
<Feature>
  <Name className="java.lang.String">writerAtt</Name>
  <Value className="java.lang.String">positive</Value>
</Feature>
</Annotation>
<Annotation Id="94" Type="gfbf" StartNode="6762" EndNode="6776">
<Feature>
  <Name className="java.lang.String">agentId</Name>
  <Value className="java.lang.String">96</Value>
</Feature>
<Feature>
  <Name className="java.lang.String">objectId</Name>
  <Value className="java.lang.String">95</Value>
</Feature>
<Feature>
  <Name className="java.lang.String">polarity</Name>
  <Value className="java.lang.String">badfor</Value>
</Feature>
</Annotation>
<Annotation Id="89" Type="gfbf" StartNode="6221" EndNode="6228">
<Feature>
  <Name className="java.lang.String">agentId</Name>
  <Value className="java.lang.String">90</Value>
</Feature>
<Feature>
  <Name className="java.lang.String">objectId</Name>
  <Value className="java.lang.String">91</Value>
</Feature>
<Feature>
  <Name className="java.lang.String">polarity</Name>
  <Value className="java.lang.String">goodfor</Value>
</Feature>
</Annotation>
<Annotation Id="88" Type="gfbf-object" StartNode="4760" EndNode="4793">
<Feature>
  <Name className="java.lang.String">writerAtt</Name>
  <Value className="java.lang.String">negative</Value>
</Feature>
</Annotation>
<Annotation Id="91" Type="gfbf-object" StartNode="6229" EndNode="6249">
<Feature>
  <Name className="java.lang.String">writerAtt</Name>
  <Value className="java.lang.String">negative</Value>
</Feature>
</Annotation>
<Annotation Id="90" Type="gfbf-agent" StartNode="6202" EndNode="6220">
<Feature>
  <Name className="java.lang.String">writerAtt</Name>
  <Value className="java.lang.String">negative</Value>
</Feature>
</Annotation>
<Annotation Id="102" Type="others" StartNode="7375" EndNode="7391">
<Feature>
  <Name className="java.lang.String">comment</Name>
  <Value className="java.lang.String">pose danger to is a BadFor?</Value>
</Feature>
</Annotation>
<Annotation Id="100" Type="gfbf-object" StartNode="6859" EndNode="6904">
<Feature>
  <Name className="java.lang.String">writerAtt</Name>
  <Value className="java.lang.String">positive</Value>
</Feature>
</Annotation>
<Annotation Id="101" Type="referent" StartNode="6809" EndNode="6832">
<Feature>
  <Name className="java.lang.String">writerAtt</Name>
  <Value className="java.lang.String">negative</Value>
</Feature>
</Annotation>
<Annotation Id="98" Type="others" StartNode="6486" EndNode="6620">
<Feature>
  <Name className="java.lang.String">comment</Name>
  <Value className="java.lang.String">it's worth studying...</Value>
</Feature>
</Annotation>
<Annotation Id="99" Type="gfbf" StartNode="6852" EndNode="6858">
<Feature>
  <Name className="java.lang.String">agentId</Name>
  <Value className="java.lang.String">126</Value>
</Feature>
<Feature>
  <Name className="java.lang.String">objectId</Name>
  <Value className="java.lang.String">100</Value>
</Feature>
<Feature>
  <Name className="java.lang.String">polarity</Name>
  <Value className="java.lang.String">badfor</Value>
</Feature>
</Annotation>
<Annotation Id="96" Type="gfbf-agent" StartNode="6729" EndNode="6750">
<Feature>
  <Name className="java.lang.String">writerAtt</Name>
  <Value className="java.lang.String">negative</Value>
</Feature>
</Annotation>
<Annotation Id="97" Type="gfbf-agent" StartNode="6625" EndNode="6648">
<Feature>
  <Name className="java.lang.String">unclear</Name>
  <Value className="java.lang.String">true</Value>
</Feature>
<Feature>
  <Name className="java.lang.String">writerAtt</Name>
  <Value className="java.lang.String">negative</Value>
</Feature>
</Annotation>
<Annotation Id="110" Type="gfbf" StartNode="8485" EndNode="8491">
<Feature>
  <Name className="java.lang.String">agentId</Name>
  <Value className="java.lang.String">127</Value>
</Feature>
<Feature>
  <Name className="java.lang.String">objectId</Name>
  <Value className="java.lang.String">111</Value>
</Feature>
<Feature>
  <Name className="java.lang.String">polarity</Name>
  <Value className="java.lang.String">badfor</Value>
</Feature>
</Annotation>
<Annotation Id="111" Type="gfbf-object" StartNode="8492" EndNode="8501">
<Feature>
  <Name className="java.lang.String">writerAtt</Name>
  <Value className="java.lang.String">negative</Value>
</Feature>
</Annotation>
<Annotation Id="108" Type="gfbf" StartNode="8466" EndNode="8472">
<Feature>
  <Name className="java.lang.String">agentId</Name>
  <Value className="java.lang.String">127</Value>
</Feature>
<Feature>
  <Name className="java.lang.String">objectId</Name>
  <Value className="java.lang.String">109</Value>
</Feature>
<Feature>
  <Name className="java.lang.String">polarity</Name>
  <Value className="java.lang.String">goodfor</Value>
</Feature>
</Annotation>
<Annotation Id="109" Type="gfbf-object" StartNode="8473" EndNode="8480">
<Feature>
  <Name className="java.lang.String">writerAtt</Name>
  <Value className="java.lang.String">positive</Value>
</Feature>
</Annotation>
<Annotation Id="106" Type="gfbf-agent" StartNode="8029" EndNode="8040">
<Feature>
  <Name className="java.lang.String">writerAtt</Name>
  <Value className="java.lang.String">negative</Value>
</Feature>
</Annotation>
<Annotation Id="104" Type="gfbf" StartNode="8044" EndNode="8049">
<Feature>
  <Name className="java.lang.String">agentId</Name>
  <Value className="java.lang.String">106</Value>
</Feature>
<Feature>
  <Name className="java.lang.String">objectId</Name>
  <Value className="java.lang.String">105</Value>
</Feature>
<Feature>
  <Name className="java.lang.String">polarity</Name>
  <Value className="java.lang.String">badfor</Value>
</Feature>
</Annotation>
<Annotation Id="105" Type="gfbf-object" StartNode="8050" EndNode="8071">
<Feature>
  <Name className="java.lang.String">writerAtt</Name>
  <Value className="java.lang.String">negative</Value>
</Feature>
</Annotation>
<Annotation Id="119" Type="gfbf" StartNode="8820" EndNode="8825">
<Feature>
  <Name className="java.lang.String">agentId</Name>
  <Value className="java.lang.String">118</Value>
</Feature>
<Feature>
  <Name className="java.lang.String">objectId</Name>
  <Value className="java.lang.String">120</Value>
</Feature>
<Feature>
  <Name className="java.lang.String">polarity</Name>
  <Value className="java.lang.String">goodfor</Value>
</Feature>
</Annotation>
<Annotation Id="118" Type="gfbf-agent" StartNode="8816" EndNode="8819">
<Feature>
  <Name className="java.lang.String">reference</Name>
  <Value className="java.lang.String">true</Value>
</Feature>
<Feature>
  <Name className="java.lang.String">referentId</Name>
  <Value className="java.lang.String">117</Value>
</Feature>
<Feature>
  <Name className="java.lang.String">writerAtt</Name>
  <Value className="java.lang.String">positive</Value>
</Feature>
</Annotation>
<Annotation Id="117" Type="referent" StartNode="8802" EndNode="8815">
<Feature>
  <Name className="java.lang.String">writerAtt</Name>
  <Value className="java.lang.String">positive</Value>
</Feature>
</Annotation>
<Annotation Id="116" Type="gfbf-agent" StartNode="8563" EndNode="8566">
<Feature>
  <Name className="java.lang.String">reference</Name>
  <Value className="java.lang.String">true</Value>
</Feature>
<Feature>
  <Name className="java.lang.String">referentId</Name>
  <Value className="java.lang.String">128</Value>
</Feature>
<Feature>
  <Name className="java.lang.String">writerAtt</Name>
  <Value className="java.lang.String">negative</Value>
</Feature>
</Annotation>
<Annotation Id="115" Type="gfbf-object" StartNode="8591" EndNode="8626">
<Feature>
  <Name className="java.lang.String">writerAtt</Name>
  <Value className="java.lang.String">positive</Value>
</Feature>
</Annotation>
<Annotation Id="114" Type="gfbf" StartNode="8584" EndNode="8590">
<Feature>
  <Name className="java.lang.String">agentId</Name>
  <Value className="java.lang.String">116</Value>
</Feature>
<Feature>
  <Name className="java.lang.String">objectId</Name>
  <Value className="java.lang.String">115</Value>
</Feature>
<Feature>
  <Name className="java.lang.String">polarity</Name>
  <Value className="java.lang.String">badfor</Value>
</Feature>
</Annotation>
<Annotation Id="127" Type="gfbf-agent" StartNode="8437" EndNode="8462">
<Feature>
  <Name className="java.lang.String">writerAtt</Name>
  <Value className="java.lang.String">negative</Value>
</Feature>
</Annotation>
<Annotation Id="126" Type="gfbf-agent" StartNode="6839" EndNode="6848">
<Feature>
  <Name className="java.lang.String">reference</Name>
  <Value className="java.lang.String">true</Value>
</Feature>
<Feature>
  <Name className="java.lang.String">referentId</Name>
  <Value className="java.lang.String">101</Value>
</Feature>
<Feature>
  <Name className="java.lang.String">writerAtt</Name>
  <Value className="java.lang.String">negative</Value>
</Feature>
</Annotation>
<Annotation Id="124" Type="gfbf-object" StartNode="8901" EndNode="8919">
<Feature>
  <Name className="java.lang.String">writerAtt</Name>
  <Value className="java.lang.String">negative</Value>
</Feature>
</Annotation>
<Annotation Id="123" Type="gfbf" StartNode="8891" EndNode="8900">
<Feature>
  <Name className="java.lang.String">agentId</Name>
  <Value className="java.lang.String">121</Value>
</Feature>
<Feature>
  <Name className="java.lang.String">objectId</Name>
  <Value className="java.lang.String">124</Value>
</Feature>
<Feature>
  <Name className="java.lang.String">polarity</Name>
  <Value className="java.lang.String">badfor</Value>
</Feature>
</Annotation>
<Annotation Id="121" Type="gfbf-agent" StartNode="8848" EndNode="8877">
<Feature>
  <Name className="java.lang.String">reference</Name>
  <Value className="java.lang.String">true</Value>
</Feature>
<Feature>
  <Name className="java.lang.String">referentId</Name>
  <Value className="java.lang.String">117</Value>
</Feature>
<Feature>
  <Name className="java.lang.String">writerAtt</Name>
  <Value className="java.lang.String">positive</Value>
</Feature>
</Annotation>
<Annotation Id="120" Type="gfbf-object" StartNode="8826" EndNode="8833">
<Feature>
  <Name className="java.lang.String">writerAtt</Name>
  <Value className="java.lang.String">positive</Value>
</Feature>
</Annotation>
</AnnotationSet>

<!-- Named annotation set -->

<AnnotationSet Name="Original markups">
<Annotation Id="0" Type="paragraph" StartNode="0" EndNode="45">
</Annotation>
<Annotation Id="1" Type="paragraph" StartNode="47" EndNode="225">
</Annotation>
<Annotation Id="2" Type="paragraph" StartNode="227" EndNode="426">
</Annotation>
<Annotation Id="3" Type="paragraph" StartNode="428" EndNode="640">
</Annotation>
<Annotation Id="4" Type="paragraph" StartNode="642" EndNode="881">
</Annotation>
<Annotation Id="5" Type="paragraph" StartNode="883" EndNode="991">
</Annotation>
<Annotation Id="6" Type="paragraph" StartNode="993" EndNode="1584">
</Annotation>
<Annotation Id="7" Type="paragraph" StartNode="1586" EndNode="1662">
</Annotation>
<Annotation Id="8" Type="paragraph" StartNode="1664" EndNode="2234">
</Annotation>
<Annotation Id="9" Type="paragraph" StartNode="2236" EndNode="2371">
</Annotation>
<Annotation Id="10" Type="paragraph" StartNode="2373" EndNode="2883">
</Annotation>
<Annotation Id="11" Type="paragraph" StartNode="2885" EndNode="2986">
</Annotation>
<Annotation Id="12" Type="paragraph" StartNode="2988" EndNode="3767">
</Annotation>
<Annotation Id="13" Type="paragraph" StartNode="3769" EndNode="3873">
</Annotation>
<Annotation Id="14" Type="paragraph" StartNode="3875" EndNode="4444">
</Annotation>
<Annotation Id="15" Type="paragraph" StartNode="4446" EndNode="4620">
</Annotation>
<Annotation Id="17" Type="paragraph" StartNode="4681" EndNode="4944">
</Annotation>
<Annotation Id="16" Type="paragraph" StartNode="4622" EndNode="4679">
</Annotation>
<Annotation Id="19" Type="paragraph" StartNode="5050" EndNode="5400">
</Annotation>
<Annotation Id="18" Type="paragraph" StartNode="4946" EndNode="5048">
</Annotation>
<Annotation Id="21" Type="paragraph" StartNode="5750" EndNode="6200">
</Annotation>
<Annotation Id="20" Type="paragraph" StartNode="5402" EndNode="5748">
</Annotation>
<Annotation Id="23" Type="paragraph" StartNode="6289" EndNode="6484">
</Annotation>
<Annotation Id="22" Type="paragraph" StartNode="6202" EndNode="6287">
</Annotation>
<Annotation Id="25" Type="paragraph" StartNode="6797" EndNode="6971">
</Annotation>
<Annotation Id="24" Type="paragraph" StartNode="6486" EndNode="6795">
</Annotation>
<Annotation Id="27" Type="paragraph" StartNode="7322" EndNode="7360">
</Annotation>
<Annotation Id="26" Type="paragraph" StartNode="6973" EndNode="7320">
</Annotation>
<Annotation Id="29" Type="paragraph" StartNode="7660" EndNode="7886">
</Annotation>
<Annotation Id="28" Type="paragraph" StartNode="7362" EndNode="7658">
</Annotation>
<Annotation Id="31" Type="paragraph" StartNode="7987" EndNode="8282">
</Annotation>
<Annotation Id="30" Type="paragraph" StartNode="7888" EndNode="7985">
</Annotation>
<Annotation Id="34" Type="paragraph" StartNode="8702" EndNode="8921">
</Annotation>
<Annotation Id="32" Type="paragraph" StartNode="8284" EndNode="8504">
</Annotation>
<Annotation Id="33" Type="paragraph" StartNode="8506" EndNode="8700">
</Annotation>
</AnnotationSet>

</GateDocument>
