<?xml version='1.0' encoding='US-ASCII'?>
<GateDocument version="2">
<!-- The document's features-->

<GateDocumentFeatures>
<Feature>
  <Name className="java.lang.String">gate.SourceURL</Name>
  <Value className="java.lang.String">file:/E:/Users/conrada/Documents/My%20Dropbox/healthcare_data/training_3/hc079.txt</Value>
</Feature>
<Feature>
  <Name className="java.lang.String">MimeType</Name>
  <Value className="java.lang.String">text/plain</Value>
</Feature>
<Feature>
  <Name className="java.lang.String">docNewLineType</Name>
  <Value className="java.lang.String">CRLF</Value>
</Feature>
</GateDocumentFeatures>
<!-- The document content area with serialized nodes -->

<TextWithNodes><Node id="0"/>Barney Frank Joins <Node id="19"/>Effort<Node id="25"/> to <Node id="29"/>Repeal<Node id="35"/>&#xd;
<Node id="37"/>Obamacare 'Death Panels'<Node id="61"/>&#xd;
The Daily Caller&#xd;
<Node id="81"/>Rep  Barney Frank (P-MA)<Node id="105"/>, announced on Tuesday <Node id="128"/>his<Node id="131"/> <Node id="132"/>support for<Node id="143"/> <Node id="144"/>the repeal of<Node id="157"/> <Node id="158"/>the Independent Payment Advisory Board, a significant portion of President Obama's healthcare overhaul<Node id="260"/>.&#xd;
<Node id="263"/>&#xd;
<Node id="265"/>Frank, who announced Monday that he would retire at the end of his current term in office, became the 12th Democrat, and the 212th member of the House, to co-sponsor Tennessee Republican Rep  Phil Roe's bill aimed at repealing the IPAB<Node id="500"/>.&#xd;
<Node id="503"/>&#xd;
<Node id="505"/>Frank is the most prominent Democrat to join Roe's bipartisan repeal effort<Node id="580"/>.&#xd;
<Node id="583"/>&#xd;
<Node id="585"/>IPAB is a 15-member board, appointed by the president<Node id="638"/>, scheduled to convene in 2014<Node id="668"/>. <Node id="670"/>In order to <Node id="682"/>reduce<Node id="688"/> <Node id="689"/>per capita Medicare spending<Node id="717"/>, <Node id="719"/>the board<Node id="728"/> will recommend levels at which Medicare recipients, including seniors, can be reimbursed for healthcare expenses<Node id="841"/>.&#xd;
<Node id="844"/>&#xd;
<Node id="846"/>In March, Roe said the IPAB is the "real death panel" in the healthcare law, as compared to "end-of-life counseling" <Node id="963"/>Obamacare<Node id="972"/> <Node id="973"/>provisions<Node id="983"/> <Node id="984"/>which former Alaska Gov  Sarah Palin once deemed "death panels<Node id="1046"/>."&#xd;
<Node id="1050"/>&#xd;
"<Node id="1053"/>This one is the real baby right here -- and most people missed this," Roe told TheDC then. "<Node id="1145"/>What everybody was talking about, when you saw Sarah Palin and so forth, what they were talking about these advanced directives where you sit down and there's sort of mandatory counseling -- and Medicare paid for it<Node id="1360"/>. <Node id="1362"/>This IPAB <Node id="1372"/>got missed<Node id="1382"/> -- and it's the real death panel<Node id="1415"/>."&#xd;
<Node id="1419"/>&#xd;
<Node id="1421"/>The board<Node id="1430"/> would <Node id="1437"/>cap<Node id="1440"/> <Node id="1441"/>the total amount of money Medicare recipients could receive for care<Node id="1509"/>. <Node id="1511"/>Roe, a practicing physician before he entered politics, said healthcare decisions will ultimately be based solely on cost, instead of on the best possible healthcare outcomes for Medicare patients<Node id="1707"/>.&#xd;
<Node id="1710"/>&#xd;
<Node id="1712"/>"<Node id="1713"/>Basically, there's a certain amount of money that's allocated for Medicare spending each year," Roe said in March<Node id="1826"/>. "<Node id="1829"/>Once you hit that amount that's been appropriated, this board, this bureaucratically appointed board, can then decide, not based on quality or need, but based on strictly cost<Node id="2004"/>."&#xd;
<Node id="2008"/></TextWithNodes>
<!-- The default annotation set -->

<AnnotationSet>
<Annotation Id="8" Type="doc" StartNode="0" EndNode="2008">
<Feature>
  <Name className="java.lang.String">id</Name>
  <Value className="java.lang.String">hc079</Value>
</Feature>
<Feature>
  <Name className="java.lang.String">author</Name>
  <Value className="java.lang.String"></Value>
</Feature>
<Feature>
  <Name className="java.lang.String">source</Name>
  <Value className="java.lang.String">new,media,journal</Value>
</Feature>
<Feature>
  <Name className="java.lang.String">date</Name>
  <Value className="java.lang.String"></Value>
</Feature>
<Feature>
  <Name className="java.lang.String">side</Name>
  <Value className="java.lang.String">anti</Value>
</Feature>
<Feature>
  <Name className="java.lang.String">url</Name>
  <Value className="java.lang.String">http://newmediajournal.us/indx.php/item/3696</Value>
</Feature>
</Annotation>
<Annotation Id="9" Type="arg" StartNode="1511" EndNode="1707">
<Feature>
  <Name className="java.lang.String">type</Name>
  <Value className="java.lang.String">label</Value>
</Feature>
<Feature>
  <Name className="java.lang.String">ss-label</Name>
  <Value className="java.lang.String">cuts_medicare</Value>
</Feature>
<Feature>
  <Name className="java.lang.String">polarity</Name>
  <Value className="java.lang.String">negative</Value>
</Feature>
</Annotation>
<Annotation Id="10" Type="rel" StartNode="81" EndNode="260">
<Feature>
  <Name className="java.lang.String">unclear</Name>
  <Value className="java.lang.String"></Value>
</Feature>
<Feature>
  <Name className="java.lang.String">ss-label</Name>
  <Value className="java.lang.String">should_be_repealed</Value>
</Feature>
<Feature>
  <Name className="java.lang.String">type</Name>
  <Value className="java.lang.String">label</Value>
</Feature>
<Feature>
  <Name className="java.lang.String">polarity</Name>
  <Value className="java.lang.String">negative</Value>
</Feature>
</Annotation>
<Annotation Id="11" Type="arg" StartNode="1829" EndNode="2004">
<Feature>
  <Name className="java.lang.String">unclear</Name>
  <Value className="java.lang.String">true</Value>
</Feature>
<Feature>
  <Name className="java.lang.String">ss-label</Name>
  <Value className="java.lang.String">cuts_medicare</Value>
</Feature>
<Feature>
  <Name className="java.lang.String">type</Name>
  <Value className="java.lang.String">label</Value>
</Feature>
<Feature>
  <Name className="java.lang.String">polarity</Name>
  <Value className="java.lang.String">negative</Value>
</Feature>
</Annotation>
<Annotation Id="12" Type="arg" StartNode="505" EndNode="580">
<Feature>
  <Name className="java.lang.String">ss-label</Name>
  <Value className="java.lang.String">should_be_repealed</Value>
</Feature>
<Feature>
  <Name className="java.lang.String">unclear</Name>
  <Value className="java.lang.String">true</Value>
</Feature>
<Feature>
  <Name className="java.lang.String">type</Name>
  <Value className="java.lang.String">label</Value>
</Feature>
<Feature>
  <Name className="java.lang.String">polarity</Name>
  <Value className="java.lang.String">positive</Value>
</Feature>
</Annotation>
<Annotation Id="13" Type="arg" StartNode="846" EndNode="1046">
<Feature>
  <Name className="java.lang.String">ss-label</Name>
  <Value className="java.lang.String">restricts_available_procedures</Value>
</Feature>
<Feature>
  <Name className="java.lang.String">unclear</Name>
  <Value className="java.lang.String">true</Value>
</Feature>
<Feature>
  <Name className="java.lang.String">type</Name>
  <Value className="java.lang.String">label</Value>
</Feature>
<Feature>
  <Name className="java.lang.String">polarity</Name>
  <Value className="java.lang.String">negative</Value>
</Feature>
</Annotation>
<Annotation Id="14" Type="arg" StartNode="1362" EndNode="1415">
<Feature>
  <Name className="java.lang.String">prospect</Name>
  <Value className="java.lang.String"></Value>
</Feature>
<Feature>
  <Name className="java.lang.String">ss-label</Name>
  <Value className="java.lang.String">healthcare_rationing</Value>
</Feature>
<Feature>
  <Name className="java.lang.String">unclear</Name>
  <Value className="java.lang.String">true</Value>
</Feature>
<Feature>
  <Name className="java.lang.String">type</Name>
  <Value className="java.lang.String">label</Value>
</Feature>
<Feature>
  <Name className="java.lang.String">polarity</Name>
  <Value className="java.lang.String">negative</Value>
</Feature>
</Annotation>
<Annotation Id="15" Type="rel" StartNode="265" EndNode="500">
<Feature>
  <Name className="java.lang.String">type</Name>
  <Value className="java.lang.String">label</Value>
</Feature>
<Feature>
  <Name className="java.lang.String">ss-label</Name>
  <Value className="java.lang.String">unpopular</Value>
</Feature>
<Feature>
  <Name className="java.lang.String">polarity</Name>
  <Value className="java.lang.String">negative</Value>
</Feature>
</Annotation>
<Annotation Id="16" Type="rel" StartNode="0" EndNode="61">
<Feature>
  <Name className="java.lang.String">ss-label</Name>
  <Value className="java.lang.String">should_be_repealed</Value>
</Feature>
<Feature>
  <Name className="java.lang.String">type</Name>
  <Value className="java.lang.String">label</Value>
</Feature>
<Feature>
  <Name className="java.lang.String">polarity</Name>
  <Value className="java.lang.String">negative</Value>
</Feature>
<Feature>
  <Name className="java.lang.String">incomplete</Name>
  <Value className="java.lang.String">true</Value>
</Feature>
</Annotation>
<Annotation Id="19" Type="rel" StartNode="1421" EndNode="1509">
<Feature>
  <Name className="java.lang.String">type</Name>
  <Value className="java.lang.String">label</Value>
</Feature>
<Feature>
  <Name className="java.lang.String">ss-label</Name>
  <Value className="java.lang.String">cuts_medicare</Value>
</Feature>
</Annotation>
<Annotation Id="18" Type="rel" StartNode="670" EndNode="841">
<Feature>
  <Name className="java.lang.String">type</Name>
  <Value className="java.lang.String">label</Value>
</Feature>
<Feature>
  <Name className="java.lang.String">ss-label</Name>
  <Value className="java.lang.String">cuts_medicare</Value>
</Feature>
</Annotation>
<Annotation Id="21" Type="rel" StartNode="585" EndNode="668">
<Feature>
  <Name className="java.lang.String">type</Name>
  <Value className="java.lang.String">label</Value>
</Feature>
<Feature>
  <Name className="java.lang.String">ss-label</Name>
  <Value className="java.lang.String">cuts_medicare</Value>
</Feature>
</Annotation>
<Annotation Id="20" Type="rel" StartNode="1712" EndNode="1826">
<Feature>
  <Name className="java.lang.String">type</Name>
  <Value className="java.lang.String">label</Value>
</Feature>
<Feature>
  <Name className="java.lang.String">ss-label</Name>
  <Value className="java.lang.String">cuts_medicare</Value>
</Feature>
</Annotation>
<Annotation Id="23" Type="gfbf-agent" StartNode="963" EndNode="972">
<Feature>
  <Name className="java.lang.String">writerAtt</Name>
  <Value className="java.lang.String">negative</Value>
</Feature>
</Annotation>
<Annotation Id="22" Type="rel" StartNode="1145" EndNode="1360">
<Feature>
  <Name className="java.lang.String">type</Name>
  <Value className="java.lang.String">label</Value>
</Feature>
<Feature>
  <Name className="java.lang.String">ss-label</Name>
  <Value className="java.lang.String">healthcare_rationing</Value>
</Feature>
</Annotation>
<Annotation Id="25" Type="gfbf-object" StartNode="984" EndNode="1046">
<Feature>
  <Name className="java.lang.String">writerAtt</Name>
  <Value className="java.lang.String">negative</Value>
</Feature>
</Annotation>
<Annotation Id="24" Type="gfbf" StartNode="973" EndNode="983">
<Feature>
  <Name className="java.lang.String">agentId</Name>
  <Value className="java.lang.String">23</Value>
</Feature>
<Feature>
  <Name className="java.lang.String">objectId</Name>
  <Value className="java.lang.String">25</Value>
</Feature>
<Feature>
  <Name className="java.lang.String">polarity</Name>
  <Value className="java.lang.String">goodfor</Value>
</Feature>
</Annotation>
<Annotation Id="27" Type="gfbf" StartNode="29" EndNode="35">
<Feature>
  <Name className="java.lang.String">agentId</Name>
  <Value className="java.lang.String">29</Value>
</Feature>
<Feature>
  <Name className="java.lang.String">polarity</Name>
  <Value className="java.lang.String">badfor</Value>
</Feature>
<Feature>
  <Name className="java.lang.String">objectId</Name>
  <Value className="java.lang.String">28</Value>
</Feature>
</Annotation>
<Annotation Id="26" Type="others" StartNode="1372" EndNode="1382">
<Feature>
  <Name className="java.lang.String">comment</Name>
  <Value className="java.lang.String">BadFor agent?</Value>
</Feature>
</Annotation>
<Annotation Id="29" Type="gfbf-agent" StartNode="19" EndNode="25">
<Feature>
  <Name className="java.lang.String">writerAtt</Name>
  <Value className="java.lang.String">positive</Value>
</Feature>
</Annotation>
<Annotation Id="28" Type="gfbf-object" StartNode="37" EndNode="61">
<Feature>
  <Name className="java.lang.String">writerAtt</Name>
  <Value className="java.lang.String">negative</Value>
</Feature>
</Annotation>
<Annotation Id="30" Type="gfbf" StartNode="132" EndNode="143">
<Feature>
  <Name className="java.lang.String">agentId</Name>
  <Value className="java.lang.String">32</Value>
</Feature>
<Feature>
  <Name className="java.lang.String">polarity</Name>
  <Value className="java.lang.String">goodfor</Value>
</Feature>
<Feature>
  <Name className="java.lang.String">objectId</Name>
  <Value className="java.lang.String">34</Value>
</Feature>
</Annotation>
<Annotation Id="34" Type="gfbf-object" StartNode="144" EndNode="260">
<Feature>
  <Name className="java.lang.String">writerAtt</Name>
  <Value className="java.lang.String">positive</Value>
</Feature>
</Annotation>
<Annotation Id="35" Type="gfbf" StartNode="144" EndNode="157">
<Feature>
  <Name className="java.lang.String">agentId</Name>
  <Value className="java.lang.String">implicit</Value>
</Feature>
<Feature>
  <Name className="java.lang.String">polarity</Name>
  <Value className="java.lang.String">badfor</Value>
</Feature>
<Feature>
  <Name className="java.lang.String">objectId</Name>
  <Value className="java.lang.String">36</Value>
</Feature>
</Annotation>
<Annotation Id="32" Type="gfbf-agent" StartNode="128" EndNode="131">
<Feature>
  <Name className="java.lang.String">reference</Name>
  <Value className="java.lang.String">true</Value>
</Feature>
<Feature>
  <Name className="java.lang.String">referentId</Name>
  <Value className="java.lang.String">33</Value>
</Feature>
<Feature>
  <Name className="java.lang.String">writerAtt</Name>
  <Value className="java.lang.String">positive</Value>
</Feature>
</Annotation>
<Annotation Id="33" Type="referent" StartNode="81" EndNode="105">
<Feature>
  <Name className="java.lang.String">writerAtt</Name>
  <Value className="java.lang.String">negative</Value>
</Feature>
</Annotation>
<Annotation Id="38" Type="gfbf" StartNode="682" EndNode="688">
<Feature>
  <Name className="java.lang.String">agentId</Name>
  <Value className="java.lang.String">37</Value>
</Feature>
<Feature>
  <Name className="java.lang.String">polarity</Name>
  <Value className="java.lang.String">badfor</Value>
</Feature>
<Feature>
  <Name className="java.lang.String">objectId</Name>
  <Value className="java.lang.String">39</Value>
</Feature>
</Annotation>
<Annotation Id="39" Type="gfbf-object" StartNode="689" EndNode="717">
<Feature>
  <Name className="java.lang.String">writerAtt</Name>
  <Value className="java.lang.String">positive</Value>
</Feature>
</Annotation>
<Annotation Id="36" Type="gfbf-object" StartNode="158" EndNode="260">
<Feature>
  <Name className="java.lang.String">writerAtt</Name>
  <Value className="java.lang.String">negative</Value>
</Feature>
</Annotation>
<Annotation Id="37" Type="gfbf-agent" StartNode="719" EndNode="728">
<Feature>
  <Name className="java.lang.String">writerAtt</Name>
  <Value className="java.lang.String">negative</Value>
</Feature>
</Annotation>
<Annotation Id="42" Type="gfbf-object" StartNode="1441" EndNode="1509">
<Feature>
  <Name className="java.lang.String">writerAtt</Name>
  <Value className="java.lang.String">positive</Value>
</Feature>
</Annotation>
<Annotation Id="43" Type="gfbf-agent" StartNode="1421" EndNode="1430">
<Feature>
  <Name className="java.lang.String">reference</Name>
  <Value className="java.lang.String">true</Value>
</Feature>
<Feature>
  <Name className="java.lang.String">referentId</Name>
  <Value className="java.lang.String">40</Value>
</Feature>
<Feature>
  <Name className="java.lang.String">writerAtt</Name>
  <Value className="java.lang.String">negative</Value>
</Feature>
</Annotation>
<Annotation Id="40" Type="referent" StartNode="585" EndNode="638">
<Feature>
  <Name className="java.lang.String">writerAtt</Name>
  <Value className="java.lang.String">negative</Value>
</Feature>
</Annotation>
<Annotation Id="41" Type="gfbf" StartNode="1437" EndNode="1440">
<Feature>
  <Name className="java.lang.String">agentId</Name>
  <Value className="java.lang.String">43</Value>
</Feature>
<Feature>
  <Name className="java.lang.String">polarity</Name>
  <Value className="java.lang.String">badfor</Value>
</Feature>
<Feature>
  <Name className="java.lang.String">objectId</Name>
  <Value className="java.lang.String">42</Value>
</Feature>
</Annotation>
</AnnotationSet>

<!-- Named annotation set -->

<AnnotationSet Name="Original markups">
<Annotation Id="0" Type="paragraph" StartNode="0" EndNode="263">
</Annotation>
<Annotation Id="1" Type="paragraph" StartNode="265" EndNode="503">
</Annotation>
<Annotation Id="2" Type="paragraph" StartNode="505" EndNode="583">
</Annotation>
<Annotation Id="3" Type="paragraph" StartNode="585" EndNode="844">
</Annotation>
<Annotation Id="4" Type="paragraph" StartNode="846" EndNode="1050">
</Annotation>
<Annotation Id="5" Type="paragraph" StartNode="1053" EndNode="1419">
</Annotation>
<Annotation Id="6" Type="paragraph" StartNode="1421" EndNode="1710">
</Annotation>
<Annotation Id="7" Type="paragraph" StartNode="1713" EndNode="2008">
</Annotation>
</AnnotationSet>

</GateDocument>
