<?xml version='1.0' encoding='MacRoman'?>
<GateDocument>
<!-- The document's features-->

<GateDocumentFeatures>
<Feature>
  <Name className="java.lang.String">gate.SourceURL</Name>
  <Value className="java.lang.String">file:/E:/Users/conrada/Documents/My%20Dropbox/healthcare_data/training_3/hc077.txt</Value>
</Feature>
<Feature>
  <Name className="java.lang.String">MimeType</Name>
  <Value className="java.lang.String">text/plain</Value>
</Feature>
<Feature>
  <Name className="java.lang.String">docNewLineType</Name>
  <Value className="java.lang.String">CRLF</Value>
</Feature>
</GateDocumentFeatures>
<!-- The document content area with serialized nodes -->

<TextWithNodes><Node id="0" />Diagnosing ObamaCare&#xd;
The president's cousin passes his considered judgment in First Do No Harm.&#xd;
<Node id="98" />&#xd;
<Node id="100" />by&#xd;
Dr  Peter Weiss&#xd;
<Node id="121" />&#xd;
<Node id="123" />Bio&#xd;
April 28, 2011 - 12:00 am&#xd;
Email&#xd;
Print&#xd;
Decrease Font Size Increase Font Size&#xd;
<Node id="208" />&#xd;
<Node id="210" />First Do No Harm: <Node id="228" />The President's Cousin<Node id="250" /> Explains Why His Hippocratic Oath Requires <Node id="294" />Him<Node id="297" /> to <Node id="301" />Oppose<Node id="307" /> <Node id="308" />ObamaCare<Node id="317" />&#xd;
<Node id="319" />&#xd;
<Node id="321" />Milton R  Wolf, MD.
<Node id="342" />&#xd;
<Node id="344" />HarperCollins (April 19, 2011)&#xd;
<Node id="376" />&#xd;
<Node id="378" />Review by Peter Weiss, MD
<Node id="405" />&#xd;
&#xd;
<Node id="409" />For the past two years I have publicly debated the pros and cons of our health care system. <Node id="501" />I<Node id="502" /> have <Node id="508" />debated against<Node id="523" /> <Node id="524" />the implementation of ObamaCare<Node id="555" /> - to no avail<Node id="569" />.&#xd;
<Node id="572" />&#xd;
<Node id="574" />I have been on too many health care panels to remember. I have met with senators, congressmen, governors, and more. The debates feel like the reenactment of the trench warfare of the First World War, with neither side making any headway in battle.&#xd;
<Node id="823" />&#xd;
<Node id="825" />Now comes First Do No Harm - a concise, clear delineation of ObamaCare and some possible health care solutions. What makes this book - part of a new Tea Party series from HarperCollins - all the more intriguing is that it comes from President Obama's cousin (okay, second cousin, once removed). Dr  Milton Wolf likes to say that he is the "only Tea Partier the president knows."&#xd;
<Node id="1205" />&#xd;
<Node id="1207" />Both Dr  Wolf and the president lost a parent at an early age - Dr  Wolf's father from pancreatic cancer, the president's mother from ovarian cancer. (As an aside, my mother died from breast cancer when I was 16.) <Node id="1421" />Interestingly, the president's mother was diagnosed with ovarian cancer in Indonesia, yet she chose to come back to the USA for treatment - first at Sloan-Kettering in New York and later in Hawaii<Node id="1617" />.&#xd;
<Node id="1620" />&#xd;
<Node id="1622" />The president and Dr  Wolf took different lessons from their experiences. <Node id="1696" />Dr  Wolf was grateful for having the best health care system in the world<Node id="1769" />; the president lamented the costs. <Node id="1805" />Yet even though Obama's mother was not wealthy, she still received care at Sloan-Kettering, one of the best institutions in the world<Node id="1938" />.&#xd;
<Node id="1941" />&#xd;
<Node id="1943" />First Do No Harm also reviews how government involved itself in health care from 1929 to 2003, with <Node id="2043" />all well-meaning actions<Node id="2067" /> resulting in <Node id="2081" />increasing<Node id="2091" /> <Node id="2092" />costs<Node id="2097" />. Dr  Wolf astutely points out how health care became very political in the 1980s. <Node id="2180" />State mandates "re-routed health care dollars not to the most necessary and innovative treatments, but instead to whomever had the best lobbyists<Node id="2325" />." This was the start of our current health care downfall.&#xd;
<Node id="2385" />&#xd;
<Node id="2387" />Remember HillaryCare? Dr  Wolf rightly has no kind words for President Bush either. Medicare prescription coverage of 2003 was a political move to garner senior votes.&#xd;
<Node id="2556" />&#xd;
<Node id="2558" />The bottom line of First Do No Harm is this: "<Node id="2604" />At the very core of ObamaCare is a flawed belief that government can spend your money more effectively than you can yourself<Node id="2728" />." <Node id="2731" />There is an ideological divide between those in favor of the plan and those opposed<Node id="2814" />.&#xd;
<Node id="2817" />&#xd;
<Node id="2819" />I admire the Tea Party greatly. Health care should not be a political line-item agenda - just as I can not tell a patient of mine what he or she must do. I can only give advice and recommendations. I can not force my patients to stop smoking or drinking, or to lose weight. <Node id="3093" />Nor<Node id="3096" /> can <Node id="3101" />President Obama<Node id="3116" /> <Node id="3117" />mandate<Node id="3124" /> <Node id="3125" />health<Node id="3131" />.&#xd;
<Node id="3134" />&#xd;
<Node id="3136" />To be fair, First Do No Harm does state that ObamaCare promises some nice things, such as <Node id="3226" />no<Node id="3228" /> <Node id="3229" />denial of<Node id="3238" /> <Node id="3239" />coverage for pre-existing conditions<Node id="3275" />, coverage for "children" up to age 26, and no lifetime limit on benefits<Node id="3348" />. These all sound great, and on paper they are.&#xd;
<Node id="3397" />&#xd;
<Node id="3399" />I would also like the government to buy me a home, give me a car (nothing less than 6 cylinder), and put food on my table. In a Utopian world, we all live forever and will have world peace. One critical aspect of a good physician is being honest even when the news is bad. Dr Wolf is a good physician. <Node id="3701" />He<Node id="3703" /> gives a very strong argument <Node id="3733" />against<Node id="3740" /> <Node id="3741" />ObamaCare<Node id="3750" /> in a concise, easy-to-follow manner<Node id="3786" />. <Node id="3788" />He offers some solutions, but still a lot more are needed to address the current situation<Node id="3878" />. <Node id="3880" />Those he does offer are well worth entertaining and are well thought out<Node id="3952" />. <Node id="3954" />I, of course, like many other physicians, have solutions, too, some of which I have expressed in these pages before<Node id="4069" />.&#xd;
<Node id="4072" />&#xd;
<Node id="4074" />I equate Dr  Wolf with a good doctor who is able to explain to a patient and his or her family what is wrong. He then takes the time to listen and gives his opinion as to what you should do. <Node id="4265" />This is a doctor you feel you can trust<Node id="4304" />. <Node id="4306" />Under the Obama system, that doctor will be a thing of the past<Node id="4369" />. <Node id="4371" />Your new physician will be spending half of his or her time doing data entry at point of service, checking off boxes on the state-mandated questionnaire before inputting the data to determine what medication the system will allow<Node id="4600" />. Never mind you only want to talk about your headaches.&#xd;
<Node id="4658" />&#xd;
<Node id="4660" />Most physicians take either the oath of Hippocrates or the oath of Maimonides. With these two time-honored oaths, we promise to be our individual patients' champion and, above all, to do no harm. <Node id="4856" />Under ObamaCare, the physician's oath will be "to the health of the state" - and to the individual patient no longer<Node id="4972" />.&#xd;
Peter Weiss MD , FACOG , is Director and Founder of The Rodeo Drive Women's Health Center and The Rodeo Drive Health and Wellness Centers. He is also Assistant Clinical Professor of OB/GYN at The David Geffen School of Medicine at UCLA. He was health care adviser to John McCain's presidential campaign.<Node id="5278" /></TextWithNodes>
<!-- The default annotation set -->

<AnnotationSet>
<Annotation Id="21" Type="arg" StartNode="210" EndNode="317">
<Feature>
  <Name className="java.lang.String">type</Name>
  <Value className="java.lang.String">label</Value>
</Feature>
<Feature>
  <Name className="java.lang.String">ss-label</Name>
  <Value className="java.lang.String">unpopular_among_doctors</Value>
</Feature>
<Feature>
  <Name className="java.lang.String">polarity</Name>
  <Value className="java.lang.String">negative</Value>
</Feature>
</Annotation>
<Annotation Id="20" Type="doc" StartNode="0" EndNode="5278">
<Feature>
  <Name className="java.lang.String">id</Name>
  <Value className="java.lang.String">hc077</Value>
</Feature>
<Feature>
  <Name className="java.lang.String">author</Name>
  <Value className="java.lang.String">milton,r,wolf</Value>
</Feature>
<Feature>
  <Name className="java.lang.String">source</Name>
  <Value className="java.lang.String">pj,media</Value>
</Feature>
<Feature>
  <Name className="java.lang.String">date</Name>
  <Value className="java.lang.String">20110419</Value>
</Feature>
<Feature>
  <Name className="java.lang.String">side</Name>
  <Value className="java.lang.String">anti</Value>
</Feature>
<Feature>
  <Name className="java.lang.String">url</Name>
  <Value className="java.lang.String">http://pjmedia.com/blog/diagnosing-obamacare/?singlepage=true</Value>
</Feature>
</Annotation>
<Annotation Id="23" Type="rel" StartNode="1421" EndNode="1617">
<Feature>
  <Name className="java.lang.String">type</Name>
  <Value className="java.lang.String">label</Value>
</Feature>
<Feature>
  <Name className="java.lang.String">ss-label</Name>
  <Value className="java.lang.String">healthcare_quality_good</Value>
</Feature>
</Annotation>
<Annotation Id="22" Type="arg" StartNode="501" EndNode="569">
<Feature>
  <Name className="java.lang.String">type</Name>
  <Value className="java.lang.String">label</Value>
</Feature>
<Feature>
  <Name className="java.lang.String">ss-label</Name>
  <Value className="java.lang.String">bill_should_be_defunded/not_passed</Value>
</Feature>
<Feature>
  <Name className="java.lang.String">polarity</Name>
  <Value className="java.lang.String">negative</Value>
</Feature>
</Annotation>
<Annotation Id="25" Type="arg" StartNode="1805" EndNode="1938">
<Feature>
  <Name className="java.lang.String">ss-label</Name>
  <Value className="java.lang.String">healthcare_quality_good</Value>
</Feature>
<Feature>
  <Name className="java.lang.String">unclear</Name>
  <Value className="java.lang.String">true</Value>
</Feature>
<Feature>
  <Name className="java.lang.String">type</Name>
  <Value className="java.lang.String">label</Value>
</Feature>
<Feature>
  <Name className="java.lang.String">polarity</Name>
  <Value className="java.lang.String">positive</Value>
</Feature>
</Annotation>
<Annotation Id="24" Type="arg" StartNode="1696" EndNode="1769">
<Feature>
  <Name className="java.lang.String">ss-label</Name>
  <Value className="java.lang.String">healthcare_quality_good</Value>
</Feature>
<Feature>
  <Name className="java.lang.String">unclear</Name>
  <Value className="java.lang.String">true</Value>
</Feature>
<Feature>
  <Name className="java.lang.String">type</Name>
  <Value className="java.lang.String">label</Value>
</Feature>
<Feature>
  <Name className="java.lang.String">polarity</Name>
  <Value className="java.lang.String">positive</Value>
</Feature>
</Annotation>
<Annotation Id="27" Type="arg" StartNode="3701" EndNode="3786">
<Feature>
  <Name className="java.lang.String">type</Name>
  <Value className="java.lang.String">label</Value>
</Feature>
<Feature>
  <Name className="java.lang.String">ss-label</Name>
  <Value className="java.lang.String">bill_should_be_defunded/not_passed</Value>
</Feature>
<Feature>
  <Name className="java.lang.String">polarity</Name>
  <Value className="java.lang.String">negative</Value>
</Feature>
</Annotation>
<Annotation Id="26" Type="arg" StartNode="2604" EndNode="2728">
<Feature>
  <Name className="java.lang.String">type</Name>
  <Value className="java.lang.String">label</Value>
</Feature>
<Feature>
  <Name className="java.lang.String">ss-label</Name>
  <Value className="java.lang.String">market_controls_costs_better_than_govt</Value>
</Feature>
<Feature>
  <Name className="java.lang.String">polarity</Name>
  <Value className="java.lang.String">negative</Value>
</Feature>
</Annotation>
<Annotation Id="29" Type="rel" StartNode="4371" EndNode="4600">
<Feature>
  <Name className="java.lang.String">type</Name>
  <Value className="java.lang.String">label</Value>
</Feature>
<Feature>
  <Name className="java.lang.String">ss-label</Name>
  <Value className="java.lang.String">hurts_doctors</Value>
</Feature>
</Annotation>
<Annotation Id="28" Type="arg" StartNode="4306" EndNode="4369">
<Feature>
  <Name className="java.lang.String">ss-label</Name>
  <Value className="java.lang.String">doctors_will_retire</Value>
</Feature>
<Feature>
  <Name className="java.lang.String">unclear</Name>
  <Value className="java.lang.String">true</Value>
</Feature>
<Feature>
  <Name className="java.lang.String">type</Name>
  <Value className="java.lang.String">label</Value>
</Feature>
<Feature>
  <Name className="java.lang.String">polarity</Name>
  <Value className="java.lang.String">negative</Value>
</Feature>
</Annotation>
<Annotation Id="31" Type="arg" StartNode="1943" EndNode="2097">
<Feature>
  <Name className="java.lang.String">ss-label</Name>
  <Value className="java.lang.String">market_controls_costs_better_than_govt</Value>
</Feature>
<Feature>
  <Name className="java.lang.String">unclear</Name>
  <Value className="java.lang.String">true</Value>
</Feature>
<Feature>
  <Name className="java.lang.String">type</Name>
  <Value className="java.lang.String">label</Value>
</Feature>
<Feature>
  <Name className="java.lang.String">polarity</Name>
  <Value className="java.lang.String">negative</Value>
</Feature>
</Annotation>
<Annotation Id="30" Type="arg" StartNode="4856" EndNode="4972">
<Feature>
  <Name className="java.lang.String">type</Name>
  <Value className="java.lang.String">label</Value>
</Feature>
<Feature>
  <Name className="java.lang.String">ss-label</Name>
  <Value className="java.lang.String">increases_govt_interference_in_healthcare_decisions</Value>
</Feature>
<Feature>
  <Name className="java.lang.String">polarity</Name>
  <Value className="java.lang.String">negative</Value>
</Feature>
</Annotation>
<Annotation Id="34" Type="arg" StartNode="3093" EndNode="3131">
<Feature>
  <Name className="java.lang.String">type</Name>
  <Value className="java.lang.String">label</Value>
</Feature>
<Feature>
  <Name className="java.lang.String">ss-label</Name>
  <Value className="java.lang.String">govt_not_capable_of_solving_problem</Value>
</Feature>
<Feature>
  <Name className="java.lang.String">polarity</Name>
  <Value className="java.lang.String">negative</Value>
</Feature>
</Annotation>
<Annotation Id="35" Type="arg" StartNode="3136" EndNode="3348">
<Feature>
  <Name className="java.lang.String">type</Name>
  <Value className="java.lang.String">else</Value>
</Feature>
<Feature>
  <Name className="java.lang.String">unclear</Name>
  <Value className="java.lang.String">true</Value>
</Feature>
<Feature>
  <Name className="java.lang.String">polarity</Name>
  <Value className="java.lang.String">positive</Value>
</Feature>
</Annotation>
<Annotation Id="32" Type="rel" StartNode="2180" EndNode="2325">
<Feature>
  <Name className="java.lang.String">type</Name>
  <Value className="java.lang.String">label</Value>
</Feature>
<Feature>
  <Name className="java.lang.String">ss-label</Name>
  <Value className="java.lang.String">politicizes_healthcare_system</Value>
</Feature>
</Annotation>
<Annotation Id="33" Type="rel" StartNode="2731" EndNode="2814">
<Feature>
  <Name className="java.lang.String">type</Name>
  <Value className="java.lang.String">label</Value>
</Feature>
<Feature>
  <Name className="java.lang.String">ss-label</Name>
  <Value className="java.lang.String">market_controls_costs_better_than_govt</Value>
</Feature>
<Feature>
  <Name className="java.lang.String">unclear</Name>
  <Value className="java.lang.String"></Value>
</Feature>
</Annotation>
<Annotation Id="38" Type="rel" StartNode="3954" EndNode="4069">
<Feature>
  <Name className="java.lang.String">type</Name>
  <Value className="java.lang.String">label</Value>
</Feature>
<Feature>
  <Name className="java.lang.String">ss-label</Name>
  <Value className="java.lang.String">other_reforms_more_effective</Value>
</Feature>
<Feature>
  <Name className="java.lang.String">polarity</Name>
  <Value className="java.lang.String"></Value>
</Feature>
</Annotation>
<Annotation Id="39" Type="rel" StartNode="4265" EndNode="4304">
<Feature>
  <Name className="java.lang.String">type</Name>
  <Value className="java.lang.String">label</Value>
</Feature>
<Feature>
  <Name className="java.lang.String">ss-label</Name>
  <Value className="java.lang.String">doctors_will_retire</Value>
</Feature>
</Annotation>
<Annotation Id="36" Type="rel" StartNode="3788" EndNode="3878">
<Feature>
  <Name className="java.lang.String">type</Name>
  <Value className="java.lang.String">label</Value>
</Feature>
<Feature>
  <Name className="java.lang.String">ss-label</Name>
  <Value className="java.lang.String">other_reforms_more_effective</Value>
</Feature>
</Annotation>
<Annotation Id="37" Type="arg" StartNode="3880" EndNode="3952">
<Feature>
  <Name className="java.lang.String">ss-label</Name>
  <Value className="java.lang.String">other_reforms_more_effective</Value>
</Feature>
<Feature>
  <Name className="java.lang.String">unclear</Name>
  <Value className="java.lang.String">true</Value>
</Feature>
<Feature>
  <Name className="java.lang.String">type</Name>
  <Value className="java.lang.String">label</Value>
</Feature>
<Feature>
  <Name className="java.lang.String">polarity</Name>
  <Value className="java.lang.String">positive</Value>
</Feature>
<Feature>
  <Name className="java.lang.String">incomplete</Name>
  <Value className="java.lang.String">true</Value>
</Feature>
</Annotation>
<Annotation Id="42" Type="gfbf" StartNode="508" EndNode="523">
<Feature>
  <Name className="java.lang.String">agentId</Name>
  <Value className="java.lang.String">44</Value>
</Feature>
<Feature>
  <Name className="java.lang.String">objectId</Name>
  <Value className="java.lang.String">43</Value>
</Feature>
<Feature>
  <Name className="java.lang.String">polarity</Name>
  <Value className="java.lang.String">badfor</Value>
</Feature>
</Annotation>
<Annotation Id="43" Type="gfbf-object" StartNode="524" EndNode="555">
<Feature>
  <Name className="java.lang.String">writerAtt</Name>
  <Value className="java.lang.String">negative</Value>
</Feature>
</Annotation>
<Annotation Id="40" Type="gfbf" StartNode="301" EndNode="307">
<Feature>
  <Name className="java.lang.String">agentId</Name>
  <Value className="java.lang.String">58</Value>
</Feature>
<Feature>
  <Name className="java.lang.String">objectId</Name>
  <Value className="java.lang.String">41</Value>
</Feature>
<Feature>
  <Name className="java.lang.String">polarity</Name>
  <Value className="java.lang.String">badfor</Value>
</Feature>
</Annotation>
<Annotation Id="41" Type="gfbf-object" StartNode="308" EndNode="317">
<Feature>
  <Name className="java.lang.String">writerAtt</Name>
  <Value className="java.lang.String">negative</Value>
</Feature>
</Annotation>
<Annotation Id="46" Type="gfbf-object" StartNode="2092" EndNode="2097">
<Feature>
  <Name className="java.lang.String">writerAtt</Name>
  <Value className="java.lang.String">negative</Value>
</Feature>
</Annotation>
<Annotation Id="47" Type="gfbf-agent" StartNode="2043" EndNode="2067">
<Feature>
  <Name className="java.lang.String">writerAtt</Name>
  <Value className="java.lang.String">negative</Value>
</Feature>
</Annotation>
<Annotation Id="44" Type="gfbf-agent" StartNode="501" EndNode="502">
<Feature>
  <Name className="java.lang.String">writerAtt</Name>
  <Value className="java.lang.String">positive</Value>
</Feature>
</Annotation>
<Annotation Id="45" Type="gfbf" StartNode="2081" EndNode="2091">
<Feature>
  <Name className="java.lang.String">agentId</Name>
  <Value className="java.lang.String">47</Value>
</Feature>
<Feature>
  <Name className="java.lang.String">objectId</Name>
  <Value className="java.lang.String">46</Value>
</Feature>
<Feature>
  <Name className="java.lang.String">polarity</Name>
  <Value className="java.lang.String">goodfor</Value>
</Feature>
</Annotation>
<Annotation Id="51" Type="influencer" StartNode="3093" EndNode="3096">
<Feature>
  <Name className="java.lang.String">effect</Name>
  <Value className="java.lang.String">reverse</Value>
</Feature>
<Feature>
  <Name className="java.lang.String">agentId</Name>
  <Value className="java.lang.String">50</Value>
</Feature>
<Feature>
  <Name className="java.lang.String">objectId</Name>
  <Value className="java.lang.String">48</Value>
</Feature>
</Annotation>
<Annotation Id="50" Type="gfbf-agent" StartNode="3101" EndNode="3116">
<Feature>
  <Name className="java.lang.String">writerAtt</Name>
  <Value className="java.lang.String">negative</Value>
</Feature>
</Annotation>
<Annotation Id="49" Type="gfbf-object" StartNode="3125" EndNode="3131">
<Feature>
  <Name className="java.lang.String">writerAtt</Name>
  <Value className="java.lang.String">positive</Value>
</Feature>
</Annotation>
<Annotation Id="48" Type="gfbf" StartNode="3117" EndNode="3124">
<Feature>
  <Name className="java.lang.String">agentId</Name>
  <Value className="java.lang.String">50</Value>
</Feature>
<Feature>
  <Name className="java.lang.String">objectId</Name>
  <Value className="java.lang.String">49</Value>
</Feature>
<Feature>
  <Name className="java.lang.String">polarity</Name>
  <Value className="java.lang.String">badfor</Value>
</Feature>
</Annotation>
<Annotation Id="55" Type="gfbf" StartNode="3733" EndNode="3740">
<Feature>
  <Name className="java.lang.String">agentId</Name>
  <Value className="java.lang.String">57</Value>
</Feature>
<Feature>
  <Name className="java.lang.String">objectId</Name>
  <Value className="java.lang.String">56</Value>
</Feature>
<Feature>
  <Name className="java.lang.String">polarity</Name>
  <Value className="java.lang.String">badfor</Value>
</Feature>
</Annotation>
<Annotation Id="54" Type="influencer" StartNode="3226" EndNode="3228">
<Feature>
  <Name className="java.lang.String">effect</Name>
  <Value className="java.lang.String">reverse</Value>
</Feature>
<Feature>
  <Name className="java.lang.String">agentId</Name>
  <Value className="java.lang.String">implicit</Value>
</Feature>
<Feature>
  <Name className="java.lang.String">objectId</Name>
  <Value className="java.lang.String">52</Value>
</Feature>
</Annotation>
<Annotation Id="53" Type="gfbf-object" StartNode="3239" EndNode="3275">
<Feature>
  <Name className="java.lang.String">writerAtt</Name>
  <Value className="java.lang.String">positive</Value>
</Feature>
</Annotation>
<Annotation Id="52" Type="gfbf" StartNode="3229" EndNode="3238">
<Feature>
  <Name className="java.lang.String">agentId</Name>
  <Value className="java.lang.String">implicit</Value>
</Feature>
<Feature>
  <Name className="java.lang.String">objectId</Name>
  <Value className="java.lang.String">53</Value>
</Feature>
<Feature>
  <Name className="java.lang.String">polarity</Name>
  <Value className="java.lang.String">badfor</Value>
</Feature>
</Annotation>
<Annotation Id="59" Type="referent" StartNode="228" EndNode="250">
<Feature>
  <Name className="java.lang.String">writerAtt</Name>
  <Value className="java.lang.String">positive</Value>
</Feature>
</Annotation>
<Annotation Id="58" Type="gfbf-agent" StartNode="294" EndNode="297">
<Feature>
  <Name className="java.lang.String">reference</Name>
  <Value className="java.lang.String">true</Value>
</Feature>
<Feature>
  <Name className="java.lang.String">referentId</Name>
  <Value className="java.lang.String">59</Value>
</Feature>
<Feature>
  <Name className="java.lang.String">writerAtt</Name>
  <Value className="java.lang.String">positive</Value>
</Feature>
</Annotation>
<Annotation Id="57" Type="gfbf-agent" StartNode="3701" EndNode="3703">
<Feature>
  <Name className="java.lang.String">writerAtt</Name>
  <Value className="java.lang.String">positive</Value>
</Feature>
</Annotation>
<Annotation Id="56" Type="gfbf-object" StartNode="3741" EndNode="3750">
<Feature>
  <Name className="java.lang.String">writerAtt</Name>
  <Value className="java.lang.String">negative</Value>
</Feature>
</Annotation>
</AnnotationSet>

<!-- Named annotation set -->

<AnnotationSet Name="Original markups">
<Annotation Id="0" Type="paragraph" StartNode="0" EndNode="98">
</Annotation>
<Annotation Id="1" Type="paragraph" StartNode="100" EndNode="121">
</Annotation>
<Annotation Id="2" Type="paragraph" StartNode="123" EndNode="208">
</Annotation>
<Annotation Id="3" Type="paragraph" StartNode="210" EndNode="319">
</Annotation>
<Annotation Id="4" Type="paragraph" StartNode="321" EndNode="342">
</Annotation>
<Annotation Id="5" Type="paragraph" StartNode="344" EndNode="376">
</Annotation>
<Annotation Id="6" Type="paragraph" StartNode="378" EndNode="405">
</Annotation>
<Annotation Id="7" Type="paragraph" StartNode="409" EndNode="572">
</Annotation>
<Annotation Id="8" Type="paragraph" StartNode="574" EndNode="823">
</Annotation>
<Annotation Id="9" Type="paragraph" StartNode="825" EndNode="1205">
</Annotation>
<Annotation Id="10" Type="paragraph" StartNode="1207" EndNode="1620">
</Annotation>
<Annotation Id="11" Type="paragraph" StartNode="1622" EndNode="1941">
</Annotation>
<Annotation Id="12" Type="paragraph" StartNode="1943" EndNode="2385">
</Annotation>
<Annotation Id="13" Type="paragraph" StartNode="2387" EndNode="2556">
</Annotation>
<Annotation Id="14" Type="paragraph" StartNode="2558" EndNode="2817">
</Annotation>
<Annotation Id="15" Type="paragraph" StartNode="2819" EndNode="3134">
</Annotation>
<Annotation Id="17" Type="paragraph" StartNode="3399" EndNode="4072">
</Annotation>
<Annotation Id="16" Type="paragraph" StartNode="3136" EndNode="3397">
</Annotation>
<Annotation Id="19" Type="paragraph" StartNode="4660" EndNode="5278">
</Annotation>
<Annotation Id="18" Type="paragraph" StartNode="4074" EndNode="4658">
</Annotation>
</AnnotationSet>

</GateDocument>
