<?xml version='1.0' encoding='US-ASCII'?>
<GateDocument version="2">
<!-- The document's features-->

<GateDocumentFeatures>
<Feature>
  <Name className="java.lang.String">gate.SourceURL</Name>
  <Value className="java.lang.String">file:/E:/Users/conrada/Documents/My%20Dropbox/healthcare_data/training_3/hc087.txt</Value>
</Feature>
<Feature>
  <Name className="java.lang.String">MimeType</Name>
  <Value className="java.lang.String">text/plain</Value>
</Feature>
<Feature>
  <Name className="java.lang.String">docNewLineType</Name>
  <Value className="java.lang.String">CRLF</Value>
</Feature>
</GateDocumentFeatures>
<!-- The document content area with serialized nodes -->

<TextWithNodes><Node id="0"/>Affordable Care Act Sets Nation on Right Course for Health Reform, Experts Say<Node id="78"/>&#xd;
<Node id="80"/>In New Survey, <Node id="95"/>Majority of Health Care Opinion Leaders<Node id="134"/> Favor <Node id="141"/>Implementing<Node id="153"/> <Node id="154"/>Health Reform Law<Node id="171"/> with <Node id="177"/>Little or No<Node id="189"/> <Node id="190"/>Change<Node id="196"/>&#xd;
<Node id="198"/>&#xd;
<Node id="200"/>February 21, 2011&#xd;
<Node id="219"/>&#xd;
<Node id="221"/>Contact(s):&#xd;
Mary Mahon&#xd;
Public Information Officer&#xd;
TEL 212-606-3853, cell phone 917-225-2314, mm@cmwf.org&#xd;
<Node id="330"/>&#xd;
<Node id="332"/>Bethanne Fox&#xd;
Senior Associate&#xd;
301-448-7411, bf@cmwf.org&#xd;
<Node id="391"/>&#xd;
&#xd;
    <Node id="399"/>E-mail&#xd;
    Share&#xd;
    Add To My Library&#xd;
    Print&#xd;
<Node id="452"/>&#xd;
<Node id="454"/>Downloads&#xd;
<Node id="465"/>&#xd;
    <Node id="471"/>News Release (26K PDF)&#xd;
<Node id="495"/>&#xd;
<Node id="497"/>Related&#xd;
<Node id="506"/>&#xd;
    <Node id="512"/>Data Brief&#xd;
        Health Care Opinion Leaders' Views on Congressional Priorities&#xd;
<Node id="596"/>&#xd;
<Node id="598"/>NEW YORK, February 21, 2010 - <Node id="628"/>More than nine of 10 leaders in health and health care policy believe the Affordable Care Act sets the right course for health reform, according to a new survey<Node id="788"/>. <Node id="790"/>And despite wide differences of opinion in Congress, and varied levels of support among the general public<Node id="896"/>, <Node id="898"/>nearly seven of 10 (68%) experts<Node id="930"/> favor <Node id="937"/>implementing<Node id="949"/> <Node id="950"/>the law<Node id="957"/> <Node id="958"/>with little or no<Node id="975"/> <Node id="976"/>change<Node id="982"/>, <Node id="984"/>according to the latest Commonwealth Fund/Modern Healthcare Health Care Opinion Leaders Survey, which asked respondents their views about priorities for the 112th Congress<Node id="1155"/>.&#xd;
<Node id="1158"/>&#xd;
<Node id="1160"/>Few<Node id="1163"/> <Node id="1164"/>leaders<Node id="1171"/> surveyed expressed clear <Node id="1197"/>opposition to<Node id="1210"/> <Node id="1211"/>the law<Node id="1218"/>: only 9 percent believe the health reform law sets the wrong course for the nation; none said that the health system as it stands now requires no major changes<Node id="1378"/>.&#xd;
<Node id="1381"/>&#xd;
<Node id="1383"/>Respondents<Node id="1394"/> voiced strong <Node id="1409"/>support for<Node id="1420"/> moving forward with <Node id="1441"/>all the major provisions of the law<Node id="1476"/>, note Commonwealth Fund researchers Kristof Stremikis, Stuart Guterman, and Karen Davis, in a new data brief on the survey findings<Node id="1608"/>. <Node id="1610"/>More than eight of 10 think it is important or very important to <Node id="1675"/>implement<Node id="1684"/> <Node id="1685"/>state-based health insurance exchanges<Node id="1723"/> (86%), the requirement that individuals purchase insurance coverage (84%), and <Node id="1803"/>the expansion of Medicaid<Node id="1828"/> to <Node id="1832"/>cover<Node id="1837"/> <Node id="1838"/>more lower-income individuals<Node id="1867"/> (82%)<Node id="1873"/>. <Node id="1875"/>In addition, delivery system reform provisions including <Node id="1932"/>the Center for Medicare and Medicaid Innovation<Node id="1979"/> to <Node id="1983"/>develop<Node id="1990"/> and <Node id="1995"/>implement<Node id="2004"/> <Node id="2005"/>new payment and delivery system approaches<Node id="2047"/> (83%), <Node id="2055"/>the Patient-Centered Outcomes Research Institute<Node id="2103"/> to <Node id="2107"/>develop<Node id="2114"/> <Node id="2115"/>best practices in health care delivery and organization<Node id="2170"/> (79%), and <Node id="2182"/>the Independent Payment Advisory Board<Node id="2220"/> to help <Node id="2229"/>reduce<Node id="2235"/> <Node id="2236"/>the growth of Medicare spending<Node id="2267"/> (71%) received support from a large majority of experts<Node id="2323"/>.&#xd;
<Node id="2326"/>&#xd;
<Node id="2328"/>"<Node id="2329"/>While health reform very much remains a work in progress, it is heartening to see broad support among health care leaders for the direction laid out in the Affordable Care Act," said brief coauthor and Commonwealth Fund President Karen Davis<Node id="2570"/>. "<Node id="2573"/>The law's major provisions for <Node id="2604"/>expanding<Node id="2613"/> <Node id="2614"/>coverage<Node id="2622"/>, <Node id="2624"/>creating<Node id="2632"/> <Node id="2633"/>new methods of payment<Node id="2655"/>, and <Node id="2661"/>encouraging<Node id="2672"/> <Node id="2673"/>integration and innovation<Node id="2699"/> are <Node id="2704"/>supported<Node id="2713"/> by <Node id="2717"/>leaders from a range of sectors - including academia, care delivery, business, and consumers<Node id="2809"/>. <Node id="2811"/>That sort of consensus is encouraging indeed<Node id="2855"/>."&#xd;
<Node id="2859"/>&#xd;
<Node id="2861"/>Health care leaders were asked about their views on <Node id="2913"/>new payment methods<Node id="2932"/> to <Node id="2936"/>curb<Node id="2940"/> <Node id="2941"/>costs<Node id="2946"/> and <Node id="2951"/>promote<Node id="2958"/> <Node id="2959"/>efficiency<Node id="2969"/>. <Node id="2971"/>Nine of 10 leaders believe that <Node id="3003"/>improving<Node id="3012"/> <Node id="3013"/>care coordination<Node id="3030"/> for patients with chronic conditions will be effective<Node id="3085"/>. <Node id="3087"/>Other options that received substantial support include permanent increases in Medicare and Medicaid payments to primary care physicians (72%), aligning payment methods and rates across public and private payers (69%), and accelerating <Node id="3323"/>the implementation of<Node id="3344"/> <Node id="3345"/>bundled payment methods<Node id="3368"/> (66%)<Node id="3374"/>. <Node id="3376"/>Few<Node id="3379"/> <Node id="3380"/>leaders<Node id="3387"/> believe allowing consumers to purchase insurance across state lines (38%) or <Node id="3465"/>expanding<Node id="3474"/> <Node id="3475"/>the use of health savings accounts<Node id="3509"/> (22%) will be effective in achieving a high performance health care system<Node id="3584"/>.&#xd;
<Node id="3587"/>&#xd;
<Node id="3589"/>Reducing<Node id="3597"/> <Node id="3598"/>federal health spending<Node id="3621"/> can play an important role in helping to <Node id="3663"/>shrink<Node id="3669"/> <Node id="3670"/>the federal budget deficit<Node id="3696"/>. The survey asked respondents for their views on several proposed cost-reduction measures included in recent proposals, most notably from the National Commission on Fiscal Responsibility and Reform. <Node id="3896"/>Health care leaders surveyed<Node id="3924"/> <Node id="3925"/>support<Node id="3932"/> <Node id="3933"/>expanding<Node id="3942"/> <Node id="3943"/>successful cost-containment pilots included in the Affordable Care Act<Node id="4013"/> (81%) and <Node id="4024"/>extending<Node id="4033"/> <Node id="4034"/>Medicaid prescription drug rebates to individuals who are dually eligible for Medicare and Medicaid<Node id="4133"/> (61%)<Node id="4139"/>. <Node id="4141"/>Few leaders support converting Medicaid into a block grant program for states (26%) or converting Medicare into a premium support or voucher program (22%)<Node id="4295"/>.&#xd;
<Node id="4298"/>&#xd;
<Node id="4300"/>The survey is the 24th in a series from The Commonwealth Fund, and the 16th conducted in partnership with the publication Modern Healthcare. Commentaries by David M  Cutler, the Otto Eckstein Professor of Applied Economics at Harvard University, and Gail Wilensky, a senior fellow at Project HOPE, appear in the February 21 issue of Modern Healthcare. The commentaries are also posted on the Fund's Web site, along with a Commission data brief discussing the survey findings.&#xd;
<Node id="4777"/>&#xd;
<Node id="4779"/>Methodology&#xd;
<Node id="4792"/>&#xd;
<Node id="4794"/>The Commonwealth Fund/Modern HealthCare Health Care Opinion Leaders Survey was conducted online within the United States by Harris Interactive on behalf of The Commonwealth Fund between January 3, 2011, and February 1, 2011, among 1,311 opinion leaders in health policy and innovators in health care delivery and finance. The final sample included 203 respondents from four sectors: academic/research institutions, health care delivery, business/insurance/other health care industry, and government/labor/consumer advocacy, for a response rate of 15.5 percent. The complete methodology is available on The Commonwealth Fund Web site.&#xd;
<Node id="5429"/></TextWithNodes>
<!-- The default annotation set -->

<AnnotationSet>
<Annotation Id="19" Type="arg" StartNode="0" EndNode="78">
<Feature>
  <Name className="java.lang.String">type</Name>
  <Value className="java.lang.String">label</Value>
</Feature>
<Feature>
  <Name className="java.lang.String">ss-label</Name>
  <Value className="java.lang.String">bill_is_step_in_right_direction</Value>
</Feature>
<Feature>
  <Name className="java.lang.String">polarity</Name>
  <Value className="java.lang.String">positive</Value>
</Feature>
</Annotation>
<Annotation Id="18" Type="doc" StartNode="0" EndNode="5429">
<Feature>
  <Name className="java.lang.String">id</Name>
  <Value className="java.lang.String">hc087</Value>
</Feature>
<Feature>
  <Name className="java.lang.String">author</Name>
  <Value className="java.lang.String">mary,mahon</Value>
</Feature>
<Feature>
  <Name className="java.lang.String">source</Name>
  <Value className="java.lang.String">commonwealth,fund</Value>
</Feature>
<Feature>
  <Name className="java.lang.String">date</Name>
  <Value className="java.lang.String">20110221</Value>
</Feature>
<Feature>
  <Name className="java.lang.String">side</Name>
  <Value className="java.lang.String">pro</Value>
</Feature>
<Feature>
  <Name className="java.lang.String">url</Name>
  <Value className="java.lang.String">http://www.commonwealthfund.org/News/News-Releases/2011/Feb/Affordable-Care-Act-Sets-Nation-on-Right-Course.aspx</Value>
</Feature>
</Annotation>
<Annotation Id="21" Type="arg" StartNode="628" EndNode="788">
<Feature>
  <Name className="java.lang.String">type</Name>
  <Value className="java.lang.String">label</Value>
</Feature>
<Feature>
  <Name className="java.lang.String">ss-label</Name>
  <Value className="java.lang.String">popular_among_healthcare_professionals</Value>
</Feature>
<Feature>
  <Name className="java.lang.String">polarity</Name>
  <Value className="java.lang.String">positive</Value>
</Feature>
</Annotation>
<Annotation Id="20" Type="arg" StartNode="80" EndNode="196">
<Feature>
  <Name className="java.lang.String">type</Name>
  <Value className="java.lang.String">label</Value>
</Feature>
<Feature>
  <Name className="java.lang.String">ss-label</Name>
  <Value className="java.lang.String">popular_among_healthcare_professionals</Value>
</Feature>
<Feature>
  <Name className="java.lang.String">polarity</Name>
  <Value className="java.lang.String">positive</Value>
</Feature>
</Annotation>
<Annotation Id="23" Type="arg" StartNode="1383" EndNode="1608">
<Feature>
  <Name className="java.lang.String">type</Name>
  <Value className="java.lang.String">label</Value>
</Feature>
<Feature>
  <Name className="java.lang.String">ss-label</Name>
  <Value className="java.lang.String">popular_among_healthcare_professionals</Value>
</Feature>
<Feature>
  <Name className="java.lang.String">polarity</Name>
  <Value className="java.lang.String">positive</Value>
</Feature>
</Annotation>
<Annotation Id="22" Type="arg" StartNode="898" EndNode="982">
<Feature>
  <Name className="java.lang.String">type</Name>
  <Value className="java.lang.String">label</Value>
</Feature>
<Feature>
  <Name className="java.lang.String">ss-label</Name>
  <Value className="java.lang.String">popular_among_healthcare_professionals</Value>
</Feature>
<Feature>
  <Name className="java.lang.String">polarity</Name>
  <Value className="java.lang.String">positive</Value>
</Feature>
</Annotation>
<Annotation Id="25" Type="rel" StartNode="2573" EndNode="2809">
<Feature>
  <Name className="java.lang.String">ss-label</Name>
  <Value className="java.lang.String">popular_among_healthcare_professionals</Value>
</Feature>
<Feature>
  <Name className="java.lang.String">unclear</Name>
  <Value className="java.lang.String">true</Value>
</Feature>
<Feature>
  <Name className="java.lang.String">type</Name>
  <Value className="java.lang.String">label</Value>
</Feature>
<Feature>
  <Name className="java.lang.String">polarity</Name>
  <Value className="java.lang.String">positive</Value>
</Feature>
</Annotation>
<Annotation Id="24" Type="arg" StartNode="2329" EndNode="2570">
<Feature>
  <Name className="java.lang.String">ss-label</Name>
  <Value className="java.lang.String">popular_among_healthcare_professionals</Value>
</Feature>
<Feature>
  <Name className="java.lang.String">unclear</Name>
  <Value className="java.lang.String">true</Value>
</Feature>
<Feature>
  <Name className="java.lang.String">type</Name>
  <Value className="java.lang.String">label</Value>
</Feature>
<Feature>
  <Name className="java.lang.String">polarity</Name>
  <Value className="java.lang.String">positive</Value>
</Feature>
</Annotation>
<Annotation Id="27" Type="arg" StartNode="3589" EndNode="3696">
<Feature>
  <Name className="java.lang.String">unclear</Name>
  <Value className="java.lang.String">true</Value>
</Feature>
<Feature>
  <Name className="java.lang.String">ss-label</Name>
  <Value className="java.lang.String">maintains/reduces_govt_deficit</Value>
</Feature>
<Feature>
  <Name className="java.lang.String">type</Name>
  <Value className="java.lang.String">label</Value>
</Feature>
<Feature>
  <Name className="java.lang.String">polarity</Name>
  <Value className="java.lang.String">positive</Value>
</Feature>
</Annotation>
<Annotation Id="26" Type="rel" StartNode="2971" EndNode="3085">
<Feature>
  <Name className="java.lang.String">type</Name>
  <Value className="java.lang.String">label</Value>
</Feature>
<Feature>
  <Name className="java.lang.String">group</Name>
  <Value className="java.lang.String"></Value>
</Feature>
<Feature>
  <Name className="java.lang.String">ss-label</Name>
  <Value className="java.lang.String">popular_among_healthcare_professionals</Value>
</Feature>
</Annotation>
<Annotation Id="29" Type="rel" StartNode="3896" EndNode="4139">
<Feature>
  <Name className="java.lang.String">type</Name>
  <Value className="java.lang.String">label</Value>
</Feature>
<Feature>
  <Name className="java.lang.String">ss-label</Name>
  <Value className="java.lang.String">popular_among_healthcare_professionals</Value>
</Feature>
</Annotation>
<Annotation Id="31" Type="rel" StartNode="1610" EndNode="1873">
<Feature>
  <Name className="java.lang.String">type</Name>
  <Value className="java.lang.String">label</Value>
</Feature>
<Feature>
  <Name className="java.lang.String">ss-label</Name>
  <Value className="java.lang.String">popular_among_healthcare_professionals</Value>
</Feature>
</Annotation>
<Annotation Id="30" Type="arg" StartNode="1160" EndNode="1378">
<Feature>
  <Name className="java.lang.String">type</Name>
  <Value className="java.lang.String">label</Value>
</Feature>
<Feature>
  <Name className="java.lang.String">ss-label</Name>
  <Value className="java.lang.String">popular_among_healthcare_professionals</Value>
</Feature>
<Feature>
  <Name className="java.lang.String">polarity</Name>
  <Value className="java.lang.String">negative</Value>
</Feature>
</Annotation>
<Annotation Id="34" Type="rel" StartNode="3087" EndNode="3374">
<Feature>
  <Name className="java.lang.String">type</Name>
  <Value className="java.lang.String">label</Value>
</Feature>
<Feature>
  <Name className="java.lang.String">ss-label</Name>
  <Value className="java.lang.String">popular_among_healthcare_professionals</Value>
</Feature>
</Annotation>
<Annotation Id="35" Type="rel" StartNode="3376" EndNode="3584">
<Feature>
  <Name className="java.lang.String">type</Name>
  <Value className="java.lang.String">label</Value>
</Feature>
<Feature>
  <Name className="java.lang.String">ss-label</Name>
  <Value className="java.lang.String">popular_among_healthcare_professionals</Value>
</Feature>
</Annotation>
<Annotation Id="32" Type="rel" StartNode="1875" EndNode="2323">
<Feature>
  <Name className="java.lang.String">type</Name>
  <Value className="java.lang.String">label</Value>
</Feature>
<Feature>
  <Name className="java.lang.String">ss-label</Name>
  <Value className="java.lang.String">popular_among_healthcare_professionals</Value>
</Feature>
</Annotation>
<Annotation Id="33" Type="rel" StartNode="4141" EndNode="4295">
<Feature>
  <Name className="java.lang.String">type</Name>
  <Value className="java.lang.String">label</Value>
</Feature>
<Feature>
  <Name className="java.lang.String">ss-label</Name>
  <Value className="java.lang.String">popular_among_healthcare_professionals</Value>
</Feature>
</Annotation>
<Annotation Id="38" Type="arg" StartNode="2811" EndNode="2855">
<Feature>
  <Name className="java.lang.String">type</Name>
  <Value className="java.lang.String">label</Value>
</Feature>
<Feature>
  <Name className="java.lang.String">ss-label</Name>
  <Value className="java.lang.String">popular_among_healthcare_professionals</Value>
</Feature>
<Feature>
  <Name className="java.lang.String">polarity</Name>
  <Value className="java.lang.String">positive</Value>
</Feature>
</Annotation>
<Annotation Id="36" Type="rel" StartNode="984" EndNode="1155">
<Feature>
  <Name className="java.lang.String">type</Name>
  <Value className="java.lang.String">label</Value>
</Feature>
<Feature>
  <Name className="java.lang.String">ss-label</Name>
  <Value className="java.lang.String">popular_among_healthcare_professionals</Value>
</Feature>
</Annotation>
<Annotation Id="37" Type="rel" StartNode="790" EndNode="896">
<Feature>
  <Name className="java.lang.String">type</Name>
  <Value className="java.lang.String">label</Value>
</Feature>
<Feature>
  <Name className="java.lang.String">ss-label</Name>
  <Value className="java.lang.String">popular_among_healthcare_professionals</Value>
</Feature>
</Annotation>
<Annotation Id="42" Type="gfbf-agent" StartNode="95" EndNode="134">
<Feature>
  <Name className="java.lang.String">writerAtt</Name>
  <Value className="java.lang.String">positive</Value>
</Feature>
</Annotation>
<Annotation Id="40" Type="gfbf" StartNode="141" EndNode="153">
<Feature>
  <Name className="java.lang.String">agentId</Name>
  <Value className="java.lang.String">42</Value>
</Feature>
<Feature>
  <Name className="java.lang.String">polarity</Name>
  <Value className="java.lang.String">goodfor</Value>
</Feature>
<Feature>
  <Name className="java.lang.String">objectId</Name>
  <Value className="java.lang.String">41</Value>
</Feature>
</Annotation>
<Annotation Id="41" Type="gfbf-object" StartNode="154" EndNode="171">
<Feature>
  <Name className="java.lang.String">writerAtt</Name>
  <Value className="java.lang.String">positive</Value>
</Feature>
</Annotation>
<Annotation Id="46" Type="gfbf" StartNode="937" EndNode="949">
<Feature>
  <Name className="java.lang.String">agentId</Name>
  <Value className="java.lang.String">48</Value>
</Feature>
<Feature>
  <Name className="java.lang.String">polarity</Name>
  <Value className="java.lang.String">goodfor</Value>
</Feature>
<Feature>
  <Name className="java.lang.String">objectId</Name>
  <Value className="java.lang.String">47</Value>
</Feature>
</Annotation>
<Annotation Id="47" Type="gfbf-object" StartNode="950" EndNode="957">
<Feature>
  <Name className="java.lang.String">writerAtt</Name>
  <Value className="java.lang.String">positive</Value>
</Feature>
</Annotation>
<Annotation Id="51" Type="gfbf-agent" StartNode="1164" EndNode="1171">
<Feature>
  <Name className="java.lang.String">writerAtt</Name>
  <Value className="java.lang.String">positive</Value>
</Feature>
</Annotation>
<Annotation Id="50" Type="gfbf-object" StartNode="1211" EndNode="1218">
<Feature>
  <Name className="java.lang.String">writerAtt</Name>
  <Value className="java.lang.String">positive</Value>
</Feature>
</Annotation>
<Annotation Id="49" Type="gfbf" StartNode="1197" EndNode="1210">
<Feature>
  <Name className="java.lang.String">agentId</Name>
  <Value className="java.lang.String">51</Value>
</Feature>
<Feature>
  <Name className="java.lang.String">polarity</Name>
  <Value className="java.lang.String">badfor</Value>
</Feature>
<Feature>
  <Name className="java.lang.String">objectId</Name>
  <Value className="java.lang.String">50</Value>
</Feature>
</Annotation>
<Annotation Id="48" Type="gfbf-agent" StartNode="898" EndNode="930">
<Feature>
  <Name className="java.lang.String">writerAtt</Name>
  <Value className="java.lang.String">positive</Value>
</Feature>
</Annotation>
<Annotation Id="52" Type="influencer" StartNode="1160" EndNode="1163">
<Feature>
  <Name className="java.lang.String">effect</Name>
  <Value className="java.lang.String">reverse</Value>
</Feature>
<Feature>
  <Name className="java.lang.String">agentId</Name>
  <Value className="java.lang.String">51</Value>
</Feature>
<Feature>
  <Name className="java.lang.String">objectId</Name>
  <Value className="java.lang.String">49</Value>
</Feature>
</Annotation>
<Annotation Id="59" Type="gfbf-agent" StartNode="1383" EndNode="1394">
<Feature>
  <Name className="java.lang.String">writerAtt</Name>
  <Value className="java.lang.String">positive</Value>
</Feature>
</Annotation>
<Annotation Id="58" Type="gfbf-object" StartNode="1441" EndNode="1476">
<Feature>
  <Name className="java.lang.String">writerAtt</Name>
  <Value className="java.lang.String">positive</Value>
</Feature>
</Annotation>
<Annotation Id="57" Type="gfbf" StartNode="1409" EndNode="1420">
<Feature>
  <Name className="java.lang.String">agentId</Name>
  <Value className="java.lang.String">59</Value>
</Feature>
<Feature>
  <Name className="java.lang.String">phaseII</Name>
  <Value className="java.lang.String">phaseII</Value>
</Feature>
<Feature>
  <Name className="java.lang.String">objectId</Name>
  <Value className="java.lang.String">58</Value>
</Feature>
<Feature>
  <Name className="java.lang.String">polarity</Name>
  <Value className="java.lang.String">goodfor</Value>
</Feature>
</Annotation>
<Annotation Id="63" Type="gfbf-object" StartNode="3670" EndNode="3696">
<Feature>
  <Name className="java.lang.String">writerAtt</Name>
  <Value className="java.lang.String">negative</Value>
</Feature>
</Annotation>
<Annotation Id="62" Type="gfbf" StartNode="3663" EndNode="3669">
<Feature>
  <Name className="java.lang.String">agentId</Name>
  <Value className="java.lang.String">65</Value>
</Feature>
<Feature>
  <Name className="java.lang.String">polarity</Name>
  <Value className="java.lang.String">badfor</Value>
</Feature>
<Feature>
  <Name className="java.lang.String">objectId</Name>
  <Value className="java.lang.String">63</Value>
</Feature>
</Annotation>
<Annotation Id="61" Type="gfbf-object" StartNode="3598" EndNode="3621">
<Feature>
  <Name className="java.lang.String">writerAtt</Name>
  <Value className="java.lang.String">negative</Value>
</Feature>
</Annotation>
<Annotation Id="60" Type="gfbf" StartNode="3589" EndNode="3597">
<Feature>
  <Name className="java.lang.String">agentId</Name>
  <Value className="java.lang.String">implicit</Value>
</Feature>
<Feature>
  <Name className="java.lang.String">polarity</Name>
  <Value className="java.lang.String">badfor</Value>
</Feature>
<Feature>
  <Name className="java.lang.String">objectId</Name>
  <Value className="java.lang.String">61</Value>
</Feature>
</Annotation>
<Annotation Id="69" Type="gfbf-agent" StartNode="2182" EndNode="2220">
<Feature>
  <Name className="java.lang.String">writerAtt</Name>
  <Value className="java.lang.String">positive</Value>
</Feature>
</Annotation>
<Annotation Id="70" Type="gfbf" StartNode="2704" EndNode="2713">
<Feature>
  <Name className="java.lang.String">agentId</Name>
  <Value className="java.lang.String">72</Value>
</Feature>
<Feature>
  <Name className="java.lang.String">uncertain</Name>
  <Value className="java.lang.String">true</Value>
</Feature>
<Feature>
  <Name className="java.lang.String">objectId</Name>
  <Value className="java.lang.String">73</Value>
</Feature>
<Feature>
  <Name className="java.lang.String">polarity</Name>
  <Value className="java.lang.String">goodfor</Value>
</Feature>
</Annotation>
<Annotation Id="65" Type="gfbf-agent" StartNode="3589" EndNode="3621">
<Feature>
  <Name className="java.lang.String">writerAtt</Name>
  <Value className="java.lang.String">positive</Value>
</Feature>
</Annotation>
<Annotation Id="67" Type="gfbf" StartNode="2229" EndNode="2235">
<Feature>
  <Name className="java.lang.String">agentId</Name>
  <Value className="java.lang.String">69</Value>
</Feature>
<Feature>
  <Name className="java.lang.String">objectId</Name>
  <Value className="java.lang.String">96</Value>
</Feature>
<Feature>
  <Name className="java.lang.String">polarity</Name>
  <Value className="java.lang.String">badfor</Value>
</Feature>
</Annotation>
<Annotation Id="76" Type="gfbf-object" StartNode="2614" EndNode="2622">
<Feature>
  <Name className="java.lang.String">writerAtt</Name>
  <Value className="java.lang.String">positive</Value>
</Feature>
</Annotation>
<Annotation Id="77" Type="gfbf" StartNode="2624" EndNode="2632">
<Feature>
  <Name className="java.lang.String">agentId</Name>
  <Value className="java.lang.String">implicit</Value>
</Feature>
<Feature>
  <Name className="java.lang.String">objectId</Name>
  <Value className="java.lang.String">78</Value>
</Feature>
<Feature>
  <Name className="java.lang.String">polarity</Name>
  <Value className="java.lang.String">goodfor</Value>
</Feature>
</Annotation>
<Annotation Id="78" Type="gfbf-object" StartNode="2633" EndNode="2655">
<Feature>
  <Name className="java.lang.String">writerAtt</Name>
  <Value className="java.lang.String">positive</Value>
</Feature>
</Annotation>
<Annotation Id="79" Type="gfbf" StartNode="2661" EndNode="2672">
<Feature>
  <Name className="java.lang.String">agentId</Name>
  <Value className="java.lang.String">implicit</Value>
</Feature>
<Feature>
  <Name className="java.lang.String">objectId</Name>
  <Value className="java.lang.String">80</Value>
</Feature>
<Feature>
  <Name className="java.lang.String">polarity</Name>
  <Value className="java.lang.String">goodfor</Value>
</Feature>
</Annotation>
<Annotation Id="72" Type="gfbf-agent" StartNode="2717" EndNode="2809">
<Feature>
  <Name className="java.lang.String">writerAtt</Name>
  <Value className="java.lang.String">positive</Value>
</Feature>
</Annotation>
<Annotation Id="73" Type="gfbf-object" StartNode="2573" EndNode="2699">
<Feature>
  <Name className="java.lang.String">writerAtt</Name>
  <Value className="java.lang.String">positive</Value>
</Feature>
</Annotation>
<Annotation Id="75" Type="gfbf" StartNode="2604" EndNode="2613">
<Feature>
  <Name className="java.lang.String">agentId</Name>
  <Value className="java.lang.String">implicit</Value>
</Feature>
<Feature>
  <Name className="java.lang.String">polarity</Name>
  <Value className="java.lang.String">goodfor</Value>
</Feature>
<Feature>
  <Name className="java.lang.String">objectId</Name>
  <Value className="java.lang.String">76</Value>
</Feature>
</Annotation>
<Annotation Id="85" Type="gfbf" StartNode="1675" EndNode="1684">
<Feature>
  <Name className="java.lang.String">agentId</Name>
  <Value className="java.lang.String">implicit</Value>
</Feature>
<Feature>
  <Name className="java.lang.String">polarity</Name>
  <Value className="java.lang.String">goodfor</Value>
</Feature>
<Feature>
  <Name className="java.lang.String">objectId</Name>
  <Value className="java.lang.String">90</Value>
</Feature>
</Annotation>
<Annotation Id="84" Type="influencer" StartNode="976" EndNode="982">
<Feature>
  <Name className="java.lang.String">effect</Name>
  <Value className="java.lang.String">reverse</Value>
</Feature>
<Feature>
  <Name className="java.lang.String">agentId</Name>
  <Value className="java.lang.String">48</Value>
</Feature>
<Feature>
  <Name className="java.lang.String">objectId</Name>
  <Value className="java.lang.String">46</Value>
</Feature>
</Annotation>
<Annotation Id="87" Type="gfbf" StartNode="1983" EndNode="1990">
<Feature>
  <Name className="java.lang.String">agentId</Name>
  <Value className="java.lang.String">94</Value>
</Feature>
<Feature>
  <Name className="java.lang.String">polarity</Name>
  <Value className="java.lang.String">goodfor</Value>
</Feature>
<Feature>
  <Name className="java.lang.String">objectId</Name>
  <Value className="java.lang.String">95</Value>
</Feature>
</Annotation>
<Annotation Id="80" Type="gfbf-object" StartNode="2673" EndNode="2699">
<Feature>
  <Name className="java.lang.String">writerAtt</Name>
  <Value className="java.lang.String">positive</Value>
</Feature>
</Annotation>
<Annotation Id="83" Type="influencer" StartNode="958" EndNode="975">
<Feature>
  <Name className="java.lang.String">effect</Name>
  <Value className="java.lang.String">reverse</Value>
</Feature>
<Feature>
  <Name className="java.lang.String">agentId</Name>
  <Value className="java.lang.String">48</Value>
</Feature>
<Feature>
  <Name className="java.lang.String">objectId</Name>
  <Value className="java.lang.String">84</Value>
</Feature>
</Annotation>
<Annotation Id="82" Type="influencer" StartNode="190" EndNode="196">
<Feature>
  <Name className="java.lang.String">agentId</Name>
  <Value className="java.lang.String">42</Value>
</Feature>
<Feature>
  <Name className="java.lang.String">unclear</Name>
  <Value className="java.lang.String">true</Value>
</Feature>
<Feature>
  <Name className="java.lang.String">effect</Name>
  <Value className="java.lang.String">reverse</Value>
</Feature>
<Feature>
  <Name className="java.lang.String">objectId</Name>
  <Value className="java.lang.String">40</Value>
</Feature>
</Annotation>
<Annotation Id="93" Type="gfbf-agent" StartNode="1803" EndNode="1828">
<Feature>
  <Name className="java.lang.String">writerAtt</Name>
  <Value className="java.lang.String">positive</Value>
</Feature>
</Annotation>
<Annotation Id="92" Type="gfbf-object" StartNode="1838" EndNode="1867">
<Feature>
  <Name className="java.lang.String">writerAtt</Name>
  <Value className="java.lang.String">positive</Value>
</Feature>
</Annotation>
<Annotation Id="95" Type="gfbf-object" StartNode="2005" EndNode="2047">
<Feature>
  <Name className="java.lang.String">writerAtt</Name>
  <Value className="java.lang.String">positive</Value>
</Feature>
</Annotation>
<Annotation Id="94" Type="gfbf-agent" StartNode="1932" EndNode="1979">
<Feature>
  <Name className="java.lang.String">writerAtt</Name>
  <Value className="java.lang.String">positive</Value>
</Feature>
</Annotation>
<Annotation Id="88" Type="gfbf" StartNode="1995" EndNode="2004">
<Feature>
  <Name className="java.lang.String">agentId</Name>
  <Value className="java.lang.String">94</Value>
</Feature>
<Feature>
  <Name className="java.lang.String">polarity</Name>
  <Value className="java.lang.String">goodfor</Value>
</Feature>
<Feature>
  <Name className="java.lang.String">objectId</Name>
  <Value className="java.lang.String">95</Value>
</Feature>
</Annotation>
<Annotation Id="91" Type="gfbf" StartNode="1832" EndNode="1837">
<Feature>
  <Name className="java.lang.String">agentId</Name>
  <Value className="java.lang.String">93</Value>
</Feature>
<Feature>
  <Name className="java.lang.String">polarity</Name>
  <Value className="java.lang.String">goodfor</Value>
</Feature>
<Feature>
  <Name className="java.lang.String">objectId</Name>
  <Value className="java.lang.String">92</Value>
</Feature>
</Annotation>
<Annotation Id="90" Type="gfbf-object" StartNode="1685" EndNode="1723">
<Feature>
  <Name className="java.lang.String">writerAtt</Name>
  <Value className="java.lang.String">positive</Value>
</Feature>
</Annotation>
<Annotation Id="102" Type="gfbf-agent" StartNode="2913" EndNode="2932">
<Feature>
  <Name className="java.lang.String">writerAtt</Name>
  <Value className="java.lang.String">positive</Value>
</Feature>
</Annotation>
<Annotation Id="103" Type="gfbf" StartNode="2951" EndNode="2958">
<Feature>
  <Name className="java.lang.String">agentId</Name>
  <Value className="java.lang.String">102</Value>
</Feature>
<Feature>
  <Name className="java.lang.String">polarity</Name>
  <Value className="java.lang.String">goodfor</Value>
</Feature>
<Feature>
  <Name className="java.lang.String">objectId</Name>
  <Value className="java.lang.String">104</Value>
</Feature>
</Annotation>
<Annotation Id="100" Type="gfbf" StartNode="2936" EndNode="2940">
<Feature>
  <Name className="java.lang.String">agentId</Name>
  <Value className="java.lang.String">102</Value>
</Feature>
<Feature>
  <Name className="java.lang.String">polarity</Name>
  <Value className="java.lang.String">badfor</Value>
</Feature>
<Feature>
  <Name className="java.lang.String">objectId</Name>
  <Value className="java.lang.String">101</Value>
</Feature>
</Annotation>
<Annotation Id="101" Type="gfbf-object" StartNode="2941" EndNode="2946">
<Feature>
  <Name className="java.lang.String">writerAtt</Name>
  <Value className="java.lang.String">negative</Value>
</Feature>
</Annotation>
<Annotation Id="98" Type="gfbf" StartNode="2107" EndNode="2114">
<Feature>
  <Name className="java.lang.String">agentId</Name>
  <Value className="java.lang.String">97</Value>
</Feature>
<Feature>
  <Name className="java.lang.String">polarity</Name>
  <Value className="java.lang.String">goodfor</Value>
</Feature>
<Feature>
  <Name className="java.lang.String">objectId</Name>
  <Value className="java.lang.String">99</Value>
</Feature>
</Annotation>
<Annotation Id="99" Type="gfbf-object" StartNode="2115" EndNode="2170">
<Feature>
  <Name className="java.lang.String">writerAtt</Name>
  <Value className="java.lang.String">positive</Value>
</Feature>
</Annotation>
<Annotation Id="96" Type="gfbf-object" StartNode="2236" EndNode="2267">
<Feature>
  <Name className="java.lang.String">writerAtt</Name>
  <Value className="java.lang.String">negative</Value>
</Feature>
</Annotation>
<Annotation Id="97" Type="gfbf-agent" StartNode="2055" EndNode="2103">
<Feature>
  <Name className="java.lang.String">writerAtt</Name>
  <Value className="java.lang.String">positive</Value>
</Feature>
</Annotation>
<Annotation Id="110" Type="gfbf-object" StartNode="3475" EndNode="3509">
<Feature>
  <Name className="java.lang.String">writerAtt</Name>
  <Value className="java.lang.String">negative</Value>
</Feature>
</Annotation>
<Annotation Id="108" Type="gfbf" StartNode="3323" EndNode="3344">
<Feature>
  <Name className="java.lang.String">agentId</Name>
  <Value className="java.lang.String">implicit</Value>
</Feature>
<Feature>
  <Name className="java.lang.String">polarity</Name>
  <Value className="java.lang.String">goodfor</Value>
</Feature>
<Feature>
  <Name className="java.lang.String">objectId</Name>
  <Value className="java.lang.String">107</Value>
</Feature>
</Annotation>
<Annotation Id="109" Type="gfbf" StartNode="3465" EndNode="3474">
<Feature>
  <Name className="java.lang.String">agentId</Name>
  <Value className="java.lang.String">implicit</Value>
</Feature>
<Feature>
  <Name className="java.lang.String">polarity</Name>
  <Value className="java.lang.String">goodfor</Value>
</Feature>
<Feature>
  <Name className="java.lang.String">objectId</Name>
  <Value className="java.lang.String">110</Value>
</Feature>
</Annotation>
<Annotation Id="106" Type="gfbf-object" StartNode="3013" EndNode="3030">
<Feature>
  <Name className="java.lang.String">writerAtt</Name>
  <Value className="java.lang.String">positive</Value>
</Feature>
</Annotation>
<Annotation Id="107" Type="gfbf-object" StartNode="3345" EndNode="3368">
<Feature>
  <Name className="java.lang.String">writerAtt</Name>
  <Value className="java.lang.String">positive</Value>
</Feature>
</Annotation>
<Annotation Id="104" Type="gfbf-object" StartNode="2959" EndNode="2969">
<Feature>
  <Name className="java.lang.String">writerAtt</Name>
  <Value className="java.lang.String">positive</Value>
</Feature>
</Annotation>
<Annotation Id="105" Type="gfbf" StartNode="3003" EndNode="3012">
<Feature>
  <Name className="java.lang.String">agentId</Name>
  <Value className="java.lang.String">implicit</Value>
</Feature>
<Feature>
  <Name className="java.lang.String">polarity</Name>
  <Value className="java.lang.String">goodfor</Value>
</Feature>
<Feature>
  <Name className="java.lang.String">objectId</Name>
  <Value className="java.lang.String">106</Value>
</Feature>
</Annotation>
<Annotation Id="119" Type="influencer" StartNode="3925" EndNode="3932">
<Feature>
  <Name className="java.lang.String">effect</Name>
  <Value className="java.lang.String">retain</Value>
</Feature>
<Feature>
  <Name className="java.lang.String">agentId</Name>
  <Value className="java.lang.String">115</Value>
</Feature>
<Feature>
  <Name className="java.lang.String">objectId</Name>
  <Value className="java.lang.String">116</Value>
</Feature>
</Annotation>
<Annotation Id="118" Type="influencer" StartNode="3925" EndNode="3932">
<Feature>
  <Name className="java.lang.String">effect</Name>
  <Value className="java.lang.String">retain</Value>
</Feature>
<Feature>
  <Name className="java.lang.String">agentId</Name>
  <Value className="java.lang.String">115</Value>
</Feature>
<Feature>
  <Name className="java.lang.String">objectId</Name>
  <Value className="java.lang.String">114</Value>
</Feature>
</Annotation>
<Annotation Id="117" Type="gfbf-object" StartNode="4034" EndNode="4133">
<Feature>
  <Name className="java.lang.String">writerAtt</Name>
  <Value className="java.lang.String">positive</Value>
</Feature>
</Annotation>
<Annotation Id="116" Type="gfbf" StartNode="4024" EndNode="4033">
<Feature>
  <Name className="java.lang.String">agentId</Name>
  <Value className="java.lang.String">implicit</Value>
</Feature>
<Feature>
  <Name className="java.lang.String">polarity</Name>
  <Value className="java.lang.String">goodfor</Value>
</Feature>
<Feature>
  <Name className="java.lang.String">objectId</Name>
  <Value className="java.lang.String">117</Value>
</Feature>
</Annotation>
<Annotation Id="115" Type="gfbf-agent" StartNode="3896" EndNode="3924">
<Feature>
  <Name className="java.lang.String">writerAtt</Name>
  <Value className="java.lang.String">positive</Value>
</Feature>
</Annotation>
<Annotation Id="114" Type="gfbf" StartNode="3933" EndNode="3942">
<Feature>
  <Name className="java.lang.String">agentId</Name>
  <Value className="java.lang.String">implicit</Value>
</Feature>
<Feature>
  <Name className="java.lang.String">polarity</Name>
  <Value className="java.lang.String">goodfor</Value>
</Feature>
<Feature>
  <Name className="java.lang.String">objectId</Name>
  <Value className="java.lang.String">113</Value>
</Feature>
</Annotation>
<Annotation Id="113" Type="gfbf-object" StartNode="3943" EndNode="4013">
<Feature>
  <Name className="java.lang.String">writerAtt</Name>
  <Value className="java.lang.String">positive</Value>
</Feature>
</Annotation>
<Annotation Id="123" Type="highlight" StartNode="1383" EndNode="1476">
</Annotation>
<Annotation Id="122" Type="gfbf-agent" StartNode="3380" EndNode="3387">
<Feature>
  <Name className="java.lang.String">writerAtt</Name>
  <Value className="java.lang.String">positive</Value>
</Feature>
</Annotation>
<Annotation Id="121" Type="influencer" StartNode="3376" EndNode="3379">
<Feature>
  <Name className="java.lang.String">effect</Name>
  <Value className="java.lang.String">reverse</Value>
</Feature>
<Feature>
  <Name className="java.lang.String">agentId</Name>
  <Value className="java.lang.String">122</Value>
</Feature>
<Feature>
  <Name className="java.lang.String">objectId</Name>
  <Value className="java.lang.String">109</Value>
</Feature>
</Annotation>
<Annotation Id="120" Type="influencer" StartNode="177" EndNode="189">
<Feature>
  <Name className="java.lang.String">effect</Name>
  <Value className="java.lang.String">reverse</Value>
</Feature>
<Feature>
  <Name className="java.lang.String">agentId</Name>
  <Value className="java.lang.String">42</Value>
</Feature>
<Feature>
  <Name className="java.lang.String">objectId</Name>
  <Value className="java.lang.String">82</Value>
</Feature>
</Annotation>
</AnnotationSet>

<!-- Named annotation set -->

<AnnotationSet Name="Original markups">
<Annotation Id="0" Type="paragraph" StartNode="0" EndNode="198">
</Annotation>
<Annotation Id="1" Type="paragraph" StartNode="200" EndNode="219">
</Annotation>
<Annotation Id="2" Type="paragraph" StartNode="221" EndNode="330">
</Annotation>
<Annotation Id="3" Type="paragraph" StartNode="332" EndNode="391">
</Annotation>
<Annotation Id="4" Type="paragraph" StartNode="399" EndNode="452">
</Annotation>
<Annotation Id="5" Type="paragraph" StartNode="454" EndNode="465">
</Annotation>
<Annotation Id="6" Type="paragraph" StartNode="471" EndNode="495">
</Annotation>
<Annotation Id="7" Type="paragraph" StartNode="497" EndNode="506">
</Annotation>
<Annotation Id="8" Type="paragraph" StartNode="512" EndNode="596">
</Annotation>
<Annotation Id="9" Type="paragraph" StartNode="598" EndNode="1158">
</Annotation>
<Annotation Id="10" Type="paragraph" StartNode="1160" EndNode="1381">
</Annotation>
<Annotation Id="11" Type="paragraph" StartNode="1383" EndNode="2326">
</Annotation>
<Annotation Id="12" Type="paragraph" StartNode="2328" EndNode="2859">
</Annotation>
<Annotation Id="13" Type="paragraph" StartNode="2861" EndNode="3587">
</Annotation>
<Annotation Id="14" Type="paragraph" StartNode="3589" EndNode="4298">
</Annotation>
<Annotation Id="15" Type="paragraph" StartNode="4300" EndNode="4777">
</Annotation>
<Annotation Id="17" Type="paragraph" StartNode="4794" EndNode="5429">
</Annotation>
<Annotation Id="16" Type="paragraph" StartNode="4779" EndNode="4792">
</Annotation>
</AnnotationSet>

</GateDocument>
