<?xml version='1.0' encoding='US-ASCII'?>
<GateDocument version="2">
<!-- The document's features-->

<GateDocumentFeatures>
<Feature>
  <Name className="java.lang.String">MimeType</Name>
  <Value className="java.lang.String">text/plain</Value>
</Feature>
<Feature>
  <Name className="java.lang.String">gate.SourceURL</Name>
  <Value className="java.lang.String">file:/E:/Users/conrada/Documents/My%20Dropbox/healthcare_data/training_3/hc081.txt</Value>
</Feature>
<Feature>
  <Name className="java.lang.String">docNewLineType</Name>
  <Value className="java.lang.String">CRLF</Value>
</Feature>
</GateDocumentFeatures>
<!-- The document content area with serialized nodes -->

<TextWithNodes><Node id="0"/>Ten Good Reasons For An Obamacare Repeal<Node id="40"/>&#xd;
Posted by: Congressman William Cassidy on Wednesday, January 19, 2011, 10:06&#xd;
Tagged with: Bill Cassidy    Government    National    Obamacare&#xd;
<Node id="186"/>&#xd;
<Node id="188"/>Today, the House of Representatives is voting to repeal the health care law that President Obama enacted last year. &#xd;
<Node id="306"/>&#xd;
<Node id="308"/>As a practicing physician, I can think of many reasons why <Node id="367"/>this bill<Node id="376"/> <Node id="377"/>is bad for<Node id="387"/> <Node id="388"/>patients<Node id="396"/>, <Node id="398"/>bad for<Node id="405"/> <Node id="406"/>doctors<Node id="413"/>, <Node id="415"/>bad for<Node id="422"/> <Node id="423"/>taxpayers<Node id="432"/>, and needs to be <Node id="450"/>repealed<Node id="458"/>. &#xd;
<Node id="462"/>&#xd;
<Node id="464"/>Here are ten of the most important:&#xd;
<Node id="501"/>&#xd;
<Node id="503"/>Destroys<Node id="511"/> <Node id="512"/>Jobs<Node id="516"/>&#xd;<Node id="517"/>
<Node id="518"/>&#xd;
<Node id="520"/>The estimates vary, but the conclusions are all the same: the bill is a job destroyer<Node id="605"/>.  <Node id="608"/>Because of tax hikes, expensive mandates, burdensome regulations, and costly penalties, the Congressional Budget Office predicts that the bill will <Node id="756"/>put at least 650,000 Americans out of work<Node id="798"/>.  <Node id="801"/>A separate study conducted by the National Federation of Independent Business, the nation's leading small business advocacy organization, estimates that 1.6 million workers will <Node id="979"/>lose their jobs<Node id="994"/> because of this bill<Node id="1015"/>.&#xd;
<Node id="1018"/>&#xd;
<Node id="1020"/>$569.2 Billion Tax Hike&#xd; .<Node id="1046"/>
<Node id="1047"/>&#xd;
<Node id="1049"/>The new law contains 21 separate tax hikes totaling $569.2 billion<Node id="1115"/>.  <Node id="1118"/>Not only will <Node id="1132"/>these tax hikes<Node id="1147"/> <Node id="1148"/>eliminate<Node id="1157"/> <Node id="1158"/>jobs<Node id="1162"/> by <Node id="1166"/>making it harder for small businesses<Node id="1203"/> to expand and hire<Node id="1222"/>, <Node id="1224"/>they<Node id="1228"/> will <Node id="1234"/>increase<Node id="1242"/> <Node id="1243"/>the cost of health care<Node id="1266"/> because many of them target health care goods and services<Node id="1325"/>.&#xd;
<Node id="1328"/>&#xd;
<Node id="1330"/>Deficits &amp; Debt&#xd;<Node id="1346"/>
<Node id="1347"/>&#xd;
<Node id="1349"/>With a price tag of over $1 trillion, <Node id="1387"/>the law<Node id="1394"/> is loaded with budget gimmickry that gives <Node id="1438"/>it<Node id="1440"/> <Node id="1441"/>the appearance of<Node id="1458"/> <Node id="1459"/>decreasing<Node id="1469"/> <Node id="1470"/>federal spending<Node id="1486"/>, but it is a budget buster<Node id="1513"/>.  <Node id="1516"/>For example, <Node id="1529"/>the bill <Node id="1538"/>double counts $398 billion it claims in Medicare "savings," doesn't count as spending $115 billion that is required to fund its implementation, and <Node id="1686"/>ignores<Node id="1693"/> <Node id="1694"/>hundreds of billions of dollars required to pay doctors and nurses for health care services<Node id="1785"/>.  <Node id="1788"/>According to independent economists at the Centers for Medicare &amp; Medicaid Services, "national health expenditures under the health reform act would increase by a total of $311 billion during calendar years 2010-2019<Node id="2004"/>."&#xd;
<Node id="2008"/>&#xd;
<Node id="2010"/>Higher Health Costs<Node id="2029"/>&#xd;
<Node id="2031"/>&#xd;
<Node id="2033"/>The nonpartisan Congressional Budget Office (CBO) predicts that health insurance premiums for families buying private health coverage in the private market will <Node id="2194"/>increase<Node id="2202"/> by $2,100 over the next five years because of this law<Node id="2257"/>.  <Node id="2260"/>CBO also predicts that <Node id="2283"/>the law<Node id="2290"/> will <Node id="2296"/>increase<Node id="2304"/> <Node id="2305"/>Medicare prescription drug coverage premiums<Node id="2349"/> by 9 percent<Node id="2362"/>.&#xd;
<Node id="2365"/>&#xd;
<Node id="2367"/>Medicaid Explosion&#xd;<Node id="2386"/>
<Node id="2387"/>&#xd;
<Node id="2389"/>The new law adds nearly 16 million Americans to the Medicaid rolls<Node id="2455"/>.  <Node id="2458"/>Medicaid<Node id="2466"/>, a federal-state partnership designed to <Node id="2508"/>give<Node id="2512"/> low-income Americans access to health care, is already <Node id="2568"/>bankrupting<Node id="2579"/> <Node id="2580"/>states<Node id="2586"/> and barely <Node id="2598"/>provides<Node id="2606"/> access to health care for those who are already on it<Node id="2660"/>.  <Node id="2663"/>In Louisiana, the Medicaid expansion is expected to cost at least $536 million over the first five years, which will leave $536 million less for roads and education<Node id="2827"/>.&#xd;
<Node id="2830"/>&#xd;
<Node id="2832"/>If You Like Your Plan, You Can [NOT] Keep It&#xd;<Node id="2877"/>
<Node id="2878"/>&#xd;
<Node id="2880"/>Despite repeated assurances to the contrary, millions of Americans will <Node id="2952"/>lose<Node id="2956"/> access to their existing health coverage because of this law<Node id="3017"/>.  <Node id="3020"/>In fact, according to independent estimates, as many as 117 million Americans could lose access to their current health insurance plans<Node id="3155"/>.&#xd;
<Node id="3158"/>&#xd;
<Node id="3160"/>Endangers<Node id="3169"/> <Node id="3170"/>Seniors' Access To Health Care<Node id="3200"/>&#xd;
<Node id="3202"/>&#xd;
<Node id="3204"/>According to economists at the Centers for Medicare &amp; Medicaid Services, Medicare will be bankrupt within the next ten years<Node id="3328"/>.  <Node id="3331"/>Rather than<Node id="3342"/> <Node id="3343"/>strengthening<Node id="3356"/> <Node id="3357"/>Medicare<Node id="3365"/> to ensure its solvency, <Node id="3390"/>the new law<Node id="3401"/> <Node id="3402"/>cuts<Node id="3406"/> <Node id="3407"/>Medicare<Node id="3415"/> by $575 billion to <Node id="3435"/>pay for<Node id="3442"/> <Node id="3443"/>other programs<Node id="3457"/>.  <Node id="3460"/>Because of this, CMS economists caution that <Node id="3505"/>the bill<Node id="3513"/> could <Node id="3520"/>jeopardize<Node id="3530"/> <Node id="3531"/>seniors' access to care<Node id="3554"/>.  <Node id="3557"/>For example, CMS predicts that at least 1.2 million seniors will lose their Medicare Advantage plan and 9 out of 10 seniors will lose their employer-sponsored retiree Medicare drug coverage<Node id="3746"/>. &#xd;
<Node id="3750"/>&#xd;
<Node id="3752"/>Individual Mandate&#xd;<Node id="3771"/>
<Node id="3772"/>&#xd;
<Node id="3774"/>The centerpiece of the new health care law is a provision requiring Americans to purchase a health insurance plan deemed acceptable by the federal government<Node id="3931"/>.   <Node id="3935"/>Twenty-six states<Node id="3952"/> have filed suit to <Node id="3972"/>overturn<Node id="3980"/> <Node id="3981"/>this provision<Node id="3995"/>, and ultimately the Supreme Court will decide if it is constitutionally permissible for the federal government to require you to purchase something simply because you're breathing<Node id="4175"/>. &#xd;
<Node id="4179"/>&#xd;
"<Node id="4182"/>Shall"&#xd;
<Node id="4190"/>&#xd;
<Node id="4192"/>As enacted, the new law uses the word "shall" 4,231 times and creates over 150 boards, bureaucracies, and commissions to regulate health care<Node id="4333"/>.  <Node id="4336"/>In the end, <Node id="4348"/>the 997-page bill<Node id="4365"/> will be <Node id="4374"/>dwarfed<Node id="4381"/> in size by <Node id="4393"/>reams of regulations and rules issued by the bureaucracy<Node id="4449"/>.  <Node id="4452"/>All of this<Node id="4463"/> serves to <Node id="4474"/>diminish<Node id="4482"/> <Node id="4483"/>your <Node id="4488"/>control over<Node id="4500"/> your own health care<Node id="4521"/>.&#xd;
<Node id="4524"/>&#xd;
<Node id="4526"/>Repeal Means Reform&#xd;<Node id="4546"/>
<Node id="4547"/>&#xd;
<Node id="4549"/>Rather than <Node id="4561"/>reforming<Node id="4570"/> <Node id="4571"/>health care<Node id="4582"/>, <Node id="4584"/>the new law<Node id="4595"/> simply <Node id="4603"/>doubles down on<Node id="4618"/> <Node id="4619"/>what<Node id="4623"/> is <Node id="4627"/>driving up<Node id="4637"/> <Node id="4638"/>health care costs<Node id="4655"/>.  <Node id="4658"/>The key to <Node id="4669"/>lowering<Node id="4677"/> <Node id="4678"/>health care costs<Node id="4695"/> is <Node id="4699"/>giving patients more control over health care decision-making<Node id="4760"/>.  <Node id="4763"/>By definition, <Node id="4778"/>a law<Node id="4783"/> that <Node id="4789"/>creates<Node id="4796"/> <Node id="4797"/>over 150 boards, bureaucracies, and commissions<Node id="4844"/> does <Node id="4850"/>not<Node id="4853"/> <Node id="4854"/>empower<Node id="4861"/> <Node id="4862"/>patients<Node id="4870"/>.  <Node id="4873"/>Repealing<Node id="4882"/> <Node id="4883"/>this law<Node id="4891"/> is the first step to <Node id="4913"/>enacting<Node id="4921"/> <Node id="4922"/>real health care reform<Node id="4945"/> that <Node id="4951"/>lowers<Node id="4957"/> <Node id="4958"/>costs<Node id="4963"/> and <Node id="4968"/>expands<Node id="4975"/> <Node id="4976"/>access to quality health care for all Americans<Node id="5023"/>.&#xd;
Tagged with: Bill Cassidy    Government    National    Obamacare&#xd;
<Node id="5092"/>&#xd;
    <Node id="5098"/>Disqus&#xd;
<Node id="5106"/>&#xd;
    <Node id="5112"/>Like&#xd;
    Dislike&#xd;
        5 people liked this.&#xd;
<Node id="5161"/>&#xd;
<Node id="5163"/></TextWithNodes>
<!-- The default annotation set -->

<AnnotationSet>
<Annotation Id="27" Type="arg" StartNode="0" EndNode="40">
<Feature>
  <Name className="java.lang.String">type</Name>
  <Value className="java.lang.String">label</Value>
</Feature>
<Feature>
  <Name className="java.lang.String">ss-label</Name>
  <Value className="java.lang.String">bill_should_be_defunded/not_passed</Value>
</Feature>
<Feature>
  <Name className="java.lang.String">polarity</Name>
  <Value className="java.lang.String">positive</Value>
</Feature>
</Annotation>
<Annotation Id="26" Type="doc" StartNode="0" EndNode="5163">
<Feature>
  <Name className="java.lang.String">id</Name>
  <Value className="java.lang.String">hc081</Value>
</Feature>
<Feature>
  <Name className="java.lang.String">author</Name>
  <Value className="java.lang.String">william,cassidy</Value>
</Feature>
<Feature>
  <Name className="java.lang.String">date</Name>
  <Value className="java.lang.String">20110119</Value>
</Feature>
<Feature>
  <Name className="java.lang.String">source</Name>
  <Value className="java.lang.String">hayride</Value>
</Feature>
<Feature>
  <Name className="java.lang.String">side</Name>
  <Value className="java.lang.String">anti</Value>
</Feature>
<Feature>
  <Name className="java.lang.String">url</Name>
  <Value className="java.lang.String">http://www.thehayride.com/2011/01/ten-good-reasons-for-an-obamacare-repeal/</Value>
</Feature>
</Annotation>
<Annotation Id="28" Type="arg" StartNode="308" EndNode="458">
<Feature>
  <Name className="java.lang.String">ss-label</Name>
  <Value className="java.lang.String">should_be_repealed</Value>
</Feature>
<Feature>
  <Name className="java.lang.String">unclear</Name>
  <Value className="java.lang.String">true</Value>
</Feature>
<Feature>
  <Name className="java.lang.String">type</Name>
  <Value className="java.lang.String">label</Value>
</Feature>
<Feature>
  <Name className="java.lang.String">polarity</Name>
  <Value className="java.lang.String">negative</Value>
</Feature>
<Feature>
  <Name className="java.lang.String">incomplete</Name>
  <Value className="java.lang.String">true</Value>
</Feature>
</Annotation>
<Annotation Id="34" Type="arg" StartNode="608" EndNode="798">
<Feature>
  <Name className="java.lang.String">type</Name>
  <Value className="java.lang.String">label</Value>
</Feature>
<Feature>
  <Name className="java.lang.String">ss-label</Name>
  <Value className="java.lang.String">causes_unemployment</Value>
</Feature>
<Feature>
  <Name className="java.lang.String">polarity</Name>
  <Value className="java.lang.String">negative</Value>
</Feature>
</Annotation>
<Annotation Id="35" Type="arg" StartNode="801" EndNode="1015">
<Feature>
  <Name className="java.lang.String">ss-label</Name>
  <Value className="java.lang.String">causes_unemployment</Value>
</Feature>
<Feature>
  <Name className="java.lang.String">unclear</Name>
  <Value className="java.lang.String">true</Value>
</Feature>
<Feature>
  <Name className="java.lang.String">type</Name>
  <Value className="java.lang.String">label</Value>
</Feature>
<Feature>
  <Name className="java.lang.String">polarity</Name>
  <Value className="java.lang.String">negative</Value>
</Feature>
</Annotation>
<Annotation Id="33" Type="arg" StartNode="520" EndNode="605">
<Feature>
  <Name className="java.lang.String">type</Name>
  <Value className="java.lang.String">label</Value>
</Feature>
<Feature>
  <Name className="java.lang.String">ss-label</Name>
  <Value className="java.lang.String">causes_unemployment</Value>
</Feature>
<Feature>
  <Name className="java.lang.String">polarity</Name>
  <Value className="java.lang.String">negative</Value>
</Feature>
</Annotation>
<Annotation Id="38" Type="arg" StartNode="1349" EndNode="1513">
<Feature>
  <Name className="java.lang.String">type</Name>
  <Value className="java.lang.String">label</Value>
</Feature>
<Feature>
  <Name className="java.lang.String">ss-label</Name>
  <Value className="java.lang.String">will_cost_more_than_anticipated</Value>
</Feature>
<Feature>
  <Name className="java.lang.String">polarity</Name>
  <Value className="java.lang.String">negative</Value>
</Feature>
</Annotation>
<Annotation Id="39" Type="rel" StartNode="1516" EndNode="1785">
<Feature>
  <Name className="java.lang.String">type</Name>
  <Value className="java.lang.String">label</Value>
</Feature>
<Feature>
  <Name className="java.lang.String">ss-label</Name>
  <Value className="java.lang.String">will_cost_more_than_anticipated</Value>
</Feature>
</Annotation>
<Annotation Id="36" Type="arg" StartNode="1118" EndNode="1222">
<Feature>
  <Name className="java.lang.String">type</Name>
  <Value className="java.lang.String">label</Value>
</Feature>
<Feature>
  <Name className="java.lang.String">ss-label</Name>
  <Value className="java.lang.String">hurts_economy</Value>
</Feature>
<Feature>
  <Name className="java.lang.String">polarity</Name>
  <Value className="java.lang.String">negative</Value>
</Feature>
</Annotation>
<Annotation Id="37" Type="arg" StartNode="1224" EndNode="1325">
<Feature>
  <Name className="java.lang.String">type</Name>
  <Value className="java.lang.String">label</Value>
</Feature>
<Feature>
  <Name className="java.lang.String">ss-label</Name>
  <Value className="java.lang.String">makes_healthcare_costs_grow_faster</Value>
</Feature>
<Feature>
  <Name className="java.lang.String">polarity</Name>
  <Value className="java.lang.String">negative</Value>
</Feature>
</Annotation>
<Annotation Id="42" Type="arg" StartNode="2880" EndNode="3017">
<Feature>
  <Name className="java.lang.String">type</Name>
  <Value className="java.lang.String">label</Value>
</Feature>
<Feature>
  <Name className="java.lang.String">ss-label</Name>
  <Value className="java.lang.String">existing_plans_will_be_eliminated/cancelled</Value>
</Feature>
<Feature>
  <Name className="java.lang.String">polarity</Name>
  <Value className="java.lang.String">negative</Value>
</Feature>
</Annotation>
<Annotation Id="43" Type="rel" StartNode="3020" EndNode="3155">
<Feature>
  <Name className="java.lang.String">type</Name>
  <Value className="java.lang.String">label</Value>
</Feature>
<Feature>
  <Name className="java.lang.String">ss-label</Name>
  <Value className="java.lang.String">existing_plans_will_be_eliminated/cancelled</Value>
</Feature>
</Annotation>
<Annotation Id="40" Type="arg" StartNode="2033" EndNode="2257">
<Feature>
  <Name className="java.lang.String">ss-label</Name>
  <Value className="java.lang.String">individuals_will_pay_more</Value>
</Feature>
<Feature>
  <Name className="java.lang.String">unclear</Name>
  <Value className="java.lang.String">true</Value>
</Feature>
<Feature>
  <Name className="java.lang.String">type</Name>
  <Value className="java.lang.String">label</Value>
</Feature>
<Feature>
  <Name className="java.lang.String">polarity</Name>
  <Value className="java.lang.String">negative</Value>
</Feature>
</Annotation>
<Annotation Id="41" Type="arg" StartNode="2458" EndNode="2660">
<Feature>
  <Name className="java.lang.String">unclear</Name>
  <Value className="java.lang.String">true</Value>
</Feature>
<Feature>
  <Name className="java.lang.String">ss-label</Name>
  <Value className="java.lang.String">spends_too_much_on_medicaid</Value>
</Feature>
<Feature>
  <Name className="java.lang.String">type</Name>
  <Value className="java.lang.String">label</Value>
</Feature>
<Feature>
  <Name className="java.lang.String">polarity</Name>
  <Value className="java.lang.String">negative</Value>
</Feature>
</Annotation>
<Annotation Id="45" Type="arg" StartNode="3331" EndNode="3457">
<Feature>
  <Name className="java.lang.String">type</Name>
  <Value className="java.lang.String">label</Value>
</Feature>
<Feature>
  <Name className="java.lang.String">ss-label</Name>
  <Value className="java.lang.String">cuts_medicare</Value>
</Feature>
<Feature>
  <Name className="java.lang.String">polarity</Name>
  <Value className="java.lang.String">negative</Value>
</Feature>
</Annotation>
<Annotation Id="51" Type="arg" StartNode="4549" EndNode="4655">
<Feature>
  <Name className="java.lang.String">prospect</Name>
  <Value className="java.lang.String"></Value>
</Feature>
<Feature>
  <Name className="java.lang.String">ss-label</Name>
  <Value className="java.lang.String">makes_healthcare_costs_grow_faster</Value>
</Feature>
<Feature>
  <Name className="java.lang.String">type</Name>
  <Value className="java.lang.String">label</Value>
</Feature>
<Feature>
  <Name className="java.lang.String">polarity</Name>
  <Value className="java.lang.String">negative</Value>
</Feature>
</Annotation>
<Annotation Id="50" Type="arg" StartNode="4452" EndNode="4521">
<Feature>
  <Name className="java.lang.String">prospect</Name>
  <Value className="java.lang.String"></Value>
</Feature>
<Feature>
  <Name className="java.lang.String">ss-label</Name>
  <Value className="java.lang.String">increases_govt_interference_in_healthcare_decisions</Value>
</Feature>
<Feature>
  <Name className="java.lang.String">type</Name>
  <Value className="java.lang.String">label</Value>
</Feature>
<Feature>
  <Name className="java.lang.String">polarity</Name>
  <Value className="java.lang.String">negative</Value>
</Feature>
</Annotation>
<Annotation Id="48" Type="arg" StartNode="4336" EndNode="4449">
<Feature>
  <Name className="java.lang.String">type</Name>
  <Value className="java.lang.String">label</Value>
</Feature>
<Feature>
  <Name className="java.lang.String">ss-label</Name>
  <Value className="java.lang.String">expands_govt</Value>
</Feature>
<Feature>
  <Name className="java.lang.String">polarity</Name>
  <Value className="java.lang.String">negative</Value>
</Feature>
</Annotation>
<Annotation Id="55" Type="rel" StartNode="1788" EndNode="2004">
<Feature>
  <Name className="java.lang.String">type</Name>
  <Value className="java.lang.String">label</Value>
</Feature>
<Feature>
  <Name className="java.lang.String">ss-label</Name>
  <Value className="java.lang.String">too_expensive_for_govt</Value>
</Feature>
<Feature>
  <Name className="java.lang.String">polarity</Name>
  <Value className="java.lang.String">negative</Value>
</Feature>
</Annotation>
<Annotation Id="54" Type="rel" StartNode="1049" EndNode="1115">
<Feature>
  <Name className="java.lang.String">type</Name>
  <Value className="java.lang.String">label</Value>
</Feature>
<Feature>
  <Name className="java.lang.String">ss-label</Name>
  <Value className="java.lang.String">more_taxes</Value>
</Feature>
<Feature>
  <Name className="java.lang.String">polarity</Name>
  <Value className="java.lang.String">negative</Value>
</Feature>
</Annotation>
<Annotation Id="53" Type="rel" StartNode="1020" EndNode="1046">
<Feature>
  <Name className="java.lang.String">ss-label</Name>
  <Value className="java.lang.String">more_taxes</Value>
</Feature>
<Feature>
  <Name className="java.lang.String">type</Name>
  <Value className="java.lang.String">label</Value>
</Feature>
<Feature>
  <Name className="java.lang.String">polarity</Name>
  <Value className="java.lang.String">negative</Value>
</Feature>
<Feature>
  <Name className="java.lang.String">incomplete</Name>
  <Value className="java.lang.String">true</Value>
</Feature>
</Annotation>
<Annotation Id="52" Type="arg" StartNode="4873" EndNode="5023">
<Feature>
  <Name className="java.lang.String">prospect</Name>
  <Value className="java.lang.String"></Value>
</Feature>
<Feature>
  <Name className="java.lang.String">ss-label</Name>
  <Value className="java.lang.String">bill_should_be_defunded/not_passed</Value>
</Feature>
<Feature>
  <Name className="java.lang.String">type</Name>
  <Value className="java.lang.String">label</Value>
</Feature>
<Feature>
  <Name className="java.lang.String">polarity</Name>
  <Value className="java.lang.String">negative</Value>
</Feature>
</Annotation>
<Annotation Id="59" Type="arg" StartNode="3460" EndNode="3554">
<Feature>
  <Name className="java.lang.String">type</Name>
  <Value className="java.lang.String">label</Value>
</Feature>
<Feature>
  <Name className="java.lang.String">ss-label</Name>
  <Value className="java.lang.String">reduces_availability_of_medical_care</Value>
</Feature>
<Feature>
  <Name className="java.lang.String">polarity</Name>
  <Value className="java.lang.String">negative</Value>
</Feature>
</Annotation>
<Annotation Id="58" Type="rel" StartNode="2663" EndNode="2827">
<Feature>
  <Name className="java.lang.String">type</Name>
  <Value className="java.lang.String">label</Value>
</Feature>
<Feature>
  <Name className="java.lang.String">ss-label</Name>
  <Value className="java.lang.String">spends_too_much_on_medicaid</Value>
</Feature>
</Annotation>
<Annotation Id="57" Type="rel" StartNode="2389" EndNode="2455">
<Feature>
  <Name className="java.lang.String">type</Name>
  <Value className="java.lang.String">label</Value>
</Feature>
<Feature>
  <Name className="java.lang.String">ss-label</Name>
  <Value className="java.lang.String">spends_too_much_on_medicaid</Value>
</Feature>
</Annotation>
<Annotation Id="56" Type="arg" StartNode="2260" EndNode="2362">
<Feature>
  <Name className="java.lang.String"></Name>
  <Value className="java.lang.String">true</Value>
</Feature>
<Feature>
  <Name className="java.lang.String">ss-label</Name>
  <Value className="java.lang.String">individuals_will_pay_more</Value>
</Feature>
<Feature>
  <Name className="java.lang.String">type</Name>
  <Value className="java.lang.String">label</Value>
</Feature>
<Feature>
  <Name className="java.lang.String">polarity</Name>
  <Value className="java.lang.String">negative</Value>
</Feature>
</Annotation>
<Annotation Id="63" Type="arg" StartNode="4763" EndNode="4870">
<Feature>
  <Name className="java.lang.String">type</Name>
  <Value className="java.lang.String">label</Value>
</Feature>
<Feature>
  <Name className="java.lang.String">ss-label</Name>
  <Value className="java.lang.String">increases_govt_interference_in_healthcare_decisions</Value>
</Feature>
<Feature>
  <Name className="java.lang.String">polarity</Name>
  <Value className="java.lang.String">negative</Value>
</Feature>
</Annotation>
<Annotation Id="62" Type="arg" StartNode="4658" EndNode="4760">
<Feature>
  <Name className="java.lang.String">type</Name>
  <Value className="java.lang.String">label</Value>
</Feature>
<Feature>
  <Name className="java.lang.String">ss-label</Name>
  <Value className="java.lang.String">does_not_control_healthcare_costs</Value>
</Feature>
<Feature>
  <Name className="java.lang.String">polarity</Name>
  <Value className="java.lang.String">positive</Value>
</Feature>
</Annotation>
<Annotation Id="61" Type="rel" StartNode="4192" EndNode="4333">
<Feature>
  <Name className="java.lang.String">type</Name>
  <Value className="java.lang.String">label</Value>
</Feature>
<Feature>
  <Name className="java.lang.String">ss-label</Name>
  <Value className="java.lang.String">expands_govt</Value>
</Feature>
<Feature>
  <Name className="java.lang.String">polarity</Name>
  <Value className="java.lang.String">negative</Value>
</Feature>
</Annotation>
<Annotation Id="60" Type="rel" StartNode="3557" EndNode="3746">
<Feature>
  <Name className="java.lang.String">type</Name>
  <Value className="java.lang.String">label</Value>
</Feature>
<Feature>
  <Name className="java.lang.String">ss-label</Name>
  <Value className="java.lang.String">cuts_medicare</Value>
</Feature>
</Annotation>
<Annotation Id="68" Type="arg" StartNode="2832" EndNode="2877">
<Feature>
  <Name className="java.lang.String">type</Name>
  <Value className="java.lang.String">label</Value>
</Feature>
<Feature>
  <Name className="java.lang.String">ss-label</Name>
  <Value className="java.lang.String">existing_plans_will_be_eliminated/cancelled</Value>
</Feature>
<Feature>
  <Name className="java.lang.String">polarity</Name>
  <Value className="java.lang.String">negative</Value>
</Feature>
</Annotation>
<Annotation Id="69" Type="arg" StartNode="3160" EndNode="3200">
<Feature>
  <Name className="java.lang.String">ss-label</Name>
  <Value className="java.lang.String">cuts_medicare</Value>
</Feature>
<Feature>
  <Name className="java.lang.String">type</Name>
  <Value className="java.lang.String">label</Value>
</Feature>
<Feature>
  <Name className="java.lang.String">polarity</Name>
  <Value className="java.lang.String">negative</Value>
</Feature>
<Feature>
  <Name className="java.lang.String">incomplete</Name>
  <Value className="java.lang.String">true</Value>
</Feature>
</Annotation>
<Annotation Id="70" Type="rel" StartNode="3204" EndNode="3328">
<Feature>
  <Name className="java.lang.String">type</Name>
  <Value className="java.lang.String">label</Value>
</Feature>
<Feature>
  <Name className="java.lang.String">ss-label</Name>
  <Value className="java.lang.String">cuts_medicare</Value>
</Feature>
</Annotation>
<Annotation Id="71" Type="arg" StartNode="3935" EndNode="4175">
<Feature>
  <Name className="java.lang.String">type</Name>
  <Value className="java.lang.String">label</Value>
</Feature>
<Feature>
  <Name className="java.lang.String">ss-label</Name>
  <Value className="java.lang.String">unconstitutional</Value>
</Feature>
<Feature>
  <Name className="java.lang.String">polarity</Name>
  <Value className="java.lang.String">negative</Value>
</Feature>
</Annotation>
<Annotation Id="64" Type="arg" StartNode="503" EndNode="517">
<Feature>
  <Name className="java.lang.String">ss-label</Name>
  <Value className="java.lang.String">causes_unemployment</Value>
</Feature>
<Feature>
  <Name className="java.lang.String">unclear</Name>
  <Value className="java.lang.String">true</Value>
</Feature>
<Feature>
  <Name className="java.lang.String">type</Name>
  <Value className="java.lang.String">label</Value>
</Feature>
<Feature>
  <Name className="java.lang.String">polarity</Name>
  <Value className="java.lang.String">negative</Value>
</Feature>
<Feature>
  <Name className="java.lang.String">incomplete</Name>
  <Value className="java.lang.String">true</Value>
</Feature>
</Annotation>
<Annotation Id="65" Type="rel" StartNode="1330" EndNode="1346">
<Feature>
  <Name className="java.lang.String">type</Name>
  <Value className="java.lang.String">label</Value>
</Feature>
<Feature>
  <Name className="java.lang.String">ss-label</Name>
  <Value className="java.lang.String">too_expensive_for_govt</Value>
</Feature>
</Annotation>
<Annotation Id="66" Type="rel" StartNode="2010" EndNode="2029">
<Feature>
  <Name className="java.lang.String">type</Name>
  <Value className="java.lang.String">label</Value>
</Feature>
<Feature>
  <Name className="java.lang.String">ss-label</Name>
  <Value className="java.lang.String">does_not_control_healthcare_costs</Value>
</Feature>
</Annotation>
<Annotation Id="67" Type="rel" StartNode="2367" EndNode="2386">
<Feature>
  <Name className="java.lang.String">type</Name>
  <Value className="java.lang.String">label</Value>
</Feature>
<Feature>
  <Name className="java.lang.String">ss-label</Name>
  <Value className="java.lang.String">spends_too_much_on_medicaid</Value>
</Feature>
</Annotation>
<Annotation Id="76" Type="gfbf-agent" StartNode="367" EndNode="376">
<Feature>
  <Name className="java.lang.String">writerAtt</Name>
  <Value className="java.lang.String">negative</Value>
</Feature>
</Annotation>
<Annotation Id="77" Type="gfbf-object" StartNode="388" EndNode="396">
<Feature>
  <Name className="java.lang.String">writerAtt</Name>
  <Value className="java.lang.String">positive</Value>
</Feature>
</Annotation>
<Annotation Id="78" Type="gfbf" StartNode="398" EndNode="405">
<Feature>
  <Name className="java.lang.String">agentId</Name>
  <Value className="java.lang.String">76</Value>
</Feature>
<Feature>
  <Name className="java.lang.String">objectId</Name>
  <Value className="java.lang.String">79</Value>
</Feature>
<Feature>
  <Name className="java.lang.String">polarity</Name>
  <Value className="java.lang.String">badfor</Value>
</Feature>
</Annotation>
<Annotation Id="79" Type="gfbf-object" StartNode="406" EndNode="413">
<Feature>
  <Name className="java.lang.String">writerAtt</Name>
  <Value className="java.lang.String">positive</Value>
</Feature>
</Annotation>
<Annotation Id="72" Type="rel" StartNode="3774" EndNode="3931">
<Feature>
  <Name className="java.lang.String">type</Name>
  <Value className="java.lang.String">label</Value>
</Feature>
<Feature>
  <Name className="java.lang.String">ss-label</Name>
  <Value className="java.lang.String">mandates_purchasing_insurance</Value>
</Feature>
</Annotation>
<Annotation Id="73" Type="rel" StartNode="3752" EndNode="3771">
<Feature>
  <Name className="java.lang.String">type</Name>
  <Value className="java.lang.String">label</Value>
</Feature>
<Feature>
  <Name className="java.lang.String">ss-label</Name>
  <Value className="java.lang.String">mandates_purchasing_insurance</Value>
</Feature>
</Annotation>
<Annotation Id="74" Type="arg" StartNode="4526" EndNode="4546">
<Feature>
  <Name className="java.lang.String">ss-label</Name>
  <Value className="java.lang.String">should_be_repealed</Value>
</Feature>
<Feature>
  <Name className="java.lang.String">unclear</Name>
  <Value className="java.lang.String">true</Value>
</Feature>
<Feature>
  <Name className="java.lang.String">type</Name>
  <Value className="java.lang.String">label</Value>
</Feature>
<Feature>
  <Name className="java.lang.String">polarity</Name>
  <Value className="java.lang.String">positive</Value>
</Feature>
<Feature>
  <Name className="java.lang.String">incomplete</Name>
  <Value className="java.lang.String">true</Value>
</Feature>
</Annotation>
<Annotation Id="75" Type="gfbf" StartNode="377" EndNode="387">
<Feature>
  <Name className="java.lang.String">agentId</Name>
  <Value className="java.lang.String">76</Value>
</Feature>
<Feature>
  <Name className="java.lang.String">objectId</Name>
  <Value className="java.lang.String">77</Value>
</Feature>
<Feature>
  <Name className="java.lang.String">polarity</Name>
  <Value className="java.lang.String">badfor</Value>
</Feature>
</Annotation>
<Annotation Id="85" Type="gfbf-object" StartNode="512" EndNode="516">
<Feature>
  <Name className="java.lang.String">writerAtt</Name>
  <Value className="java.lang.String">positive</Value>
</Feature>
</Annotation>
<Annotation Id="84" Type="gfbf" StartNode="503" EndNode="511">
<Feature>
  <Name className="java.lang.String">agentId</Name>
  <Value className="java.lang.String">implicit</Value>
</Feature>
<Feature>
  <Name className="java.lang.String">objectId</Name>
  <Value className="java.lang.String">85</Value>
</Feature>
<Feature>
  <Name className="java.lang.String">polarity</Name>
  <Value className="java.lang.String">badfor</Value>
</Feature>
</Annotation>
<Annotation Id="87" Type="others" StartNode="979" EndNode="994">
<Feature>
  <Name className="java.lang.String">comment</Name>
  <Value className="java.lang.String">BadFor agent</Value>
</Feature>
</Annotation>
<Annotation Id="86" Type="others" StartNode="756" EndNode="798">
<Feature>
  <Name className="java.lang.String">comment</Name>
  <Value className="java.lang.String">put sb out of work...</Value>
</Feature>
</Annotation>
<Annotation Id="81" Type="gfbf-object" StartNode="423" EndNode="432">
<Feature>
  <Name className="java.lang.String">writerAtt</Name>
  <Value className="java.lang.String">positive</Value>
</Feature>
</Annotation>
<Annotation Id="80" Type="gfbf" StartNode="415" EndNode="422">
<Feature>
  <Name className="java.lang.String">agentId</Name>
  <Value className="java.lang.String">76</Value>
</Feature>
<Feature>
  <Name className="java.lang.String">objectId</Name>
  <Value className="java.lang.String">81</Value>
</Feature>
<Feature>
  <Name className="java.lang.String">polarity</Name>
  <Value className="java.lang.String">badfor</Value>
</Feature>
</Annotation>
<Annotation Id="83" Type="gfbf-object" StartNode="367" EndNode="376">
<Feature>
  <Name className="java.lang.String">writerAtt</Name>
  <Value className="java.lang.String">negative</Value>
</Feature>
</Annotation>
<Annotation Id="82" Type="gfbf" StartNode="450" EndNode="458">
<Feature>
  <Name className="java.lang.String">agentId</Name>
  <Value className="java.lang.String">implicit</Value>
</Feature>
<Feature>
  <Name className="java.lang.String">polarity</Name>
  <Value className="java.lang.String">badfor</Value>
</Feature>
<Feature>
  <Name className="java.lang.String">objectId</Name>
  <Value className="java.lang.String">83</Value>
</Feature>
</Annotation>
<Annotation Id="93" Type="gfbf-agent" StartNode="1224" EndNode="1228">
<Feature>
  <Name className="java.lang.String">reference</Name>
  <Value className="java.lang.String">true</Value>
</Feature>
<Feature>
  <Name className="java.lang.String">referentId</Name>
  <Value className="java.lang.String">163</Value>
</Feature>
<Feature>
  <Name className="java.lang.String">writerAtt</Name>
  <Value className="java.lang.String">negative</Value>
</Feature>
</Annotation>
<Annotation Id="92" Type="gfbf" StartNode="1234" EndNode="1242">
<Feature>
  <Name className="java.lang.String">agentId</Name>
  <Value className="java.lang.String">93</Value>
</Feature>
<Feature>
  <Name className="java.lang.String">objectId</Name>
  <Value className="java.lang.String">94</Value>
</Feature>
<Feature>
  <Name className="java.lang.String">polarity</Name>
  <Value className="java.lang.String">goodfor</Value>
</Feature>
</Annotation>
<Annotation Id="95" Type="gfbf" StartNode="1459" EndNode="1469">
<Feature>
  <Name className="java.lang.String">agentId</Name>
  <Value className="java.lang.String">97</Value>
</Feature>
<Feature>
  <Name className="java.lang.String">objectId</Name>
  <Value className="java.lang.String">96</Value>
</Feature>
<Feature>
  <Name className="java.lang.String">polarity</Name>
  <Value className="java.lang.String">badfor</Value>
</Feature>
</Annotation>
<Annotation Id="94" Type="gfbf-object" StartNode="1243" EndNode="1266">
<Feature>
  <Name className="java.lang.String">writerAtt</Name>
  <Value className="java.lang.String">negative</Value>
</Feature>
</Annotation>
<Annotation Id="89" Type="gfbf-agent" StartNode="1132" EndNode="1147">
<Feature>
  <Name className="java.lang.String">writerAtt</Name>
  <Value className="java.lang.String">negative</Value>
</Feature>
</Annotation>
<Annotation Id="88" Type="gfbf" StartNode="1148" EndNode="1157">
<Feature>
  <Name className="java.lang.String">agentId</Name>
  <Value className="java.lang.String">89</Value>
</Feature>
<Feature>
  <Name className="java.lang.String">objectId</Name>
  <Value className="java.lang.String">90</Value>
</Feature>
<Feature>
  <Name className="java.lang.String">polarity</Name>
  <Value className="java.lang.String">badfor</Value>
</Feature>
</Annotation>
<Annotation Id="91" Type="others" StartNode="1166" EndNode="1203">
<Feature>
  <Name className="java.lang.String">comment</Name>
  <Value className="java.lang.String">make it ADJ for sb...</Value>
</Feature>
</Annotation>
<Annotation Id="90" Type="gfbf-object" StartNode="1158" EndNode="1162">
<Feature>
  <Name className="java.lang.String">writerAtt</Name>
  <Value className="java.lang.String">positive</Value>
</Feature>
</Annotation>
<Annotation Id="102" Type="gfbf-agent" StartNode="2283" EndNode="2290">
<Feature>
  <Name className="java.lang.String">writerAtt</Name>
  <Value className="java.lang.String">negative</Value>
</Feature>
</Annotation>
<Annotation Id="103" Type="gfbf" StartNode="2568" EndNode="2579">
<Feature>
  <Name className="java.lang.String">agentId</Name>
  <Value className="java.lang.String">105</Value>
</Feature>
<Feature>
  <Name className="java.lang.String">objectId</Name>
  <Value className="java.lang.String">104</Value>
</Feature>
<Feature>
  <Name className="java.lang.String">polarity</Name>
  <Value className="java.lang.String">badfor</Value>
</Feature>
</Annotation>
<Annotation Id="100" Type="gfbf" StartNode="2296" EndNode="2304">
<Feature>
  <Name className="java.lang.String">agentId</Name>
  <Value className="java.lang.String">102</Value>
</Feature>
<Feature>
  <Name className="java.lang.String">objectId</Name>
  <Value className="java.lang.String">101</Value>
</Feature>
<Feature>
  <Name className="java.lang.String">polarity</Name>
  <Value className="java.lang.String">goodfor</Value>
</Feature>
</Annotation>
<Annotation Id="101" Type="gfbf-object" StartNode="2305" EndNode="2349">
<Feature>
  <Name className="java.lang.String">writerAtt</Name>
  <Value className="java.lang.String">negative</Value>
</Feature>
</Annotation>
<Annotation Id="98" Type="influencer" StartNode="1441" EndNode="1458">
<Feature>
  <Name className="java.lang.String">effect</Name>
  <Value className="java.lang.String">reverse</Value>
</Feature>
<Feature>
  <Name className="java.lang.String">agentId</Name>
  <Value className="java.lang.String">97</Value>
</Feature>
<Feature>
  <Name className="java.lang.String">objectId</Name>
  <Value className="java.lang.String">95</Value>
</Feature>
</Annotation>
<Annotation Id="99" Type="others" StartNode="2194" EndNode="2202">
<Feature>
  <Name className="java.lang.String">comment</Name>
  <Value className="java.lang.String">GoodFor agent</Value>
</Feature>
</Annotation>
<Annotation Id="96" Type="gfbf-object" StartNode="1470" EndNode="1486">
<Feature>
  <Name className="java.lang.String">writerAtt</Name>
  <Value className="java.lang.String">negative</Value>
</Feature>
</Annotation>
<Annotation Id="97" Type="gfbf-agent" StartNode="1438" EndNode="1440">
<Feature>
  <Name className="java.lang.String">reference</Name>
  <Value className="java.lang.String">true</Value>
</Feature>
<Feature>
  <Name className="java.lang.String">referentId</Name>
  <Value className="java.lang.String">161</Value>
</Feature>
<Feature>
  <Name className="java.lang.String">writerAtt</Name>
  <Value className="java.lang.String">negative</Value>
</Feature>
</Annotation>
<Annotation Id="110" Type="gfbf-object" StartNode="3170" EndNode="3200">
<Feature>
  <Name className="java.lang.String">writerAtt</Name>
  <Value className="java.lang.String">positive</Value>
</Feature>
</Annotation>
<Annotation Id="111" Type="gfbf" StartNode="3343" EndNode="3356">
<Feature>
  <Name className="java.lang.String">agentId</Name>
  <Value className="java.lang.String">116</Value>
</Feature>
<Feature>
  <Name className="java.lang.String">objectId</Name>
  <Value className="java.lang.String">112</Value>
</Feature>
<Feature>
  <Name className="java.lang.String">polarity</Name>
  <Value className="java.lang.String">goodfor</Value>
</Feature>
</Annotation>
<Annotation Id="108" Type="others" StartNode="2952" EndNode="2956">
<Feature>
  <Name className="java.lang.String">comment</Name>
  <Value className="java.lang.String">property...</Value>
</Feature>
</Annotation>
<Annotation Id="109" Type="gfbf" StartNode="3160" EndNode="3169">
<Feature>
  <Name className="java.lang.String">agentId</Name>
  <Value className="java.lang.String">implicit</Value>
</Feature>
<Feature>
  <Name className="java.lang.String">objectId</Name>
  <Value className="java.lang.String">110</Value>
</Feature>
<Feature>
  <Name className="java.lang.String">polarity</Name>
  <Value className="java.lang.String">badfor</Value>
</Feature>
</Annotation>
<Annotation Id="106" Type="others" StartNode="2598" EndNode="2606">
<Feature>
  <Name className="java.lang.String">comment</Name>
  <Value className="java.lang.String">provide</Value>
</Feature>
</Annotation>
<Annotation Id="107" Type="others" StartNode="2508" EndNode="2512">
<Feature>
  <Name className="java.lang.String">comment</Name>
  <Value className="java.lang.String">give</Value>
</Feature>
</Annotation>
<Annotation Id="104" Type="gfbf-object" StartNode="2580" EndNode="2586">
<Feature>
  <Name className="java.lang.String">writerAtt</Name>
  <Value className="java.lang.String">positive</Value>
</Feature>
</Annotation>
<Annotation Id="105" Type="gfbf-agent" StartNode="2458" EndNode="2466">
<Feature>
  <Name className="java.lang.String">writerAtt</Name>
  <Value className="java.lang.String">negative</Value>
</Feature>
</Annotation>
<Annotation Id="119" Type="gfbf-agent" StartNode="3505" EndNode="3513">
<Feature>
  <Name className="java.lang.String">writerAtt</Name>
  <Value className="java.lang.String">negative</Value>
</Feature>
</Annotation>
<Annotation Id="118" Type="gfbf-object" StartNode="3443" EndNode="3457">
<Feature>
  <Name className="java.lang.String">writerAtt</Name>
  <Value className="java.lang.String">negative</Value>
</Feature>
</Annotation>
<Annotation Id="117" Type="gfbf" StartNode="3435" EndNode="3442">
<Feature>
  <Name className="java.lang.String">agentId</Name>
  <Value className="java.lang.String">116</Value>
</Feature>
<Feature>
  <Name className="java.lang.String">objectId</Name>
  <Value className="java.lang.String">118</Value>
</Feature>
<Feature>
  <Name className="java.lang.String">polarity</Name>
  <Value className="java.lang.String">goodfor</Value>
</Feature>
</Annotation>
<Annotation Id="116" Type="gfbf-agent" StartNode="3390" EndNode="3401">
<Feature>
  <Name className="java.lang.String">writerAtt</Name>
  <Value className="java.lang.String">negative</Value>
</Feature>
</Annotation>
<Annotation Id="115" Type="gfbf-object" StartNode="3407" EndNode="3415">
<Feature>
  <Name className="java.lang.String">writerAtt</Name>
  <Value className="java.lang.String">positive</Value>
</Feature>
</Annotation>
<Annotation Id="114" Type="gfbf" StartNode="3402" EndNode="3406">
<Feature>
  <Name className="java.lang.String">agentId</Name>
  <Value className="java.lang.String">116</Value>
</Feature>
<Feature>
  <Name className="java.lang.String">objectId</Name>
  <Value className="java.lang.String">115</Value>
</Feature>
<Feature>
  <Name className="java.lang.String">polarity</Name>
  <Value className="java.lang.String">badfor</Value>
</Feature>
</Annotation>
<Annotation Id="113" Type="influencer" StartNode="3331" EndNode="3342">
<Feature>
  <Name className="java.lang.String">effect</Name>
  <Value className="java.lang.String">reverse</Value>
</Feature>
<Feature>
  <Name className="java.lang.String">agentId</Name>
  <Value className="java.lang.String">116</Value>
</Feature>
<Feature>
  <Name className="java.lang.String">objectId</Name>
  <Value className="java.lang.String">111</Value>
</Feature>
</Annotation>
<Annotation Id="112" Type="gfbf-object" StartNode="3357" EndNode="3365">
<Feature>
  <Name className="java.lang.String">writerAtt</Name>
  <Value className="java.lang.String">positive</Value>
</Feature>
</Annotation>
<Annotation Id="127" Type="gfbf-agent" StartNode="4393" EndNode="4449">
<Feature>
  <Name className="java.lang.String">writerAtt</Name>
  <Value className="java.lang.String">negative</Value>
</Feature>
</Annotation>
<Annotation Id="126" Type="gfbf-object" StartNode="4348" EndNode="4365">
<Feature>
  <Name className="java.lang.String">writerAtt</Name>
  <Value className="java.lang.String">negative</Value>
</Feature>
</Annotation>
<Annotation Id="125" Type="gfbf" StartNode="4374" EndNode="4381">
<Feature>
  <Name className="java.lang.String">agentId</Name>
  <Value className="java.lang.String">127</Value>
</Feature>
<Feature>
  <Name className="java.lang.String">objectId</Name>
  <Value className="java.lang.String">126</Value>
</Feature>
<Feature>
  <Name className="java.lang.String">polarity</Name>
  <Value className="java.lang.String">badfor</Value>
</Feature>
</Annotation>
<Annotation Id="124" Type="gfbf-agent" StartNode="3935" EndNode="3952">
<Feature>
  <Name className="java.lang.String">writerAtt</Name>
  <Value className="java.lang.String">positive</Value>
</Feature>
</Annotation>
<Annotation Id="123" Type="gfbf-object" StartNode="3981" EndNode="3995">
<Feature>
  <Name className="java.lang.String">writerAtt</Name>
  <Value className="java.lang.String">negative</Value>
</Feature>
</Annotation>
<Annotation Id="122" Type="gfbf" StartNode="3972" EndNode="3980">
<Feature>
  <Name className="java.lang.String">agentId</Name>
  <Value className="java.lang.String">124</Value>
</Feature>
<Feature>
  <Name className="java.lang.String">objectId</Name>
  <Value className="java.lang.String">123</Value>
</Feature>
<Feature>
  <Name className="java.lang.String">polarity</Name>
  <Value className="java.lang.String">badfor</Value>
</Feature>
</Annotation>
<Annotation Id="121" Type="gfbf-object" StartNode="3531" EndNode="3554">
<Feature>
  <Name className="java.lang.String">writerAtt</Name>
  <Value className="java.lang.String">positive</Value>
</Feature>
</Annotation>
<Annotation Id="120" Type="gfbf" StartNode="3520" EndNode="3530">
<Feature>
  <Name className="java.lang.String">agentId</Name>
  <Value className="java.lang.String">119</Value>
</Feature>
<Feature>
  <Name className="java.lang.String">objectId</Name>
  <Value className="java.lang.String">121</Value>
</Feature>
<Feature>
  <Name className="java.lang.String">polarity</Name>
  <Value className="java.lang.String">badfor</Value>
</Feature>
</Annotation>
<Annotation Id="137" Type="gfbf-agent" StartNode="4619" EndNode="4623">
<Feature>
  <Name className="java.lang.String">writerAtt</Name>
  <Value className="java.lang.String">negative</Value>
</Feature>
</Annotation>
<Annotation Id="136" Type="gfbf-object" StartNode="4619" EndNode="4655">
<Feature>
  <Name className="java.lang.String">writerAtt</Name>
  <Value className="java.lang.String">negative</Value>
</Feature>
</Annotation>
<Annotation Id="139" Type="gfbf-object" StartNode="4638" EndNode="4655">
<Feature>
  <Name className="java.lang.String">writerAtt</Name>
  <Value className="java.lang.String">negative</Value>
</Feature>
</Annotation>
<Annotation Id="138" Type="gfbf" StartNode="4627" EndNode="4637">
<Feature>
  <Name className="java.lang.String">agentId</Name>
  <Value className="java.lang.String">137</Value>
</Feature>
<Feature>
  <Name className="java.lang.String">objectId</Name>
  <Value className="java.lang.String">139</Value>
</Feature>
<Feature>
  <Name className="java.lang.String">polarity</Name>
  <Value className="java.lang.String">goodfor</Value>
</Feature>
</Annotation>
<Annotation Id="141" Type="gfbf-object" StartNode="4678" EndNode="4695">
<Feature>
  <Name className="java.lang.String">writerAtt</Name>
  <Value className="java.lang.String">negative</Value>
</Feature>
</Annotation>
<Annotation Id="140" Type="gfbf" StartNode="4669" EndNode="4677">
<Feature>
  <Name className="java.lang.String">agentId</Name>
  <Value className="java.lang.String">142</Value>
</Feature>
<Feature>
  <Name className="java.lang.String">objectId</Name>
  <Value className="java.lang.String">141</Value>
</Feature>
<Feature>
  <Name className="java.lang.String">polarity</Name>
  <Value className="java.lang.String">badfor</Value>
</Feature>
</Annotation>
<Annotation Id="143" Type="gfbf" StartNode="4789" EndNode="4796">
<Feature>
  <Name className="java.lang.String">agentId</Name>
  <Value className="java.lang.String">150</Value>
</Feature>
<Feature>
  <Name className="java.lang.String">objectId</Name>
  <Value className="java.lang.String">144</Value>
</Feature>
<Feature>
  <Name className="java.lang.String">polarity</Name>
  <Value className="java.lang.String">goodfor</Value>
</Feature>
</Annotation>
<Annotation Id="142" Type="gfbf-agent" StartNode="4699" EndNode="4760">
<Feature>
  <Name className="java.lang.String">writerAtt</Name>
  <Value className="java.lang.String">positive</Value>
</Feature>
</Annotation>
<Annotation Id="129" Type="gfbf-object" StartNode="4483" EndNode="4521">
<Feature>
  <Name className="java.lang.String">writerAtt</Name>
  <Value className="java.lang.String">positive</Value>
</Feature>
</Annotation>
<Annotation Id="128" Type="gfbf" StartNode="4474" EndNode="4482">
<Feature>
  <Name className="java.lang.String">agentId</Name>
  <Value className="java.lang.String">130</Value>
</Feature>
<Feature>
  <Name className="java.lang.String">objectId</Name>
  <Value className="java.lang.String">129</Value>
</Feature>
<Feature>
  <Name className="java.lang.String">polarity</Name>
  <Value className="java.lang.String">badfor</Value>
</Feature>
</Annotation>
<Annotation Id="131" Type="others" StartNode="4488" EndNode="4500">
<Feature>
  <Name className="java.lang.String">comment</Name>
  <Value className="java.lang.String">control over here is positive?</Value>
</Feature>
</Annotation>
<Annotation Id="130" Type="gfbf-agent" StartNode="4452" EndNode="4463">
<Feature>
  <Name className="java.lang.String">reference</Name>
  <Value className="java.lang.String">true</Value>
</Feature>
<Feature>
  <Name className="java.lang.String">referentId</Name>
  <Value className="java.lang.String">164</Value>
</Feature>
<Feature>
  <Name className="java.lang.String">writerAtt</Name>
  <Value className="java.lang.String">negative</Value>
</Feature>
</Annotation>
<Annotation Id="133" Type="gfbf-object" StartNode="4571" EndNode="4582">
<Feature>
  <Name className="java.lang.String">writerAtt</Name>
  <Value className="java.lang.String">negative</Value>
</Feature>
</Annotation>
<Annotation Id="132" Type="gfbf" StartNode="4561" EndNode="4570">
<Feature>
  <Name className="java.lang.String">agentId</Name>
  <Value className="java.lang.String">134</Value>
</Feature>
<Feature>
  <Name className="java.lang.String">objectId</Name>
  <Value className="java.lang.String">133</Value>
</Feature>
<Feature>
  <Name className="java.lang.String">polarity</Name>
  <Value className="java.lang.String">goodfor</Value>
</Feature>
</Annotation>
<Annotation Id="135" Type="gfbf" StartNode="4603" EndNode="4618">
<Feature>
  <Name className="java.lang.String">agentId</Name>
  <Value className="java.lang.String">134</Value>
</Feature>
<Feature>
  <Name className="java.lang.String">objectId</Name>
  <Value className="java.lang.String">136</Value>
</Feature>
<Feature>
  <Name className="java.lang.String">polarity</Name>
  <Value className="java.lang.String">badfor</Value>
</Feature>
</Annotation>
<Annotation Id="134" Type="gfbf-agent" StartNode="4584" EndNode="4595">
<Feature>
  <Name className="java.lang.String">writerAtt</Name>
  <Value className="java.lang.String">negative</Value>
</Feature>
</Annotation>
<Annotation Id="152" Type="gfbf-object" StartNode="4883" EndNode="4891">
<Feature>
  <Name className="java.lang.String">writerAtt</Name>
  <Value className="java.lang.String">negative</Value>
</Feature>
</Annotation>
<Annotation Id="153" Type="gfbf" StartNode="4913" EndNode="4921">
<Feature>
  <Name className="java.lang.String">agentId</Name>
  <Value className="java.lang.String">155</Value>
</Feature>
<Feature>
  <Name className="java.lang.String">objectId</Name>
  <Value className="java.lang.String">154</Value>
</Feature>
<Feature>
  <Name className="java.lang.String">polarity</Name>
  <Value className="java.lang.String">goodfor</Value>
</Feature>
</Annotation>
<Annotation Id="154" Type="gfbf-object" StartNode="4922" EndNode="5023">
<Feature>
  <Name className="java.lang.String">writerAtt</Name>
  <Value className="java.lang.String">positive</Value>
</Feature>
</Annotation>
<Annotation Id="155" Type="gfbf-agent" StartNode="4873" EndNode="4891">
<Feature>
  <Name className="java.lang.String">writerAtt</Name>
  <Value className="java.lang.String">positive</Value>
</Feature>
</Annotation>
<Annotation Id="156" Type="gfbf" StartNode="4951" EndNode="4957">
<Feature>
  <Name className="java.lang.String">agentId</Name>
  <Value className="java.lang.String">160</Value>
</Feature>
<Feature>
  <Name className="java.lang.String">objectId</Name>
  <Value className="java.lang.String">157</Value>
</Feature>
<Feature>
  <Name className="java.lang.String">polarity</Name>
  <Value className="java.lang.String">badfor</Value>
</Feature>
</Annotation>
<Annotation Id="157" Type="gfbf-object" StartNode="4958" EndNode="4963">
<Feature>
  <Name className="java.lang.String">writerAtt</Name>
  <Value className="java.lang.String">negative</Value>
</Feature>
</Annotation>
<Annotation Id="158" Type="gfbf" StartNode="4968" EndNode="4975">
<Feature>
  <Name className="java.lang.String">agentId</Name>
  <Value className="java.lang.String">160</Value>
</Feature>
<Feature>
  <Name className="java.lang.String">objectId</Name>
  <Value className="java.lang.String">159</Value>
</Feature>
<Feature>
  <Name className="java.lang.String">polarity</Name>
  <Value className="java.lang.String">goodfor</Value>
</Feature>
</Annotation>
<Annotation Id="159" Type="gfbf-object" StartNode="4976" EndNode="5023">
<Feature>
  <Name className="java.lang.String">writerAtt</Name>
  <Value className="java.lang.String">positive</Value>
</Feature>
</Annotation>
<Annotation Id="144" Type="gfbf-object" StartNode="4797" EndNode="4844">
<Feature>
  <Name className="java.lang.String">writerAtt</Name>
  <Value className="java.lang.String">negative</Value>
</Feature>
</Annotation>
<Annotation Id="145" Type="gfbf" StartNode="4854" EndNode="4861">
<Feature>
  <Name className="java.lang.String">agentId</Name>
  <Value className="java.lang.String">148</Value>
</Feature>
<Feature>
  <Name className="java.lang.String">objectId</Name>
  <Value className="java.lang.String">146</Value>
</Feature>
<Feature>
  <Name className="java.lang.String">polarity</Name>
  <Value className="java.lang.String">goodfor</Value>
</Feature>
</Annotation>
<Annotation Id="146" Type="gfbf-object" StartNode="4862" EndNode="4870">
<Feature>
  <Name className="java.lang.String">writerAtt</Name>
  <Value className="java.lang.String">positive</Value>
</Feature>
</Annotation>
<Annotation Id="148" Type="gfbf-agent" StartNode="4778" EndNode="4844">
<Feature>
  <Name className="java.lang.String">writerAtt</Name>
  <Value className="java.lang.String">negative</Value>
</Feature>
</Annotation>
<Annotation Id="149" Type="influencer" StartNode="4850" EndNode="4853">
<Feature>
  <Name className="java.lang.String">effect</Name>
  <Value className="java.lang.String">reverse</Value>
</Feature>
<Feature>
  <Name className="java.lang.String">agentId</Name>
  <Value className="java.lang.String">148</Value>
</Feature>
<Feature>
  <Name className="java.lang.String">objectId</Name>
  <Value className="java.lang.String">145</Value>
</Feature>
</Annotation>
<Annotation Id="150" Type="gfbf-agent" StartNode="4778" EndNode="4783">
<Feature>
  <Name className="java.lang.String">writerAtt</Name>
  <Value className="java.lang.String">negative</Value>
</Feature>
</Annotation>
<Annotation Id="151" Type="gfbf" StartNode="4873" EndNode="4882">
<Feature>
  <Name className="java.lang.String">agentId</Name>
  <Value className="java.lang.String">implicit</Value>
</Feature>
<Feature>
  <Name className="java.lang.String">objectId</Name>
  <Value className="java.lang.String">152</Value>
</Feature>
<Feature>
  <Name className="java.lang.String">polarity</Name>
  <Value className="java.lang.String">badfor</Value>
</Feature>
</Annotation>
<Annotation Id="168" Type="gfbf-object" StartNode="1694" EndNode="1785">
<Feature>
  <Name className="java.lang.String">writerAtt</Name>
  <Value className="java.lang.String">positive</Value>
</Feature>
</Annotation>
<Annotation Id="163" Type="referent" StartNode="1132" EndNode="1147">
<Feature>
  <Name className="java.lang.String">writerAtt</Name>
  <Value className="java.lang.String">negative</Value>
</Feature>
</Annotation>
<Annotation Id="161" Type="referent" StartNode="1387" EndNode="1394">
<Feature>
  <Name className="java.lang.String">writerAtt</Name>
  <Value className="java.lang.String">negative</Value>
</Feature>
</Annotation>
<Annotation Id="160" Type="gfbf-agent" StartNode="4922" EndNode="4945">
<Feature>
  <Name className="java.lang.String">writerAtt</Name>
  <Value className="java.lang.String">positive</Value>
</Feature>
</Annotation>
<Annotation Id="167" Type="gfbf" StartNode="1686" EndNode="1693">
<Feature>
  <Name className="java.lang.String">agentId</Name>
  <Value className="java.lang.String">165</Value>
</Feature>
<Feature>
  <Name className="java.lang.String">polarity</Name>
  <Value className="java.lang.String">badfor</Value>
</Feature>
<Feature>
  <Name className="java.lang.String">objectId</Name>
  <Value className="java.lang.String">168</Value>
</Feature>
</Annotation>
<Annotation Id="165" Type="gfbf-agent" StartNode="1529" EndNode="1538">
<Feature>
  <Name className="java.lang.String">writerAtt</Name>
  <Value className="java.lang.String">negative</Value>
</Feature>
</Annotation>
<Annotation Id="164" Type="referent" StartNode="4348" EndNode="4365">
<Feature>
  <Name className="java.lang.String">writerAtt</Name>
  <Value className="java.lang.String">negative</Value>
</Feature>
</Annotation>
</AnnotationSet>

<!-- Named annotation set -->

<AnnotationSet Name="Original markups">
<Annotation Id="0" Type="paragraph" StartNode="0" EndNode="186">
</Annotation>
<Annotation Id="1" Type="paragraph" StartNode="188" EndNode="306">
</Annotation>
<Annotation Id="2" Type="paragraph" StartNode="308" EndNode="462">
</Annotation>
<Annotation Id="3" Type="paragraph" StartNode="464" EndNode="501">
</Annotation>
<Annotation Id="4" Type="paragraph" StartNode="503" EndNode="518">
</Annotation>
<Annotation Id="5" Type="paragraph" StartNode="520" EndNode="1018">
</Annotation>
<Annotation Id="6" Type="paragraph" StartNode="1020" EndNode="1047">
</Annotation>
<Annotation Id="7" Type="paragraph" StartNode="1049" EndNode="1328">
</Annotation>
<Annotation Id="8" Type="paragraph" StartNode="1330" EndNode="1347">
</Annotation>
<Annotation Id="9" Type="paragraph" StartNode="1349" EndNode="2008">
</Annotation>
<Annotation Id="10" Type="paragraph" StartNode="2010" EndNode="2031">
</Annotation>
<Annotation Id="11" Type="paragraph" StartNode="2033" EndNode="2365">
</Annotation>
<Annotation Id="12" Type="paragraph" StartNode="2367" EndNode="2387">
</Annotation>
<Annotation Id="13" Type="paragraph" StartNode="2389" EndNode="2830">
</Annotation>
<Annotation Id="14" Type="paragraph" StartNode="2832" EndNode="2878">
</Annotation>
<Annotation Id="15" Type="paragraph" StartNode="2880" EndNode="3158">
</Annotation>
<Annotation Id="17" Type="paragraph" StartNode="3204" EndNode="3750">
</Annotation>
<Annotation Id="16" Type="paragraph" StartNode="3160" EndNode="3202">
</Annotation>
<Annotation Id="19" Type="paragraph" StartNode="3774" EndNode="4179">
</Annotation>
<Annotation Id="18" Type="paragraph" StartNode="3752" EndNode="3772">
</Annotation>
<Annotation Id="21" Type="paragraph" StartNode="4192" EndNode="4524">
</Annotation>
<Annotation Id="20" Type="paragraph" StartNode="4182" EndNode="4190">
</Annotation>
<Annotation Id="23" Type="paragraph" StartNode="4549" EndNode="5092">
</Annotation>
<Annotation Id="22" Type="paragraph" StartNode="4526" EndNode="4547">
</Annotation>
<Annotation Id="25" Type="paragraph" StartNode="5112" EndNode="5161">
</Annotation>
<Annotation Id="24" Type="paragraph" StartNode="5098" EndNode="5106">
</Annotation>
</AnnotationSet>

</GateDocument>
