<?xml version='1.0' encoding='MacRoman'?>
<GateDocument>
<!-- The document's features-->

<GateDocumentFeatures>
<Feature>
  <Name className="java.lang.String">MimeType</Name>
  <Value className="java.lang.String">text/plain</Value>
</Feature>
<Feature>
  <Name className="java.lang.String">gate.SourceURL</Name>
  <Value className="java.lang.String">file:/E:/Users/conrada/Documents/My%20Dropbox/healthcare_data/training_3/hc083.txt</Value>
</Feature>
<Feature>
  <Name className="java.lang.String">docNewLineType</Name>
  <Value className="java.lang.String">CRLF</Value>
</Feature>
</GateDocumentFeatures>
<!-- The document content area with serialized nodes -->

<TextWithNodes><Node id="0" />Issues - Domestic - Civil Rights, Liberties, and Justice&#xd;
<Node id="58" />Clearly Constitutional&#xd;
A Primer on the Constitutionality of the Affordable Care Act&#xd;<Node id="143" />
SOURCE: AP&#xd;
<Node id="156" />&#xd;
<Node id="158" />US  District Judge Henry Hudson, above, declared a key provision of the Affordable Care Act unconstitutional last December, siding with Virginia's attorney general<Node id="321" />.&#xd;
<Node id="324" />&#xd;
<Node id="326" />By Ian Millhiser | January 18, 2011&#xd;
<Node id="363" />&#xd;
    <Node id="369" />print iconPrint&#xd;
    email iconEmail&#xd;
    Text-size: A A A&#xd;
    Share: Facebook icon Twitter icon Digg icon Reddit icon&#xd;
<Node id="490" />&#xd;
<Node id="492" />Download this memo (pdf)&#xd;
<Node id="518" />&#xd;
<Node id="520" />Download the report to mobile devices and e-readers from Scribd&#xd;
<Node id="585" />&#xd;
<Node id="587" />Nearly three dozen judges have now considered challenges to the landmark Affordable Care Act and <Node id="684" />the overwhelming majority of these cases<Node id="724" /> have been <Node id="735" />dismissed<Node id="744" />. <Node id="746" />Nevertheless, <Node id="760" />a single outlier judge in Virginia<Node id="794" /> has <Node id="799" />embraced<Node id="807" /> <Node id="808" />the meritless arguments against the new health care law<Node id="863" /> and another judge in Florida also appears poised to break with the overwhelming consensus of his colleagues<Node id="971" />.&#xd;
<Node id="974" />&#xd;
<Node id="976" />With only a few exceptions, these lawsuits principally challenge the Affordable Care Act's minimum coverage provision - the provision requiring most Americans to either carry health insurance or pay slightly more income taxes<Node id="1201" /> - <Node id="1204" />falsely arguing that Congress lacks the constitutional authority to enact such a provision<Node id="1294" />. <Node id="1296" />It is true that Congress's authority is limited to an itemized list of powers contained in the text of the Constitution itself, but while Congress's powers are not unlimited, they are still quite sweeping<Node id="1500" />. <Node id="1502" />There is no doubt that the Affordable Care Act fits within these enumerated powers in three ways, as this issue brief will demonstrate<Node id="1636" />.&#xd;
<Node id="1639" />Congress has <Node id="1652" />broad power<Node id="1663" /> to <Node id="1667" />regulate<Node id="1675" /> <Node id="1676" />the national economy<Node id="1696" />&#xd;
<Node id="1698" />&#xd;
<Node id="1700" />A provision of the Constitution known as the "commerce clause" gives Congress power to "regulate commerce  -  among the several states<Node id="1834" />." <Node id="1837" />And there is a long line of Supreme Court decisions holding that Congress has <Node id="1915" />broad power<Node id="1926" /> to <Node id="1930" />enact<Node id="1935" /> <Node id="1936" />laws that substantially affect prices, marketplaces, or other economic transactions<Node id="2019" />. <Node id="2021" />Because health care comprises approximately 17 percent of the national economy, it is impossible to argue that a bill regulating the national health care market does not fit within Congress's power to regulate commerce<Node id="2239" />.&#xd;
<Node id="2242" />&#xd;
<Node id="2244" />Nevertheless, opponents of the Affordable Care Act claim that a person who does not buy health insurance is not engaged in any economic "activity" and therefore cannot be compelled to perform an undesired act<Node id="2452" />. <Node id="2454" />Even if these opponents were correct that the uninsured are not active participants in the health care market - and they are active, of course, every time they become ill and seek medical care<Node id="2646" /> - <Node id="2649" />nothing in the Constitution<Node id="2676" /> <Node id="2677" />supports<Node id="2685" /> <Node id="2686" />this novel theory<Node id="2703" />. <Node id="2705" />Indeed, this theory appears to have been invented solely for the purpose of this litigation<Node id="2796" />. <Node id="2798" />Congress has enacted <Node id="2819" />countless laws<Node id="2833" /> which would be <Node id="2849" />forbidden<Node id="2858" /> under <Node id="2865" />this extra-constitutional theory<Node id="2897" />:&#xd;
<Node id="2900" />&#xd;
    <Node id="2906" />Guns: President George Washington signed a law that required much of the country to purchase a firearm, ammunition, and other equipment in case they needed to be called up for militia service. Many of the members of Congress who voted for this mandate were members of the Philadelphia Convention that wrote the Constitution.&#xd;
    Civil rights: The Civil Rights Act of 1964 compelled business owners to engage in transactions they considered undesirable - hiring and otherwise doing business with African Americans.&#xd;
    <Node id="3426" />Insurance mandates: The Affordable Care Act is not even the only federal law requiring someone to carry insurance<Node id="3539" />. The Price-Anderson Act of 1957 requires nuclear power plants to purchase liability insurance and the Flood Disaster Protection Act requires many homeowners to carry flood insurance.&#xd;
    <Node id="3728" />Other mandates: Other laws require individuals to perform jury service, file tax returns, and register for selective service<Node id="3852" />.&#xd;
<Node id="3855" />&#xd;
<Node id="3857" />The minimum coverage provision<Node id="3887" /> is the keystone that <Node id="3909" />holds<Node id="3914" /> <Node id="3915" />the Affordable Care Act<Node id="3938" /> together&#xd;<Node id="3948" />
<Node id="3949" />&#xd;
<Node id="3951" />The Constitution also gives Congress the power "[t]o make all laws which shall be necessary and proper for carrying into execution" its power to regulate interstate commerce<Node id="4124" />. <Node id="4126" />As Supreme Court Justice Antonin Scalia explains, this means that "where Congress has the authority to enact a regulation of interstate commerce, it possesses every power needed to make that regulation effective<Node id="4337" />."&#xd;
<Node id="4341" />&#xd;
<Node id="4343" />The act<Node id="4350" /> <Node id="4351" />eliminates<Node id="4361" /> <Node id="4362" />one of <Node id="4369" />the insurance industry<Node id="4391" />'s most abusive practices<Node id="4416" />: <Node id="4418" />denying<Node id="4425" /> <Node id="4426" />coverage to patients with pre-existing conditions<Node id="4475" />. <Node id="4477" />This ban cannot function if patients are free to enter and exit the insurance market at will<Node id="4569" />. <Node id="4571" />If patients can wait until they get sick to buy insurance, they will drain all the money out of an insurance plan that they have not previously paid into, leaving nothing left for the rest of the plan's consumers<Node id="4783" />.&#xd;
<Node id="4786" />&#xd;
<Node id="4788" />Seven states enacted a pre-existing conditions law without also passing an insurance coverage requirement, and all seven states saw health insurance premiums spiral out of control<Node id="4967" />. <Node id="4969" />In some of these states, the individual insurance market collapsed<Node id="5035" />. There is a way out of this trap, however. <Node id="5079" />Massachusetts<Node id="5092" /> <Node id="5093" />enacted<Node id="5100" /> <Node id="5101" />a minimum coverage provision in 2006 to go along with its pre-existing conditions provision<Node id="5192" /> and the results were both striking and immediate<Node id="5241" />. <Node id="5243" />Massachusetts' premiums rapidly dropped by 40 percent<Node id="5296" />.&#xd;
<Node id="5299" />&#xd;
<Node id="5301" />In other words, because the only way to <Node id="5341" />make the pre-existing conditions law effective<Node id="5387" /> is to also require individuals to carry insurance, that requirement easily passes Scalia's test<Node id="5483" />.&#xd;
<Node id="5486" />&#xd;
<Node id="5488" />The link between the minimum coverage provision and the Affordable Care Act's insurance regulations also sets this law aside from other hypothetical laws requiring individuals to purchase other goods or services<Node id="5699" />. <Node id="5701" />The national market for vegetables will not collapse if Congress does not require people to purchase broccoli, nor will Americans cease to be able to obtain automobiles absent a law requiring the purchase of cars from General Motors<Node id="5933" />. <Node id="5935" />Accordingly, a court decision upholding the Affordable Care Act would not provide a precedent enabling Congress to compel all Americans to purchase broccoli or cars, despite the law's opponents' claims to the contrary<Node id="6152" />.&#xd;
Congress has broad leeway in how it raises money&#xd;
<Node id="6205" />&#xd;
<Node id="6207" />Congress also has the authority to "lay and collect taxes" under the Constitution<Node id="6288" />. <Node id="6290" />This power to tax also supports the minimum coverage provision, which works by requiring individuals who do not carry health insurance to pay slightly more income taxes<Node id="6458" />. <Node id="6460" />Taxpayers who refuse insurance must pay more in taxes while those who do carry insurance are exempt from this new tax<Node id="6577" />. <Node id="6579" />For this reason, the law is no different than dozens of longstanding tax exemptions, including the mortgage interest tax deduction, which allows people who take out home mortgages to pay lower taxes than people who do not<Node id="6800" />.&#xd;
<Node id="6803" />&#xd;
<Node id="6805" />Opponents of the Affordable Care Act respond that the minimum coverage provision somehow ceases to be a tax because the new law does not use the word "tax" to describe it, but this distinction is utterly meaningless<Node id="7020" />. <Node id="7022" />Nothing in the Constitution requires Congress to use certain magic words to invoke its enumerated powers<Node id="7126" />. <Node id="7128" />And no precedent exists suggesting that a fully valid law somehow ceases to be constitutional because Congress gave it the wrong name<Node id="7261" />.&#xd;
<Node id="7264" />&#xd;
<Node id="7266" />Download this memo (pdf)&#xd;
<Node id="7292" />&#xd;
<Node id="7294" />Download the report to mobile devices and e-readers from Scribd&#xd;
<Node id="7359" />&#xd;
<Node id="7361" />Ian Millhiser is a Policy Analyst and Blogger for the Center for American Progress where his work focuses on the Constitution and the judiciary.<Node id="7505" /></TextWithNodes>
<!-- The default annotation set -->

<AnnotationSet>
<Annotation Id="23" Type="arg" StartNode="587" EndNode="744">
<Feature>
  <Name className="java.lang.String">ss-label</Name>
  <Value className="java.lang.String">constitutional</Value>
</Feature>
<Feature>
  <Name className="java.lang.String">unclear</Name>
  <Value className="java.lang.String">true</Value>
</Feature>
<Feature>
  <Name className="java.lang.String">type</Name>
  <Value className="java.lang.String">label</Value>
</Feature>
<Feature>
  <Name className="java.lang.String">polarity</Name>
  <Value className="java.lang.String">negative</Value>
</Feature>
</Annotation>
<Annotation Id="22" Type="doc" StartNode="0" EndNode="7505">
<Feature>
  <Name className="java.lang.String">id</Name>
  <Value className="java.lang.String">hc083</Value>
</Feature>
<Feature>
  <Name className="java.lang.String">author</Name>
  <Value className="java.lang.String">ian,millhiser</Value>
</Feature>
<Feature>
  <Name className="java.lang.String">date</Name>
  <Value className="java.lang.String">20110118</Value>
</Feature>
<Feature>
  <Name className="java.lang.String">source</Name>
  <Value className="java.lang.String">center,american,progress</Value>
</Feature>
<Feature>
  <Name className="java.lang.String">side</Name>
  <Value className="java.lang.String">pro</Value>
</Feature>
<Feature>
  <Name className="java.lang.String">url</Name>
  <Value className="java.lang.String">http://www.americanprogress.org/issues/2011/01/clearly_constitutional.html</Value>
</Feature>
</Annotation>
<Annotation Id="25" Type="arg" StartNode="1204" EndNode="1294">
<Feature>
  <Name className="java.lang.String">unclear</Name>
  <Value className="java.lang.String">true</Value>
</Feature>
<Feature>
  <Name className="java.lang.String">ss-label</Name>
  <Value className="java.lang.String">constitutional</Value>
</Feature>
<Feature>
  <Name className="java.lang.String">type</Name>
  <Value className="java.lang.String">label</Value>
</Feature>
<Feature>
  <Name className="java.lang.String">polarity</Name>
  <Value className="java.lang.String">negative</Value>
</Feature>
</Annotation>
<Annotation Id="24" Type="arg" StartNode="746" EndNode="971">
<Feature>
  <Name className="java.lang.String">type</Name>
  <Value className="java.lang.String">label</Value>
</Feature>
<Feature>
  <Name className="java.lang.String">ss-label</Name>
  <Value className="java.lang.String">constitutional</Value>
</Feature>
<Feature>
  <Name className="java.lang.String">polarity</Name>
  <Value className="java.lang.String">negative</Value>
</Feature>
</Annotation>
<Annotation Id="27" Type="arg" StartNode="2021" EndNode="2239">
<Feature>
  <Name className="java.lang.String">type</Name>
  <Value className="java.lang.String">label</Value>
</Feature>
<Feature>
  <Name className="java.lang.String">ss-label</Name>
  <Value className="java.lang.String">constitutional</Value>
</Feature>
<Feature>
  <Name className="java.lang.String">polarity</Name>
  <Value className="java.lang.String">negative</Value>
</Feature>
</Annotation>
<Annotation Id="26" Type="rel" StartNode="1296" EndNode="1500">
<Feature>
  <Name className="java.lang.String">type</Name>
  <Value className="java.lang.String">label</Value>
</Feature>
<Feature>
  <Name className="java.lang.String">ss-label</Name>
  <Value className="java.lang.String">constitutional</Value>
</Feature>
</Annotation>
<Annotation Id="29" Type="arg" StartNode="3857" EndNode="3948">
<Feature>
  <Name className="java.lang.String">type</Name>
  <Value className="java.lang.String">label</Value>
</Feature>
<Feature>
  <Name className="java.lang.String">ss-label</Name>
  <Value className="java.lang.String">universal_coverage_requires_mandate</Value>
</Feature>
<Feature>
  <Name className="java.lang.String">polarity</Name>
  <Value className="java.lang.String">positive</Value>
</Feature>
</Annotation>
<Annotation Id="28" Type="arg" StartNode="2454" EndNode="2703">
<Feature>
  <Name className="java.lang.String">type</Name>
  <Value className="java.lang.String">label</Value>
</Feature>
<Feature>
  <Name className="java.lang.String">ss-label</Name>
  <Value className="java.lang.String">constitutional</Value>
</Feature>
<Feature>
  <Name className="java.lang.String">polarity</Name>
  <Value className="java.lang.String">negative</Value>
</Feature>
</Annotation>
<Annotation Id="31" Type="arg" StartNode="4571" EndNode="4783">
<Feature>
  <Name className="java.lang.String">type</Name>
  <Value className="java.lang.String">label</Value>
</Feature>
<Feature>
  <Name className="java.lang.String">ss-label</Name>
  <Value className="java.lang.String">universal_coverage_requires_mandate</Value>
</Feature>
<Feature>
  <Name className="java.lang.String">polarity</Name>
  <Value className="java.lang.String">negative</Value>
</Feature>
</Annotation>
<Annotation Id="30" Type="arg" StartNode="4343" EndNode="4475">
<Feature>
  <Name className="java.lang.String">type</Name>
  <Value className="java.lang.String">label</Value>
</Feature>
<Feature>
  <Name className="java.lang.String">ss-label</Name>
  <Value className="java.lang.String">eliminates_pre-existing_conditions</Value>
</Feature>
<Feature>
  <Name className="java.lang.String">polarity</Name>
  <Value className="java.lang.String">positive</Value>
</Feature>
</Annotation>
<Annotation Id="34" Type="rel" StartNode="5243" EndNode="5296">
<Feature>
  <Name className="java.lang.String">type</Name>
  <Value className="java.lang.String">label</Value>
</Feature>
<Feature>
  <Name className="java.lang.String">ss-label</Name>
  <Value className="java.lang.String">similar_to_popular_system_in_massachusetts</Value>
</Feature>
</Annotation>
<Annotation Id="35" Type="arg" StartNode="5301" EndNode="5483">
<Feature>
  <Name className="java.lang.String">ss-label</Name>
  <Value className="java.lang.String">universal_coverage_requires_mandate</Value>
</Feature>
<Feature>
  <Name className="java.lang.String">unclear</Name>
  <Value className="java.lang.String">true</Value>
</Feature>
<Feature>
  <Name className="java.lang.String">type</Name>
  <Value className="java.lang.String">label</Value>
</Feature>
<Feature>
  <Name className="java.lang.String">polarity</Name>
  <Value className="java.lang.String">positive</Value>
</Feature>
</Annotation>
<Annotation Id="32" Type="arg" StartNode="4788" EndNode="4967">
<Feature>
  <Name className="java.lang.String">type</Name>
  <Value className="java.lang.String">label</Value>
</Feature>
<Feature>
  <Name className="java.lang.String">ss-label</Name>
  <Value className="java.lang.String">universal_coverage_requires_mandate</Value>
</Feature>
<Feature>
  <Name className="java.lang.String">polarity</Name>
  <Value className="java.lang.String">negative</Value>
</Feature>
</Annotation>
<Annotation Id="33" Type="arg" StartNode="5079" EndNode="5241">
<Feature>
  <Name className="java.lang.String">type</Name>
  <Value className="java.lang.String">label</Value>
</Feature>
<Feature>
  <Name className="java.lang.String">ss-label</Name>
  <Value className="java.lang.String">similar_to_popular_system_in_massachusetts</Value>
</Feature>
<Feature>
  <Name className="java.lang.String">polarity</Name>
  <Value className="java.lang.String">positive</Value>
</Feature>
</Annotation>
<Annotation Id="38" Type="arg" StartNode="1502" EndNode="1636">
<Feature>
  <Name className="java.lang.String">type</Name>
  <Value className="java.lang.String">label</Value>
</Feature>
<Feature>
  <Name className="java.lang.String">ss-label</Name>
  <Value className="java.lang.String">constitutional</Value>
</Feature>
<Feature>
  <Name className="java.lang.String">polarity</Name>
  <Value className="java.lang.String">positive</Value>
</Feature>
</Annotation>
<Annotation Id="39" Type="rel" StartNode="1700" EndNode="1834">
<Feature>
  <Name className="java.lang.String">type</Name>
  <Value className="java.lang.String">label</Value>
</Feature>
<Feature>
  <Name className="java.lang.String">ss-label</Name>
  <Value className="java.lang.String">constitutional</Value>
</Feature>
</Annotation>
<Annotation Id="36" Type="arg" StartNode="6579" EndNode="6800">
<Feature>
  <Name className="java.lang.String">type</Name>
  <Value className="java.lang.String">label</Value>
</Feature>
<Feature>
  <Name className="java.lang.String">ss-label</Name>
  <Value className="java.lang.String">constitutional</Value>
</Feature>
<Feature>
  <Name className="java.lang.String">polarity</Name>
  <Value className="java.lang.String">positive</Value>
</Feature>
</Annotation>
<Annotation Id="37" Type="arg" StartNode="6805" EndNode="7020">
<Feature>
  <Name className="java.lang.String">type</Name>
  <Value className="java.lang.String">label</Value>
</Feature>
<Feature>
  <Name className="java.lang.String">ss-label</Name>
  <Value className="java.lang.String">constitutional</Value>
</Feature>
<Feature>
  <Name className="java.lang.String">polarity</Name>
  <Value className="java.lang.String">negative</Value>
</Feature>
</Annotation>
<Annotation Id="43" Type="arg" StartNode="58" EndNode="143">
<Feature>
  <Name className="java.lang.String">type</Name>
  <Value className="java.lang.String">label</Value>
</Feature>
<Feature>
  <Name className="java.lang.String">ss-label</Name>
  <Value className="java.lang.String">constitutional</Value>
</Feature>
<Feature>
  <Name className="java.lang.String">polarity</Name>
  <Value className="java.lang.String">positive</Value>
</Feature>
</Annotation>
<Annotation Id="46" Type="rel" StartNode="1639" EndNode="1696">
<Feature>
  <Name className="java.lang.String">type</Name>
  <Value className="java.lang.String">label</Value>
</Feature>
<Feature>
  <Name className="java.lang.String">ss-label</Name>
  <Value className="java.lang.String">constitutional</Value>
</Feature>
</Annotation>
<Annotation Id="44" Type="rel" StartNode="158" EndNode="321">
<Feature>
  <Name className="java.lang.String">type</Name>
  <Value className="java.lang.String">label</Value>
</Feature>
<Feature>
  <Name className="java.lang.String">ss-label</Name>
  <Value className="java.lang.String">constitutional</Value>
</Feature>
</Annotation>
<Annotation Id="45" Type="rel" StartNode="976" EndNode="1201">
<Feature>
  <Name className="java.lang.String">type</Name>
  <Value className="java.lang.String">label</Value>
</Feature>
<Feature>
  <Name className="java.lang.String">ss-label</Name>
  <Value className="java.lang.String">constitutional</Value>
</Feature>
</Annotation>
<Annotation Id="51" Type="rel" StartNode="3728" EndNode="3852">
<Feature>
  <Name className="java.lang.String">type</Name>
  <Value className="java.lang.String">label</Value>
</Feature>
<Feature>
  <Name className="java.lang.String">ss-label</Name>
  <Value className="java.lang.String">constitutional</Value>
</Feature>
</Annotation>
<Annotation Id="50" Type="rel" StartNode="3426" EndNode="3539">
<Feature>
  <Name className="java.lang.String">type</Name>
  <Value className="java.lang.String">label</Value>
</Feature>
<Feature>
  <Name className="java.lang.String">ss-label</Name>
  <Value className="java.lang.String">constitutional</Value>
</Feature>
</Annotation>
<Annotation Id="49" Type="arg" StartNode="2798" EndNode="2897">
<Feature>
  <Name className="java.lang.String">ss-label</Name>
  <Value className="java.lang.String">constitutional</Value>
</Feature>
<Feature>
  <Name className="java.lang.String">unclear</Name>
  <Value className="java.lang.String">true</Value>
</Feature>
<Feature>
  <Name className="java.lang.String">type</Name>
  <Value className="java.lang.String">label</Value>
</Feature>
<Feature>
  <Name className="java.lang.String">polarity</Name>
  <Value className="java.lang.String">negative</Value>
</Feature>
</Annotation>
<Annotation Id="48" Type="rel" StartNode="2705" EndNode="2796">
<Feature>
  <Name className="java.lang.String">type</Name>
  <Value className="java.lang.String">label</Value>
</Feature>
<Feature>
  <Name className="java.lang.String">ss-label</Name>
  <Value className="java.lang.String">constitutional</Value>
</Feature>
</Annotation>
<Annotation Id="55" Type="rel" StartNode="4969" EndNode="5035">
<Feature>
  <Name className="java.lang.String">type</Name>
  <Value className="java.lang.String">label</Value>
</Feature>
<Feature>
  <Name className="java.lang.String">ss-label</Name>
  <Value className="java.lang.String">universal_coverage_requires_mandate</Value>
</Feature>
<Feature>
  <Name className="java.lang.String">unclear</Name>
  <Value className="java.lang.String">true</Value>
</Feature>
</Annotation>
<Annotation Id="53" Type="arg" StartNode="4477" EndNode="4569">
<Feature>
  <Name className="java.lang.String">ss-label</Name>
  <Value className="java.lang.String">universal_coverage_requires_mandate</Value>
</Feature>
<Feature>
  <Name className="java.lang.String">type</Name>
  <Value className="java.lang.String">label</Value>
</Feature>
<Feature>
  <Name className="java.lang.String">polarity</Name>
  <Value className="java.lang.String">negative</Value>
</Feature>
<Feature>
  <Name className="java.lang.String">incomplete</Name>
  <Value className="java.lang.String">true</Value>
</Feature>
</Annotation>
<Annotation Id="52" Type="rel" StartNode="4126" EndNode="4337">
<Feature>
  <Name className="java.lang.String">type</Name>
  <Value className="java.lang.String">label</Value>
</Feature>
<Feature>
  <Name className="java.lang.String">unclear</Name>
  <Value className="java.lang.String">true</Value>
</Feature>
<Feature>
  <Name className="java.lang.String">ss-label</Name>
  <Value className="java.lang.String">universal_coverage_requires_mandate</Value>
</Feature>
</Annotation>
<Annotation Id="57" Type="rel" StartNode="5701" EndNode="5933">
<Feature>
  <Name className="java.lang.String">type</Name>
  <Value className="java.lang.String">label</Value>
</Feature>
<Feature>
  <Name className="java.lang.String">ss-label</Name>
  <Value className="java.lang.String">universal_coverage_requires_mandate</Value>
</Feature>
</Annotation>
<Annotation Id="56" Type="rel" StartNode="5488" EndNode="5699">
<Feature>
  <Name className="java.lang.String">type</Name>
  <Value className="java.lang.String">label</Value>
</Feature>
<Feature>
  <Name className="java.lang.String">ss-label</Name>
  <Value className="java.lang.String">universal_coverage_requires_mandate</Value>
</Feature>
</Annotation>
<Annotation Id="76" Type="gfbf-object" StartNode="684" EndNode="724">
<Feature>
  <Name className="java.lang.String">writerAtt</Name>
  <Value className="java.lang.String">positive</Value>
</Feature>
</Annotation>
<Annotation Id="77" Type="gfbf" StartNode="799" EndNode="807">
<Feature>
  <Name className="java.lang.String">agentId</Name>
  <Value className="java.lang.String">95</Value>
</Feature>
<Feature>
  <Name className="java.lang.String">objectId</Name>
  <Value className="java.lang.String">78</Value>
</Feature>
<Feature>
  <Name className="java.lang.String">polarity</Name>
  <Value className="java.lang.String">goodfor</Value>
</Feature>
</Annotation>
<Annotation Id="78" Type="gfbf-object" StartNode="808" EndNode="863">
<Feature>
  <Name className="java.lang.String">writerAtt</Name>
  <Value className="java.lang.String">positive</Value>
</Feature>
</Annotation>
<Annotation Id="79" Type="gfbf-agent" StartNode="2649" EndNode="2676">
<Feature>
  <Name className="java.lang.String">writerAtt</Name>
  <Value className="java.lang.String">negative</Value>
</Feature>
</Annotation>
<Annotation Id="72" Type="rel" StartNode="6207" EndNode="6288">
<Feature>
  <Name className="java.lang.String">type</Name>
  <Value className="java.lang.String">label</Value>
</Feature>
<Feature>
  <Name className="java.lang.String">ss-label</Name>
  <Value className="java.lang.String">constitutional</Value>
</Feature>
</Annotation>
<Annotation Id="73" Type="rel" StartNode="7022" EndNode="7126">
<Feature>
  <Name className="java.lang.String">type</Name>
  <Value className="java.lang.String">label</Value>
</Feature>
<Feature>
  <Name className="java.lang.String">ss-label</Name>
  <Value className="java.lang.String">constitutional</Value>
</Feature>
</Annotation>
<Annotation Id="74" Type="rel" StartNode="7128" EndNode="7261">
<Feature>
  <Name className="java.lang.String">type</Name>
  <Value className="java.lang.String">label</Value>
</Feature>
<Feature>
  <Name className="java.lang.String">ss-label</Name>
  <Value className="java.lang.String">constitutional</Value>
</Feature>
</Annotation>
<Annotation Id="75" Type="gfbf" StartNode="735" EndNode="744">
<Feature>
  <Name className="java.lang.String">agentId</Name>
  <Value className="java.lang.String">implicit</Value>
</Feature>
<Feature>
  <Name className="java.lang.String">polarity</Name>
  <Value className="java.lang.String">badfor</Value>
</Feature>
<Feature>
  <Name className="java.lang.String">objectId</Name>
  <Value className="java.lang.String">76</Value>
</Feature>
</Annotation>
<Annotation Id="85" Type="gfbf" StartNode="3909" EndNode="3914">
<Feature>
  <Name className="java.lang.String">agentId</Name>
  <Value className="java.lang.String">87</Value>
</Feature>
<Feature>
  <Name className="java.lang.String">polarity</Name>
  <Value className="java.lang.String">goodfor</Value>
</Feature>
<Feature>
  <Name className="java.lang.String">objectId</Name>
  <Value className="java.lang.String">86</Value>
</Feature>
</Annotation>
<Annotation Id="84" Type="gfbf-agent" StartNode="2865" EndNode="2897">
<Feature>
  <Name className="java.lang.String">writerAtt</Name>
  <Value className="java.lang.String">negative</Value>
</Feature>
</Annotation>
<Annotation Id="87" Type="gfbf-agent" StartNode="3857" EndNode="3887">
<Feature>
  <Name className="java.lang.String">writerAtt</Name>
  <Value className="java.lang.String">positive</Value>
</Feature>
</Annotation>
<Annotation Id="86" Type="gfbf-object" StartNode="3915" EndNode="3938">
<Feature>
  <Name className="java.lang.String">writerAtt</Name>
  <Value className="java.lang.String">positive</Value>
</Feature>
</Annotation>
<Annotation Id="81" Type="gfbf-object" StartNode="2686" EndNode="2703">
<Feature>
  <Name className="java.lang.String">referentId</Name>
  <Value className="java.lang.String">96</Value>
</Feature>
<Feature>
  <Name className="java.lang.String">refererence</Name>
  <Value className="java.lang.String">true</Value>
</Feature>
<Feature>
  <Name className="java.lang.String">writerAtt</Name>
  <Value className="java.lang.String">negative</Value>
</Feature>
</Annotation>
<Annotation Id="80" Type="gfbf" StartNode="2677" EndNode="2685">
<Feature>
  <Name className="java.lang.String">agentId</Name>
  <Value className="java.lang.String">79</Value>
</Feature>
<Feature>
  <Name className="java.lang.String">polarity</Name>
  <Value className="java.lang.String">goodfor</Value>
</Feature>
<Feature>
  <Name className="java.lang.String">objectId</Name>
  <Value className="java.lang.String">81</Value>
</Feature>
</Annotation>
<Annotation Id="83" Type="gfbf-object" StartNode="2819" EndNode="2833">
<Feature>
  <Name className="java.lang.String">writerAtt</Name>
  <Value className="java.lang.String">positive</Value>
</Feature>
</Annotation>
<Annotation Id="82" Type="gfbf" StartNode="2849" EndNode="2858">
<Feature>
  <Name className="java.lang.String">agentId</Name>
  <Value className="java.lang.String">84</Value>
</Feature>
<Feature>
  <Name className="java.lang.String">polarity</Name>
  <Value className="java.lang.String">badfor</Value>
</Feature>
<Feature>
  <Name className="java.lang.String">objectId</Name>
  <Value className="java.lang.String">83</Value>
</Feature>
</Annotation>
<Annotation Id="93" Type="gfbf-agent" StartNode="4369" EndNode="4391">
<Feature>
  <Name className="java.lang.String">writerAtt</Name>
  <Value className="java.lang.String">negative</Value>
</Feature>
</Annotation>
<Annotation Id="92" Type="gfbf-object" StartNode="4426" EndNode="4475">
<Feature>
  <Name className="java.lang.String">writerAtt</Name>
  <Value className="java.lang.String">positive</Value>
</Feature>
</Annotation>
<Annotation Id="95" Type="gfbf-agent" StartNode="760" EndNode="794">
<Feature>
  <Name className="java.lang.String">writerAtt</Name>
  <Value className="java.lang.String">positive</Value>
</Feature>
</Annotation>
<Annotation Id="94" Type="others" StartNode="5341" EndNode="5387">
<Feature>
  <Name className="java.lang.String">comment</Name>
  <Value className="java.lang.String">make sth ADJ</Value>
</Feature>
</Annotation>
<Annotation Id="89" Type="gfbf-object" StartNode="4362" EndNode="4416">
<Feature>
  <Name className="java.lang.String">writerAtt</Name>
  <Value className="java.lang.String">negative</Value>
</Feature>
</Annotation>
<Annotation Id="88" Type="gfbf" StartNode="4351" EndNode="4361">
<Feature>
  <Name className="java.lang.String">agentId</Name>
  <Value className="java.lang.String">90</Value>
</Feature>
<Feature>
  <Name className="java.lang.String">polarity</Name>
  <Value className="java.lang.String">badfor</Value>
</Feature>
<Feature>
  <Name className="java.lang.String">objectId</Name>
  <Value className="java.lang.String">89</Value>
</Feature>
</Annotation>
<Annotation Id="91" Type="gfbf" StartNode="4418" EndNode="4425">
<Feature>
  <Name className="java.lang.String">agentId</Name>
  <Value className="java.lang.String">93</Value>
</Feature>
<Feature>
  <Name className="java.lang.String">polarity</Name>
  <Value className="java.lang.String">badfor</Value>
</Feature>
<Feature>
  <Name className="java.lang.String">objectId</Name>
  <Value className="java.lang.String">92</Value>
</Feature>
</Annotation>
<Annotation Id="90" Type="gfbf-agent" StartNode="4343" EndNode="4350">
<Feature>
  <Name className="java.lang.String">writerAtt</Name>
  <Value className="java.lang.String">positive</Value>
</Feature>
</Annotation>
<Annotation Id="102" Type="gfbf-object" StartNode="1936" EndNode="2019">
<Feature>
  <Name className="java.lang.String">writerAtt</Name>
  <Value className="java.lang.String">negative</Value>
</Feature>
</Annotation>
<Annotation Id="100" Type="gfbf-agent" StartNode="1915" EndNode="1926">
<Feature>
  <Name className="java.lang.String">writerAtt</Name>
  <Value className="java.lang.String">negative</Value>
</Feature>
</Annotation>
<Annotation Id="101" Type="gfbf" StartNode="1930" EndNode="1935">
<Feature>
  <Name className="java.lang.String">agentId</Name>
  <Value className="java.lang.String">100</Value>
</Feature>
<Feature>
  <Name className="java.lang.String">objectId</Name>
  <Value className="java.lang.String">102</Value>
</Feature>
<Feature>
  <Name className="java.lang.String">polarity</Name>
  <Value className="java.lang.String">goodfor</Value>
</Feature>
</Annotation>
<Annotation Id="98" Type="gfbf-object" StartNode="1676" EndNode="1696">
<Feature>
  <Name className="java.lang.String">writerAtt</Name>
  <Value className="java.lang.String">positive</Value>
</Feature>
</Annotation>
<Annotation Id="99" Type="gfbf-agent" StartNode="1652" EndNode="1663">
<Feature>
  <Name className="java.lang.String">writerAtt</Name>
  <Value className="java.lang.String">negative</Value>
</Feature>
</Annotation>
<Annotation Id="96" Type="referent" StartNode="2454" EndNode="2646">
<Feature>
  <Name className="java.lang.String">writerAtt</Name>
  <Value className="java.lang.String">negative</Value>
</Feature>
</Annotation>
<Annotation Id="97" Type="gfbf" StartNode="1667" EndNode="1675">
<Feature>
  <Name className="java.lang.String">agentId</Name>
  <Value className="java.lang.String">99</Value>
</Feature>
<Feature>
  <Name className="java.lang.String">objectId</Name>
  <Value className="java.lang.String">98</Value>
</Feature>
<Feature>
  <Name className="java.lang.String">polarity</Name>
  <Value className="java.lang.String">badfor</Value>
</Feature>
</Annotation>
<Annotation Id="106" Type="gfbf-object" StartNode="5101" EndNode="5192">
<Feature>
  <Name className="java.lang.String">writerAtt</Name>
  <Value className="java.lang.String">positive</Value>
</Feature>
</Annotation>
<Annotation Id="104" Type="gfbf-agent" StartNode="5079" EndNode="5092">
<Feature>
  <Name className="java.lang.String">writerAtt</Name>
  <Value className="java.lang.String">positive</Value>
</Feature>
</Annotation>
<Annotation Id="105" Type="gfbf" StartNode="5093" EndNode="5100">
<Feature>
  <Name className="java.lang.String">agentId</Name>
  <Value className="java.lang.String">104</Value>
</Feature>
<Feature>
  <Name className="java.lang.String">objectId</Name>
  <Value className="java.lang.String">106</Value>
</Feature>
<Feature>
  <Name className="java.lang.String">polarity</Name>
  <Value className="java.lang.String">goodfor</Value>
</Feature>
</Annotation>
</AnnotationSet>

<!-- Named annotation set -->

<AnnotationSet Name="Original markups">
<Annotation Id="0" Type="paragraph" StartNode="0" EndNode="156">
</Annotation>
<Annotation Id="1" Type="paragraph" StartNode="158" EndNode="324">
</Annotation>
<Annotation Id="2" Type="paragraph" StartNode="326" EndNode="363">
</Annotation>
<Annotation Id="70" Type="arg" StartNode="6290" EndNode="6458">
<Feature>
  <Name className="java.lang.String">ss-label</Name>
  <Value className="java.lang.String">constitutional</Value>
</Feature>
<Feature>
  <Name className="java.lang.String">unclear</Name>
  <Value className="java.lang.String">true</Value>
</Feature>
<Feature>
  <Name className="java.lang.String">type</Name>
  <Value className="java.lang.String">label</Value>
</Feature>
<Feature>
  <Name className="java.lang.String">polarity</Name>
  <Value className="java.lang.String">positive</Value>
</Feature>
</Annotation>
<Annotation Id="3" Type="paragraph" StartNode="369" EndNode="490">
</Annotation>
<Annotation Id="71" Type="rel" StartNode="6460" EndNode="6577">
<Feature>
  <Name className="java.lang.String">type</Name>
  <Value className="java.lang.String">label</Value>
</Feature>
<Feature>
  <Name className="java.lang.String">ss-label</Name>
  <Value className="java.lang.String">constitutional</Value>
</Feature>
</Annotation>
<Annotation Id="4" Type="paragraph" StartNode="492" EndNode="518">
</Annotation>
<Annotation Id="5" Type="paragraph" StartNode="520" EndNode="585">
</Annotation>
<Annotation Id="6" Type="paragraph" StartNode="587" EndNode="974">
</Annotation>
<Annotation Id="7" Type="paragraph" StartNode="976" EndNode="1698">
</Annotation>
<Annotation Id="8" Type="paragraph" StartNode="1700" EndNode="2242">
</Annotation>
<Annotation Id="9" Type="paragraph" StartNode="2244" EndNode="2900">
</Annotation>
<Annotation Id="10" Type="paragraph" StartNode="2906" EndNode="3855">
</Annotation>
<Annotation Id="11" Type="paragraph" StartNode="3857" EndNode="3949">
</Annotation>
<Annotation Id="12" Type="paragraph" StartNode="3951" EndNode="4341">
</Annotation>
<Annotation Id="13" Type="paragraph" StartNode="4343" EndNode="4786">
</Annotation>
<Annotation Id="14" Type="paragraph" StartNode="4788" EndNode="5299">
</Annotation>
<Annotation Id="15" Type="paragraph" StartNode="5301" EndNode="5486">
</Annotation>
<Annotation Id="17" Type="paragraph" StartNode="6207" EndNode="6803">
</Annotation>
<Annotation Id="16" Type="paragraph" StartNode="5488" EndNode="6205">
</Annotation>
<Annotation Id="19" Type="paragraph" StartNode="7266" EndNode="7292">
</Annotation>
<Annotation Id="18" Type="paragraph" StartNode="6805" EndNode="7264">
</Annotation>
<Annotation Id="21" Type="paragraph" StartNode="7361" EndNode="7505">
</Annotation>
<Annotation Id="20" Type="paragraph" StartNode="7294" EndNode="7359">
</Annotation>
<Annotation Id="42" Type="arg" StartNode="5935" EndNode="6152">
<Feature>
  <Name className="java.lang.String">ss-label</Name>
  <Value className="java.lang.String">constitutional</Value>
</Feature>
<Feature>
  <Name className="java.lang.String">constitutional</Name>
  <Value className="java.lang.String"></Value>
</Feature>
<Feature>
  <Name className="java.lang.String">type</Name>
  <Value className="java.lang.String">label</Value>
</Feature>
<Feature>
  <Name className="java.lang.String">polarity</Name>
  <Value className="java.lang.String">positive</Value>
</Feature>
</Annotation>
<Annotation Id="40" Type="rel" StartNode="1837" EndNode="2019">
<Feature>
  <Name className="java.lang.String">type</Name>
  <Value className="java.lang.String">label</Value>
</Feature>
<Feature>
  <Name className="java.lang.String">ss-label</Name>
  <Value className="java.lang.String">constitutional</Value>
</Feature>
</Annotation>
<Annotation Id="41" Type="rel" StartNode="3951" EndNode="4124">
<Feature>
  <Name className="java.lang.String">type</Name>
  <Value className="java.lang.String">label</Value>
</Feature>
<Feature>
  <Name className="java.lang.String">ss-label</Name>
  <Value className="java.lang.String">constitutional</Value>
</Feature>
</Annotation>
<Annotation Id="47" Type="rel" StartNode="2244" EndNode="2452">
<Feature>
  <Name className="java.lang.String">type</Name>
  <Value className="java.lang.String">label</Value>
</Feature>
<Feature>
  <Name className="java.lang.String">ss-label</Name>
  <Value className="java.lang.String">constitutional</Value>
</Feature>
</Annotation>
</AnnotationSet>

</GateDocument>
