<?xml version='1.0' encoding='US-ASCII'?>
<GateDocument version="2">
<!-- The document's features-->

<GateDocumentFeatures>
<Feature>
  <Name className="java.lang.String">MimeType</Name>
  <Value className="java.lang.String">text/plain</Value>
</Feature>
<Feature>
  <Name className="java.lang.String">gate.SourceURL</Name>
  <Value className="java.lang.String">file:/E:/Users/conrada/Documents/My%20Dropbox/healthcare_data/training_3/hc086.txt</Value>
</Feature>
<Feature>
  <Name className="java.lang.String">docNewLineType</Name>
  <Value className="java.lang.String">CRLF</Value>
</Feature>
</GateDocumentFeatures>
<!-- The document content area with serialized nodes -->

<TextWithNodes><Node id="0"/>Home > Health Care Reform > Happy Birthday Affordable Care Act&#xd;
Happy Birthday Affordable Care Act&#xd;
Posted on March 22, 2011 by Andrea Kovach&#xd;
<Node id="143"/>&#xd;
    <Node id="149"/>Email This&#xd;
    Print&#xd;
    Comments&#xd;
    Trackbacks&#xd;
<Node id="202"/>&#xd;
<Node id="204"/>Happy Birthday - America's health care law, the Affordable Care Act, turns one year old on March 23rd<Node id="305"/>. <Node id="307"/>That's good news for Illinois's four-year-olds - and forty-four-year-olds, and lots of other Illinoisans too<Node id="415"/>. <Node id="417"/>That's because <Node id="432"/>the law<Node id="439"/> <Node id="440"/>imposes consumer protections on<Node id="471"/> <Node id="472"/>the hugely unregulated health insurance industry<Node id="520"/>, and <Node id="526"/>promises to <Node id="538"/>cover<Node id="543"/> <Node id="544"/>over half of the uninsured<Node id="570"/> by allowing <Node id="583"/>states<Node id="589"/> to <Node id="593"/>create<Node id="599"/> <Node id="600"/>insurance marketplaces that provide transparent, comprehensive, affordable health plan choices<Node id="694"/>, <Node id="696"/>makes federal subsidies available to<Node id="732"/> ensure <Node id="740"/>middle-class families<Node id="761"/> <Node id="762"/>won't<Node id="767"/> <Node id="768"/>break<Node id="773"/> <Node id="774"/>the bank<Node id="782"/> to pay for their plans, and <Node id="811"/>expands<Node id="818"/> <Node id="819"/>Medicaid<Node id="827"/> to low-income adults<Node id="848"/>.&#xd;
<Node id="851"/>&#xd;
<Node id="853"/>Illinois's leaders<Node id="871"/> have worked hard to <Node id="892"/>build<Node id="897"/> <Node id="898"/>a track record of success<Node id="923"/> on access to health insurance coverage<Node id="962"/>. <Node id="964"/>Democrats and Republicans<Node id="989"/> have put partisan politics aside and worked together to <Node id="1046"/>reform<Node id="1052"/> <Node id="1053"/>Medicaid<Node id="1061"/> and to <Node id="1069"/>enact<Node id="1074"/> <Node id="1075"/>consumer protections in the private insurance industry<Node id="1129"/>, such as dependent care coverage for young adults<Node id="1179"/>. Now it's time for our leaders in Springfield to again make some critical decisions - this time about how the Affordable Care Act works in Illinois. And we all have a role in ensuring that the law works for Illinois's families and individuals.&#xd;
<Node id="1425"/>&#xd;
<Node id="1427"/>The Affordable Care Act<Node id="1450"/> has already delivered important <Node id="1483"/>wins for<Node id="1491"/> <Node id="1492"/>Illinois's residents<Node id="1512"/>. <Node id="1514"/>Illinoisans diagnosed with cancer or other serious conditions<Node id="1575"/> can <Node id="1580"/>no longer<Node id="1589"/> be <Node id="1593"/>denied<Node id="1599"/> care because of annual or lifetime insurance limits<Node id="1651"/> and <Node id="1656"/>insurers<Node id="1664"/> <Node id="1665"/>cannot<Node id="1671"/> <Node id="1672"/>deny<Node id="1676"/> <Node id="1677"/>coverage outright for children<Node id="1707"/>. <Node id="1709"/>Parents can keep their college-age children on their family health insurance policies<Node id="1794"/>. And <Node id="1800"/>Illinoisans with private insurance can get the screenings and check-ups they need to stay healthy, without <Node id="1907"/>the out-of-pocket costs<Node id="1930"/> that <Node id="1936"/>encourage<Node id="1945"/> <Node id="1946"/>fix-it care<Node id="1957"/> <Node id="1958"/>instead of<Node id="1968"/> <Node id="1969"/>health care<Node id="1980"/>.&#xd;
<Node id="1983"/>&#xd;
<Node id="1985"/>And <Node id="1989"/>the Affordable Care Act<Node id="2012"/> can deliver even bigger <Node id="2037"/>wins for<Node id="2045"/> <Node id="2046"/>Illinois<Node id="2054"/> in the coming years<Node id="2074"/>. <Node id="2076"/>It authorizes new insurance marketplaces or "exchanges," to make private insurance work better<Node id="2170"/>. <Node id="2172"/>Exchange subsidies can make care more affordable for middle-class families<Node id="2246"/>. <Node id="2248"/>The law<Node id="2255"/> authorizes <Node id="2267"/>improvements to<Node id="2282"/> <Node id="2283"/>Medicaid<Node id="2291"/> that can make health care a reality hundreds of thousands more Illinoisans who are uninsured today<Node id="2390"/>.&#xd;
<Node id="2393"/>&#xd;
<Node id="2395"/>But these gains for Illinois's families and individuals are not automatic. Our leaders in Springfield will make decisions over the next few years that will have consequences for decades to come. <Node id="2590"/>They will decide whether Illinois's exchange <Node id="2635"/>provides adequate access to<Node id="2662"/> health care for patients, families, and employers in Illinois in a manner that is in the best interest of such individuals, and they'll decide whether the exchange <Node id="2827"/>offers<Node id="2833"/> coverage parents can afford<Node id="2861"/>.&#xd;
<Node id="2864"/>&#xd;
<Node id="2866"/>They'll decide whether insurance consumer protections actually work and whether Medicaid reaches more uninsured Illinoisans, or whether these individuals will be left behind<Node id="3039"/>. <Node id="3041"/>And they'll make dozens of other decisions that will determine how - or even if - the Affordable Care Act works for Illinois<Node id="3165"/>.&#xd;
<Node id="3168"/>&#xd;
<Node id="3170"/>Every Illinois resident who cares about access to health care can help our leaders in Springfield make the right choices. <Node id="3292"/>Policymakers need to hear that it's time to embrace Illinois's long-standing tradition of putting access to health care ahead of partisan politics<Node id="3438"/>. <Node id="3440"/>They need to hear that the cost of failure is too high<Node id="3494"/>. <Node id="3496"/>They need to hear that they must keep implementation <Node id="3549"/>moving forward<Node id="3563"/>, and that making the right choices for Illinoisans is the best way to define success<Node id="3648"/>.&#xd;
<Node id="3651"/>&#xd;
<Node id="3653"/>The Affordable Care Act's first birthday is the perfect time to send a strong message to Illinois's leaders<Node id="3760"/>. <Node id="3762"/>If we get off the sidelines and into the game today, Illinois will be the big winner<Node id="3846"/>.&#xd;
<Node id="3849"/>&#xd;
 &#xd;
<Node id="3854"/>Tags: Affordable Care Act, Health Care Reform&#xd;
<Node id="3901"/></TextWithNodes>
<!-- The default annotation set -->

<AnnotationSet>
<Annotation Id="11" Type="doc" StartNode="0" EndNode="3901">
<Feature>
  <Name className="java.lang.String">id</Name>
  <Value className="java.lang.String">hc086</Value>
</Feature>
<Feature>
  <Name className="java.lang.String">author</Name>
  <Value className="java.lang.String">andrea,kovach</Value>
</Feature>
<Feature>
  <Name className="java.lang.String">date</Name>
  <Value className="java.lang.String">20110322</Value>
</Feature>
<Feature>
  <Name className="java.lang.String">source</Name>
  <Value className="java.lang.String">shriver,brief</Value>
</Feature>
<Feature>
  <Name className="java.lang.String">side</Name>
  <Value className="java.lang.String">pro</Value>
</Feature>
<Feature>
  <Name className="java.lang.String">url</Name>
  <Value className="java.lang.String">http://www.theshriverbrief.org/2011/03/articles/health-care-justice/health-care-reform-1/happy-birthday-affordable-care-act/</Value>
</Feature>
</Annotation>
<Annotation Id="12" Type="arg" StartNode="417" EndNode="520">
<Feature>
  <Name className="java.lang.String">type</Name>
  <Value className="java.lang.String">label</Value>
</Feature>
<Feature>
  <Name className="java.lang.String">ss-label</Name>
  <Value className="java.lang.String">current_system_leads_to_corporate_exploitation</Value>
</Feature>
<Feature>
  <Name className="java.lang.String">polarity</Name>
  <Value className="java.lang.String">positive</Value>
</Feature>
</Annotation>
<Annotation Id="13" Type="arg" StartNode="526" EndNode="848">
<Feature>
  <Name className="java.lang.String">type</Name>
  <Value className="java.lang.String">label</Value>
</Feature>
<Feature>
  <Name className="java.lang.String">ss-label</Name>
  <Value className="java.lang.String">expands/guarentees_access_to_insurance</Value>
</Feature>
<Feature>
  <Name className="java.lang.String">polarity</Name>
  <Value className="java.lang.String">positive</Value>
</Feature>
</Annotation>
<Annotation Id="14" Type="arg" StartNode="1427" EndNode="1512">
<Feature>
  <Name className="java.lang.String">type</Name>
  <Value className="java.lang.String">label</Value>
</Feature>
<Feature>
  <Name className="java.lang.String">ss-label</Name>
  <Value className="java.lang.String">bill_should_be_passed</Value>
</Feature>
<Feature>
  <Name className="java.lang.String">polarity</Name>
  <Value className="java.lang.String">positive</Value>
</Feature>
</Annotation>
<Annotation Id="15" Type="arg" StartNode="964" EndNode="1179">
<Feature>
  <Name className="java.lang.String">unclear</Name>
  <Value className="java.lang.String">true</Value>
</Feature>
<Feature>
  <Name className="java.lang.String">ss-label</Name>
  <Value className="java.lang.String">improves_healthcare_access</Value>
</Feature>
<Feature>
  <Name className="java.lang.String">type</Name>
  <Value className="java.lang.String">label</Value>
</Feature>
<Feature>
  <Name className="java.lang.String">polarity</Name>
  <Value className="java.lang.String">positive</Value>
</Feature>
<Feature>
  <Name className="java.lang.String">incomplete</Name>
  <Value className="java.lang.String">true</Value>
</Feature>
</Annotation>
<Annotation Id="17" Type="arg" StartNode="1656" EndNode="1707">
<Feature>
  <Name className="java.lang.String">type</Name>
  <Value className="java.lang.String">label</Value>
</Feature>
<Feature>
  <Name className="java.lang.String">ss-label</Name>
  <Value className="java.lang.String">eliminates_pre-existing_conditions_for_children</Value>
</Feature>
<Feature>
  <Name className="java.lang.String">polarity</Name>
  <Value className="java.lang.String">positive</Value>
</Feature>
</Annotation>
<Annotation Id="16" Type="arg" StartNode="1514" EndNode="1651">
<Feature>
  <Name className="java.lang.String">type</Name>
  <Value className="java.lang.String">label</Value>
</Feature>
<Feature>
  <Name className="java.lang.String">ss-label</Name>
  <Value className="java.lang.String">eliminates_caps_on_coverage</Value>
</Feature>
<Feature>
  <Name className="java.lang.String">polarity</Name>
  <Value className="java.lang.String">positive</Value>
</Feature>
</Annotation>
<Annotation Id="19" Type="arg" StartNode="1800" EndNode="1980">
<Feature>
  <Name className="java.lang.String">type</Name>
  <Value className="java.lang.String">label</Value>
</Feature>
<Feature>
  <Name className="java.lang.String">ss-label</Name>
  <Value className="java.lang.String">expands/guarantees_access_to_preventative_care</Value>
</Feature>
<Feature>
  <Name className="java.lang.String">polarity</Name>
  <Value className="java.lang.String">positive</Value>
</Feature>
</Annotation>
<Annotation Id="18" Type="rel" StartNode="1709" EndNode="1794">
<Feature>
  <Name className="java.lang.String">type</Name>
  <Value className="java.lang.String">label</Value>
</Feature>
<Feature>
  <Name className="java.lang.String">ss-label</Name>
  <Value className="java.lang.String">children_can_stay_on_parent_plans_longer</Value>
</Feature>
<Feature>
  <Name className="java.lang.String">polarity</Name>
  <Value className="java.lang.String">positive</Value>
</Feature>
</Annotation>
<Annotation Id="21" Type="arg" StartNode="2076" EndNode="2170">
<Feature>
  <Name className="java.lang.String">type</Name>
  <Value className="java.lang.String">label</Value>
</Feature>
<Feature>
  <Name className="java.lang.String">ss-label</Name>
  <Value className="java.lang.String">exchanges_support_informed_choice</Value>
</Feature>
<Feature>
  <Name className="java.lang.String">polarity</Name>
  <Value className="java.lang.String">positive</Value>
</Feature>
</Annotation>
<Annotation Id="20" Type="arg" StartNode="1985" EndNode="2074">
<Feature>
  <Name className="java.lang.String">type</Name>
  <Value className="java.lang.String">label</Value>
</Feature>
<Feature>
  <Name className="java.lang.String">ss-label</Name>
  <Value className="java.lang.String">bill_will_improve_healthcare_system</Value>
</Feature>
<Feature>
  <Name className="java.lang.String">polarity</Name>
  <Value className="java.lang.String">positive</Value>
</Feature>
</Annotation>
<Annotation Id="23" Type="arg" StartNode="2248" EndNode="2390">
<Feature>
  <Name className="java.lang.String">type</Name>
  <Value className="java.lang.String">label</Value>
</Feature>
<Feature>
  <Name className="java.lang.String">ss-label</Name>
  <Value className="java.lang.String">improves_healthcare_access</Value>
</Feature>
<Feature>
  <Name className="java.lang.String">polarity</Name>
  <Value className="java.lang.String">positive</Value>
</Feature>
</Annotation>
<Annotation Id="22" Type="arg" StartNode="2172" EndNode="2246">
<Feature>
  <Name className="java.lang.String">type</Name>
  <Value className="java.lang.String">label</Value>
</Feature>
<Feature>
  <Name className="java.lang.String">ss-label</Name>
  <Value className="java.lang.String">improves_healthcare_affordability</Value>
</Feature>
<Feature>
  <Name className="java.lang.String">polarity</Name>
  <Value className="java.lang.String">positive</Value>
</Feature>
</Annotation>
<Annotation Id="25" Type="arg" StartNode="2590" EndNode="2861">
<Feature>
  <Name className="java.lang.String">ss-label</Name>
  <Value className="java.lang.String">exchanges_support_informed_choice</Value>
</Feature>
<Feature>
  <Name className="java.lang.String">unclear</Name>
  <Value className="java.lang.String">true</Value>
</Feature>
<Feature>
  <Name className="java.lang.String">type</Name>
  <Value className="java.lang.String">label</Value>
</Feature>
<Feature>
  <Name className="java.lang.String">polarity</Name>
  <Value className="java.lang.String">positive</Value>
</Feature>
<Feature>
  <Name className="java.lang.String">incomplete</Name>
  <Value className="java.lang.String">true</Value>
</Feature>
</Annotation>
<Annotation Id="24" Type="arg" StartNode="3292" EndNode="3438">
<Feature>
  <Name className="java.lang.String">ss-label</Name>
  <Value className="java.lang.String">bill_should_be_passed</Value>
</Feature>
<Feature>
  <Name className="java.lang.String">unclear</Name>
  <Value className="java.lang.String">true</Value>
</Feature>
<Feature>
  <Name className="java.lang.String">type</Name>
  <Value className="java.lang.String">label</Value>
</Feature>
<Feature>
  <Name className="java.lang.String">polarity</Name>
  <Value className="java.lang.String">positive</Value>
</Feature>
</Annotation>
<Annotation Id="26" Type="rel" StartNode="2866" EndNode="3039">
<Feature>
  <Name className="java.lang.String">unclear</Name>
  <Value className="java.lang.String">true</Value>
</Feature>
<Feature>
  <Name className="java.lang.String">ss-label</Name>
  <Value className="java.lang.String">improves_healthcare_coverage_for_poor</Value>
</Feature>
<Feature>
  <Name className="java.lang.String">type</Name>
  <Value className="java.lang.String">label</Value>
</Feature>
<Feature>
  <Name className="java.lang.String">polarity</Name>
  <Value className="java.lang.String">both</Value>
</Feature>
<Feature>
  <Name className="java.lang.String">incomplete</Name>
  <Value className="java.lang.String">true</Value>
</Feature>
</Annotation>
<Annotation Id="29" Type="arg" StartNode="307" EndNode="415">
<Feature>
  <Name className="java.lang.String">ss-label</Name>
  <Value className="java.lang.String">bill_generally_good</Value>
</Feature>
<Feature>
  <Name className="java.lang.String">type</Name>
  <Value className="java.lang.String">label</Value>
</Feature>
<Feature>
  <Name className="java.lang.String">polarity</Name>
  <Value className="java.lang.String">positive</Value>
</Feature>
<Feature>
  <Name className="java.lang.String">incomplete</Name>
  <Value className="java.lang.String">true</Value>
</Feature>
</Annotation>
<Annotation Id="28" Type="rel" StartNode="204" EndNode="305">
<Feature>
  <Name className="java.lang.String">type</Name>
  <Value className="java.lang.String">label</Value>
</Feature>
<Feature>
  <Name className="java.lang.String">ss-label</Name>
  <Value className="java.lang.String">bill_generally_good</Value>
</Feature>
</Annotation>
<Annotation Id="31" Type="arg" StartNode="3762" EndNode="3846">
<Feature>
  <Name className="java.lang.String">type</Name>
  <Value className="java.lang.String">else</Value>
</Feature>
<Feature>
  <Name className="java.lang.String">polarity</Name>
  <Value className="java.lang.String">positive</Value>
</Feature>
</Annotation>
<Annotation Id="30" Type="arg" StartNode="853" EndNode="962">
<Feature>
  <Name className="java.lang.String">type</Name>
  <Value className="java.lang.String">label</Value>
</Feature>
<Feature>
  <Name className="java.lang.String">ss-label</Name>
  <Value className="java.lang.String">improves_healthcare_access</Value>
</Feature>
<Feature>
  <Name className="java.lang.String">polarity</Name>
  <Value className="java.lang.String">positive</Value>
</Feature>
</Annotation>
<Annotation Id="34" Type="arg" StartNode="3440" EndNode="3494">
<Feature>
  <Name className="java.lang.String">ss-label</Name>
  <Value className="java.lang.String">bill_generally_good</Value>
</Feature>
<Feature>
  <Name className="java.lang.String">unclear</Name>
  <Value className="java.lang.String">true</Value>
</Feature>
<Feature>
  <Name className="java.lang.String">type</Name>
  <Value className="java.lang.String">label</Value>
</Feature>
<Feature>
  <Name className="java.lang.String">polarity</Name>
  <Value className="java.lang.String">negative</Value>
</Feature>
</Annotation>
<Annotation Id="35" Type="arg" StartNode="3653" EndNode="3760">
<Feature>
  <Name className="java.lang.String">type</Name>
  <Value className="java.lang.String">else</Value>
</Feature>
<Feature>
  <Name className="java.lang.String">ss-label</Name>
  <Value className="java.lang.String"></Value>
</Feature>
<Feature>
  <Name className="java.lang.String">polarity</Name>
  <Value className="java.lang.String">positive</Value>
</Feature>
</Annotation>
<Annotation Id="32" Type="arg" StartNode="3496" EndNode="3648">
<Feature>
  <Name className="java.lang.String">type</Name>
  <Value className="java.lang.String">label</Value>
</Feature>
<Feature>
  <Name className="java.lang.String">ss-label</Name>
  <Value className="java.lang.String">bill_generally_good</Value>
</Feature>
<Feature>
  <Name className="java.lang.String">polarity</Name>
  <Value className="java.lang.String">positive</Value>
</Feature>
</Annotation>
<Annotation Id="33" Type="rel" StartNode="3041" EndNode="3165">
<Feature>
  <Name className="java.lang.String">type</Name>
  <Value className="java.lang.String">label</Value>
</Feature>
<Feature>
  <Name className="java.lang.String">ss-label</Name>
  <Value className="java.lang.String">bill_generally_good</Value>
</Feature>
</Annotation>
<Annotation Id="38" Type="gfbf-agent" StartNode="432" EndNode="439">
<Feature>
  <Name className="java.lang.String">writerAtt</Name>
  <Value className="java.lang.String">positive</Value>
</Feature>
</Annotation>
<Annotation Id="39" Type="gfbf" StartNode="538" EndNode="543">
<Feature>
  <Name className="java.lang.String">agentId</Name>
  <Value className="java.lang.String">38</Value>
</Feature>
<Feature>
  <Name className="java.lang.String">objectId</Name>
  <Value className="java.lang.String">40</Value>
</Feature>
<Feature>
  <Name className="java.lang.String">polarity</Name>
  <Value className="java.lang.String">goodfor</Value>
</Feature>
</Annotation>
<Annotation Id="36" Type="gfbf" StartNode="440" EndNode="471">
<Feature>
  <Name className="java.lang.String">agentId</Name>
  <Value className="java.lang.String">38</Value>
</Feature>
<Feature>
  <Name className="java.lang.String">comment</Name>
  <Value className="java.lang.String">impose on</Value>
</Feature>
<Feature>
  <Name className="java.lang.String">polarity</Name>
  <Value className="java.lang.String">badfor</Value>
</Feature>
<Feature>
  <Name className="java.lang.String">objectId</Name>
  <Value className="java.lang.String">37</Value>
</Feature>
</Annotation>
<Annotation Id="37" Type="gfbf-object" StartNode="472" EndNode="520">
<Feature>
  <Name className="java.lang.String">writerAtt</Name>
  <Value className="java.lang.String">negative</Value>
</Feature>
</Annotation>
<Annotation Id="42" Type="gfbf-object" StartNode="600" EndNode="694">
<Feature>
  <Name className="java.lang.String">writerAtt</Name>
  <Value className="java.lang.String">positive</Value>
</Feature>
</Annotation>
<Annotation Id="43" Type="gfbf-agent" StartNode="583" EndNode="589">
<Feature>
  <Name className="java.lang.String">writerAtt</Name>
  <Value className="java.lang.String">positive</Value>
</Feature>
</Annotation>
<Annotation Id="40" Type="gfbf-object" StartNode="544" EndNode="570">
<Feature>
  <Name className="java.lang.String">writerAtt</Name>
  <Value className="java.lang.String">positive</Value>
</Feature>
</Annotation>
<Annotation Id="41" Type="gfbf" StartNode="593" EndNode="599">
<Feature>
  <Name className="java.lang.String">agentId</Name>
  <Value className="java.lang.String">43</Value>
</Feature>
<Feature>
  <Name className="java.lang.String">objectId</Name>
  <Value className="java.lang.String">42</Value>
</Feature>
<Feature>
  <Name className="java.lang.String">polarity</Name>
  <Value className="java.lang.String">goodfor</Value>
</Feature>
</Annotation>
<Annotation Id="46" Type="gfbf-object" StartNode="774" EndNode="782">
<Feature>
  <Name className="java.lang.String">writerAtt</Name>
  <Value className="java.lang.String">positive</Value>
</Feature>
</Annotation>
<Annotation Id="47" Type="gfbf-agent" StartNode="740" EndNode="761">
<Feature>
  <Name className="java.lang.String">writerAtt</Name>
  <Value className="java.lang.String">positive</Value>
</Feature>
</Annotation>
<Annotation Id="44" Type="others" StartNode="696" EndNode="732">
<Feature>
  <Name className="java.lang.String">comment</Name>
  <Value className="java.lang.String">make ADJ</Value>
</Feature>
</Annotation>
<Annotation Id="45" Type="gfbf" StartNode="768" EndNode="773">
<Feature>
  <Name className="java.lang.String">agentId</Name>
  <Value className="java.lang.String">47</Value>
</Feature>
<Feature>
  <Name className="java.lang.String">objectId</Name>
  <Value className="java.lang.String">46</Value>
</Feature>
<Feature>
  <Name className="java.lang.String">polarity</Name>
  <Value className="java.lang.String">badfor</Value>
</Feature>
</Annotation>
<Annotation Id="51" Type="gfbf" StartNode="892" EndNode="897">
<Feature>
  <Name className="java.lang.String">agentId</Name>
  <Value className="java.lang.String">53</Value>
</Feature>
<Feature>
  <Name className="java.lang.String">objectId</Name>
  <Value className="java.lang.String">52</Value>
</Feature>
<Feature>
  <Name className="java.lang.String">polarity</Name>
  <Value className="java.lang.String">goodfor</Value>
</Feature>
</Annotation>
<Annotation Id="50" Type="gfbf-object" StartNode="819" EndNode="827">
<Feature>
  <Name className="java.lang.String">writerAtt</Name>
  <Value className="java.lang.String">positive</Value>
</Feature>
</Annotation>
<Annotation Id="49" Type="gfbf" StartNode="811" EndNode="818">
<Feature>
  <Name className="java.lang.String">agentId</Name>
  <Value className="java.lang.String">38</Value>
</Feature>
<Feature>
  <Name className="java.lang.String">objectId</Name>
  <Value className="java.lang.String">50</Value>
</Feature>
<Feature>
  <Name className="java.lang.String">polarity</Name>
  <Value className="java.lang.String">goodfor</Value>
</Feature>
</Annotation>
<Annotation Id="48" Type="influencer" StartNode="762" EndNode="767">
<Feature>
  <Name className="java.lang.String">effect</Name>
  <Value className="java.lang.String">reverse</Value>
</Feature>
<Feature>
  <Name className="java.lang.String">agentId</Name>
  <Value className="java.lang.String">47</Value>
</Feature>
<Feature>
  <Name className="java.lang.String">objectId</Name>
  <Value className="java.lang.String">45</Value>
</Feature>
</Annotation>
<Annotation Id="55" Type="gfbf-object" StartNode="1053" EndNode="1061">
<Feature>
  <Name className="java.lang.String">writerAtt</Name>
  <Value className="java.lang.String">negative</Value>
</Feature>
</Annotation>
<Annotation Id="54" Type="gfbf" StartNode="1046" EndNode="1052">
<Feature>
  <Name className="java.lang.String">agentId</Name>
  <Value className="java.lang.String">59</Value>
</Feature>
<Feature>
  <Name className="java.lang.String">objectId</Name>
  <Value className="java.lang.String">55</Value>
</Feature>
<Feature>
  <Name className="java.lang.String">polarity</Name>
  <Value className="java.lang.String">badfor</Value>
</Feature>
</Annotation>
<Annotation Id="53" Type="gfbf-agent" StartNode="853" EndNode="871">
<Feature>
  <Name className="java.lang.String">writerAtt</Name>
  <Value className="java.lang.String">positive</Value>
</Feature>
</Annotation>
<Annotation Id="52" Type="gfbf-object" StartNode="898" EndNode="923">
<Feature>
  <Name className="java.lang.String">writerAtt</Name>
  <Value className="java.lang.String">positive</Value>
</Feature>
</Annotation>
<Annotation Id="59" Type="gfbf-agent" StartNode="964" EndNode="989">
<Feature>
  <Name className="java.lang.String">writerAtt</Name>
  <Value className="java.lang.String">positive</Value>
</Feature>
</Annotation>
<Annotation Id="58" Type="gfbf-object" StartNode="1075" EndNode="1129">
<Feature>
  <Name className="java.lang.String">writerAtt</Name>
  <Value className="java.lang.String">positive</Value>
</Feature>
</Annotation>
<Annotation Id="56" Type="gfbf" StartNode="1069" EndNode="1074">
<Feature>
  <Name className="java.lang.String">agentId</Name>
  <Value className="java.lang.String">59</Value>
</Feature>
<Feature>
  <Name className="java.lang.String">objectId</Name>
  <Value className="java.lang.String">58</Value>
</Feature>
<Feature>
  <Name className="java.lang.String">polarity</Name>
  <Value className="java.lang.String">goodfor</Value>
</Feature>
</Annotation>
<Annotation Id="63" Type="gfbf" StartNode="1593" EndNode="1599">
<Feature>
  <Name className="java.lang.String">agentId</Name>
  <Value className="java.lang.String">implicit</Value>
</Feature>
<Feature>
  <Name className="java.lang.String">objectId</Name>
  <Value className="java.lang.String">64</Value>
</Feature>
<Feature>
  <Name className="java.lang.String">polarity</Name>
  <Value className="java.lang.String">badfor</Value>
</Feature>
</Annotation>
<Annotation Id="62" Type="gfbf-agent" StartNode="1427" EndNode="1450">
<Feature>
  <Name className="java.lang.String">writerAtt</Name>
  <Value className="java.lang.String">positive</Value>
</Feature>
</Annotation>
<Annotation Id="61" Type="gfbf-object" StartNode="1492" EndNode="1512">
<Feature>
  <Name className="java.lang.String">writerAtt</Name>
  <Value className="java.lang.String">positive</Value>
</Feature>
</Annotation>
<Annotation Id="68" Type="gfbf" StartNode="1672" EndNode="1676">
<Feature>
  <Name className="java.lang.String">agentId</Name>
  <Value className="java.lang.String">69</Value>
</Feature>
<Feature>
  <Name className="java.lang.String">objectId</Name>
  <Value className="java.lang.String">70</Value>
</Feature>
<Feature>
  <Name className="java.lang.String">polarity</Name>
  <Value className="java.lang.String">badfor</Value>
</Feature>
</Annotation>
<Annotation Id="69" Type="gfbf-agent" StartNode="1656" EndNode="1664">
<Feature>
  <Name className="java.lang.String">writerAtt</Name>
  <Value className="java.lang.String">negative</Value>
</Feature>
</Annotation>
<Annotation Id="70" Type="gfbf-object" StartNode="1677" EndNode="1707">
<Feature>
  <Name className="java.lang.String">writerAtt</Name>
  <Value className="java.lang.String">positive</Value>
</Feature>
</Annotation>
<Annotation Id="71" Type="influencer" StartNode="1665" EndNode="1671">
<Feature>
  <Name className="java.lang.String">effect</Name>
  <Value className="java.lang.String">reverse</Value>
</Feature>
<Feature>
  <Name className="java.lang.String">agentId</Name>
  <Value className="java.lang.String">69</Value>
</Feature>
<Feature>
  <Name className="java.lang.String">objectId</Name>
  <Value className="java.lang.String">68</Value>
</Feature>
</Annotation>
<Annotation Id="64" Type="gfbf-object" StartNode="1514" EndNode="1575">
<Feature>
  <Name className="java.lang.String">writerAtt</Name>
  <Value className="java.lang.String">positive</Value>
</Feature>
</Annotation>
<Annotation Id="66" Type="influencer" StartNode="1580" EndNode="1589">
<Feature>
  <Name className="java.lang.String">effect</Name>
  <Value className="java.lang.String">reverse</Value>
</Feature>
<Feature>
  <Name className="java.lang.String">agentId</Name>
  <Value className="java.lang.String">implicit</Value>
</Feature>
<Feature>
  <Name className="java.lang.String">objectId</Name>
  <Value className="java.lang.String">63</Value>
</Feature>
</Annotation>
<Annotation Id="76" Type="gfbf-object" StartNode="1969" EndNode="1980">
<Feature>
  <Name className="java.lang.String">writerAtt</Name>
  <Value className="java.lang.String">positive</Value>
</Feature>
</Annotation>
<Annotation Id="77" Type="gfbf" StartNode="1936" EndNode="1945">
<Feature>
  <Name className="java.lang.String">agentId</Name>
  <Value className="java.lang.String">74</Value>
</Feature>
<Feature>
  <Name className="java.lang.String">polarity</Name>
  <Value className="java.lang.String">goodfor</Value>
</Feature>
<Feature>
  <Name className="java.lang.String">objectId</Name>
  <Value className="java.lang.String">76</Value>
</Feature>
</Annotation>
<Annotation Id="79" Type="gfbf" StartNode="1483" EndNode="1491">
<Feature>
  <Name className="java.lang.String">agentId</Name>
  <Value className="java.lang.String">62</Value>
</Feature>
<Feature>
  <Name className="java.lang.String">objectId</Name>
  <Value className="java.lang.String">61</Value>
</Feature>
<Feature>
  <Name className="java.lang.String">polarity</Name>
  <Value className="java.lang.String">goodfor</Value>
</Feature>
</Annotation>
<Annotation Id="72" Type="gfbf" StartNode="1936" EndNode="1945">
<Feature>
  <Name className="java.lang.String">agentId</Name>
  <Value className="java.lang.String">74</Value>
</Feature>
<Feature>
  <Name className="java.lang.String">objectId</Name>
  <Value className="java.lang.String">73</Value>
</Feature>
<Feature>
  <Name className="java.lang.String">polarity</Name>
  <Value className="java.lang.String">goodfor</Value>
</Feature>
</Annotation>
<Annotation Id="73" Type="gfbf-object" StartNode="1946" EndNode="1957">
<Feature>
  <Name className="java.lang.String">writerAtt</Name>
  <Value className="java.lang.String">negative</Value>
</Feature>
</Annotation>
<Annotation Id="74" Type="gfbf-agent" StartNode="1907" EndNode="1930">
<Feature>
  <Name className="java.lang.String">writerAtt</Name>
  <Value className="java.lang.String">negative</Value>
</Feature>
</Annotation>
<Annotation Id="75" Type="influencer" StartNode="1958" EndNode="1968">
<Feature>
  <Name className="java.lang.String">effect</Name>
  <Value className="java.lang.String">reverse</Value>
</Feature>
<Feature>
  <Name className="java.lang.String">agentId</Name>
  <Value className="java.lang.String">74</Value>
</Feature>
<Feature>
  <Name className="java.lang.String">objectId</Name>
  <Value className="java.lang.String">77</Value>
</Feature>
</Annotation>
<Annotation Id="85" Type="gfbf" StartNode="2267" EndNode="2282">
<Feature>
  <Name className="java.lang.String">agentId</Name>
  <Value className="java.lang.String">87</Value>
</Feature>
<Feature>
  <Name className="java.lang.String">objectId</Name>
  <Value className="java.lang.String">86</Value>
</Feature>
<Feature>
  <Name className="java.lang.String">polarity</Name>
  <Value className="java.lang.String">goodfor</Value>
</Feature>
</Annotation>
<Annotation Id="84" Type="gfbf-agent" StartNode="1989" EndNode="2012">
<Feature>
  <Name className="java.lang.String">writerAtt</Name>
  <Value className="java.lang.String">positive</Value>
</Feature>
</Annotation>
<Annotation Id="87" Type="gfbf-agent" StartNode="2248" EndNode="2255">
<Feature>
  <Name className="java.lang.String">writerAtt</Name>
  <Value className="java.lang.String">positive</Value>
</Feature>
</Annotation>
<Annotation Id="86" Type="gfbf-object" StartNode="2283" EndNode="2291">
<Feature>
  <Name className="java.lang.String">writerAtt</Name>
  <Value className="java.lang.String">positive</Value>
</Feature>
</Annotation>
<Annotation Id="83" Type="gfbf-object" StartNode="2046" EndNode="2054">
<Feature>
  <Name className="java.lang.String">writerAtt</Name>
  <Value className="java.lang.String">positive</Value>
</Feature>
</Annotation>
<Annotation Id="82" Type="gfbf" StartNode="2037" EndNode="2045">
<Feature>
  <Name className="java.lang.String">agentId</Name>
  <Value className="java.lang.String">84</Value>
</Feature>
<Feature>
  <Name className="java.lang.String">objectId</Name>
  <Value className="java.lang.String">83</Value>
</Feature>
<Feature>
  <Name className="java.lang.String">polarity</Name>
  <Value className="java.lang.String">goodfor</Value>
</Feature>
</Annotation>
<Annotation Id="89" Type="others" StartNode="2827" EndNode="2833">
<Feature>
  <Name className="java.lang.String">comment</Name>
  <Value className="java.lang.String">offer</Value>
</Feature>
</Annotation>
<Annotation Id="88" Type="others" StartNode="2635" EndNode="2662">
<Feature>
  <Name className="java.lang.String">comment</Name>
  <Value className="java.lang.String">provide</Value>
</Feature>
</Annotation>
<Annotation Id="90" Type="others" StartNode="3549" EndNode="3563">
<Feature>
  <Name className="java.lang.String">comment</Name>
  <Value className="java.lang.String">GoodFor agent</Value>
</Feature>
</Annotation>
</AnnotationSet>

<!-- Named annotation set -->

<AnnotationSet Name="Original markups">
<Annotation Id="0" Type="paragraph" StartNode="0" EndNode="143">
</Annotation>
<Annotation Id="1" Type="paragraph" StartNode="149" EndNode="202">
</Annotation>
<Annotation Id="2" Type="paragraph" StartNode="204" EndNode="851">
</Annotation>
<Annotation Id="3" Type="paragraph" StartNode="853" EndNode="1425">
</Annotation>
<Annotation Id="4" Type="paragraph" StartNode="1427" EndNode="1983">
</Annotation>
<Annotation Id="5" Type="paragraph" StartNode="1985" EndNode="2393">
</Annotation>
<Annotation Id="6" Type="paragraph" StartNode="2395" EndNode="2864">
</Annotation>
<Annotation Id="7" Type="paragraph" StartNode="2866" EndNode="3168">
</Annotation>
<Annotation Id="8" Type="paragraph" StartNode="3170" EndNode="3651">
</Annotation>
<Annotation Id="9" Type="paragraph" StartNode="3653" EndNode="3849">
</Annotation>
<Annotation Id="10" Type="paragraph" StartNode="3854" EndNode="3901">
</Annotation>
</AnnotationSet>

</GateDocument>
