<?xml version='1.0' encoding='US-ASCII'?>
<GateDocument version="2">
<!-- The document's features-->

<GateDocumentFeatures>
<Feature>
  <Name className="java.lang.String">gate.SourceURL</Name>
  <Value className="java.lang.String">file:/E:/Users/conrada/Documents/My%20Dropbox/healthcare_data/training_3/hc092.txt</Value>
</Feature>
<Feature>
  <Name className="java.lang.String">MimeType</Name>
  <Value className="java.lang.String">text/plain</Value>
</Feature>
<Feature>
  <Name className="java.lang.String">docNewLineType</Name>
  <Value className="java.lang.String">CRLF</Value>
</Feature>
</GateDocumentFeatures>
<!-- The document content area with serialized nodes -->

<TextWithNodes><Node id="0"/>The White House Blog&#xd;
<Node id="22"/>Repealing<Node id="31"/> <Node id="32"/>the Affordable Care Act<Node id="55"/> will <Node id="61"/>Hurt<Node id="65"/> <Node id="66"/>the Economy<Node id="77"/>&#xd;
Posted by Stephanie Cutter on January 07, 2011 at 01:36 PM EST&#xd;
<Node id="143"/>&#xd;
<Node id="145"/>The House Republican Health Care Plan<Node id="182"/> to <Node id="186"/>repeal<Node id="192"/> <Node id="193"/>the Affordable Care Act<Node id="216"/> and <Node id="221"/>take away<Node id="230"/> <Node id="231"/>all the new freedom and control<Node id="262"/> it gives the American people over their health care and give it back to insurance companies<Node id="354"/> <Node id="355"/>will not only <Node id="369"/>raise<Node id="374"/> <Node id="375"/>costs for individuals and businesses<Node id="411"/>, but <Node id="417"/>it<Node id="419"/> will <Node id="425"/>hurt<Node id="429"/> <Node id="430"/>our economy<Node id="441"/>.  &#xd;
<Node id="446"/>&#xd;
<Node id="448"/>Since the President signed the Affordable Care Act into law last March, <Node id="520"/>the economy<Node id="531"/> has <Node id="536"/>created<Node id="543"/> <Node id="544"/>over 1 million private sector jobs<Node id="578"/>, including <Node id="590"/>the 113,000 private sector jobs<Node id="621"/> <Node id="622"/>created<Node id="629"/> in December announced today<Node id="657"/>.   <Node id="661"/>So, at a time when our economy is getting stronger, <Node id="713"/>repealing<Node id="722"/> <Node id="723"/>the law<Node id="730"/> would <Node id="737"/>hamper<Node id="743"/> <Node id="744"/>that important economic progress<Node id="776"/> by <Node id="780"/>increasing<Node id="790"/> <Node id="791"/>costs on individuals and businesses<Node id="826"/>, <Node id="828"/>weakening<Node id="837"/> <Node id="838"/>the benefits and protections that Americans with private insurance are already enjoying<Node id="925"/>, and <Node id="931"/>adding more than a trillion dollars to<Node id="969"/> <Node id="970"/>our deficits<Node id="982"/>.  &#xd;
<Node id="987"/>&#xd;
<Node id="989"/>Opponents&#x2019; claim that <Node id="1011"/>the law is &#x201c;job-killing&#x201d;<Node id="1035"/> is <Node id="1039"/>in direct contradiction to<Node id="1065"/> <Node id="1066"/>what has actually been happening in the economy since enactment<Node id="1129"/>.  <Node id="1132"/>In fact, <Node id="1141"/>repealing<Node id="1150"/> <Node id="1151"/>the law<Node id="1158"/> would likely <Node id="1172"/>slow down<Node id="1181"/> <Node id="1182"/>the growth of our economy<Node id="1207"/>.    Here are the facts:&#xd;
<Node id="1233"/>&#xd;
    <Node id="1239"/>Since the Affordable Care Act was signed into law, <Node id="1290"/>the economy<Node id="1301"/> has <Node id="1306"/>created<Node id="1313"/> <Node id="1314"/>over 1 million private sector jobs<Node id="1348"/>.  <Node id="1351"/>The unemployment rate is 9.4%, lower than it was in March 2010 &#x2014; 9.7%<Node id="1420"/>. &#xd;
    <Node id="1428"/>In the period during and right after the enactment of the law, the economy grew by 2.7%<Node id="1515"/>.&#xd;
    <Node id="1522"/>Consumer confidence in a range of areas have improved, including retail and food sales by 4%, and auto sales by 7% since the enactment of the law<Node id="1667"/>.&#xd;
    <Node id="1674"/>Slowing<Node id="1681"/> <Node id="1682"/>the growth of health care costs<Node id="1713"/> &#x2014; as <Node id="1719"/>the Affordable Care Act<Node id="1742"/> does &#x2014; will have the likely impact of <Node id="1781"/>creating<Node id="1789"/> <Node id="1790"/>more jobs<Node id="1799"/> since businesses will have to spend less on health care for their employees<Node id="1875"/>.  <Node id="1878"/>This reduction could create more than 300,000 additional jobs<Node id="1939"/>. &#xd;
    <Node id="1947"/>The law<Node id="1954"/> widely <Node id="1962"/>expands<Node id="1969"/> <Node id="1970"/>coverage to Americans<Node id="1991"/>, <Node id="1993"/>thereby <Node id="2001"/>reducing<Node id="2009"/> <Node id="2010"/>the hidden tax of about $1000 that families with insurance pay each year in additional premium costs<Node id="2110"/> to <Node id="2114"/>cover<Node id="2119"/> <Node id="2120"/>the uncompensated costs of the uninsured<Node id="2160"/>. &#xd;
    <Node id="2168"/>The law<Node id="2175"/> <Node id="2176"/>reduces<Node id="2183"/> <Node id="2184"/>small businesses&#x2019; health care expenses<Node id="2222"/> by giving them $40 billion worth of tax credits, and through the creation of new, competitive state-based insurance Exchanges<Node id="2348"/>.  <Node id="2351"/>Exchanges will enable individuals and small businesses to pool together and use their market strength to buy coverage at a lower cost, the same way large employers do today, giving them the freedom to launch their own companies without worrying whether health care will be available when they need it<Node id="2651"/>.&#xd;
    <Node id="2658"/>The law<Node id="2665"/> will <Node id="2671"/>lower<Node id="2676"/> <Node id="2677"/>the deficit<Node id="2688"/> by over $100 billion this decade and by over $1 trillion in the following decade<Node id="2769"/>. &#xd;
<Node id="2773"/>&#xd;
<Node id="2775"/>Repealing<Node id="2784"/> <Node id="2785"/>the Affordable Care Act<Node id="2808"/> would <Node id="2815"/>have a devastating impact on<Node id="2843"/> <Node id="2844"/>our economy<Node id="2855"/>.  <Node id="2858"/>In addition to <Node id="2873"/>hurting<Node id="2880"/> <Node id="2881"/>some of the economic progress that has been made over the past ten months<Node id="2954"/> <Node id="2955"/>the Congressional Budget Office found that <Node id="2998"/>repealing<Node id="3007"/> <Node id="3008"/>the law<Node id="3015"/> would <Node id="3022"/>add over a quarter of a trillion dollars -- $230 billion &#x2014; to<Node id="3083"/> <Node id="3084"/>the deficit<Node id="3095"/> in the first decade, and more than a trillion dollars in the second decade<Node id="3170"/>; <Node id="3172"/>increase<Node id="3180"/> <Node id="3181"/>the number of uninsured by 32 million Americans<Node id="3228"/>; <Node id="3230"/>increase<Node id="3238"/> <Node id="3239"/>premiums for large employers<Node id="3267"/>; and <Node id="3273"/>will force consumers who buy coverage on the individual market to pay more out of pocket for fewer benefits<Node id="3380"/>.&#xd;
<Node id="3383"/>&#xd;
<Node id="3385"/>In addition, Harvard Economist David Cutler found in a report released today by the Center for American Progress that <Node id="3503"/>repealing<Node id="3512"/> <Node id="3513"/>the law<Node id="3520"/> would significantly <Node id="3541"/>increase<Node id="3549"/> <Node id="3550"/>costs<Node id="3555"/> and <Node id="3560"/>reduce<Node id="3566"/> <Node id="3567"/>job growth<Node id="3577"/>.  <Node id="3580"/>It will " - revert us back to the old system for financing and delivering health care and lead to substantial increases in total medical spending&#x201d;<Node id="3726"/> by:&#xd;
<Node id="3732"/>&#xd;
    <Node id="3738"/>Adding up to $2,000 annually to<Node id="3769"/> <Node id="3770"/>family premiums<Node id="3785"/> and <Node id="3790"/>increasing<Node id="3800"/> <Node id="3801"/>overall medical spending $125 billion<Node id="3838"/> by the end of this decade<Node id="3864"/>. &#xd;
    <Node id="3872"/>Preventing<Node id="3882"/> <Node id="3883"/>250,000 to 400,000 jobs<Node id="3906"/> from being <Node id="3918"/>created<Node id="3925"/> annually over the next decade<Node id="3955"/>.&#xd;
    <Node id="3962"/>Suppressing<Node id="3973"/> <Node id="3974"/>entrepreneurship among workers who may have started new businesses, or sought new opportunities in the economy<Node id="4084"/> since they will no longer <Node id="4111"/>be free from<Node id="4123"/> worrying whether affordable coverage would be available to them in the new Exchanges, when they need it the most<Node id="4236"/>.&#xd;
<Node id="4239"/>&#xd;
<Node id="4241"/>Again, these facts speak for themselves.  <Node id="4283"/>Repealing<Node id="4292"/> <Node id="4293"/>the Affordable Care Act<Node id="4316"/> would <Node id="4323"/>hurt<Node id="4327"/> <Node id="4328"/>families, businesses, and our economy<Node id="4365"/>.  &#xd;
<Node id="4370"/>&#xd;
    <Node id="4376"/>View a blog post about how many jobs our economy has created.&#xd;
    View the full Center for American Progress report on the economic consequences of repealing the law.&#xd;
<Node id="4545"/>&#xd;
<Node id="4547"/>Stephanie Cutter is Assistant to the President for Special Projects.<Node id="4615"/></TextWithNodes>
<!-- The default annotation set -->

<AnnotationSet>
<Annotation Id="11" Type="doc" StartNode="0" EndNode="4615">
<Feature>
  <Name className="java.lang.String">id</Name>
  <Value className="java.lang.String">hc092</Value>
</Feature>
<Feature>
  <Name className="java.lang.String">author</Name>
  <Value className="java.lang.String">stephanie,cutter</Value>
</Feature>
<Feature>
  <Name className="java.lang.String">date</Name>
  <Value className="java.lang.String">20110107</Value>
</Feature>
<Feature>
  <Name className="java.lang.String">source</Name>
  <Value className="java.lang.String">white,house,blog</Value>
</Feature>
<Feature>
  <Name className="java.lang.String">side</Name>
  <Value className="java.lang.String">pro</Value>
</Feature>
<Feature>
  <Name className="java.lang.String">url</Name>
  <Value className="java.lang.String">http://www.whitehouse.gov/blog/2011/01/07/repealing-affordable-care-act-will-hurt-economy</Value>
</Feature>
</Annotation>
<Annotation Id="12" Type="arg" StartNode="22" EndNode="77">
<Feature>
  <Name className="java.lang.String">type</Name>
  <Value className="java.lang.String">label</Value>
</Feature>
<Feature>
  <Name className="java.lang.String">ss-label</Name>
  <Value className="java.lang.String">helps_economy</Value>
</Feature>
<Feature>
  <Name className="java.lang.String">polarity</Name>
  <Value className="java.lang.String">negative</Value>
</Feature>
</Annotation>
<Annotation Id="13" Type="arg" StartNode="145" EndNode="354">
<Feature>
  <Name className="java.lang.String">type</Name>
  <Value className="java.lang.String">label</Value>
</Feature>
<Feature>
  <Name className="java.lang.String">ss-label</Name>
  <Value className="java.lang.String">makes_care_more_direct</Value>
</Feature>
<Feature>
  <Name className="java.lang.String">polarity</Name>
  <Value className="java.lang.String">negative</Value>
</Feature>
</Annotation>
<Annotation Id="14" Type="arg" StartNode="355" EndNode="441">
<Feature>
  <Name className="java.lang.String">ss-label</Name>
  <Value className="java.lang.String">helps_economy</Value>
</Feature>
<Feature>
  <Name className="java.lang.String">type</Name>
  <Value className="java.lang.String">label</Value>
</Feature>
<Feature>
  <Name className="java.lang.String">polarity</Name>
  <Value className="java.lang.String">negative</Value>
</Feature>
<Feature>
  <Name className="java.lang.String">incomplete</Name>
  <Value className="java.lang.String">true</Value>
</Feature>
</Annotation>
<Annotation Id="15" Type="arg" StartNode="448" EndNode="657">
<Feature>
  <Name className="java.lang.String">type</Name>
  <Value className="java.lang.String">label</Value>
</Feature>
<Feature>
  <Name className="java.lang.String">ss-label</Name>
  <Value className="java.lang.String">promotes_jobs</Value>
</Feature>
<Feature>
  <Name className="java.lang.String">polarity</Name>
  <Value className="java.lang.String">positive</Value>
</Feature>
</Annotation>
<Annotation Id="17" Type="arg" StartNode="828" EndNode="925">
<Feature>
  <Name className="java.lang.String">ss-label</Name>
  <Value className="java.lang.String">improves_healthcare_access</Value>
</Feature>
<Feature>
  <Name className="java.lang.String">unclear</Name>
  <Value className="java.lang.String">true</Value>
</Feature>
<Feature>
  <Name className="java.lang.String">type</Name>
  <Value className="java.lang.String">label</Value>
</Feature>
<Feature>
  <Name className="java.lang.String">polarity</Name>
  <Value className="java.lang.String">negative</Value>
</Feature>
<Feature>
  <Name className="java.lang.String">incomplete</Name>
  <Value className="java.lang.String">true</Value>
</Feature>
</Annotation>
<Annotation Id="16" Type="arg" StartNode="661" EndNode="826">
<Feature>
  <Name className="java.lang.String">type</Name>
  <Value className="java.lang.String">label</Value>
</Feature>
<Feature>
  <Name className="java.lang.String">ss-label</Name>
  <Value className="java.lang.String">promotes_jobs</Value>
</Feature>
<Feature>
  <Name className="java.lang.String">polarity</Name>
  <Value className="java.lang.String">negative</Value>
</Feature>
</Annotation>
<Annotation Id="19" Type="arg" StartNode="989" EndNode="1129">
<Feature>
  <Name className="java.lang.String">type</Name>
  <Value className="java.lang.String">label</Value>
</Feature>
<Feature>
  <Name className="java.lang.String">ss-label</Name>
  <Value className="java.lang.String">opposition_demagogues_bill</Value>
</Feature>
<Feature>
  <Name className="java.lang.String">polarity</Name>
  <Value className="java.lang.String">negative</Value>
</Feature>
</Annotation>
<Annotation Id="18" Type="arg" StartNode="931" EndNode="982">
<Feature>
  <Name className="java.lang.String">prospect</Name>
  <Value className="java.lang.String"></Value>
</Feature>
<Feature>
  <Name className="java.lang.String">unclear</Name>
  <Value className="java.lang.String">true</Value>
</Feature>
<Feature>
  <Name className="java.lang.String">ss-label</Name>
  <Value className="java.lang.String">maintains/reduces_govt_deficit</Value>
</Feature>
<Feature>
  <Name className="java.lang.String">type</Name>
  <Value className="java.lang.String">label</Value>
</Feature>
<Feature>
  <Name className="java.lang.String">polarity</Name>
  <Value className="java.lang.String">negative</Value>
</Feature>
<Feature>
  <Name className="java.lang.String">incomplete</Name>
  <Value className="java.lang.String">true</Value>
</Feature>
</Annotation>
<Annotation Id="21" Type="arg" StartNode="1239" EndNode="1348">
<Feature>
  <Name className="java.lang.String">type</Name>
  <Value className="java.lang.String">label</Value>
</Feature>
<Feature>
  <Name className="java.lang.String">ss-label</Name>
  <Value className="java.lang.String">helps_economy</Value>
</Feature>
<Feature>
  <Name className="java.lang.String">polarity</Name>
  <Value className="java.lang.String">positive</Value>
</Feature>
</Annotation>
<Annotation Id="20" Type="arg" StartNode="1132" EndNode="1207">
<Feature>
  <Name className="java.lang.String">type</Name>
  <Value className="java.lang.String">label</Value>
</Feature>
<Feature>
  <Name className="java.lang.String">ss-label</Name>
  <Value className="java.lang.String">helps_economy</Value>
</Feature>
<Feature>
  <Name className="java.lang.String">polarity</Name>
  <Value className="java.lang.String">negative</Value>
</Feature>
</Annotation>
<Annotation Id="23" Type="rel" StartNode="1428" EndNode="1515">
<Feature>
  <Name className="java.lang.String">type</Name>
  <Value className="java.lang.String">label</Value>
</Feature>
<Feature>
  <Name className="java.lang.String">ss-label</Name>
  <Value className="java.lang.String">helps_economy</Value>
</Feature>
</Annotation>
<Annotation Id="22" Type="rel" StartNode="1351" EndNode="1420">
<Feature>
  <Name className="java.lang.String">type</Name>
  <Value className="java.lang.String">label</Value>
</Feature>
<Feature>
  <Name className="java.lang.String">ss-label</Name>
  <Value className="java.lang.String">helps_economy</Value>
</Feature>
</Annotation>
<Annotation Id="25" Type="arg" StartNode="1947" EndNode="1991">
<Feature>
  <Name className="java.lang.String">ss-label</Name>
  <Value className="java.lang.String">improves_healthcare_access</Value>
</Feature>
<Feature>
  <Name className="java.lang.String">unclear</Name>
  <Value className="java.lang.String">true</Value>
</Feature>
<Feature>
  <Name className="java.lang.String">type</Name>
  <Value className="java.lang.String">label</Value>
</Feature>
<Feature>
  <Name className="java.lang.String">polarity</Name>
  <Value className="java.lang.String">positive</Value>
</Feature>
</Annotation>
<Annotation Id="24" Type="arg" StartNode="1674" EndNode="1875">
<Feature>
  <Name className="java.lang.String">type</Name>
  <Value className="java.lang.String">label</Value>
</Feature>
<Feature>
  <Name className="java.lang.String">ss-label</Name>
  <Value className="java.lang.String">promotes_jobs</Value>
</Feature>
<Feature>
  <Name className="java.lang.String">polarity</Name>
  <Value className="java.lang.String">positive</Value>
</Feature>
</Annotation>
<Annotation Id="27" Type="arg" StartNode="2168" EndNode="2348">
<Feature>
  <Name className="java.lang.String">type</Name>
  <Value className="java.lang.String">label</Value>
</Feature>
<Feature>
  <Name className="java.lang.String">ss-label</Name>
  <Value className="java.lang.String">helps_small_business</Value>
</Feature>
<Feature>
  <Name className="java.lang.String">polarity</Name>
  <Value className="java.lang.String">positive</Value>
</Feature>
</Annotation>
<Annotation Id="26" Type="arg" StartNode="1993" EndNode="2160">
<Feature>
  <Name className="java.lang.String">ss-label</Name>
  <Value className="java.lang.String">uninsured_are_burden_on_taxpayers</Value>
</Feature>
<Feature>
  <Name className="java.lang.String">type</Name>
  <Value className="java.lang.String">label</Value>
</Feature>
<Feature>
  <Name className="java.lang.String">polarity</Name>
  <Value className="java.lang.String">negative</Value>
</Feature>
<Feature>
  <Name className="java.lang.String">incomplete</Name>
  <Value className="java.lang.String">true</Value>
</Feature>
</Annotation>
<Annotation Id="29" Type="arg" StartNode="2658" EndNode="2769">
<Feature>
  <Name className="java.lang.String">type</Name>
  <Value className="java.lang.String">label</Value>
</Feature>
<Feature>
  <Name className="java.lang.String">ss-label</Name>
  <Value className="java.lang.String">maintains/reduces_govt_deficit</Value>
</Feature>
<Feature>
  <Name className="java.lang.String">polarity</Name>
  <Value className="java.lang.String">positive</Value>
</Feature>
</Annotation>
<Annotation Id="28" Type="arg" StartNode="2351" EndNode="2651">
<Feature>
  <Name className="java.lang.String">type</Name>
  <Value className="java.lang.String">label</Value>
</Feature>
<Feature>
  <Name className="java.lang.String">ss-label</Name>
  <Value className="java.lang.String">exchanges_support_informed_choice</Value>
</Feature>
<Feature>
  <Name className="java.lang.String">polarity</Name>
  <Value className="java.lang.String">positive</Value>
</Feature>
</Annotation>
<Annotation Id="31" Type="arg" StartNode="2858" EndNode="2954">
<Feature>
  <Name className="java.lang.String">ss-label</Name>
  <Value className="java.lang.String">helps_economy</Value>
</Feature>
<Feature>
  <Name className="java.lang.String">type</Name>
  <Value className="java.lang.String">label</Value>
</Feature>
<Feature>
  <Name className="java.lang.String">polarity</Name>
  <Value className="java.lang.String">negative</Value>
</Feature>
<Feature>
  <Name className="java.lang.String">incomplete</Name>
  <Value className="java.lang.String">true</Value>
</Feature>
</Annotation>
<Annotation Id="30" Type="arg" StartNode="2775" EndNode="2855">
<Feature>
  <Name className="java.lang.String">type</Name>
  <Value className="java.lang.String">label</Value>
</Feature>
<Feature>
  <Name className="java.lang.String">ss-label</Name>
  <Value className="java.lang.String">helps_economy</Value>
</Feature>
<Feature>
  <Name className="java.lang.String">polarity</Name>
  <Value className="java.lang.String">negative</Value>
</Feature>
</Annotation>
<Annotation Id="34" Type="arg" StartNode="3230" EndNode="3267">
<Feature>
  <Name className="java.lang.String">ss-label</Name>
  <Value className="java.lang.String">helps_economy</Value>
</Feature>
<Feature>
  <Name className="java.lang.String">unclear</Name>
  <Value className="java.lang.String">true</Value>
</Feature>
<Feature>
  <Name className="java.lang.String">type</Name>
  <Value className="java.lang.String">label</Value>
</Feature>
<Feature>
  <Name className="java.lang.String">polarity</Name>
  <Value className="java.lang.String">negative</Value>
</Feature>
<Feature>
  <Name className="java.lang.String">incomplete</Name>
  <Value className="java.lang.String">true</Value>
</Feature>
</Annotation>
<Annotation Id="35" Type="arg" StartNode="3273" EndNode="3380">
<Feature>
  <Name className="java.lang.String">ss-label</Name>
  <Value className="java.lang.String">improves_healthcare_affordability</Value>
</Feature>
<Feature>
  <Name className="java.lang.String">type</Name>
  <Value className="java.lang.String">label</Value>
</Feature>
<Feature>
  <Name className="java.lang.String">polarity</Name>
  <Value className="java.lang.String">negative</Value>
</Feature>
<Feature>
  <Name className="java.lang.String">incomplete</Name>
  <Value className="java.lang.String">true</Value>
</Feature>
</Annotation>
<Annotation Id="32" Type="arg" StartNode="2955" EndNode="3170">
<Feature>
  <Name className="java.lang.String">type</Name>
  <Value className="java.lang.String">label</Value>
</Feature>
<Feature>
  <Name className="java.lang.String">ss-label</Name>
  <Value className="java.lang.String">maintains/reduces_govt_deficit</Value>
</Feature>
<Feature>
  <Name className="java.lang.String">polarity</Name>
  <Value className="java.lang.String">negative</Value>
</Feature>
</Annotation>
<Annotation Id="33" Type="arg" StartNode="3172" EndNode="3228">
<Feature>
  <Name className="java.lang.String">ss-label</Name>
  <Value className="java.lang.String">many_currently_without_insurance</Value>
</Feature>
<Feature>
  <Name className="java.lang.String">type</Name>
  <Value className="java.lang.String">label</Value>
</Feature>
<Feature>
  <Name className="java.lang.String">polarity</Name>
  <Value className="java.lang.String">negative</Value>
</Feature>
<Feature>
  <Name className="java.lang.String">incomplete</Name>
  <Value className="java.lang.String">true</Value>
</Feature>
</Annotation>
<Annotation Id="38" Type="arg" StartNode="3738" EndNode="3785">
<Feature>
  <Name className="java.lang.String">ss-label</Name>
  <Value className="java.lang.String">improves_healthcare_affordability</Value>
</Feature>
<Feature>
  <Name className="java.lang.String">unclear</Name>
  <Value className="java.lang.String">true</Value>
</Feature>
<Feature>
  <Name className="java.lang.String">type</Name>
  <Value className="java.lang.String">label</Value>
</Feature>
<Feature>
  <Name className="java.lang.String">polarity</Name>
  <Value className="java.lang.String">negative</Value>
</Feature>
<Feature>
  <Name className="java.lang.String">incomplete</Name>
  <Value className="java.lang.String">true</Value>
</Feature>
</Annotation>
<Annotation Id="39" Type="arg" StartNode="3790" EndNode="3864">
<Feature>
  <Name className="java.lang.String">unclear</Name>
  <Value className="java.lang.String">true</Value>
</Feature>
<Feature>
  <Name className="java.lang.String">ss-label</Name>
  <Value className="java.lang.String">controls_healthcare_costs</Value>
</Feature>
<Feature>
  <Name className="java.lang.String">type</Name>
  <Value className="java.lang.String">label</Value>
</Feature>
<Feature>
  <Name className="java.lang.String">polarity</Name>
  <Value className="java.lang.String">negative</Value>
</Feature>
<Feature>
  <Name className="java.lang.String">incomplete</Name>
  <Value className="java.lang.String">true</Value>
</Feature>
</Annotation>
<Annotation Id="36" Type="arg" StartNode="3385" EndNode="3577">
<Feature>
  <Name className="java.lang.String">type</Name>
  <Value className="java.lang.String">label</Value>
</Feature>
<Feature>
  <Name className="java.lang.String">ss-label</Name>
  <Value className="java.lang.String">helps_economy</Value>
</Feature>
<Feature>
  <Name className="java.lang.String">polarity</Name>
  <Value className="java.lang.String">negative</Value>
</Feature>
</Annotation>
<Annotation Id="37" Type="rel" StartNode="3580" EndNode="3726">
<Feature>
  <Name className="java.lang.String">type</Name>
  <Value className="java.lang.String">label</Value>
</Feature>
<Feature>
  <Name className="java.lang.String">ss-label</Name>
  <Value className="java.lang.String">helps_economy</Value>
</Feature>
</Annotation>
<Annotation Id="42" Type="arg" StartNode="4283" EndNode="4365">
<Feature>
  <Name className="java.lang.String">type</Name>
  <Value className="java.lang.String">label</Value>
</Feature>
<Feature>
  <Name className="java.lang.String">ss-label</Name>
  <Value className="java.lang.String">bill_should_not_be_defunded</Value>
</Feature>
<Feature>
  <Name className="java.lang.String">polarity</Name>
  <Value className="java.lang.String">negative</Value>
</Feature>
</Annotation>
<Annotation Id="43" Type="rel" StartNode="1522" EndNode="1667">
<Feature>
  <Name className="java.lang.String">type</Name>
  <Value className="java.lang.String">label</Value>
</Feature>
<Feature>
  <Name className="java.lang.String">ss-label</Name>
  <Value className="java.lang.String">helps_economy</Value>
</Feature>
</Annotation>
<Annotation Id="40" Type="arg" StartNode="3872" EndNode="3955">
<Feature>
  <Name className="java.lang.String">unclear</Name>
  <Value className="java.lang.String">true</Value>
</Feature>
<Feature>
  <Name className="java.lang.String">ss-label</Name>
  <Value className="java.lang.String">promotes_jobs</Value>
</Feature>
<Feature>
  <Name className="java.lang.String">type</Name>
  <Value className="java.lang.String">label</Value>
</Feature>
<Feature>
  <Name className="java.lang.String">polarity</Name>
  <Value className="java.lang.String">negative</Value>
</Feature>
<Feature>
  <Name className="java.lang.String">incomplete</Name>
  <Value className="java.lang.String">true</Value>
</Feature>
</Annotation>
<Annotation Id="41" Type="arg" StartNode="3962" EndNode="4236">
<Feature>
  <Name className="java.lang.String">type</Name>
  <Value className="java.lang.String">label</Value>
</Feature>
<Feature>
  <Name className="java.lang.String">ss-label</Name>
  <Value className="java.lang.String">makes_insurance_independent_of_job</Value>
</Feature>
<Feature>
  <Name className="java.lang.String">polarity</Name>
  <Value className="java.lang.String">negative</Value>
</Feature>
</Annotation>
<Annotation Id="46" Type="gfbf-object" StartNode="32" EndNode="55">
<Feature>
  <Name className="java.lang.String">writerAtt</Name>
  <Value className="java.lang.String">positive</Value>
</Feature>
</Annotation>
<Annotation Id="47" Type="gfbf" StartNode="61" EndNode="65">
<Feature>
  <Name className="java.lang.String">agentId</Name>
  <Value className="java.lang.String">49</Value>
</Feature>
<Feature>
  <Name className="java.lang.String">polarity</Name>
  <Value className="java.lang.String">badfor</Value>
</Feature>
<Feature>
  <Name className="java.lang.String">objectId</Name>
  <Value className="java.lang.String">48</Value>
</Feature>
</Annotation>
<Annotation Id="45" Type="gfbf" StartNode="22" EndNode="31">
<Feature>
  <Name className="java.lang.String">agentId</Name>
  <Value className="java.lang.String">implicit</Value>
</Feature>
<Feature>
  <Name className="java.lang.String">objectId</Name>
  <Value className="java.lang.String">46</Value>
</Feature>
<Feature>
  <Name className="java.lang.String">polarity</Name>
  <Value className="java.lang.String">badfor</Value>
</Feature>
</Annotation>
<Annotation Id="51" Type="gfbf-object" StartNode="193" EndNode="216">
<Feature>
  <Name className="java.lang.String">writerAtt</Name>
  <Value className="java.lang.String">positive</Value>
</Feature>
</Annotation>
<Annotation Id="50" Type="gfbf" StartNode="186" EndNode="192">
<Feature>
  <Name className="java.lang.String">agentId</Name>
  <Value className="java.lang.String">52</Value>
</Feature>
<Feature>
  <Name className="java.lang.String">polarity</Name>
  <Value className="java.lang.String">badfor</Value>
</Feature>
<Feature>
  <Name className="java.lang.String">objectId</Name>
  <Value className="java.lang.String">51</Value>
</Feature>
</Annotation>
<Annotation Id="49" Type="gfbf-agent" StartNode="22" EndNode="55">
<Feature>
  <Name className="java.lang.String">writerAtt</Name>
  <Value className="java.lang.String">negative</Value>
</Feature>
</Annotation>
<Annotation Id="48" Type="gfbf-object" StartNode="66" EndNode="77">
<Feature>
  <Name className="java.lang.String">writerAtt</Name>
  <Value className="java.lang.String">positive</Value>
</Feature>
</Annotation>
<Annotation Id="55" Type="gfbf" StartNode="369" EndNode="374">
<Feature>
  <Name className="java.lang.String">agentId</Name>
  <Value className="java.lang.String">60</Value>
</Feature>
<Feature>
  <Name className="java.lang.String">polarity</Name>
  <Value className="java.lang.String">goodfor</Value>
</Feature>
<Feature>
  <Name className="java.lang.String">objectId</Name>
  <Value className="java.lang.String">56</Value>
</Feature>
</Annotation>
<Annotation Id="54" Type="gfbf-object" StartNode="231" EndNode="262">
<Feature>
  <Name className="java.lang.String">writerAtt</Name>
  <Value className="java.lang.String">positive</Value>
</Feature>
</Annotation>
<Annotation Id="53" Type="gfbf" StartNode="221" EndNode="230">
<Feature>
  <Name className="java.lang.String">agentId</Name>
  <Value className="java.lang.String">52</Value>
</Feature>
<Feature>
  <Name className="java.lang.String">polarity</Name>
  <Value className="java.lang.String">badfor</Value>
</Feature>
<Feature>
  <Name className="java.lang.String">objectId</Name>
  <Value className="java.lang.String">54</Value>
</Feature>
</Annotation>
<Annotation Id="52" Type="gfbf-agent" StartNode="145" EndNode="182">
<Feature>
  <Name className="java.lang.String">writerAtt</Name>
  <Value className="java.lang.String">negative</Value>
</Feature>
</Annotation>
<Annotation Id="59" Type="gfbf-object" StartNode="430" EndNode="441">
<Feature>
  <Name className="java.lang.String">writerAtt</Name>
  <Value className="java.lang.String">positive</Value>
</Feature>
</Annotation>
<Annotation Id="58" Type="gfbf" StartNode="425" EndNode="429">
<Feature>
  <Name className="java.lang.String">agentId</Name>
  <Value className="java.lang.String">57</Value>
</Feature>
<Feature>
  <Name className="java.lang.String">polarity</Name>
  <Value className="java.lang.String">badfor</Value>
</Feature>
<Feature>
  <Name className="java.lang.String">objectId</Name>
  <Value className="java.lang.String">59</Value>
</Feature>
</Annotation>
<Annotation Id="57" Type="gfbf-agent" StartNode="417" EndNode="419">
<Feature>
  <Name className="java.lang.String">reference</Name>
  <Value className="java.lang.String">true</Value>
</Feature>
<Feature>
  <Name className="java.lang.String">referentId</Name>
  <Value className="java.lang.String">151</Value>
</Feature>
<Feature>
  <Name className="java.lang.String">writerAtt</Name>
  <Value className="java.lang.String">negative</Value>
</Feature>
</Annotation>
<Annotation Id="56" Type="gfbf-object" StartNode="375" EndNode="411">
<Feature>
  <Name className="java.lang.String">writerAtt</Name>
  <Value className="java.lang.String">negative</Value>
</Feature>
</Annotation>
<Annotation Id="63" Type="gfbf-object" StartNode="544" EndNode="578">
<Feature>
  <Name className="java.lang.String">writerAtt</Name>
  <Value className="java.lang.String">positive</Value>
</Feature>
</Annotation>
<Annotation Id="62" Type="gfbf-agent" StartNode="520" EndNode="531">
<Feature>
  <Name className="java.lang.String">writerAtt</Name>
  <Value className="java.lang.String">positive</Value>
</Feature>
</Annotation>
<Annotation Id="61" Type="gfbf" StartNode="536" EndNode="543">
<Feature>
  <Name className="java.lang.String">agentId</Name>
  <Value className="java.lang.String">62</Value>
</Feature>
<Feature>
  <Name className="java.lang.String">polarity</Name>
  <Value className="java.lang.String">goodfor</Value>
</Feature>
<Feature>
  <Name className="java.lang.String">objectId</Name>
  <Value className="java.lang.String">63</Value>
</Feature>
</Annotation>
<Annotation Id="60" Type="gfbf-agent" StartNode="145" EndNode="354">
<Feature>
  <Name className="java.lang.String">writerAtt</Name>
  <Value className="java.lang.String">negative</Value>
</Feature>
</Annotation>
<Annotation Id="68" Type="gfbf" StartNode="737" EndNode="743">
<Feature>
  <Name className="java.lang.String">agentId</Name>
  <Value className="java.lang.String">70</Value>
</Feature>
<Feature>
  <Name className="java.lang.String">polarity</Name>
  <Value className="java.lang.String">badfor</Value>
</Feature>
<Feature>
  <Name className="java.lang.String">objectId</Name>
  <Value className="java.lang.String">69</Value>
</Feature>
</Annotation>
<Annotation Id="69" Type="gfbf-object" StartNode="744" EndNode="776">
<Feature>
  <Name className="java.lang.String">writerAtt</Name>
  <Value className="java.lang.String">positive</Value>
</Feature>
</Annotation>
<Annotation Id="70" Type="gfbf-agent" StartNode="713" EndNode="730">
<Feature>
  <Name className="java.lang.String">writerAtt</Name>
  <Value className="java.lang.String">negative</Value>
</Feature>
</Annotation>
<Annotation Id="71" Type="gfbf" StartNode="780" EndNode="790">
<Feature>
  <Name className="java.lang.String">agentId</Name>
  <Value className="java.lang.String">70</Value>
</Feature>
<Feature>
  <Name className="java.lang.String">polarity</Name>
  <Value className="java.lang.String">goodfor</Value>
</Feature>
<Feature>
  <Name className="java.lang.String">objectId</Name>
  <Value className="java.lang.String">72</Value>
</Feature>
</Annotation>
<Annotation Id="64" Type="gfbf-object" StartNode="590" EndNode="621">
<Feature>
  <Name className="java.lang.String">writerAtt</Name>
  <Value className="java.lang.String">positive</Value>
</Feature>
</Annotation>
<Annotation Id="65" Type="gfbf" StartNode="622" EndNode="629">
<Feature>
  <Name className="java.lang.String">agentId</Name>
  <Value className="java.lang.String">62</Value>
</Feature>
<Feature>
  <Name className="java.lang.String">polarity</Name>
  <Value className="java.lang.String">goodfor</Value>
</Feature>
<Feature>
  <Name className="java.lang.String">objectId</Name>
  <Value className="java.lang.String">64</Value>
</Feature>
</Annotation>
<Annotation Id="66" Type="gfbf" StartNode="713" EndNode="722">
<Feature>
  <Name className="java.lang.String">agentId</Name>
  <Value className="java.lang.String">implicit</Value>
</Feature>
<Feature>
  <Name className="java.lang.String">objectId</Name>
  <Value className="java.lang.String">67</Value>
</Feature>
<Feature>
  <Name className="java.lang.String">polarity</Name>
  <Value className="java.lang.String">badfor</Value>
</Feature>
</Annotation>
<Annotation Id="67" Type="gfbf-object" StartNode="723" EndNode="730">
<Feature>
  <Name className="java.lang.String">writerAtt</Name>
  <Value className="java.lang.String">positive</Value>
</Feature>
</Annotation>
<Annotation Id="76" Type="gfbf-object" StartNode="970" EndNode="982">
<Feature>
  <Name className="java.lang.String">writerAtt</Name>
  <Value className="java.lang.String">negative</Value>
</Feature>
</Annotation>
<Annotation Id="77" Type="gfbf" StartNode="1039" EndNode="1065">
<Feature>
  <Name className="java.lang.String">agentId</Name>
  <Value className="java.lang.String">79</Value>
</Feature>
<Feature>
  <Name className="java.lang.String">polarity</Name>
  <Value className="java.lang.String">badfor</Value>
</Feature>
<Feature>
  <Name className="java.lang.String">objectId</Name>
  <Value className="java.lang.String">78</Value>
</Feature>
</Annotation>
<Annotation Id="78" Type="gfbf-object" StartNode="1066" EndNode="1129">
<Feature>
  <Name className="java.lang.String">writerAtt</Name>
  <Value className="java.lang.String">positive</Value>
</Feature>
</Annotation>
<Annotation Id="79" Type="gfbf-agent" StartNode="1011" EndNode="1035">
<Feature>
  <Name className="java.lang.String">writerAtt</Name>
  <Value className="java.lang.String">negative</Value>
</Feature>
</Annotation>
<Annotation Id="72" Type="gfbf-object" StartNode="791" EndNode="826">
<Feature>
  <Name className="java.lang.String">writerAtt</Name>
  <Value className="java.lang.String">negative</Value>
</Feature>
</Annotation>
<Annotation Id="73" Type="gfbf" StartNode="828" EndNode="837">
<Feature>
  <Name className="java.lang.String">agentId</Name>
  <Value className="java.lang.String">70</Value>
</Feature>
<Feature>
  <Name className="java.lang.String">polarity</Name>
  <Value className="java.lang.String">badfor</Value>
</Feature>
<Feature>
  <Name className="java.lang.String">objectId</Name>
  <Value className="java.lang.String">74</Value>
</Feature>
</Annotation>
<Annotation Id="74" Type="gfbf-object" StartNode="838" EndNode="925">
<Feature>
  <Name className="java.lang.String">writerAtt</Name>
  <Value className="java.lang.String">positive</Value>
</Feature>
</Annotation>
<Annotation Id="75" Type="gfbf" StartNode="931" EndNode="969">
<Feature>
  <Name className="java.lang.String">agentId</Name>
  <Value className="java.lang.String">70</Value>
</Feature>
<Feature>
  <Name className="java.lang.String">comment</Name>
  <Value className="java.lang.String">add to</Value>
</Feature>
<Feature>
  <Name className="java.lang.String">objectId</Name>
  <Value className="java.lang.String">76</Value>
</Feature>
<Feature>
  <Name className="java.lang.String">polarity</Name>
  <Value className="java.lang.String">goodfor</Value>
</Feature>
</Annotation>
<Annotation Id="85" Type="gfbf" StartNode="1306" EndNode="1313">
<Feature>
  <Name className="java.lang.String">agentId</Name>
  <Value className="java.lang.String">87</Value>
</Feature>
<Feature>
  <Name className="java.lang.String">polarity</Name>
  <Value className="java.lang.String">goodfor</Value>
</Feature>
<Feature>
  <Name className="java.lang.String">objectId</Name>
  <Value className="java.lang.String">86</Value>
</Feature>
</Annotation>
<Annotation Id="84" Type="gfbf-agent" StartNode="1141" EndNode="1158">
<Feature>
  <Name className="java.lang.String">writerAtt</Name>
  <Value className="java.lang.String">negative</Value>
</Feature>
</Annotation>
<Annotation Id="87" Type="gfbf-agent" StartNode="1290" EndNode="1301">
<Feature>
  <Name className="java.lang.String">writerAtt</Name>
  <Value className="java.lang.String">positive</Value>
</Feature>
</Annotation>
<Annotation Id="86" Type="gfbf-object" StartNode="1314" EndNode="1348">
<Feature>
  <Name className="java.lang.String">writerAtt</Name>
  <Value className="java.lang.String">positive</Value>
</Feature>
</Annotation>
<Annotation Id="81" Type="gfbf-object" StartNode="1151" EndNode="1158">
<Feature>
  <Name className="java.lang.String">writerAtt</Name>
  <Value className="java.lang.String">positive</Value>
</Feature>
</Annotation>
<Annotation Id="80" Type="gfbf" StartNode="1141" EndNode="1150">
<Feature>
  <Name className="java.lang.String">agentId</Name>
  <Value className="java.lang.String">implicit</Value>
</Feature>
<Feature>
  <Name className="java.lang.String">objectId</Name>
  <Value className="java.lang.String">81</Value>
</Feature>
<Feature>
  <Name className="java.lang.String">polarity</Name>
  <Value className="java.lang.String">badfor</Value>
</Feature>
</Annotation>
<Annotation Id="83" Type="gfbf-object" StartNode="1182" EndNode="1207">
<Feature>
  <Name className="java.lang.String">writerAtt</Name>
  <Value className="java.lang.String">positive</Value>
</Feature>
</Annotation>
<Annotation Id="82" Type="gfbf" StartNode="1172" EndNode="1181">
<Feature>
  <Name className="java.lang.String">agentId</Name>
  <Value className="java.lang.String">84</Value>
</Feature>
<Feature>
  <Name className="java.lang.String">polarity</Name>
  <Value className="java.lang.String">badfor</Value>
</Feature>
<Feature>
  <Name className="java.lang.String">objectId</Name>
  <Value className="java.lang.String">83</Value>
</Feature>
</Annotation>
<Annotation Id="93" Type="gfbf-object" StartNode="1674" EndNode="1713">
<Feature>
  <Name className="java.lang.String">writerAtt</Name>
  <Value className="java.lang.String">positive</Value>
</Feature>
</Annotation>
<Annotation Id="92" Type="gfbf-object" StartNode="1790" EndNode="1799">
<Feature>
  <Name className="java.lang.String">writerAtt</Name>
  <Value className="java.lang.String">positive</Value>
</Feature>
</Annotation>
<Annotation Id="95" Type="gfbf-object" StartNode="1970" EndNode="1991">
<Feature>
  <Name className="java.lang.String">writerAtt</Name>
  <Value className="java.lang.String">positive</Value>
</Feature>
</Annotation>
<Annotation Id="94" Type="gfbf" StartNode="1962" EndNode="1969">
<Feature>
  <Name className="java.lang.String">agentId</Name>
  <Value className="java.lang.String">96</Value>
</Feature>
<Feature>
  <Name className="java.lang.String">polarity</Name>
  <Value className="java.lang.String">goodfor</Value>
</Feature>
<Feature>
  <Name className="java.lang.String">objectId</Name>
  <Value className="java.lang.String">95</Value>
</Feature>
</Annotation>
<Annotation Id="89" Type="gfbf-object" StartNode="1682" EndNode="1713">
<Feature>
  <Name className="java.lang.String">writerAtt</Name>
  <Value className="java.lang.String">negative</Value>
</Feature>
</Annotation>
<Annotation Id="88" Type="gfbf" StartNode="1674" EndNode="1681">
<Feature>
  <Name className="java.lang.String">agentId</Name>
  <Value className="java.lang.String">90</Value>
</Feature>
<Feature>
  <Name className="java.lang.String">polarity</Name>
  <Value className="java.lang.String">badfor</Value>
</Feature>
<Feature>
  <Name className="java.lang.String">objectId</Name>
  <Value className="java.lang.String">89</Value>
</Feature>
</Annotation>
<Annotation Id="91" Type="gfbf" StartNode="1781" EndNode="1789">
<Feature>
  <Name className="java.lang.String">agentId</Name>
  <Value className="java.lang.String">90</Value>
</Feature>
<Feature>
  <Name className="java.lang.String">polarity</Name>
  <Value className="java.lang.String">goodfor</Value>
</Feature>
<Feature>
  <Name className="java.lang.String">objectId</Name>
  <Value className="java.lang.String">92</Value>
</Feature>
</Annotation>
<Annotation Id="90" Type="gfbf-agent" StartNode="1719" EndNode="1742">
<Feature>
  <Name className="java.lang.String">writerAtt</Name>
  <Value className="java.lang.String">positive</Value>
</Feature>
</Annotation>
<Annotation Id="102" Type="gfbf" StartNode="2176" EndNode="2183">
<Feature>
  <Name className="java.lang.String">agentId</Name>
  <Value className="java.lang.String">104</Value>
</Feature>
<Feature>
  <Name className="java.lang.String">polarity</Name>
  <Value className="java.lang.String">badfor</Value>
</Feature>
<Feature>
  <Name className="java.lang.String">objectId</Name>
  <Value className="java.lang.String">103</Value>
</Feature>
</Annotation>
<Annotation Id="103" Type="gfbf-object" StartNode="2184" EndNode="2222">
<Feature>
  <Name className="java.lang.String">writerAtt</Name>
  <Value className="java.lang.String">negative</Value>
</Feature>
</Annotation>
<Annotation Id="100" Type="gfbf-object" StartNode="2120" EndNode="2160">
<Feature>
  <Name className="java.lang.String">writerAtt</Name>
  <Value className="java.lang.String">positive</Value>
</Feature>
</Annotation>
<Annotation Id="98" Type="gfbf-object" StartNode="2010" EndNode="2110">
<Feature>
  <Name className="java.lang.String">writerAtt</Name>
  <Value className="java.lang.String">negative</Value>
</Feature>
</Annotation>
<Annotation Id="99" Type="gfbf" StartNode="2114" EndNode="2119">
<Feature>
  <Name className="java.lang.String">agentId</Name>
  <Value className="java.lang.String">96</Value>
</Feature>
<Feature>
  <Name className="java.lang.String">polarity</Name>
  <Value className="java.lang.String">goodfor</Value>
</Feature>
<Feature>
  <Name className="java.lang.String">objectId</Name>
  <Value className="java.lang.String">100</Value>
</Feature>
</Annotation>
<Annotation Id="96" Type="gfbf-agent" StartNode="1947" EndNode="1954">
<Feature>
  <Name className="java.lang.String">writerAtt</Name>
  <Value className="java.lang.String">positive</Value>
</Feature>
</Annotation>
<Annotation Id="97" Type="gfbf" StartNode="2001" EndNode="2009">
<Feature>
  <Name className="java.lang.String">agentId</Name>
  <Value className="java.lang.String">96</Value>
</Feature>
<Feature>
  <Name className="java.lang.String">polarity</Name>
  <Value className="java.lang.String">badfor</Value>
</Feature>
<Feature>
  <Name className="java.lang.String">objectId</Name>
  <Value className="java.lang.String">98</Value>
</Feature>
</Annotation>
<Annotation Id="110" Type="gfbf" StartNode="2815" EndNode="2843">
<Feature>
  <Name className="java.lang.String">unclear</Name>
  <Value className="java.lang.String">true</Value>
</Feature>
<Feature>
  <Name className="java.lang.String">agentId</Name>
  <Value className="java.lang.String">112</Value>
</Feature>
<Feature>
  <Name className="java.lang.String">comment</Name>
  <Value className="java.lang.String">devastating is a subjectivity I think</Value>
</Feature>
<Feature>
  <Name className="java.lang.String">polarity</Name>
  <Value className="java.lang.String">badfor</Value>
</Feature>
<Feature>
  <Name className="java.lang.String">objectId</Name>
  <Value className="java.lang.String">111</Value>
</Feature>
</Annotation>
<Annotation Id="111" Type="gfbf-object" StartNode="2844" EndNode="2855">
<Feature>
  <Name className="java.lang.String">writerAtt</Name>
  <Value className="java.lang.String">positive</Value>
</Feature>
</Annotation>
<Annotation Id="108" Type="gfbf" StartNode="2775" EndNode="2784">
<Feature>
  <Name className="java.lang.String">agentId</Name>
  <Value className="java.lang.String">implicit</Value>
</Feature>
<Feature>
  <Name className="java.lang.String">objectId</Name>
  <Value className="java.lang.String">109</Value>
</Feature>
<Feature>
  <Name className="java.lang.String">polarity</Name>
  <Value className="java.lang.String">badfor</Value>
</Feature>
</Annotation>
<Annotation Id="109" Type="gfbf-object" StartNode="2785" EndNode="2808">
<Feature>
  <Name className="java.lang.String">writerAtt</Name>
  <Value className="java.lang.String">positive</Value>
</Feature>
</Annotation>
<Annotation Id="106" Type="gfbf-object" StartNode="2677" EndNode="2688">
<Feature>
  <Name className="java.lang.String">writerAtt</Name>
  <Value className="java.lang.String">negative</Value>
</Feature>
</Annotation>
<Annotation Id="107" Type="gfbf-agent" StartNode="2658" EndNode="2665">
<Feature>
  <Name className="java.lang.String">writerAtt</Name>
  <Value className="java.lang.String">positive</Value>
</Feature>
</Annotation>
<Annotation Id="104" Type="gfbf-agent" StartNode="2168" EndNode="2175">
<Feature>
  <Name className="java.lang.String">writerAtt</Name>
  <Value className="java.lang.String">positive</Value>
</Feature>
</Annotation>
<Annotation Id="105" Type="gfbf" StartNode="2671" EndNode="2676">
<Feature>
  <Name className="java.lang.String">agentId</Name>
  <Value className="java.lang.String">107</Value>
</Feature>
<Feature>
  <Name className="java.lang.String">polarity</Name>
  <Value className="java.lang.String">badfor</Value>
</Feature>
<Feature>
  <Name className="java.lang.String">objectId</Name>
  <Value className="java.lang.String">106</Value>
</Feature>
</Annotation>
<Annotation Id="119" Type="gfbf" StartNode="3172" EndNode="3180">
<Feature>
  <Name className="java.lang.String">agentId</Name>
  <Value className="java.lang.String">116</Value>
</Feature>
<Feature>
  <Name className="java.lang.String">polarity</Name>
  <Value className="java.lang.String">goodfor</Value>
</Feature>
<Feature>
  <Name className="java.lang.String">objectId</Name>
  <Value className="java.lang.String">120</Value>
</Feature>
</Annotation>
<Annotation Id="118" Type="gfbf-object" StartNode="3084" EndNode="3095">
<Feature>
  <Name className="java.lang.String">writerAtt</Name>
  <Value className="java.lang.String">negative</Value>
</Feature>
</Annotation>
<Annotation Id="117" Type="gfbf" StartNode="3022" EndNode="3083">
<Feature>
  <Name className="java.lang.String">agentId</Name>
  <Value className="java.lang.String">116</Value>
</Feature>
<Feature>
  <Name className="java.lang.String">polarity</Name>
  <Value className="java.lang.String">goodfor</Value>
</Feature>
<Feature>
  <Name className="java.lang.String">objectId</Name>
  <Value className="java.lang.String">118</Value>
</Feature>
</Annotation>
<Annotation Id="116" Type="gfbf-agent" StartNode="2998" EndNode="3015">
<Feature>
  <Name className="java.lang.String">writerAtt</Name>
  <Value className="java.lang.String">negative</Value>
</Feature>
</Annotation>
<Annotation Id="114" Type="gfbf-object" StartNode="2881" EndNode="2954">
<Feature>
  <Name className="java.lang.String">writerAtt</Name>
  <Value className="java.lang.String">positive</Value>
</Feature>
</Annotation>
<Annotation Id="113" Type="gfbf" StartNode="2873" EndNode="2880">
<Feature>
  <Name className="java.lang.String">agentId</Name>
  <Value className="java.lang.String">150</Value>
</Feature>
<Feature>
  <Name className="java.lang.String">polarity</Name>
  <Value className="java.lang.String">badfor</Value>
</Feature>
<Feature>
  <Name className="java.lang.String">objectId</Name>
  <Value className="java.lang.String">114</Value>
</Feature>
</Annotation>
<Annotation Id="112" Type="gfbf-agent" StartNode="2775" EndNode="2808">
<Feature>
  <Name className="java.lang.String">writerAtt</Name>
  <Value className="java.lang.String">negative</Value>
</Feature>
</Annotation>
<Annotation Id="127" Type="gfbf-object" StartNode="3008" EndNode="3015">
<Feature>
  <Name className="java.lang.String">writerAtt</Name>
  <Value className="java.lang.String">positive</Value>
</Feature>
</Annotation>
<Annotation Id="126" Type="gfbf" StartNode="2998" EndNode="3007">
<Feature>
  <Name className="java.lang.String">agentId</Name>
  <Value className="java.lang.String">implicit</Value>
</Feature>
<Feature>
  <Name className="java.lang.String">objectId</Name>
  <Value className="java.lang.String">127</Value>
</Feature>
<Feature>
  <Name className="java.lang.String">polarity</Name>
  <Value className="java.lang.String">badfor</Value>
</Feature>
</Annotation>
<Annotation Id="124" Type="gfbf-object" StartNode="3513" EndNode="3520">
<Feature>
  <Name className="java.lang.String">writerAtt</Name>
  <Value className="java.lang.String">negative</Value>
</Feature>
</Annotation>
<Annotation Id="123" Type="gfbf" StartNode="3503" EndNode="3512">
<Feature>
  <Name className="java.lang.String">agentId</Name>
  <Value className="java.lang.String">implicit</Value>
</Feature>
<Feature>
  <Name className="java.lang.String">objectId</Name>
  <Value className="java.lang.String">124</Value>
</Feature>
<Feature>
  <Name className="java.lang.String">polarity</Name>
  <Value className="java.lang.String">badfor</Value>
</Feature>
</Annotation>
<Annotation Id="122" Type="gfbf-object" StartNode="3239" EndNode="3267">
<Feature>
  <Name className="java.lang.String">writerAtt</Name>
  <Value className="java.lang.String">negative</Value>
</Feature>
</Annotation>
<Annotation Id="121" Type="gfbf" StartNode="3230" EndNode="3238">
<Feature>
  <Name className="java.lang.String">agentId</Name>
  <Value className="java.lang.String">116</Value>
</Feature>
<Feature>
  <Name className="java.lang.String">polarity</Name>
  <Value className="java.lang.String">goodfor</Value>
</Feature>
<Feature>
  <Name className="java.lang.String">objectId</Name>
  <Value className="java.lang.String">122</Value>
</Feature>
</Annotation>
<Annotation Id="120" Type="gfbf-object" StartNode="3181" EndNode="3228">
<Feature>
  <Name className="java.lang.String">writerAtt</Name>
  <Value className="java.lang.String">negative</Value>
</Feature>
</Annotation>
<Annotation Id="137" Type="gfbf" StartNode="3918" EndNode="3925">
<Feature>
  <Name className="java.lang.String">agentId</Name>
  <Value className="java.lang.String">implicit</Value>
</Feature>
<Feature>
  <Name className="java.lang.String">objectId</Name>
  <Value className="java.lang.String">138</Value>
</Feature>
<Feature>
  <Name className="java.lang.String">polarity</Name>
  <Value className="java.lang.String">goodfor</Value>
</Feature>
</Annotation>
<Annotation Id="136" Type="gfbf-object" StartNode="3801" EndNode="3838">
<Feature>
  <Name className="java.lang.String">writerAtt</Name>
  <Value className="java.lang.String">positive</Value>
</Feature>
</Annotation>
<Annotation Id="139" Type="influencer" StartNode="3872" EndNode="3882">
<Feature>
  <Name className="java.lang.String">effect</Name>
  <Value className="java.lang.String">reverse</Value>
</Feature>
<Feature>
  <Name className="java.lang.String">agentId</Name>
  <Value className="java.lang.String">implicit</Value>
</Feature>
<Feature>
  <Name className="java.lang.String">objectId</Name>
  <Value className="java.lang.String">137</Value>
</Feature>
</Annotation>
<Annotation Id="138" Type="gfbf-object" StartNode="3883" EndNode="3906">
<Feature>
  <Name className="java.lang.String">writerAtt</Name>
  <Value className="java.lang.String">positive</Value>
</Feature>
</Annotation>
<Annotation Id="141" Type="gfbf" StartNode="3962" EndNode="3973">
<Feature>
  <Name className="java.lang.String">agentId</Name>
  <Value className="java.lang.String">implicit</Value>
</Feature>
<Feature>
  <Name className="java.lang.String">objectId</Name>
  <Value className="java.lang.String">142</Value>
</Feature>
<Feature>
  <Name className="java.lang.String">polarity</Name>
  <Value className="java.lang.String">badfor</Value>
</Feature>
</Annotation>
<Annotation Id="143" Type="others" StartNode="4111" EndNode="4123">
<Feature>
  <Name className="java.lang.String">comment</Name>
  <Value className="java.lang.String">GoodFor agent</Value>
</Feature>
</Annotation>
<Annotation Id="142" Type="gfbf-object" StartNode="3974" EndNode="4084">
<Feature>
  <Name className="java.lang.String">writerAtt</Name>
  <Value className="java.lang.String">positive</Value>
</Feature>
</Annotation>
<Annotation Id="129" Type="gfbf" StartNode="3541" EndNode="3549">
<Feature>
  <Name className="java.lang.String">agentId</Name>
  <Value className="java.lang.String">128</Value>
</Feature>
<Feature>
  <Name className="java.lang.String">polarity</Name>
  <Value className="java.lang.String">goodfor</Value>
</Feature>
<Feature>
  <Name className="java.lang.String">objectId</Name>
  <Value className="java.lang.String">130</Value>
</Feature>
</Annotation>
<Annotation Id="128" Type="gfbf-agent" StartNode="3503" EndNode="3520">
<Feature>
  <Name className="java.lang.String">writerAtt</Name>
  <Value className="java.lang.String">negative</Value>
</Feature>
</Annotation>
<Annotation Id="131" Type="gfbf" StartNode="3560" EndNode="3566">
<Feature>
  <Name className="java.lang.String">agentId</Name>
  <Value className="java.lang.String">128</Value>
</Feature>
<Feature>
  <Name className="java.lang.String">polarity</Name>
  <Value className="java.lang.String">badfor</Value>
</Feature>
<Feature>
  <Name className="java.lang.String">objectId</Name>
  <Value className="java.lang.String">132</Value>
</Feature>
</Annotation>
<Annotation Id="130" Type="gfbf-object" StartNode="3550" EndNode="3555">
<Feature>
  <Name className="java.lang.String">writerAtt</Name>
  <Value className="java.lang.String">negative</Value>
</Feature>
</Annotation>
<Annotation Id="133" Type="gfbf" StartNode="3738" EndNode="3769">
<Feature>
  <Name className="java.lang.String">agentId</Name>
  <Value className="java.lang.String">implicit</Value>
</Feature>
<Feature>
  <Name className="java.lang.String">comment</Name>
  <Value className="java.lang.String">add to</Value>
</Feature>
<Feature>
  <Name className="java.lang.String">objectId</Name>
  <Value className="java.lang.String">134</Value>
</Feature>
<Feature>
  <Name className="java.lang.String">polarity</Name>
  <Value className="java.lang.String">goodfor</Value>
</Feature>
</Annotation>
<Annotation Id="132" Type="gfbf-object" StartNode="3567" EndNode="3577">
<Feature>
  <Name className="java.lang.String">writerAtt</Name>
  <Value className="java.lang.String">positive</Value>
</Feature>
</Annotation>
<Annotation Id="135" Type="gfbf" StartNode="3790" EndNode="3800">
<Feature>
  <Name className="java.lang.String">agentId</Name>
  <Value className="java.lang.String">implicit</Value>
</Feature>
<Feature>
  <Name className="java.lang.String">objectId</Name>
  <Value className="java.lang.String">136</Value>
</Feature>
<Feature>
  <Name className="java.lang.String">polarity</Name>
  <Value className="java.lang.String">goodfor</Value>
</Feature>
</Annotation>
<Annotation Id="134" Type="gfbf-object" StartNode="3770" EndNode="3785">
<Feature>
  <Name className="java.lang.String">writerAtt</Name>
  <Value className="java.lang.String">positive</Value>
</Feature>
</Annotation>
<Annotation Id="144" Type="gfbf-agent" StartNode="4283" EndNode="4316">
<Feature>
  <Name className="java.lang.String">writerAtt</Name>
  <Value className="java.lang.String">negative</Value>
</Feature>
</Annotation>
<Annotation Id="145" Type="gfbf" StartNode="4323" EndNode="4327">
<Feature>
  <Name className="java.lang.String">agentId</Name>
  <Value className="java.lang.String">144</Value>
</Feature>
<Feature>
  <Name className="java.lang.String">polarity</Name>
  <Value className="java.lang.String">badfor</Value>
</Feature>
<Feature>
  <Name className="java.lang.String">objectId</Name>
  <Value className="java.lang.String">146</Value>
</Feature>
</Annotation>
<Annotation Id="146" Type="gfbf-object" StartNode="4328" EndNode="4365">
<Feature>
  <Name className="java.lang.String">writerAtt</Name>
  <Value className="java.lang.String">positive</Value>
</Feature>
</Annotation>
<Annotation Id="147" Type="gfbf" StartNode="4283" EndNode="4292">
<Feature>
  <Name className="java.lang.String">agentId</Name>
  <Value className="java.lang.String">implicit</Value>
</Feature>
<Feature>
  <Name className="java.lang.String">objectId</Name>
  <Value className="java.lang.String">148</Value>
</Feature>
<Feature>
  <Name className="java.lang.String">polarity</Name>
  <Value className="java.lang.String">badfor</Value>
</Feature>
</Annotation>
<Annotation Id="148" Type="gfbf-object" StartNode="4293" EndNode="4316">
<Feature>
  <Name className="java.lang.String">writerAtt</Name>
  <Value className="java.lang.String">positive</Value>
</Feature>
</Annotation>
<Annotation Id="150" Type="gfbf-agent" StartNode="2998" EndNode="3015">
<Feature>
  <Name className="java.lang.String">writerAtt</Name>
  <Value className="java.lang.String">negative</Value>
</Feature>
</Annotation>
<Annotation Id="151" Type="referent" StartNode="145" EndNode="354">
<Feature>
  <Name className="java.lang.String">writerAtt</Name>
  <Value className="java.lang.String">negative</Value>
</Feature>
</Annotation>
</AnnotationSet>

<!-- Named annotation set -->

<AnnotationSet Name="Original markups">
<Annotation Id="0" Type="paragraph" StartNode="0" EndNode="143">
</Annotation>
<Annotation Id="1" Type="paragraph" StartNode="145" EndNode="446">
</Annotation>
<Annotation Id="2" Type="paragraph" StartNode="448" EndNode="987">
</Annotation>
<Annotation Id="3" Type="paragraph" StartNode="989" EndNode="1233">
</Annotation>
<Annotation Id="4" Type="paragraph" StartNode="1239" EndNode="2773">
</Annotation>
<Annotation Id="5" Type="paragraph" StartNode="2775" EndNode="3383">
</Annotation>
<Annotation Id="6" Type="paragraph" StartNode="3385" EndNode="3732">
</Annotation>
<Annotation Id="7" Type="paragraph" StartNode="3738" EndNode="4239">
</Annotation>
<Annotation Id="8" Type="paragraph" StartNode="4241" EndNode="4370">
</Annotation>
<Annotation Id="9" Type="paragraph" StartNode="4376" EndNode="4545">
</Annotation>
<Annotation Id="10" Type="paragraph" StartNode="4547" EndNode="4615">
</Annotation>
<Annotation Id="44" Type="rel" StartNode="1878" EndNode="1939">
<Feature>
  <Name className="java.lang.String">type</Name>
  <Value className="java.lang.String">label</Value>
</Feature>
<Feature>
  <Name className="java.lang.String">ss-label</Name>
  <Value className="java.lang.String">promotes_jobs</Value>
</Feature>
</Annotation>
</AnnotationSet>

</GateDocument>
