<?xml version='1.0' encoding='MacRoman'?>
<GateDocument>
<!-- The document's features-->

<GateDocumentFeatures>
<Feature>
  <Name className="java.lang.String">gate.SourceURL</Name>
  <Value className="java.lang.String">file:/E:/Users/conrada/Documents/My%20Dropbox/healthcare_data/training_3/hc093.txt</Value>
</Feature>
<Feature>
  <Name className="java.lang.String">MimeType</Name>
  <Value className="java.lang.String">text/plain</Value>
</Feature>
<Feature>
  <Name className="java.lang.String">docNewLineType</Name>
  <Value className="java.lang.String">CRLF</Value>
</Feature>
</GateDocumentFeatures>
<!-- The document content area with serialized nodes -->

<TextWithNodes><Node id="0" />Impact of Repealing the Health Care Reform Law In the 2nd Congressional District of Missouri<Node id="92" />
<Node id="93" />
<Node id="94" />Subject: Impact of Repealing the Health Care Reform Law In the 2nd Congressional District of Missouri<Node id="195" />
<Node id="196" />
<Node id="197" />January 2011
<Node id="210" />Impact of Repealing the Health Care Reform Law<Node id="256" />
In the 2nd Congressional District of Missouri
Committee on Energy and Commerce
Minority Staff
<Node id="352" />In March 2010, Congress passed and President Obama signed into law historic health care reform
legislation, the Affordable Care Act<Node id="483" />.  <Node id="486" />Millions of Americans are already <Node id="520" />benefitting<Node id="531" /> from this law<Node id="545" />:
<Node id="548" />insurers<Node id="556" /> are <Node id="561" />no longer<Node id="570" /> allowed to <Node id="582" />discriminate against<Node id="602" /> <Node id="603" />children and others who are sick<Node id="635" />; <Node id="637" />small businesses
are <Node id="658" />receiving<Node id="667" /> billions of dollars in tax credits to <Node id="706" />provide<Node id="713" /> health care coverage for their employees<Node id="754" />; and
<Node id="760" />seniors are saving money on prescription drugs and <Node id="811" />receiving<Node id="820" /> free preventive care through Medicare<Node id="858" />.
<Node id="862" />House Republicans<Node id="879" /> will soon vote to <Node id="898" />repeal<Node id="904" /> <Node id="905" />these important new benefits<Node id="933" />, <Node id="935" />increasing<Node id="945" /> <Node id="946" />health care costs<Node id="963" /> for
millions of Americans<Node id="989" />, <Node id="991" />causing many families to lose coverage<Node id="1029" />, and <Node id="1035" />increasing the national debt by over
$1 trillion<Node id="1083" />.  This analysis describes the impact of repeal of the Affordable Care Act in the 2nd
Congressional District of Missouri, which is represented by Rep  W  Todd Akin.  <Node id="1249" />It finds that repeal of
the health reform law would have significant consequences in the district<Node id="1346" /> by:
<Node id="1352" />
-<Node id="1354" /> <Node id="1355" />Allowing <Node id="1364" />insurance companies<Node id="1383" /> to <Node id="1387" />deny<Node id="1391" /> <Node id="1392" />coverage to 122,000 to 310,000 individuals<Node id="1434" />, including 9,000 to 41,000 children, with pre-existing conditions<Node id="1500" />.
- <Node id="1504" />Rescinding<Node id="1514" /> <Node id="1515" />consumer protections for 534,000 individuals<Node id="1559" /> who have health insurance through their employer or the market for private insurance<Node id="1644" />.
- <Node id="1648" />Eliminating health care tax credits for up to 15,200 small businesses and 115,000 families<Node id="1738" />.
- <Node id="1742" />Increasing prescription drug costs for 12,500 seniors who hit the Part D drug 201c;donut hole201d; and
denying new preventive care benefits to 102,000 seniors<Node id="1900" />.
- <Node id="1905" />Increasing the costs of early retiree coverage for up to 9,800 early retirees<Node id="1982" />.
- <Node id="1986" />Eliminating<Node id="1997" /> <Node id="1998" />new health care coverage options for 2,100 uninsured young adults<Node id="2063" />.
- <Node id="2067" />Increasing<Node id="2077" /> <Node id="2078" />the costs to hospitals<Node id="2100" /> of providing uncompensated care by $49 million annually<Node id="2156" />.
<Node id="2158" />Repeal of<Node id="2167" /> <Node id="2168" />Protections Against Insurance Company Abuses<Node id="2212" />
<Node id="2213" />Repeal<Node id="2219" /> would <Node id="2226" />eliminate<Node id="2235" /> <Node id="2236" />the ban on discrimination<Node id="2261" /> on the basis of pre-existing conditions<Node id="2301" />.  <Node id="2304" />Under the
health reform law, <Node id="2333" />insurance companies<Node id="2352" /> can <Node id="2357" />no longer<Node id="2366" /> <Node id="2367" />deny<Node id="2371" /> <Node id="2372" />coverage to children with pre-existing conditions<Node id="2421" /> and will be <Node id="2434" />banned<Node id="2440" /> from <Node id="2446" />discriminating against<Node id="2468" /> <Node id="2469" />adults with pre-existing conditions<Node id="2504" /> in 2014<Node id="2512" />.
<Node id="2515" />There are 122,000 to 310,000 residents in Rep  Akin2019;s district with pre-existing conditions like diabetes,
heart disease, or cancer, including 9,000 to 41,000 children<Node id="2686" />.  <Node id="2689" />Repeal would allow insurance companies to
refuse to insure these individuals if they seek coverage in the individual or small-group markets<Node id="2828" />.  <Node id="2831" />The
consequences would be particularly acute for the 10,000 to 25,000 individuals in the district who
currently lack insurance coverage and who would be unable to purchase individual policies if the law is
repealed<Node id="3045" />.
<Node id="3048" />Repeal would eliminate the ban on annual and lifetime limits<Node id="3108" />.  <Node id="3111" />The health reform law<Node id="3132" /> <Node id="3133" />prohibits <Node id="3143" />insurance companies<Node id="3162" /> from <Node id="3168" />imposing annual and lifetime limits on <Node id="3207" />health insurance coverage<Node id="3232" />.  <Node id="3235" />This provision<Node id="3249" /> <Node id="3250" />protects<Node id="3258" /> <Node id="3259" />the rights of everyone<Node id="3281" /> who receives coverage from their employer or through the
market for private insurance<Node id="3367" />.  <Node id="3370" />If this protection is repealed, insurers would be able to impose coverage
limits on 534,000 individuals in the district with employer or private coverage<Node id="3523" />.    <Node id="3528" />Repeal would eliminate the ban on rescissions<Node id="3573" />.  <Node id="3576" />The health reform law prohibits insurers from
rescinding coverage for individuals who become ill<Node id="3672" />.  <Node id="3675" />Repeal would allow <Node id="3694" />insurance companies<Node id="3713" /> to resume the practice of <Node id="3740" />rescinding<Node id="3750" /> <Node id="3751" />coverage for the 47,000 district residents who purchase individual health insurance<Node id="3834" />.
<Node id="3836" />Repeal<Node id="3842" /> would <Node id="3849" />eliminate<Node id="3858" /> <Node id="3859" />other consumer protections<Node id="3885" />.  <Node id="3888" />The health reform law<Node id="3909" /> <Node id="3910" />protects<Node id="3918" /> <Node id="3919" />individuals<Node id="3930" /> from
soaring insurance costs by requiring reviews of proposed rate increases and limiting the amount insurance
companies can spend on administrative expenses, profits, and other overhead<Node id="4117" />.  <Node id="4120" />Repeal<Node id="4126" /> would <Node id="4133" />deny<Node id="4137" /> <Node id="4138" />these new protections<Node id="4159" /> to tens of thousands of district residents who either buy their own insurance or receive coverage through employers who do not self-insure<Node id="4298" />.
<Node id="4301" />Repeal of Benefits for Individuals and Families<Node id="4348" />
<Node id="4349" />Repeal<Node id="4355" /> would <Node id="4362" />eliminate<Node id="4371" /> <Node id="4372" />the requirement that insurance companies provide free preventive care<Node id="4441" />.
<Node id="4444" />The health reform law promotes wellness by requiring insurance companies to offer free preventive care
as part of any new or revised policies they issue after September 23, 2010<Node id="4621" />.  <Node id="4624" />Repeal would allow insurance
companies to charge for these essential benefits, which would <Node id="4715" />increase out-of-pocket costs for<Node id="4747" /> 112,000
district residents<Node id="4774" />.
<Node id="4778" />Repeal<Node id="4784" /> would <Node id="4791" />eliminate<Node id="4800" /> <Node id="4801" />health insurance options for young adults<Node id="4842" />.  <Node id="4845" />The health reform law allows
young adults to remain on their parents2019; insurance policies up to age 26<Node id="4950" />.  <Node id="4953" />In Rep  Akin2019;s district, 2,100
young adults have or are expected to take advantage of this benefit<Node id="5055" />. <Node id="5057" /> Repeal would force these young
adults to find other coverage or return to the ranks of the uninsured<Node id="5158" />.
<Node id="5160" />Repeal would eliminate tax credits for buying health insurance<Node id="5222" />.  <Node id="5225" />Starting in 2014, the health reform
law gives middle class families the largest tax cut for health care in history<Node id="5339" />, <Node id="5341" />providing tax credits to buy
coverage for families with incomes up to $88,000 for a family of four<Node id="5439" />.  <Node id="5442" />Repeal would deny these credits to
115,000 families in the district<Node id="5509" />.
<Node id="5518" />Repeal of Benefits for Seniors<Node id="5548" />
<Node id="5549" />Repeal would increase drug costs for seniors<Node id="5593" />.  <Node id="5596" />Beginning in 2011, the health reform law provides a
50% discount for prescription drugs for Medicare beneficiaries who enter the Medicare Part D 201c;donut
hole201d; and lose coverage for their drug expenses<Node id="5803" />.  <Node id="5806" />The law then increases the discount to Medicare
beneficiaries each year until 2020, when the donut hole is finally eliminated<Node id="5931" />.  <Node id="5934" />There are 12,500 Medicare
beneficiaries in Rep  Akin2019;s district who are expected to benefit from these provisions<Node id="6051" />.  <Node id="6054" />Repeal would
increase the average cost of prescription drugs for these Medicare beneficiaries by over $500 in 2011 and
by over $3,000 in 2020<Node id="6195" />.
<Node id="6197" />Repeal would deny seniors new preventive care and other benefits<Node id="6261" />.  <Node id="6264" />The health reform law improves
Medicare by providing free preventive and wellness care, improving primary and coordinated care, and
enhancing nursing home care<Node id="6423" />.  <Node id="6426" />The law also strengthens the Medicare trust fund, extending its solvency
from 2017 to 2029<Node id="6516" />. <Node id="6518" /> Repeal would eliminate these benefits for 102,000 Medicare beneficiaries in the
district and cause the Medicare trust fund to become insolvent in just six years<Node id="6679" />.  <Node id="6682" />Repeal of Benefits for Small and Large Businesses and Health Care Providers<Node id="6757" />
<Node id="6758" />Repeal would eliminate tax credits for small businesses<Node id="6813" />.  <Node id="6816" />The health reform law provides tax credits to
small businesses worth up to 35% of the cost of providing health insurance<Node id="6936" />.  <Node id="6939" />There are up to 15,200 small
businesses in Rep  Akin2019;s district that are eligible for this tax credit<Node id="7044" />.  <Node id="7047" />Repeal would force these small
businesses to drop coverage or bear the full costs of coverage themselves<Node id="7151" />.
<Node id="7155" />Repeal would increase retiree health care costs for employers<Node id="7216" />.  <Node id="7219" />The health reform law provides
funding to encourage employers to continue to provide health insurance for their retirees.<Node id="7340" />  <Node id="7342" />As many as
9,800 district residents who have retired but are not yet eligible for Medicare could ultimately benefit
from this early retiree assistance<Node id="7492" />.  <Node id="7495" />Repeal would increase costs for employers and jeopardize the coverage
their retirees are receiving<Node id="7593" />.
<Node id="7597" />Repeal would increase the cost of uncompensated care born by hospitals<Node id="7667" />.  <Node id="7670" />The health reform law
benefits hospitals by covering more Americans and thereby reducing the cost of providing care to the
uninsured<Node id="7802" />.  <Node id="7805" />Repeal would undo this benefit, increasing the cost of uncompensated care by $49 million
annually for hospitals in the district<Node id="7932" />.
<Node id="7936" />Repeal of Benefits for Taxpayers<Node id="7968" />
<Node id="7969" />Repeal would increase the long-term debt by over $1 trillion<Node id="8029" />.  <Node id="8032" />The health reform law reduces the
nation2019;s debt by eliminating waste, fraud, and abuse in the health care system, reducing the growth of
health care costs, and preventing excessive profit-taking by private insurers<Node id="8250" />.  <Node id="8253" />According to the
Congressional Budget Office, the bill will reduce the deficit by over $200 billion over the next ten years
and by over a trillion dollars in the decade after that<Node id="8432" />.  <Node id="8435" />Repeal would eliminate these cost-cutting measures,
adding more than $3,000 to the national debt for each American, including the 690,000 residents of the
district<Node id="8598" />.
This analysis is based upon the following sources:  the US  Census (data on insurance coverage rates
and types of coverage, small businesses, early retirees, income, and district populations); the Centers for
Medicare and Medicaid Services (data on Medicare enrollment and the Part D donut hole); the
Department of Health and Human Services (data on uncompensated care, Early Retiree Reinsurance
Program participation, and preexisting conditions); and the Congressional Budget Office (data on health
insurance coverage and deficit reduction under the Affordable Care Act).
<Node id="9173" /></TextWithNodes>
<!-- The default annotation set -->

<AnnotationSet>
<Annotation Id="4" Type="doc" StartNode="0" EndNode="9173">
<Feature>
  <Name className="java.lang.String">id</Name>
  <Value className="java.lang.String">hc093</Value>
</Feature>
<Feature>
  <Name className="java.lang.String">author</Name>
  <Value className="java.lang.String"></Value>
</Feature>
<Feature>
  <Name className="java.lang.String">source</Name>
  <Value className="java.lang.String">danny6114s,pre-posterous</Value>
</Feature>
<Feature>
  <Name className="java.lang.String">date</Name>
  <Value className="java.lang.String">201101</Value>
</Feature>
<Feature>
  <Name className="java.lang.String">side</Name>
  <Value className="java.lang.String">pro</Value>
</Feature>
<Feature>
  <Name className="java.lang.String">url</Name>
  <Value className="java.lang.String">http://danny6114.posterous.com/impact-of-repealing-the-health-care-reform-la</Value>
</Feature>
</Annotation>
<Annotation Id="5" Type="arg" StartNode="486" EndNode="545">
<Feature>
  <Name className="java.lang.String">unclear</Name>
  <Value className="java.lang.String">true</Value>
</Feature>
<Feature>
  <Name className="java.lang.String">ss-label</Name>
  <Value className="java.lang.String">improves_healthcare_access</Value>
</Feature>
<Feature>
  <Name className="java.lang.String">type</Name>
  <Value className="java.lang.String">label</Value>
</Feature>
<Feature>
  <Name className="java.lang.String">polarity</Name>
  <Value className="java.lang.String">positive</Value>
</Feature>
</Annotation>
<Annotation Id="6" Type="arg" StartNode="548" EndNode="635">
<Feature>
  <Name className="java.lang.String">prospect</Name>
  <Value className="java.lang.String"></Value>
</Feature>
<Feature>
  <Name className="java.lang.String">ss-label</Name>
  <Value className="java.lang.String">eliminates_pre-existing_conditions</Value>
</Feature>
<Feature>
  <Name className="java.lang.String">type</Name>
  <Value className="java.lang.String">label</Value>
</Feature>
<Feature>
  <Name className="java.lang.String">polarity</Name>
  <Value className="java.lang.String">positive</Value>
</Feature>
</Annotation>
<Annotation Id="7" Type="arg" StartNode="637" EndNode="754">
<Feature>
  <Name className="java.lang.String">type</Name>
  <Value className="java.lang.String">label</Value>
</Feature>
<Feature>
  <Name className="java.lang.String">ss-label</Name>
  <Value className="java.lang.String">helps_small_business</Value>
</Feature>
<Feature>
  <Name className="java.lang.String">polarity</Name>
  <Value className="java.lang.String">positive</Value>
</Feature>
</Annotation>
<Annotation Id="8" Type="arg" StartNode="760" EndNode="858">
<Feature>
  <Name className="java.lang.String">type</Name>
  <Value className="java.lang.String">label</Value>
</Feature>
<Feature>
  <Name className="java.lang.String">ss-label</Name>
  <Value className="java.lang.String">helps_seniors_pay_for_meds</Value>
</Feature>
<Feature>
  <Name className="java.lang.String">polarity</Name>
  <Value className="java.lang.String">positive</Value>
</Feature>
</Annotation>
<Annotation Id="9" Type="arg" StartNode="862" EndNode="989">
<Feature>
  <Name className="java.lang.String">ss-label</Name>
  <Value className="java.lang.String">improves_healthcare_affordability</Value>
</Feature>
<Feature>
  <Name className="java.lang.String">type</Name>
  <Value className="java.lang.String">label</Value>
</Feature>
<Feature>
  <Name className="java.lang.String">polarity</Name>
  <Value className="java.lang.String">negative</Value>
</Feature>
<Feature>
  <Name className="java.lang.String">incomplete</Name>
  <Value className="java.lang.String">true</Value>
</Feature>
</Annotation>
<Annotation Id="10" Type="arg" StartNode="991" EndNode="1029">
<Feature>
  <Name className="java.lang.String">ss-label</Name>
  <Value className="java.lang.String">improves_healthcare_access</Value>
</Feature>
<Feature>
  <Name className="java.lang.String">type</Name>
  <Value className="java.lang.String">label</Value>
</Feature>
<Feature>
  <Name className="java.lang.String">polarity</Name>
  <Value className="java.lang.String">negative</Value>
</Feature>
<Feature>
  <Name className="java.lang.String">incomplete</Name>
  <Value className="java.lang.String">true</Value>
</Feature>
</Annotation>
<Annotation Id="11" Type="arg" StartNode="1035" EndNode="1083">
<Feature>
  <Name className="java.lang.String"></Name>
  <Value className="java.lang.String">label</Value>
</Feature>
<Feature>
  <Name className="java.lang.String">ss-label</Name>
  <Value className="java.lang.String">repeal_increases_deficit</Value>
</Feature>
<Feature>
  <Name className="java.lang.String">polarity</Name>
  <Value className="java.lang.String">negative</Value>
</Feature>
<Feature>
  <Name className="java.lang.String">incomplete</Name>
  <Value className="java.lang.String">true</Value>
</Feature>
</Annotation>
<Annotation Id="12" Type="arg" StartNode="1355" EndNode="1500">
<Feature>
  <Name className="java.lang.String">type</Name>
  <Value className="java.lang.String">label</Value>
</Feature>
<Feature>
  <Name className="java.lang.String">ss-label</Name>
  <Value className="java.lang.String">eliminates_pre-existing_conditions</Value>
</Feature>
<Feature>
  <Name className="java.lang.String">polarity</Name>
  <Value className="java.lang.String">negative</Value>
</Feature>
</Annotation>
<Annotation Id="13" Type="arg" StartNode="1504" EndNode="1644">
<Feature>
  <Name className="java.lang.String">unclear</Name>
  <Value className="java.lang.String"></Value>
</Feature>
<Feature>
  <Name className="java.lang.String">ss-label</Name>
  <Value className="java.lang.String">prevents_corporate_exploitation</Value>
</Feature>
<Feature>
  <Name className="java.lang.String">type</Name>
  <Value className="java.lang.String">label</Value>
</Feature>
<Feature>
  <Name className="java.lang.String">polarity</Name>
  <Value className="java.lang.String">negative</Value>
</Feature>
<Feature>
  <Name className="java.lang.String">incomplete</Name>
  <Value className="java.lang.String">true</Value>
</Feature>
</Annotation>
<Annotation Id="14" Type="rel" StartNode="1648" EndNode="1738">
<Feature>
  <Name className="java.lang.String">ss-label</Name>
  <Value className="java.lang.String">helps_middle_class</Value>
</Feature>
<Feature>
  <Name className="java.lang.String">type</Name>
  <Value className="java.lang.String">label</Value>
</Feature>
<Feature>
  <Name className="java.lang.String">polarity</Name>
  <Value className="java.lang.String">negative</Value>
</Feature>
<Feature>
  <Name className="java.lang.String">incomplete</Name>
  <Value className="java.lang.String">true</Value>
</Feature>
</Annotation>
<Annotation Id="15" Type="rel" StartNode="1742" EndNode="1900">
<Feature>
  <Name className="java.lang.String">ss-label</Name>
  <Value className="java.lang.String">helps_seniors_pay_for_meds</Value>
</Feature>
<Feature>
  <Name className="java.lang.String">type</Name>
  <Value className="java.lang.String">label</Value>
</Feature>
<Feature>
  <Name className="java.lang.String">polarity</Name>
  <Value className="java.lang.String">negative</Value>
</Feature>
<Feature>
  <Name className="java.lang.String">incomplete</Name>
  <Value className="java.lang.String">true</Value>
</Feature>
</Annotation>
<Annotation Id="17" Type="arg" StartNode="1986" EndNode="2063">
<Feature>
  <Name className="java.lang.String">type</Name>
  <Value className="java.lang.String">label</Value>
</Feature>
<Feature>
  <Name className="java.lang.String">ss-label</Name>
  <Value className="java.lang.String">children_can_stay_on_parent_plans_longer</Value>
</Feature>
<Feature>
  <Name className="java.lang.String">polarity</Name>
  <Value className="java.lang.String">negative</Value>
</Feature>
</Annotation>
<Annotation Id="16" Type="rel" StartNode="1905" EndNode="1982">
<Feature>
  <Name className="java.lang.String">type</Name>
  <Value className="java.lang.String">label</Value>
</Feature>
<Feature>
  <Name className="java.lang.String">ss-label</Name>
  <Value className="java.lang.String">improves_healthcare_affordability</Value>
</Feature>
<Feature>
  <Name className="java.lang.String">polarity</Name>
  <Value className="java.lang.String">negative</Value>
</Feature>
</Annotation>
<Annotation Id="19" Type="arg" StartNode="2158" EndNode="2212">
<Feature>
  <Name className="java.lang.String">type</Name>
  <Value className="java.lang.String">label</Value>
</Feature>
<Feature>
  <Name className="java.lang.String">ss-label</Name>
  <Value className="java.lang.String">prevents_corporate_exploitation</Value>
</Feature>
<Feature>
  <Name className="java.lang.String">polarity</Name>
  <Value className="java.lang.String">negative</Value>
</Feature>
</Annotation>
<Annotation Id="18" Type="arg" StartNode="2067" EndNode="2156">
<Feature>
  <Name className="java.lang.String">ss-label</Name>
  <Value className="java.lang.String">uninsured_are_burden_on_taxpayers</Value>
</Feature>
<Feature>
  <Name className="java.lang.String">type</Name>
  <Value className="java.lang.String">label</Value>
</Feature>
<Feature>
  <Name className="java.lang.String">polarity</Name>
  <Value className="java.lang.String">negative</Value>
</Feature>
<Feature>
  <Name className="java.lang.String">incomplete</Name>
  <Value className="java.lang.String">true</Value>
</Feature>
</Annotation>
<Annotation Id="21" Type="arg" StartNode="2304" EndNode="2512">
<Feature>
  <Name className="java.lang.String">ss-label</Name>
  <Value className="java.lang.String">eliminates_pre-existing_conditions_for_children</Value>
</Feature>
<Feature>
  <Name className="java.lang.String">unclear</Name>
  <Value className="java.lang.String">true</Value>
</Feature>
<Feature>
  <Name className="java.lang.String">type</Name>
  <Value className="java.lang.String">label</Value>
</Feature>
<Feature>
  <Name className="java.lang.String">polarity</Name>
  <Value className="java.lang.String">positive</Value>
</Feature>
</Annotation>
<Annotation Id="20" Type="arg" StartNode="2213" EndNode="2301">
<Feature>
  <Name className="java.lang.String">ss-label</Name>
  <Value className="java.lang.String">eliminates_pre-existing_conditions</Value>
</Feature>
<Feature>
  <Name className="java.lang.String">unclear</Name>
  <Value className="java.lang.String">true</Value>
</Feature>
<Feature>
  <Name className="java.lang.String">type</Name>
  <Value className="java.lang.String">label</Value>
</Feature>
<Feature>
  <Name className="java.lang.String">polarity</Name>
  <Value className="java.lang.String">negative</Value>
</Feature>
</Annotation>
<Annotation Id="23" Type="rel" StartNode="3048" EndNode="3108">
<Feature>
  <Name className="java.lang.String">type</Name>
  <Value className="java.lang.String">label</Value>
</Feature>
<Feature>
  <Name className="java.lang.String">ss-label</Name>
  <Value className="java.lang.String">eliminates_caps_on_coverage</Value>
</Feature>
<Feature>
  <Name className="java.lang.String">polarity</Name>
  <Value className="java.lang.String">negative</Value>
</Feature>
</Annotation>
<Annotation Id="22" Type="rel" StartNode="2689" EndNode="2828">
<Feature>
  <Name className="java.lang.String">ss-label</Name>
  <Value className="java.lang.String">eliminates_pre-existing_conditions</Value>
</Feature>
<Feature>
  <Name className="java.lang.String">type</Name>
  <Value className="java.lang.String">label</Value>
</Feature>
<Feature>
  <Name className="java.lang.String">polarity</Name>
  <Value className="java.lang.String">negative</Value>
</Feature>
<Feature>
  <Name className="java.lang.String">incomplete</Name>
  <Value className="java.lang.String">true</Value>
</Feature>
</Annotation>
<Annotation Id="25" Type="rel" StartNode="2515" EndNode="2686">
<Feature>
  <Name className="java.lang.String">type</Name>
  <Value className="java.lang.String">label</Value>
</Feature>
<Feature>
  <Name className="java.lang.String">ss-label</Name>
  <Value className="java.lang.String">eliminates_pre-existing_conditions</Value>
</Feature>
</Annotation>
<Annotation Id="24" Type="arg" StartNode="3111" EndNode="3232">
<Feature>
  <Name className="java.lang.String">unclear</Name>
  <Value className="java.lang.String">true</Value>
</Feature>
<Feature>
  <Name className="java.lang.String">ss-label</Name>
  <Value className="java.lang.String">eliminates_caps_on_coverage</Value>
</Feature>
<Feature>
  <Name className="java.lang.String">type</Name>
  <Value className="java.lang.String">label</Value>
</Feature>
<Feature>
  <Name className="java.lang.String">polarity</Name>
  <Value className="java.lang.String">negative</Value>
</Feature>
</Annotation>
<Annotation Id="27" Type="rel" StartNode="3370" EndNode="3523">
<Feature>
  <Name className="java.lang.String">prospect</Name>
  <Value className="java.lang.String"></Value>
</Feature>
<Feature>
  <Name className="java.lang.String">ss-label</Name>
  <Value className="java.lang.String">eliminates_caps_on_coverage</Value>
</Feature>
<Feature>
  <Name className="java.lang.String">type</Name>
  <Value className="java.lang.String">label</Value>
</Feature>
<Feature>
  <Name className="java.lang.String">polarity</Name>
  <Value className="java.lang.String">negative</Value>
</Feature>
</Annotation>
<Annotation Id="26" Type="arg" StartNode="3235" EndNode="3367">
<Feature>
  <Name className="java.lang.String">unclear</Name>
  <Value className="java.lang.String">true</Value>
</Feature>
<Feature>
  <Name className="java.lang.String">ss-label</Name>
  <Value className="java.lang.String">eliminates_caps_on_coverage</Value>
</Feature>
<Feature>
  <Name className="java.lang.String">type</Name>
  <Value className="java.lang.String">label</Value>
</Feature>
<Feature>
  <Name className="java.lang.String">polarity</Name>
  <Value className="java.lang.String">positive</Value>
</Feature>
</Annotation>
<Annotation Id="29" Type="rel" StartNode="3576" EndNode="3672">
<Feature>
  <Name className="java.lang.String">type</Name>
  <Value className="java.lang.String">label</Value>
</Feature>
<Feature>
  <Name className="java.lang.String">ss-label</Name>
  <Value className="java.lang.String">prevents_insurers_from_dropping_the_sick</Value>
</Feature>
<Feature>
  <Name className="java.lang.String">polarity</Name>
  <Value className="java.lang.String">positive</Value>
</Feature>
</Annotation>
<Annotation Id="28" Type="rel" StartNode="3528" EndNode="3573">
<Feature>
  <Name className="java.lang.String">type</Name>
  <Value className="java.lang.String">label</Value>
</Feature>
<Feature>
  <Name className="java.lang.String">ss-label</Name>
  <Value className="java.lang.String">prevents_insurers_from_dropping_the_sick</Value>
</Feature>
<Feature>
  <Name className="java.lang.String">polarity</Name>
  <Value className="java.lang.String">negative</Value>
</Feature>
</Annotation>
<Annotation Id="31" Type="arg" StartNode="3836" EndNode="3885">
<Feature>
  <Name className="java.lang.String">unclear</Name>
  <Value className="java.lang.String">true</Value>
</Feature>
<Feature>
  <Name className="java.lang.String">ss-label</Name>
  <Value className="java.lang.String">prevents_corporate_exploitation</Value>
</Feature>
<Feature>
  <Name className="java.lang.String">type</Name>
  <Value className="java.lang.String">label</Value>
</Feature>
<Feature>
  <Name className="java.lang.String">polarity</Name>
  <Value className="java.lang.String">negative</Value>
</Feature>
</Annotation>
<Annotation Id="30" Type="arg" StartNode="3675" EndNode="3834">
<Feature>
  <Name className="java.lang.String">type</Name>
  <Value className="java.lang.String">label</Value>
</Feature>
<Feature>
  <Name className="java.lang.String">ss-label</Name>
  <Value className="java.lang.String">prevents_insurers_from_dropping_the_sick</Value>
</Feature>
<Feature>
  <Name className="java.lang.String">polarity</Name>
  <Value className="java.lang.String">negative</Value>
</Feature>
</Annotation>
<Annotation Id="34" Type="arg" StartNode="4349" EndNode="4441">
<Feature>
  <Name className="java.lang.String">type</Name>
  <Value className="java.lang.String">label</Value>
</Feature>
<Feature>
  <Name className="java.lang.String">ss-label</Name>
  <Value className="java.lang.String">expands/guarantees_access_to_preventative_care</Value>
</Feature>
<Feature>
  <Name className="java.lang.String">polarity</Name>
  <Value className="java.lang.String">negative</Value>
</Feature>
</Annotation>
<Annotation Id="35" Type="rel" StartNode="4444" EndNode="4621">
<Feature>
  <Name className="java.lang.String">type</Name>
  <Value className="java.lang.String">label</Value>
</Feature>
<Feature>
  <Name className="java.lang.String">ss-label</Name>
  <Value className="java.lang.String">expands/guarantees_access_to_preventative_care</Value>
</Feature>
<Feature>
  <Name className="java.lang.String">polarity</Name>
  <Value className="java.lang.String">positive</Value>
</Feature>
</Annotation>
<Annotation Id="32" Type="arg" StartNode="3888" EndNode="4117">
<Feature>
  <Name className="java.lang.String">type</Name>
  <Value className="java.lang.String">label</Value>
</Feature>
<Feature>
  <Name className="java.lang.String">ss-label</Name>
  <Value className="java.lang.String">improves_efficiency_of_insurers</Value>
</Feature>
<Feature>
  <Name className="java.lang.String">polarity</Name>
  <Value className="java.lang.String">positive</Value>
</Feature>
</Annotation>
<Annotation Id="33" Type="arg" StartNode="4120" EndNode="4298">
<Feature>
  <Name className="java.lang.String">unclear</Name>
  <Value className="java.lang.String">true</Value>
</Feature>
<Feature>
  <Name className="java.lang.String">ss-label</Name>
  <Value className="java.lang.String">prevents_corporate_exploitation</Value>
</Feature>
<Feature>
  <Name className="java.lang.String">type</Name>
  <Value className="java.lang.String">label</Value>
</Feature>
<Feature>
  <Name className="java.lang.String">polarity</Name>
  <Value className="java.lang.String">negative</Value>
</Feature>
</Annotation>
<Annotation Id="38" Type="rel" StartNode="4845" EndNode="4950">
<Feature>
  <Name className="java.lang.String">type</Name>
  <Value className="java.lang.String">label</Value>
</Feature>
<Feature>
  <Name className="java.lang.String">ss-label</Name>
  <Value className="java.lang.String">children_can_stay_on_parent_plans_longer</Value>
</Feature>
</Annotation>
<Annotation Id="39" Type="arg" StartNode="5057" EndNode="5158">
<Feature>
  <Name className="java.lang.String">type</Name>
  <Value className="java.lang.String">label</Value>
</Feature>
<Feature>
  <Name className="java.lang.String">ss-label</Name>
  <Value className="java.lang.String">children_can_stay_on_parent_plans_longer</Value>
</Feature>
<Feature>
  <Name className="java.lang.String">polarity</Name>
  <Value className="java.lang.String">negative</Value>
</Feature>
</Annotation>
<Annotation Id="36" Type="arg" StartNode="4624" EndNode="4774">
<Feature>
  <Name className="java.lang.String">type</Name>
  <Value className="java.lang.String">label</Value>
</Feature>
<Feature>
  <Name className="java.lang.String">ss-label</Name>
  <Value className="java.lang.String">improves_healthcare_affordability</Value>
</Feature>
<Feature>
  <Name className="java.lang.String">polarity</Name>
  <Value className="java.lang.String">negative</Value>
</Feature>
</Annotation>
<Annotation Id="37" Type="arg" StartNode="4778" EndNode="4842">
<Feature>
  <Name className="java.lang.String">type</Name>
  <Value className="java.lang.String">label</Value>
</Feature>
<Feature>
  <Name className="java.lang.String">ss-label</Name>
  <Value className="java.lang.String">children_can_stay_on_parent_plans_longer</Value>
</Feature>
<Feature>
  <Name className="java.lang.String">polarity</Name>
  <Value className="java.lang.String">negative</Value>
</Feature>
</Annotation>
<Annotation Id="42" Type="arg" StartNode="5225" EndNode="5339">
<Feature>
  <Name className="java.lang.String">type</Name>
  <Value className="java.lang.String">label</Value>
</Feature>
<Feature>
  <Name className="java.lang.String">ss-label</Name>
  <Value className="java.lang.String">tax_credits_improve_affordability</Value>
</Feature>
<Feature>
  <Name className="java.lang.String">polarity</Name>
  <Value className="java.lang.String">positive</Value>
</Feature>
</Annotation>
<Annotation Id="43" Type="rel" StartNode="5341" EndNode="5439">
<Feature>
  <Name className="java.lang.String">type</Name>
  <Value className="java.lang.String">label</Value>
</Feature>
<Feature>
  <Name className="java.lang.String">ss-label</Name>
  <Value className="java.lang.String">tax_credits_improve_affordability</Value>
</Feature>
</Annotation>
<Annotation Id="40" Type="arg" StartNode="5442" EndNode="5509">
<Feature>
  <Name className="java.lang.String">type</Name>
  <Value className="java.lang.String">label</Value>
</Feature>
<Feature>
  <Name className="java.lang.String">ss-label</Name>
  <Value className="java.lang.String">tax_credits_improve_affordability</Value>
</Feature>
<Feature>
  <Name className="java.lang.String">polarity</Name>
  <Value className="java.lang.String">negative</Value>
</Feature>
</Annotation>
<Annotation Id="41" Type="rel" StartNode="5160" EndNode="5222">
<Feature>
  <Name className="java.lang.String">type</Name>
  <Value className="java.lang.String">label</Value>
</Feature>
<Feature>
  <Name className="java.lang.String">ss-label</Name>
  <Value className="java.lang.String">tax_credits_improve_affordability</Value>
</Feature>
<Feature>
  <Name className="java.lang.String">polarity</Name>
  <Value className="java.lang.String">negative</Value>
</Feature>
</Annotation>
<Annotation Id="46" Type="rel" StartNode="5806" EndNode="5931">
<Feature>
  <Name className="java.lang.String">type</Name>
  <Value className="java.lang.String">label</Value>
</Feature>
<Feature>
  <Name className="java.lang.String">ss-label</Name>
  <Value className="java.lang.String">helps_medicare_recipients_pay_for_meds</Value>
</Feature>
</Annotation>
<Annotation Id="47" Type="arg" StartNode="6054" EndNode="6195">
<Feature>
  <Name className="java.lang.String">type</Name>
  <Value className="java.lang.String">label</Value>
</Feature>
<Feature>
  <Name className="java.lang.String">ss-label</Name>
  <Value className="java.lang.String">helps_medicare_recipients_pay_for_meds</Value>
</Feature>
<Feature>
  <Name className="java.lang.String">polarity</Name>
  <Value className="java.lang.String">negative</Value>
</Feature>
</Annotation>
<Annotation Id="44" Type="arg" StartNode="5549" EndNode="5593">
<Feature>
  <Name className="java.lang.String">type</Name>
  <Value className="java.lang.String">label</Value>
</Feature>
<Feature>
  <Name className="java.lang.String">ss-label</Name>
  <Value className="java.lang.String">helps_medicare_recipients_pay_for_meds</Value>
</Feature>
<Feature>
  <Name className="java.lang.String">polarity</Name>
  <Value className="java.lang.String">negative</Value>
</Feature>
</Annotation>
<Annotation Id="45" Type="rel" StartNode="5596" EndNode="5803">
<Feature>
  <Name className="java.lang.String">type</Name>
  <Value className="java.lang.String">label</Value>
</Feature>
<Feature>
  <Name className="java.lang.String">ss-label</Name>
  <Value className="java.lang.String">helps_medicare_recipients_pay_for_meds</Value>
</Feature>
</Annotation>
<Annotation Id="51" Type="arg" StartNode="6518" EndNode="6679">
<Feature>
  <Name className="java.lang.String">ss-label</Name>
  <Value className="java.lang.String">ensures_medicares_sustainability</Value>
</Feature>
<Feature>
  <Name className="java.lang.String">unclear</Name>
  <Value className="java.lang.String">true</Value>
</Feature>
<Feature>
  <Name className="java.lang.String">type</Name>
  <Value className="java.lang.String">label</Value>
</Feature>
<Feature>
  <Name className="java.lang.String">polarity</Name>
  <Value className="java.lang.String">negative</Value>
</Feature>
</Annotation>
<Annotation Id="50" Type="arg" StartNode="6426" EndNode="6516">
<Feature>
  <Name className="java.lang.String">type</Name>
  <Value className="java.lang.String">label</Value>
</Feature>
<Feature>
  <Name className="java.lang.String">ss-label</Name>
  <Value className="java.lang.String">ensures_medicares_sustainability</Value>
</Feature>
<Feature>
  <Name className="java.lang.String">polarity</Name>
  <Value className="java.lang.String">positive</Value>
</Feature>
</Annotation>
<Annotation Id="49" Type="arg" StartNode="6264" EndNode="6423">
<Feature>
  <Name className="java.lang.String">type</Name>
  <Value className="java.lang.String">label</Value>
</Feature>
<Feature>
  <Name className="java.lang.String">ss-label</Name>
  <Value className="java.lang.String">expands/guarantees_access_to_preventative_care</Value>
</Feature>
<Feature>
  <Name className="java.lang.String">polarity</Name>
  <Value className="java.lang.String">positive</Value>
</Feature>
</Annotation>
<Annotation Id="48" Type="arg" StartNode="6197" EndNode="6261">
<Feature>
  <Name className="java.lang.String">type</Name>
  <Value className="java.lang.String">label</Value>
</Feature>
<Feature>
  <Name className="java.lang.String">ss-label</Name>
  <Value className="java.lang.String">expands/guarantees_access_to_preventative_care</Value>
</Feature>
<Feature>
  <Name className="java.lang.String">polarity</Name>
  <Value className="java.lang.String">negative</Value>
</Feature>
</Annotation>
<Annotation Id="55" Type="arg" StartNode="7155" EndNode="7216">
<Feature>
  <Name className="java.lang.String">type</Name>
  <Value className="java.lang.String">label</Value>
</Feature>
<Feature>
  <Name className="java.lang.String">ss-label</Name>
  <Value className="java.lang.String">helps_small_business</Value>
</Feature>
<Feature>
  <Name className="java.lang.String">polarity</Name>
  <Value className="java.lang.String">negative</Value>
</Feature>
</Annotation>
<Annotation Id="54" Type="arg" StartNode="7047" EndNode="7151">
<Feature>
  <Name className="java.lang.String">type</Name>
  <Value className="java.lang.String">label</Value>
</Feature>
<Feature>
  <Name className="java.lang.String">ss-label</Name>
  <Value className="java.lang.String">helps_small_business</Value>
</Feature>
<Feature>
  <Name className="java.lang.String">polarity</Name>
  <Value className="java.lang.String">negative</Value>
</Feature>
</Annotation>
<Annotation Id="53" Type="rel" StartNode="6816" EndNode="6936">
<Feature>
  <Name className="java.lang.String">type</Name>
  <Value className="java.lang.String">label</Value>
</Feature>
<Feature>
  <Name className="java.lang.String">ss-label</Name>
  <Value className="java.lang.String">helps_small_business</Value>
</Feature>
</Annotation>
<Annotation Id="52" Type="arg" StartNode="6758" EndNode="6813">
<Feature>
  <Name className="java.lang.String">type</Name>
  <Value className="java.lang.String">label</Value>
</Feature>
<Feature>
  <Name className="java.lang.String">ss-label</Name>
  <Value className="java.lang.String">helps_small_business</Value>
</Feature>
<Feature>
  <Name className="java.lang.String">polarity</Name>
  <Value className="java.lang.String">negative</Value>
</Feature>
</Annotation>
<Annotation Id="59" Type="arg" StartNode="7805" EndNode="7932">
<Feature>
  <Name className="java.lang.String">type</Name>
  <Value className="java.lang.String">label</Value>
</Feature>
<Feature>
  <Name className="java.lang.String">ss-label</Name>
  <Value className="java.lang.String">uninsured_are_burden_on_hospitals</Value>
</Feature>
<Feature>
  <Name className="java.lang.String">polarity</Name>
  <Value className="java.lang.String">negative</Value>
</Feature>
</Annotation>
<Annotation Id="58" Type="arg" StartNode="7597" EndNode="7667">
<Feature>
  <Name className="java.lang.String">unclear</Name>
  <Value className="java.lang.String">true</Value>
</Feature>
<Feature>
  <Name className="java.lang.String">ss-label</Name>
  <Value className="java.lang.String">uninsured_are_burden_on_hospitals</Value>
</Feature>
<Feature>
  <Name className="java.lang.String">type</Name>
  <Value className="java.lang.String">label</Value>
</Feature>
<Feature>
  <Name className="java.lang.String">polarity</Name>
  <Value className="java.lang.String">negative</Value>
</Feature>
</Annotation>
<Annotation Id="57" Type="rel" StartNode="7219" EndNode="7340">
<Feature>
  <Name className="java.lang.String">type</Name>
  <Value className="java.lang.String">label</Value>
</Feature>
<Feature>
  <Name className="java.lang.String">ss-label</Name>
  <Value className="java.lang.String">helps_small_business</Value>
</Feature>
<Feature>
  <Name className="java.lang.String">unclear</Name>
  <Value className="java.lang.String"></Value>
</Feature>
</Annotation>
<Annotation Id="56" Type="arg" StartNode="7495" EndNode="7593">
<Feature>
  <Name className="java.lang.String">ss-label</Name>
  <Value className="java.lang.String">helps_small_business</Value>
</Feature>
<Feature>
  <Name className="java.lang.String">unclear</Name>
  <Value className="java.lang.String">true</Value>
</Feature>
<Feature>
  <Name className="java.lang.String">type</Name>
  <Value className="java.lang.String">label</Value>
</Feature>
<Feature>
  <Name className="java.lang.String">polarity</Name>
  <Value className="java.lang.String">negative</Value>
</Feature>
</Annotation>
<Annotation Id="63" Type="arg" StartNode="8253" EndNode="8432">
<Feature>
  <Name className="java.lang.String">type</Name>
  <Value className="java.lang.String">label</Value>
</Feature>
<Feature>
  <Name className="java.lang.String">ss-label</Name>
  <Value className="java.lang.String">maintains/reduces_govt_deficit</Value>
</Feature>
<Feature>
  <Name className="java.lang.String">polarity</Name>
  <Value className="java.lang.String">positive</Value>
</Feature>
</Annotation>
<Annotation Id="62" Type="arg" StartNode="8032" EndNode="8250">
<Feature>
  <Name className="java.lang.String">type</Name>
  <Value className="java.lang.String">label</Value>
</Feature>
<Feature>
  <Name className="java.lang.String">ss-label</Name>
  <Value className="java.lang.String">maintains/reduces_govt_deficit</Value>
</Feature>
<Feature>
  <Name className="java.lang.String">polarity</Name>
  <Value className="java.lang.String">positive</Value>
</Feature>
</Annotation>
<Annotation Id="61" Type="arg" StartNode="7969" EndNode="8029">
<Feature>
  <Name className="java.lang.String">type</Name>
  <Value className="java.lang.String">label</Value>
</Feature>
<Feature>
  <Name className="java.lang.String">ss-label</Name>
  <Value className="java.lang.String">repeal_increases_deficit</Value>
</Feature>
<Feature>
  <Name className="java.lang.String">polarity</Name>
  <Value className="java.lang.String">negative</Value>
</Feature>
</Annotation>
<Annotation Id="60" Type="rel" StartNode="7670" EndNode="7802">
<Feature>
  <Name className="java.lang.String">type</Name>
  <Value className="java.lang.String">label</Value>
</Feature>
<Feature>
  <Name className="java.lang.String">ss-label</Name>
  <Value className="java.lang.String">uninsured_are_burden_on_hospitals</Value>
</Feature>
</Annotation>
<Annotation Id="68" Type="rel" StartNode="352" EndNode="483">
<Feature>
  <Name className="java.lang.String">type</Name>
  <Value className="java.lang.String">label</Value>
</Feature>
<Feature>
  <Name className="java.lang.String">ss-label</Name>
  <Value className="java.lang.String">bill_generally_good</Value>
</Feature>
<Feature>
  <Name className="java.lang.String">polarity</Name>
  <Value className="java.lang.String">positive</Value>
</Feature>
</Annotation>
<Annotation Id="69" Type="rel" StartNode="1249" EndNode="1346">
<Feature>
  <Name className="java.lang.String">type</Name>
  <Value className="java.lang.String">label</Value>
</Feature>
<Feature>
  <Name className="java.lang.String">ss-label</Name>
  <Value className="java.lang.String">bill_should_not_be_defunded</Value>
</Feature>
</Annotation>
<Annotation Id="70" Type="arg" StartNode="2831" EndNode="3045">
<Feature>
  <Name className="java.lang.String">type</Name>
  <Value className="java.lang.String">label</Value>
</Feature>
<Feature>
  <Name className="java.lang.String">ss-label</Name>
  <Value className="java.lang.String">eliminates_pre-existing_conditions</Value>
</Feature>
<Feature>
  <Name className="java.lang.String">polarity</Name>
  <Value className="java.lang.String">negative</Value>
</Feature>
</Annotation>
<Annotation Id="71" Type="rel" StartNode="4953" EndNode="5055">
<Feature>
  <Name className="java.lang.String">type</Name>
  <Value className="java.lang.String">label</Value>
</Feature>
<Feature>
  <Name className="java.lang.String">ss-label</Name>
  <Value className="java.lang.String">children_can_stay_on_parent_plans_longer</Value>
</Feature>
</Annotation>
<Annotation Id="64" Type="arg" StartNode="8435" EndNode="8598">
<Feature>
  <Name className="java.lang.String">type</Name>
  <Value className="java.lang.String">label</Value>
</Feature>
<Feature>
  <Name className="java.lang.String">ss-label</Name>
  <Value className="java.lang.String">repeal_increases_deficit</Value>
</Feature>
<Feature>
  <Name className="java.lang.String">polarity</Name>
  <Value className="java.lang.String">negative</Value>
</Feature>
</Annotation>
<Annotation Id="65" Type="rel" StartNode="0" EndNode="92">
<Feature>
  <Name className="java.lang.String">type</Name>
  <Value className="java.lang.String">label</Value>
</Feature>
<Feature>
  <Name className="java.lang.String">ss-label</Name>
  <Value className="java.lang.String">bill_should_not_be_defunded</Value>
</Feature>
</Annotation>
<Annotation Id="66" Type="rel" StartNode="94" EndNode="195">
<Feature>
  <Name className="java.lang.String">type</Name>
  <Value className="java.lang.String">label</Value>
</Feature>
<Feature>
  <Name className="java.lang.String">ss-label</Name>
  <Value className="java.lang.String">bill_should_not_be_defunded</Value>
</Feature>
</Annotation>
<Annotation Id="67" Type="rel" StartNode="210" EndNode="256">
<Feature>
  <Name className="java.lang.String">type</Name>
  <Value className="java.lang.String">label</Value>
</Feature>
<Feature>
  <Name className="java.lang.String">ss-label</Name>
  <Value className="java.lang.String">bill_should_not_be_defunded</Value>
</Feature>
</Annotation>
<Annotation Id="76" Type="rel" StartNode="6939" EndNode="7044">
<Feature>
  <Name className="java.lang.String">type</Name>
  <Value className="java.lang.String">label</Value>
</Feature>
<Feature>
  <Name className="java.lang.String">ss-label</Name>
  <Value className="java.lang.String">helps_small_business</Value>
</Feature>
</Annotation>
<Annotation Id="77" Type="rel" StartNode="7342" EndNode="7492">
<Feature>
  <Name className="java.lang.String">type</Name>
  <Value className="java.lang.String">label</Value>
</Feature>
<Feature>
  <Name className="java.lang.String">ss-label</Name>
  <Value className="java.lang.String">helps_small_business</Value>
</Feature>
</Annotation>
<Annotation Id="78" Type="arg" StartNode="7936" EndNode="7968">
<Feature>
  <Name className="java.lang.String">ss-label</Name>
  <Value className="java.lang.String">repeal_increases_deficit</Value>
</Feature>
<Feature>
  <Name className="java.lang.String">unclear</Name>
  <Value className="java.lang.String">true</Value>
</Feature>
<Feature>
  <Name className="java.lang.String">type</Name>
  <Value className="java.lang.String">label</Value>
</Feature>
<Feature>
  <Name className="java.lang.String">polarity</Name>
  <Value className="java.lang.String">negative</Value>
</Feature>
<Feature>
  <Name className="java.lang.String">incomplete</Name>
  <Value className="java.lang.String">true</Value>
</Feature>
</Annotation>
<Annotation Id="79" Type="others" StartNode="520" EndNode="531">
<Feature>
  <Name className="java.lang.String">comment</Name>
  <Value className="java.lang.String">GoodFor agent</Value>
</Feature>
</Annotation>
<Annotation Id="72" Type="rel" StartNode="5934" EndNode="6051">
<Feature>
  <Name className="java.lang.String">type</Name>
  <Value className="java.lang.String">label</Value>
</Feature>
<Feature>
  <Name className="java.lang.String">ss-label</Name>
  <Value className="java.lang.String">helps_medicare_recipients_pay_for_meds</Value>
</Feature>
</Annotation>
<Annotation Id="73" Type="arg" StartNode="4301" EndNode="4348">
<Feature>
  <Name className="java.lang.String">type</Name>
  <Value className="java.lang.String">else</Value>
</Feature>
<Feature>
  <Name className="java.lang.String">ss-label</Name>
  <Value className="java.lang.String"></Value>
</Feature>
<Feature>
  <Name className="java.lang.String">polarity</Name>
  <Value className="java.lang.String">negative</Value>
</Feature>
</Annotation>
<Annotation Id="74" Type="arg" StartNode="5518" EndNode="5548">
<Feature>
  <Name className="java.lang.String">ss-label</Name>
  <Value className="java.lang.String">helps_medicare_recipients_pay_for_meds</Value>
</Feature>
<Feature>
  <Name className="java.lang.String">unclear</Name>
  <Value className="java.lang.String">true</Value>
</Feature>
<Feature>
  <Name className="java.lang.String">type</Name>
  <Value className="java.lang.String">label</Value>
</Feature>
<Feature>
  <Name className="java.lang.String">polarity</Name>
  <Value className="java.lang.String">negative</Value>
</Feature>
<Feature>
  <Name className="java.lang.String">incomplete</Name>
  <Value className="java.lang.String">true</Value>
</Feature>
</Annotation>
<Annotation Id="75" Type="arg" StartNode="6682" EndNode="6757">
<Feature>
  <Name className="java.lang.String">ss-label</Name>
  <Value className="java.lang.String">helps_small_business</Value>
</Feature>
<Feature>
  <Name className="java.lang.String">unclear</Name>
  <Value className="java.lang.String">true</Value>
</Feature>
<Feature>
  <Name className="java.lang.String">type</Name>
  <Value className="java.lang.String">label</Value>
</Feature>
<Feature>
  <Name className="java.lang.String">polarity</Name>
  <Value className="java.lang.String">negative</Value>
</Feature>
</Annotation>
<Annotation Id="84" Type="influencer" StartNode="561" EndNode="570">
<Feature>
  <Name className="java.lang.String">effect</Name>
  <Value className="java.lang.String">reverse</Value>
</Feature>
<Feature>
  <Name className="java.lang.String">agentId</Name>
  <Value className="java.lang.String">83</Value>
</Feature>
<Feature>
  <Name className="java.lang.String">objectId</Name>
  <Value className="java.lang.String">81</Value>
</Feature>
</Annotation>
<Annotation Id="87" Type="others" StartNode="706" EndNode="713">
<Feature>
  <Name className="java.lang.String">comment</Name>
  <Value className="java.lang.String">property</Value>
</Feature>
</Annotation>
<Annotation Id="86" Type="others" StartNode="658" EndNode="667">
<Feature>
  <Name className="java.lang.String">comment</Name>
  <Value className="java.lang.String">property</Value>
</Feature>
</Annotation>
<Annotation Id="81" Type="gfbf" StartNode="582" EndNode="602">
<Feature>
  <Name className="java.lang.String">agentId</Name>
  <Value className="java.lang.String">83</Value>
</Feature>
<Feature>
  <Name className="java.lang.String">polarity</Name>
  <Value className="java.lang.String">badfor</Value>
</Feature>
<Feature>
  <Name className="java.lang.String">objectId</Name>
  <Value className="java.lang.String">82</Value>
</Feature>
</Annotation>
<Annotation Id="83" Type="gfbf-agent" StartNode="548" EndNode="556">
<Feature>
  <Name className="java.lang.String">writerAtt</Name>
  <Value className="java.lang.String">negative</Value>
</Feature>
</Annotation>
<Annotation Id="82" Type="gfbf-object" StartNode="603" EndNode="635">
<Feature>
  <Name className="java.lang.String">writerAtt</Name>
  <Value className="java.lang.String">positive</Value>
</Feature>
</Annotation>
<Annotation Id="92" Type="gfbf" StartNode="935" EndNode="945">
<Feature>
  <Name className="java.lang.String">agentId</Name>
  <Value className="java.lang.String">91</Value>
</Feature>
<Feature>
  <Name className="java.lang.String">polarity</Name>
  <Value className="java.lang.String">goodfor</Value>
</Feature>
<Feature>
  <Name className="java.lang.String">objectId</Name>
  <Value className="java.lang.String">94</Value>
</Feature>
</Annotation>
<Annotation Id="95" Type="gfbf" StartNode="1387" EndNode="1391">
<Feature>
  <Name className="java.lang.String">agentId</Name>
  <Value className="java.lang.String">98</Value>
</Feature>
<Feature>
  <Name className="java.lang.String">polarity</Name>
  <Value className="java.lang.String">badfor</Value>
</Feature>
<Feature>
  <Name className="java.lang.String">objectId</Name>
  <Value className="java.lang.String">96</Value>
</Feature>
</Annotation>
<Annotation Id="94" Type="gfbf-object" StartNode="946" EndNode="963">
<Feature>
  <Name className="java.lang.String">writerAtt</Name>
  <Value className="java.lang.String">negative</Value>
</Feature>
</Annotation>
<Annotation Id="89" Type="gfbf" StartNode="898" EndNode="904">
<Feature>
  <Name className="java.lang.String">agentId</Name>
  <Value className="java.lang.String">91</Value>
</Feature>
<Feature>
  <Name className="java.lang.String">polarity</Name>
  <Value className="java.lang.String">badfor</Value>
</Feature>
<Feature>
  <Name className="java.lang.String">objectId</Name>
  <Value className="java.lang.String">90</Value>
</Feature>
</Annotation>
<Annotation Id="88" Type="others" StartNode="811" EndNode="820">
<Feature>
  <Name className="java.lang.String">comment</Name>
  <Value className="java.lang.String">property</Value>
</Feature>
</Annotation>
<Annotation Id="91" Type="gfbf-agent" StartNode="862" EndNode="879">
<Feature>
  <Name className="java.lang.String">writerAtt</Name>
  <Value className="java.lang.String">negative</Value>
</Feature>
</Annotation>
<Annotation Id="90" Type="gfbf-object" StartNode="905" EndNode="933">
<Feature>
  <Name className="java.lang.String">writerAtt</Name>
  <Value className="java.lang.String">positive</Value>
</Feature>
</Annotation>
<Annotation Id="102" Type="gfbf" StartNode="1986" EndNode="1997">
<Feature>
  <Name className="java.lang.String">agentId</Name>
  <Value className="java.lang.String">implicit</Value>
</Feature>
<Feature>
  <Name className="java.lang.String">objectId</Name>
  <Value className="java.lang.String">103</Value>
</Feature>
<Feature>
  <Name className="java.lang.String">polarity</Name>
  <Value className="java.lang.String">badfor</Value>
</Feature>
</Annotation>
<Annotation Id="103" Type="gfbf-object" StartNode="1998" EndNode="2063">
<Feature>
  <Name className="java.lang.String">writerAtt</Name>
  <Value className="java.lang.String">positive</Value>
</Feature>
</Annotation>
<Annotation Id="100" Type="gfbf" StartNode="1504" EndNode="1514">
<Feature>
  <Name className="java.lang.String">agentId</Name>
  <Value className="java.lang.String">implicit</Value>
</Feature>
<Feature>
  <Name className="java.lang.String">objectId</Name>
  <Value className="java.lang.String">101</Value>
</Feature>
<Feature>
  <Name className="java.lang.String">polarity</Name>
  <Value className="java.lang.String">badfor</Value>
</Feature>
</Annotation>
<Annotation Id="101" Type="gfbf-object" StartNode="1515" EndNode="1559">
<Feature>
  <Name className="java.lang.String">writerAtt</Name>
  <Value className="java.lang.String">positive</Value>
</Feature>
</Annotation>
<Annotation Id="98" Type="gfbf-agent" StartNode="1364" EndNode="1383">
<Feature>
  <Name className="java.lang.String">writerAtt</Name>
  <Value className="java.lang.String">negative</Value>
</Feature>
</Annotation>
<Annotation Id="96" Type="gfbf-object" StartNode="1392" EndNode="1434">
<Feature>
  <Name className="java.lang.String">writerAtt</Name>
  <Value className="java.lang.String">positive</Value>
</Feature>
</Annotation>
<Annotation Id="110" Type="gfbf-object" StartNode="2236" EndNode="2261">
<Feature>
  <Name className="java.lang.String">writerAtt</Name>
  <Value className="java.lang.String">positive</Value>
</Feature>
</Annotation>
<Annotation Id="111" Type="gfbf-agent" StartNode="2213" EndNode="2219">
<Feature>
  <Name className="java.lang.String">writerAtt</Name>
  <Value className="java.lang.String">negative</Value>
</Feature>
</Annotation>
<Annotation Id="109" Type="gfbf" StartNode="2226" EndNode="2235">
<Feature>
  <Name className="java.lang.String">agentId</Name>
  <Value className="java.lang.String">111</Value>
</Feature>
<Feature>
  <Name className="java.lang.String">polarity</Name>
  <Value className="java.lang.String">badfor</Value>
</Feature>
<Feature>
  <Name className="java.lang.String">objectId</Name>
  <Value className="java.lang.String">110</Value>
</Feature>
</Annotation>
<Annotation Id="106" Type="gfbf" StartNode="2158" EndNode="2167">
<Feature>
  <Name className="java.lang.String">agentId</Name>
  <Value className="java.lang.String">implicit</Value>
</Feature>
<Feature>
  <Name className="java.lang.String">objectId</Name>
  <Value className="java.lang.String">107</Value>
</Feature>
<Feature>
  <Name className="java.lang.String">polarity</Name>
  <Value className="java.lang.String">badfor</Value>
</Feature>
</Annotation>
<Annotation Id="107" Type="gfbf-object" StartNode="2168" EndNode="2212">
<Feature>
  <Name className="java.lang.String">writerAtt</Name>
  <Value className="java.lang.String">positive</Value>
</Feature>
</Annotation>
<Annotation Id="104" Type="gfbf" StartNode="2067" EndNode="2077">
<Feature>
  <Name className="java.lang.String">agentId</Name>
  <Value className="java.lang.String">implicit</Value>
</Feature>
<Feature>
  <Name className="java.lang.String">objectId</Name>
  <Value className="java.lang.String">105</Value>
</Feature>
<Feature>
  <Name className="java.lang.String">polarity</Name>
  <Value className="java.lang.String">goodfor</Value>
</Feature>
</Annotation>
<Annotation Id="105" Type="gfbf-object" StartNode="2078" EndNode="2100">
<Feature>
  <Name className="java.lang.String">writerAtt</Name>
  <Value className="java.lang.String">negative</Value>
</Feature>
</Annotation>
<Annotation Id="119" Type="gfbf" StartNode="3168" EndNode="3207">
<Feature>
  <Name className="java.lang.String">agentId</Name>
  <Value className="java.lang.String">121</Value>
</Feature>
<Feature>
  <Name className="java.lang.String">polarity</Name>
  <Value className="java.lang.String">badfor</Value>
</Feature>
<Feature>
  <Name className="java.lang.String">objectId</Name>
  <Value className="java.lang.String">120</Value>
</Feature>
</Annotation>
<Annotation Id="118" Type="influencer" StartNode="2434" EndNode="2440">
<Feature>
  <Name className="java.lang.String">effect</Name>
  <Value className="java.lang.String">reverse</Value>
</Feature>
<Feature>
  <Name className="java.lang.String">agentId</Name>
  <Value className="java.lang.String">114</Value>
</Feature>
<Feature>
  <Name className="java.lang.String">objectId</Name>
  <Value className="java.lang.String">116</Value>
</Feature>
</Annotation>
<Annotation Id="117" Type="gfbf-object" StartNode="2469" EndNode="2504">
<Feature>
  <Name className="java.lang.String">writerAtt</Name>
  <Value className="java.lang.String">positive</Value>
</Feature>
</Annotation>
<Annotation Id="116" Type="gfbf" StartNode="2446" EndNode="2468">
<Feature>
  <Name className="java.lang.String">agentId</Name>
  <Value className="java.lang.String">114</Value>
</Feature>
<Feature>
  <Name className="java.lang.String">polarity</Name>
  <Value className="java.lang.String">badfor</Value>
</Feature>
<Feature>
  <Name className="java.lang.String">objectId</Name>
  <Value className="java.lang.String">117</Value>
</Feature>
</Annotation>
<Annotation Id="115" Type="influencer" StartNode="2357" EndNode="2366">
<Feature>
  <Name className="java.lang.String">effect</Name>
  <Value className="java.lang.String">reverse</Value>
</Feature>
<Feature>
  <Name className="java.lang.String">agentId</Name>
  <Value className="java.lang.String">114</Value>
</Feature>
<Feature>
  <Name className="java.lang.String">objectId</Name>
  <Value className="java.lang.String">112</Value>
</Feature>
</Annotation>
<Annotation Id="114" Type="gfbf-agent" StartNode="2333" EndNode="2352">
<Feature>
  <Name className="java.lang.String">writerAtt</Name>
  <Value className="java.lang.String">negative</Value>
</Feature>
</Annotation>
<Annotation Id="113" Type="gfbf-object" StartNode="2372" EndNode="2421">
<Feature>
  <Name className="java.lang.String">writerAtt</Name>
  <Value className="java.lang.String">positive</Value>
</Feature>
</Annotation>
<Annotation Id="112" Type="gfbf" StartNode="2367" EndNode="2371">
<Feature>
  <Name className="java.lang.String">agentId</Name>
  <Value className="java.lang.String">114</Value>
</Feature>
<Feature>
  <Name className="java.lang.String">polarity</Name>
  <Value className="java.lang.String">badfor</Value>
</Feature>
<Feature>
  <Name className="java.lang.String">objectId</Name>
  <Value className="java.lang.String">113</Value>
</Feature>
</Annotation>
<Annotation Id="127" Type="gfbf" StartNode="3250" EndNode="3258">
<Feature>
  <Name className="java.lang.String">agentId</Name>
  <Value className="java.lang.String">126</Value>
</Feature>
<Feature>
  <Name className="java.lang.String">polarity</Name>
  <Value className="java.lang.String">goodfor</Value>
</Feature>
<Feature>
  <Name className="java.lang.String">objectId</Name>
  <Value className="java.lang.String">128</Value>
</Feature>
</Annotation>
<Annotation Id="126" Type="gfbf-agent" StartNode="3235" EndNode="3249">
<Feature>
  <Name className="java.lang.String">reference</Name>
  <Value className="java.lang.String">true</Value>
</Feature>
<Feature>
  <Name className="java.lang.String">referentId</Name>
  <Value className="java.lang.String">152</Value>
</Feature>
<Feature>
  <Name className="java.lang.String">writerAtt</Name>
  <Value className="java.lang.String">positive</Value>
</Feature>
</Annotation>
<Annotation Id="125" Type="gfbf-object" StartNode="3143" EndNode="3162">
<Feature>
  <Name className="java.lang.String">writerAtt</Name>
  <Value className="java.lang.String">negative</Value>
</Feature>
</Annotation>
<Annotation Id="123" Type="gfbf-agent" StartNode="3111" EndNode="3132">
<Feature>
  <Name className="java.lang.String">writerAtt</Name>
  <Value className="java.lang.String">positive</Value>
</Feature>
</Annotation>
<Annotation Id="122" Type="influencer" StartNode="3133" EndNode="3143">
<Feature>
  <Name className="java.lang.String">effect</Name>
  <Value className="java.lang.String">reverse</Value>
</Feature>
<Feature>
  <Name className="java.lang.String">agentId</Name>
  <Value className="java.lang.String">123</Value>
</Feature>
<Feature>
  <Name className="java.lang.String">objectId</Name>
  <Value className="java.lang.String">119</Value>
</Feature>
</Annotation>
<Annotation Id="121" Type="gfbf-agent" StartNode="3143" EndNode="3162">
<Feature>
  <Name className="java.lang.String">writerAtt</Name>
  <Value className="java.lang.String">negative</Value>
</Feature>
</Annotation>
<Annotation Id="120" Type="gfbf-object" StartNode="3207" EndNode="3232">
<Feature>
  <Name className="java.lang.String">writerAtt</Name>
  <Value className="java.lang.String">positive</Value>
</Feature>
</Annotation>
<Annotation Id="137" Type="gfbf" StartNode="3910" EndNode="3918">
<Feature>
  <Name className="java.lang.String">agentId</Name>
  <Value className="java.lang.String">135</Value>
</Feature>
<Feature>
  <Name className="java.lang.String">polarity</Name>
  <Value className="java.lang.String">goodfor</Value>
</Feature>
<Feature>
  <Name className="java.lang.String">objectId</Name>
  <Value className="java.lang.String">136</Value>
</Feature>
</Annotation>
<Annotation Id="136" Type="gfbf-object" StartNode="3919" EndNode="3930">
<Feature>
  <Name className="java.lang.String">writerAtt</Name>
  <Value className="java.lang.String">positive</Value>
</Feature>
</Annotation>
<Annotation Id="141" Type="gfbf-object" StartNode="4138" EndNode="4159">
<Feature>
  <Name className="java.lang.String">writerAtt</Name>
  <Value className="java.lang.String">positive</Value>
</Feature>
</Annotation>
<Annotation Id="140" Type="gfbf-agent" StartNode="4120" EndNode="4126">
<Feature>
  <Name className="java.lang.String">writerAtt</Name>
  <Value className="java.lang.String">negative</Value>
</Feature>
</Annotation>
<Annotation Id="143" Type="gfbf" StartNode="4362" EndNode="4371">
<Feature>
  <Name className="java.lang.String">agentId</Name>
  <Value className="java.lang.String">145</Value>
</Feature>
<Feature>
  <Name className="java.lang.String">objectId</Name>
  <Value className="java.lang.String">144</Value>
</Feature>
<Feature>
  <Name className="java.lang.String">polarity</Name>
  <Value className="java.lang.String">badfor</Value>
</Feature>
</Annotation>
<Annotation Id="142" Type="gfbf" StartNode="4133" EndNode="4137">
<Feature>
  <Name className="java.lang.String">agentId</Name>
  <Value className="java.lang.String">140</Value>
</Feature>
<Feature>
  <Name className="java.lang.String">objectId</Name>
  <Value className="java.lang.String">141</Value>
</Feature>
<Feature>
  <Name className="java.lang.String">polarity</Name>
  <Value className="java.lang.String">badfor</Value>
</Feature>
</Annotation>
<Annotation Id="129" Type="gfbf" StartNode="3740" EndNode="3750">
<Feature>
  <Name className="java.lang.String">agentId</Name>
  <Value className="java.lang.String">131</Value>
</Feature>
<Feature>
  <Name className="java.lang.String">objectId</Name>
  <Value className="java.lang.String">130</Value>
</Feature>
<Feature>
  <Name className="java.lang.String">polarity</Name>
  <Value className="java.lang.String">badfor</Value>
</Feature>
</Annotation>
<Annotation Id="128" Type="gfbf-object" StartNode="3259" EndNode="3281">
<Feature>
  <Name className="java.lang.String">writerAtt</Name>
  <Value className="java.lang.String">positive</Value>
</Feature>
</Annotation>
<Annotation Id="131" Type="gfbf-agent" StartNode="3694" EndNode="3713">
<Feature>
  <Name className="java.lang.String">writerAtt</Name>
  <Value className="java.lang.String">negative</Value>
</Feature>
</Annotation>
<Annotation Id="130" Type="gfbf-object" StartNode="3751" EndNode="3834">
<Feature>
  <Name className="java.lang.String">writerAtt</Name>
  <Value className="java.lang.String">positive</Value>
</Feature>
</Annotation>
<Annotation Id="133" Type="gfbf-object" StartNode="3859" EndNode="3885">
<Feature>
  <Name className="java.lang.String">writerAtt</Name>
  <Value className="java.lang.String">positive</Value>
</Feature>
</Annotation>
<Annotation Id="132" Type="gfbf" StartNode="3849" EndNode="3858">
<Feature>
  <Name className="java.lang.String">agentId</Name>
  <Value className="java.lang.String">134</Value>
</Feature>
<Feature>
  <Name className="java.lang.String">objectId</Name>
  <Value className="java.lang.String">133</Value>
</Feature>
<Feature>
  <Name className="java.lang.String">polarity</Name>
  <Value className="java.lang.String">badfor</Value>
</Feature>
</Annotation>
<Annotation Id="135" Type="gfbf-agent" StartNode="3888" EndNode="3909">
<Feature>
  <Name className="java.lang.String">writerAtt</Name>
  <Value className="java.lang.String">positive</Value>
</Feature>
</Annotation>
<Annotation Id="134" Type="gfbf-agent" StartNode="3836" EndNode="3842">
<Feature>
  <Name className="java.lang.String">writerAtt</Name>
  <Value className="java.lang.String">negative</Value>
</Feature>
</Annotation>
<Annotation Id="152" Type="referent" StartNode="3111" EndNode="3232">
</Annotation>
<Annotation Id="144" Type="gfbf-object" StartNode="4372" EndNode="4441">
<Feature>
  <Name className="java.lang.String">writerAtt</Name>
  <Value className="java.lang.String">positive</Value>
</Feature>
</Annotation>
<Annotation Id="145" Type="gfbf-agent" StartNode="4349" EndNode="4355">
<Feature>
  <Name className="java.lang.String">writerAtt</Name>
  <Value className="java.lang.String">negative</Value>
</Feature>
</Annotation>
<Annotation Id="146" Type="others" StartNode="4715" EndNode="4747">
<Feature>
  <Name className="java.lang.String">comment</Name>
  <Value className="java.lang.String">I'm not sure about the increasing cost...blablabla...</Value>
</Feature>
</Annotation>
<Annotation Id="148" Type="gfbf" StartNode="4791" EndNode="4800">
<Feature>
  <Name className="java.lang.String">agentId</Name>
  <Value className="java.lang.String">150</Value>
</Feature>
<Feature>
  <Name className="java.lang.String">polarity</Name>
  <Value className="java.lang.String">badfor</Value>
</Feature>
<Feature>
  <Name className="java.lang.String">objectId</Name>
  <Value className="java.lang.String">149</Value>
</Feature>
</Annotation>
<Annotation Id="149" Type="gfbf-object" StartNode="4801" EndNode="4842">
<Feature>
  <Name className="java.lang.String">writerAtt</Name>
  <Value className="java.lang.String">positive</Value>
</Feature>
</Annotation>
<Annotation Id="150" Type="gfbf-agent" StartNode="4778" EndNode="4784">
<Feature>
  <Name className="java.lang.String">writerAtt</Name>
  <Value className="java.lang.String">negative</Value>
</Feature>
</Annotation>
</AnnotationSet>

<!-- Named annotation set -->

<AnnotationSet Name="Original markups">
<Annotation Id="0" Type="paragraph" StartNode="0" EndNode="93">
</Annotation>
<Annotation Id="1" Type="paragraph" StartNode="94" EndNode="196">
</Annotation>
<Annotation Id="2" Type="paragraph" StartNode="197" EndNode="1352">
</Annotation>
<Annotation Id="3" Type="paragraph" StartNode="1354" EndNode="9173">
</Annotation>
</AnnotationSet>

</GateDocument>
