<?xml version='1.0' encoding='US-ASCII'?>
<GateDocument version="2">
<!-- The document's features-->

<GateDocumentFeatures>
<Feature>
  <Name className="java.lang.String">gate.SourceURL</Name>
  <Value className="java.lang.String">file:/E:/Users/conrada/Documents/My%20Dropbox/healthcare_data/training_3/hc091.txt</Value>
</Feature>
<Feature>
  <Name className="java.lang.String">MimeType</Name>
  <Value className="java.lang.String">text/plain</Value>
</Feature>
<Feature>
  <Name className="java.lang.String">docNewLineType</Name>
  <Value className="java.lang.String">CRLF</Value>
</Feature>
</GateDocumentFeatures>
<!-- The document content area with serialized nodes -->

<TextWithNodes><Node id="0"/>Regan Hofmann&#xd;
Editor-In-Chief, POZ&#xd;
<Node id="37"/>&#xd;
<Node id="39"/>RSS feed&#xd;
<Node id="49"/>&#xd;
<Node id="51"/>Why People with HIV Will <Node id="76"/>Pay Dearly<Node id="86"/> if <Node id="90"/>the Republicans<Node id="105"/> <Node id="106"/>Repeal<Node id="112"/> <Node id="113"/>the Affordable Care Act<Node id="136"/>&#xd;
By Regan Hofmann on January 5, 2011 6:09 PM | 6 Comments&#xd;
Well, they're here. The 112th Congress is in da House. Today, many a new Republican was sworn into the US  House of Representatives (along with the rest of the crew) and Congressman John Boehner (R-Ohio) was elected to be the new Speaker.&#xd;
<Node id="436"/>&#xd;
<Node id="438"/>The Congressional Republicans have claimed that one of their first orders of business will be to attempt to repeal health care reform: namely, The Patient Protection and Affordable Care Act signed into law on March 23 of 2010--a bill that was amended by The Health Care and Education Reconciliation Act on March 30, 2010<Node id="758"/>.&#xd;
<Node id="761"/>&#xd;
<Node id="763"/>The House Republicans<Node id="784"/> claim that the landmark legislation is a "government take-over of the health industry" and have set Jan  12 as their target date for a take-down-vote<Node id="934"/>. <Node id="936"/>Isn't it depressing that our nation's majority leadership would choose an Obama smackdown over, say, finding Americans jobs, fixing the state of our public education system and solving our economic woes?<Node id="1139"/> <Node id="1140"/>By <Node id="1143"/>trying to <Node id="1153"/>dissolve<Node id="1161"/> <Node id="1162"/>health care reform<Node id="1180"/> in order to <Node id="1193"/>undermine<Node id="1202"/> <Node id="1203"/>President Obama<Node id="1218"/>, <Node id="1220"/>they<Node id="1224"/> are throwing out many babies with the bathwater<Node id="1272"/>. And guess who's in the tub? Yep, many of us. <Node id="1319"/>Which is why <Node id="1332"/>we<Node id="1334"/> need to <Node id="1343"/>fight<Node id="1348"/> <Node id="1349"/>this repeal<Node id="1360"/>. HARD.&#xd;
<Node id="1369"/>&#xd;
<Node id="1371"/>There has been massive controversy and confusion around exactly what health care reform will do for our country, its citizens and who will pay for it.<Node id="1521"/> <Node id="1522"/>But know this: a <Node id="1539"/>repeal of<Node id="1548"/> <Node id="1549"/>The Affordable Care Act<Node id="1572"/> will be a travesty for many people in the US  living with HIV<Node id="1634"/> (Think: pre-existing conditions, portability, high-risk pools, etc. See below for what it means for you, and your state.)&#xd;
<Node id="1758"/>&#xd;
<Node id="1760"/>The new Repubs<Node id="1774"/> believe if they undo any good <Node id="1805"/>Obama<Node id="1810"/> has done for the country, they will <Node id="1847"/>render him a seemingly ineffectual president<Node id="1891"/> as opposed to the effectual one he has proved to be (despite the crackpot, conservative, far-right media's abjectly false claims to the contrary) In doing so, <Node id="2051"/>they<Node id="2055"/> hope to <Node id="2064"/>prevent<Node id="2071"/> <Node id="2072"/>his re-election<Node id="2087"/>.&#xd;
<Node id="2090"/>&#xd;
<Node id="2092"/>Not sure exactly what President Obama has done? Get your news exclusively from Fox? <Node id="2176"/>Then absolutely check this out<Node id="2206"/>: http://whatthefuckhasobamadonesofar.com/ (Apologies in advance for the profanity, but it's a good site nonetheless.)&#xd;
<Node id="2326"/>&#xd;
<Node id="2328"/>I don't care if you hate Obama or are a Republican. I am absolutely non-partisan when it comes to the things that will deliver the most good to the most numbers of people. I voted for Obama and am a supporter. <Node id="2538"/>But if this bill hurt people in our community, I'd be first in line to take it down<Node id="2621"/>. <Node id="2623"/>But the Republican plan to put the kibosh on health care reform is nothing more than political-territorial-pissing<Node id="2737"/>. <Node id="2739"/>And <Node id="2743"/>we<Node id="2745"/>, as Americans living in a democracy, <Node id="2783"/>shouldn't<Node id="2792"/> <Node id="2793"/>let<Node id="2796"/> the <Node id="2801"/>people we elected to protect and serve us<Node id="2842"/> <Node id="2843"/>undermine<Node id="2852"/> <Node id="2853"/>our health care rights<Node id="2875"/> in the name of party power<Node id="2902"/>. <Node id="2904"/>If you think it's a bad bill, or don't understand it, maybe you should look at the facts more carefully<Node id="3007"/>. No, it's not perfect. No, I couldn't even pretend to understand its reach, complexities and impact. <Node id="3109"/>But I do know enough about the facts of this legislation to know that it will absolutely <Node id="3198"/>give more access to<Node id="3217"/> care for people living with HIV<Node id="3249"/>.&#xd;
<Node id="3252"/>&#xd;
<Node id="3254"/>While the Repubs are trying to undo health care reform from high atop Capitol Hill, they're getting some help across the nation from the right-wing media<Node id="3407"/>. <Node id="3409"/>According to Media Matters for America (a web-based not-for-profit 501(c)(3) progressive research and information center dedicated to comprehensively monitoring, analyzing and correcting conservative misinformation in the US  media)<Node id="3641"/> <Node id="3642"/>outlets like Fox and others<Node id="3669"/> are <Node id="3674"/>resuscitating<Node id="3687"/> <Node id="3688"/>claims that <Node id="3700"/>recent changes to Medicare and Medicaid reimbursements<Node id="3754"/> constitute <Node id="3766"/>the creation of<Node id="3781"/> "<Node id="3783"/>death panels<Node id="3795"/>." (<Node id="3799"/>Note: The claim was dubbed "Politifact's 2009 'Lie of the Year<Node id="3861"/>'.") Politifact, run by the St  Petersburg Times, won a Pulitzer Prize in 2009. So, the journalist in me is inclined to trust them before say, Fox.&#xd;
<Node id="4010"/>&#xd;
<Node id="4012"/>I have to say, as an American journalist, I find it enormously disturbing that giant media outlets go unchallenged when reporting absolute untruths<Node id="4159"/>. <Node id="4161"/>I can't solve that problem and I get the circle of giganto bucks that ensures the lack of debunking of these lies on the networks and in the media vehicles that report them<Node id="4333"/>. <Node id="4335"/>But <Node id="4339"/>I<Node id="4340"/> can use this media platform to encourage you to open your mind to the truth<Node id="4416"/> and <Node id="4421"/>to <Node id="4424"/>help<Node id="4428"/> <Node id="4429"/>us<Node id="4431"/> <Node id="4432"/>fight for<Node id="4441"/> <Node id="4442"/>a piece of legislation that will keep people from dying of AIDS<Node id="4505"/>.&#xd;
<Node id="4508"/>&#xd;
<Node id="4510"/>Here's what you can do: call your state and federal government officials and educate <Node id="4595"/>your friends and family members<Node id="4626"/> about the need to <Node id="4645"/>protect<Node id="4652"/> <Node id="4653"/>the Affordable Care Act<Node id="4676"/> and ask them to do the same<Node id="4704"/>.&#xd;
<Node id="4707"/>&#xd;
<Node id="4709"/>It's easy. Just follow this advice from our friends at the National Minority AIDS Council:&#xd;
<Node id="4801"/>&#xd;
<Node id="4803"/>"<Node id="4804"/>Take action by contacting <Node id="4830"/>your elected officials<Node id="4852"/> and urging them to <Node id="4872"/>defend<Node id="4878"/> <Node id="4879"/>the Affordable Care Act<Node id="4902"/> of 2010 against <Node id="4919"/>attacks and claims<Node id="4937"/> that <Node id="4943"/>are detrimental to<Node id="4961"/> <Node id="4962"/>the public health of our nation<Node id="4993"/>. To find out who your congressmen and/or congresswomen are, please visit: whoismyrepresentative.com and enter your zipcode. This website contains links to Congressmen's websites, address, and direct phone number. Alternatively, the following main switchboard numbers can transfer you to their office: Senate (two representatives per state): (202) 224-3121; House of Representatives (one representative per local district): (202) 225-3121."&#xd;
<Node id="5435"/>To prepare yourself, review the US  Department of Health and Human Services' summary of why we need the Affordable Care Act<Node id="5558"/>. (Don't forget to click on your state at the bottom to see specifics!)&#xd;
<Node id="5631"/>&#xd;
<Node id="5633"/>DHHS Summary:&#xd;
<Node id="5648"/>As a result of the Affordable Care Act, families will soon <Node id="5707"/>be free from<Node id="5719"/> the constant worry that they will not be able to get health care when they need it the most<Node id="5811"/>. <Node id="5813"/>But <Node id="5817"/>repealing<Node id="5826"/> <Node id="5827"/>the law<Node id="5834"/> would <Node id="5841"/>strip<Node id="5846"/> <Node id="5847"/>Americans of this new freedom<Node id="5876"/> and take us back to the days when <Node id="5911"/>big insurance companies<Node id="5934"/> had the power to decide what care residents of the United States could receive--allowing <Node id="6024"/>them<Node id="6028"/> to once again <Node id="6043"/>deny<Node id="6047"/> <Node id="6048"/>coverage to children with pre-existing conditions<Node id="6097"/>, <Node id="6099"/>cancel<Node id="6105"/> <Node id="6106"/>coverage when people get sick<Node id="6135"/>, and <Node id="6141"/>place limits on<Node id="6156"/> <Node id="6157"/>the amount of care people can get<Node id="6190"/>, even if they need it<Node id="6212"/>.  <Node id="6215"/>What's more, without the law, <Node id="6245"/>insurance companies<Node id="6264"/> could <Node id="6271"/>overcharge for<Node id="6285"/> <Node id="6286"/>insurance<Node id="6295"/> just to <Node id="6304"/>boost<Node id="6309"/> <Node id="6310"/>their profits<Node id="6323"/>, or <Node id="6328"/>use fine print to <Node id="6346"/>deny<Node id="6350"/> <Node id="6351"/>medical treatments that are covered under people's policies<Node id="6410"/>.&#xd;
<Node id="6413"/>&#xd;
&#xd;
<Node id="6417"/>In addition, <Node id="6430"/>repealing<Node id="6439"/> <Node id="6440"/>the law<Node id="6447"/> would <Node id="6454"/>add at least a trillion dollars to<Node id="6488"/> <Node id="6489"/>the deficit<Node id="6500"/>, which America cannot afford, nor do we want to <Node id="6549"/>pass that debt to<Node id="6566"/> our children and grandchildren<Node id="6597"/>.&#xd;
<Node id="6600"/>&#xd;
<Node id="6602"/>At a time when American residents will soon <Node id="6646"/>be finally free from<Node id="6666"/> worrying that affordable coverage will not be available to them and their families when they need it the most<Node id="6776"/>, <Node id="6778"/>repealing<Node id="6787"/> <Node id="6788"/>the Affordable Care Act<Node id="6811"/> would be devastating<Node id="6832"/>.  <Node id="6835"/>American residents, providers, small businesses and other employers would be <Node id="6912"/>denied<Node id="6918"/> critical new benefits of the law, from <Node id="6958"/>protections against<Node id="6977"/> <Node id="6978"/>insurance industry abuses<Node id="7003"/> to new coverage options and millions of dollars in support so the United States can deliver quality, affordable health care options to all of its residents<Node id="7159"/>.&#xd;
<Node id="7162"/>&#xd;
<Node id="7164"/>Without the Affordable Care Act:&#xd;
<Node id="7198"/>&#xd;
    <Node id="7204"/>Critical Consumer Protections Would Be <Node id="7243"/>Lost<Node id="7247"/>:&#xd;
        <Node id="7258"/>Over 1.2 million young adults would <Node id="7294"/>lose<Node id="7298"/> their insurance coverage through their parents' health plans, sometimes just after they finish school and as they are looking for a job<Node id="7434"/>.  <Node id="7437"/>Families across the United States would <Node id="7477"/>lose<Node id="7481"/> the peace of mind the Affordable Care Act <Node id="7524"/>provides<Node id="7532"/> by making sure that young adults can stay on their parents plan to age 26 if they do not have coverage of their own<Node id="7648"/>.&#xd;
        <Node id="7659"/>Over 165 million residents of the United States with private insurance coverage would suddenly <Node id="7754"/>find themselves vulnerabl<Node id="7779"/>e again to having lifetime limits placed on how much insurance companies will spend on their health care<Node id="7883"/>.&#xd;
        <Node id="7894"/>Insurance companies<Node id="7913"/> would once again be allowed <Node id="7942"/>cut off<Node id="7949"/> <Node id="7950"/>someone's coverage<Node id="7968"/> unexpectedly when they are in an accident or become sick because of a simple mistake on an application<Node id="8071"/>.   <Node id="8075"/>This would leave 15.9 million people in the United States at risk of <Node id="8144"/>losing<Node id="8150"/> their insurance at the moment they need it most, as one of the worst abuses of the insurance industry would become legal again<Node id="8277"/>.&#xd;
        <Node id="8288"/>Over 165 million residents of the United States would not know if they are <Node id="8363"/>receiving<Node id="8372"/> value for their health insurance premium dollars, as insurers in state would no longer be required to spend at least 80 to 85 percent of premium dollars on health care rather than CEO salaries, bonuses, and corporate profits<Node id="8597"/>. &#xd;
        <Node id="8609"/>New insurance plans<Node id="8628"/> would <Node id="8635"/>no longer<Node id="8644"/> be required to <Node id="8660"/>cover<Node id="8665"/> <Node id="8666"/>recommended preventive services<Node id="8697"/>, like mammograms and flu shots, without cost sharing, <Node id="8752"/>nor<Node id="8755"/> would <Node id="8762"/>they<Node id="8766"/> have to <Node id="8775"/>guarantee<Node id="8784"/> <Node id="8785"/>enrollees<Node id="8794"/> the right to choose any available primary care provider in the network or see an OB-GYN without a referral<Node id="8901"/>.&#xd;
        <Node id="8912"/>44.1 million seniors in the United States who have Medicare coverage would be <Node id="8990"/>forced<Node id="8996"/> to pay a co-pay to receive important preventive services, like mammograms and colonoscopies<Node id="9088"/>.&#xd;
        <Node id="9099"/>Medicare would no longer pay for an annual check-up visit, so 44.1 million seniors in the United States who have Medicare coverage would have to pay extra if they want to stay healthy by getting check-ups regularly<Node id="9313"/>.&#xd;
    <Node id="9320"/>Over 2.7 million on Medicare Would See Significantly Higher Prescription Drug Costs: In the United States, over 2.7 million Medicare beneficiaries received <Node id="9476"/>a one-time, tax-free $250 rebate<Node id="9508"/> to help <Node id="9517"/>pay for<Node id="9524"/> <Node id="9525"/>prescription drugs in the "donut hole" coverage gap in 2010<Node id="9584"/>.  <Node id="9587"/>Medicare beneficiaries who fall into the "donut hole" in 2011 will be eligible for 50 percent discounts on covered brand name prescription drugs<Node id="9731"/>.  <Node id="9734"/>Without the law, <Node id="9751"/>the burden of high prescription drug costs<Node id="9793"/> would <Node id="9800"/>hurt<Node id="9804"/> <Node id="9805"/>millions of Medicare beneficiaries across the country<Node id="9858"/>.&#xd;
    <Node id="9865"/>States<Node id="9871"/> Would <Node id="9878"/>Not<Node id="9881"/> Receive Additional Resources to <Node id="9914"/>Crack Down on<Node id="9927"/> <Node id="9928"/>Unreasonable Insurance Premium Increases<Node id="9968"/>: States would not have new resources to review proposed health insurance premium increases and <Node id="10064"/>hold insurance companies accountable<Node id="10100"/> for unjustified premiums increases<Node id="10135"/>.&#xd;
    <Node id="10142"/>States Would Not Receive Additional Funds to Plan for a Health Insurance Exchange: <Node id="10225"/>States<Node id="10231"/> would <Node id="10238"/>not<Node id="10241"/> have new resources to <Node id="10264"/>build<Node id="10269"/> <Node id="10270"/>a new, competitive, private health insurance marketplace<Node id="10326"/> for consumers that <Node id="10346"/>provides<Node id="10354"/> lower costs, one-stop insurance shopping, and greater benefits and protections<Node id="10433"/>.&#xd;
    <Node id="10440"/>States<Node id="10446"/> Would <Node id="10453"/>Not<Node id="10456"/> Receive Funds to <Node id="10474"/>Support<Node id="10481"/> <Node id="10482"/>a Consumer Assistance Program<Node id="10511"/>: <Node id="10513"/>States<Node id="10519"/> would <Node id="10526"/>not<Node id="10529"/> have new resources to help <Node id="10557"/>protect<Node id="10564"/> <Node id="10565"/>consumers from some of the worst insurance industry practices<Node id="10626"/>.&#xd;
    <Node id="10633"/>4,748 Employers Would Not Be Receiving Help from the Early Retiree Reinsurance Program: Businesses, schools and other educational institutions, unions, State and local governments, and non-profits would not be receiving much-needed financial relief to <Node id="10885"/>help early retirees and their families continue to<Node id="10935"/> have quality, affordable health coverage<Node id="10976"/>.  Find a list of organizations in your state that would not have been accepted into this program here.&#xd;
<Node id="11081"/>&#xd;
<Node id="11083"/>To see the impact that repealing the Affordable Care Act would have in your state, click on a link below.&#xd;
<Node id="11190"/>&#xd;
    <Node id="11196"/>Alabama&#xd;
    Alaska&#xd;
    Arizona&#xd;
    Arkansas&#xd;
    California&#xd;
    Colorado&#xd;
    Connecticut&#xd;
    Delaware&#xd;
    District of Columbia&#xd;
    Florida&#xd;
    Georgia&#xd;
    Hawaii&#xd;
    Idaho&#xd;
    Illinois&#xd;
    Indiana&#xd;
    Iowa&#xd;
    Kansas&#xd;
<Node id="11429"/>&#xd;
	&#xd;
&#xd;
    <Node id="11440"/>Kentucky&#xd;
    Louisiana&#xd;
    Maine&#xd;
    Maryland&#xd;
    Massachusetts&#xd;
    Michigan&#xd;
    Minnesota&#xd;
    Mississippi&#xd;
    Missouri&#xd;
    Montana&#xd;
    Nebraska&#xd;
    Nevada&#xd;
    New Hampshire&#xd;
    New Jersey&#xd;
    New Mexico&#xd;
    New York&#xd;
    North Carolina&#xd;
<Node id="11693"/>&#xd;
	&#xd;
&#xd;
    <Node id="11704"/>North Dakota&#xd;
    Ohio&#xd;
    Oklahoma&#xd;
    Oregon&#xd;
    Pennsylvania&#xd;
    Rhode Island&#xd;
    South Carolina&#xd;
    South Dakota&#xd;
    Tennessee&#xd;
    Texas&#xd;
    Utah&#xd;
    Vermont&#xd;
    Virginia&#xd;
    Washington&#xd;
    West Virginia&#xd;
    Wisconsin&#xd;
    Wyoming&#xd;
<Node id="11954"/>&#xd;
&#xd;
&#xd;
&#xd;
<Node id="11962"/>Regan on:&#xd;
Tags:&#xd;
<Node id="11980"/>&#xd;
    <Node id="11986"/>Affordable Care Act,&#xd;
    Democrats,&#xd;
    health care reform,&#xd;
    John Boehner,&#xd;
    President Obama,&#xd;
    Republicans,&#xd;
    Speaker Boehner&#xd;
<Node id="12129"/>&#xd;
<Node id="12131"/></TextWithNodes>
<!-- The default annotation set -->

<AnnotationSet>
<Annotation Id="25" Type="doc" StartNode="0" EndNode="12131">
<Feature>
  <Name className="java.lang.String">id</Name>
  <Value className="java.lang.String">hc091</Value>
</Feature>
<Feature>
  <Name className="java.lang.String">author</Name>
  <Value className="java.lang.String">regan,hofmann</Value>
</Feature>
<Feature>
  <Name className="java.lang.String">source</Name>
  <Value className="java.lang.String">poz,blogs</Value>
</Feature>
<Feature>
  <Name className="java.lang.String">date</Name>
  <Value className="java.lang.String">20110105</Value>
</Feature>
<Feature>
  <Name className="java.lang.String">side</Name>
  <Value className="java.lang.String">pro</Value>
</Feature>
<Feature>
  <Name className="java.lang.String">url</Name>
  <Value className="java.lang.String">http://blogs.poz.com/regan/2011/01/why_the_hiv_communit.html</Value>
</Feature>
</Annotation>
<Annotation Id="27" Type="arg" StartNode="936" EndNode="1139">
<Feature>
  <Name className="java.lang.String">type</Name>
  <Value className="java.lang.String">label</Value>
</Feature>
<Feature>
  <Name className="java.lang.String">ss-label</Name>
  <Value className="java.lang.String">opposition_demagogues_bill</Value>
</Feature>
<Feature>
  <Name className="java.lang.String">polarity</Name>
  <Value className="java.lang.String">negative</Value>
</Feature>
</Annotation>
<Annotation Id="26" Type="arg" StartNode="51" EndNode="136">
<Feature>
  <Name className="java.lang.String">type</Name>
  <Value className="java.lang.String">label</Value>
</Feature>
<Feature>
  <Name className="java.lang.String">ss-label</Name>
  <Value className="java.lang.String">helps_marginalized_groups</Value>
</Feature>
<Feature>
  <Name className="java.lang.String">polarity</Name>
  <Value className="java.lang.String">negative</Value>
</Feature>
</Annotation>
<Annotation Id="29" Type="arg" StartNode="1140" EndNode="1272">
<Feature>
  <Name className="java.lang.String">type</Name>
  <Value className="java.lang.String">label</Value>
</Feature>
<Feature>
  <Name className="java.lang.String">ss-label</Name>
  <Value className="java.lang.String">bill_should_not_be_defunded</Value>
</Feature>
<Feature>
  <Name className="java.lang.String">polarity</Name>
  <Value className="java.lang.String">negative</Value>
</Feature>
</Annotation>
<Annotation Id="28" Type="arg" StartNode="1319" EndNode="1360">
<Feature>
  <Name className="java.lang.String">type</Name>
  <Value className="java.lang.String">label</Value>
</Feature>
<Feature>
  <Name className="java.lang.String">ss-label</Name>
  <Value className="java.lang.String">bill_should_not_be_defunded</Value>
</Feature>
<Feature>
  <Name className="java.lang.String">polarity</Name>
  <Value className="java.lang.String">positive</Value>
</Feature>
</Annotation>
<Annotation Id="31" Type="arg" StartNode="1760" EndNode="2087">
<Feature>
  <Name className="java.lang.String">type</Name>
  <Value className="java.lang.String">label</Value>
</Feature>
<Feature>
  <Name className="java.lang.String">ss-label</Name>
  <Value className="java.lang.String">opposition_demagogues_bill</Value>
</Feature>
<Feature>
  <Name className="java.lang.String">polarity</Name>
  <Value className="java.lang.String">negative</Value>
</Feature>
</Annotation>
<Annotation Id="30" Type="arg" StartNode="1522" EndNode="1634">
<Feature>
  <Name className="java.lang.String">type</Name>
  <Value className="java.lang.String">label</Value>
</Feature>
<Feature>
  <Name className="java.lang.String">ss-label</Name>
  <Value className="java.lang.String">helps_marginalized_groups</Value>
</Feature>
<Feature>
  <Name className="java.lang.String">polarity</Name>
  <Value className="java.lang.String">negative</Value>
</Feature>
</Annotation>
<Annotation Id="34" Type="arg" StartNode="3109" EndNode="3249">
<Feature>
  <Name className="java.lang.String">type</Name>
  <Value className="java.lang.String">label</Value>
</Feature>
<Feature>
  <Name className="java.lang.String">ss-label</Name>
  <Value className="java.lang.String">helps_marginalized_groups</Value>
</Feature>
<Feature>
  <Name className="java.lang.String">polarity</Name>
  <Value className="java.lang.String">positive</Value>
</Feature>
</Annotation>
<Annotation Id="35" Type="arg" StartNode="3642" EndNode="3795">
<Feature>
  <Name className="java.lang.String"></Name>
  <Value className="java.lang.String">true</Value>
</Feature>
<Feature>
  <Name className="java.lang.String">ss-label</Name>
  <Value className="java.lang.String">people_dont_know_truth_about_bill</Value>
</Feature>
<Feature>
  <Name className="java.lang.String">type</Name>
  <Value className="java.lang.String">label</Value>
</Feature>
<Feature>
  <Name className="java.lang.String">polarity</Name>
  <Value className="java.lang.String">negative</Value>
</Feature>
</Annotation>
<Annotation Id="32" Type="arg" StartNode="2623" EndNode="2737">
<Feature>
  <Name className="java.lang.String">type</Name>
  <Value className="java.lang.String">label</Value>
</Feature>
<Feature>
  <Name className="java.lang.String">ss-label</Name>
  <Value className="java.lang.String">opposition_demagogues_bill</Value>
</Feature>
<Feature>
  <Name className="java.lang.String">polarity</Name>
  <Value className="java.lang.String">negative</Value>
</Feature>
</Annotation>
<Annotation Id="33" Type="arg" StartNode="2739" EndNode="2902">
<Feature>
  <Name className="java.lang.String">type</Name>
  <Value className="java.lang.String">label</Value>
</Feature>
<Feature>
  <Name className="java.lang.String">ss-label</Name>
  <Value className="java.lang.String">opposition_based_on_political_gain</Value>
</Feature>
<Feature>
  <Name className="java.lang.String">polarity</Name>
  <Value className="java.lang.String">negative</Value>
</Feature>
</Annotation>
<Annotation Id="38" Type="arg" StartNode="4804" EndNode="4993">
<Feature>
  <Name className="java.lang.String">type</Name>
  <Value className="java.lang.String">label</Value>
</Feature>
<Feature>
  <Name className="java.lang.String">ss-label</Name>
  <Value className="java.lang.String">bill_should_not_be_defunded</Value>
</Feature>
<Feature>
  <Name className="java.lang.String">polarity</Name>
  <Value className="java.lang.String">positive</Value>
</Feature>
</Annotation>
<Annotation Id="39" Type="arg" StartNode="5648" EndNode="5811">
<Feature>
  <Name className="java.lang.String">type</Name>
  <Value className="java.lang.String">label</Value>
</Feature>
<Feature>
  <Name className="java.lang.String">ss-label</Name>
  <Value className="java.lang.String">improves_healthcare_access</Value>
</Feature>
<Feature>
  <Name className="java.lang.String">polarity</Name>
  <Value className="java.lang.String">negative</Value>
</Feature>
</Annotation>
<Annotation Id="36" Type="arg" StartNode="4421" EndNode="4505">
<Feature>
  <Name className="java.lang.String">type</Name>
  <Value className="java.lang.String">label</Value>
</Feature>
<Feature>
  <Name className="java.lang.String">ss-label</Name>
  <Value className="java.lang.String">helps_marginalized_groups</Value>
</Feature>
<Feature>
  <Name className="java.lang.String">polarity</Name>
  <Value className="java.lang.String">positive</Value>
</Feature>
</Annotation>
<Annotation Id="37" Type="arg" StartNode="4510" EndNode="4704">
<Feature>
  <Name className="java.lang.String">type</Name>
  <Value className="java.lang.String">label</Value>
</Feature>
<Feature>
  <Name className="java.lang.String">ss-label</Name>
  <Value className="java.lang.String">bill_should_not_be_defunded</Value>
</Feature>
<Feature>
  <Name className="java.lang.String">polarity</Name>
  <Value className="java.lang.String">positive</Value>
</Feature>
</Annotation>
<Annotation Id="42" Type="arg" StartNode="6328" EndNode="6410">
<Feature>
  <Name className="java.lang.String">ss-label</Name>
  <Value className="java.lang.String">prevents_insurers_from_dropping_the_sick</Value>
</Feature>
<Feature>
  <Name className="java.lang.String">type</Name>
  <Value className="java.lang.String">label</Value>
</Feature>
<Feature>
  <Name className="java.lang.String">polarity</Name>
  <Value className="java.lang.String">negative</Value>
</Feature>
<Feature>
  <Name className="java.lang.String">incomplete</Name>
  <Value className="java.lang.String">true</Value>
</Feature>
</Annotation>
<Annotation Id="43" Type="arg" StartNode="6417" EndNode="6597">
<Feature>
  <Name className="java.lang.String">type</Name>
  <Value className="java.lang.String">label</Value>
</Feature>
<Feature>
  <Name className="java.lang.String">ss-label</Name>
  <Value className="java.lang.String">maintains/reduces_govt_deficit</Value>
</Feature>
<Feature>
  <Name className="java.lang.String">polarity</Name>
  <Value className="java.lang.String">negative</Value>
</Feature>
</Annotation>
<Annotation Id="40" Type="arg" StartNode="5813" EndNode="6212">
<Feature>
  <Name className="java.lang.String">type</Name>
  <Value className="java.lang.String">label</Value>
</Feature>
<Feature>
  <Name className="java.lang.String">ss-label</Name>
  <Value className="java.lang.String">improves_healthcare_access</Value>
</Feature>
<Feature>
  <Name className="java.lang.String">polarity</Name>
  <Value className="java.lang.String">negative</Value>
</Feature>
</Annotation>
<Annotation Id="41" Type="arg" StartNode="6215" EndNode="6323">
<Feature>
  <Name className="java.lang.String">type</Name>
  <Value className="java.lang.String">label</Value>
</Feature>
<Feature>
  <Name className="java.lang.String">ss-label</Name>
  <Value className="java.lang.String">improves_healthcare_affordability</Value>
</Feature>
<Feature>
  <Name className="java.lang.String">polarity</Name>
  <Value className="java.lang.String">negative</Value>
</Feature>
</Annotation>
<Annotation Id="47" Type="arg" StartNode="6835" EndNode="7159">
<Feature>
  <Name className="java.lang.String">type</Name>
  <Value className="java.lang.String">label</Value>
</Feature>
<Feature>
  <Name className="java.lang.String">ss-label</Name>
  <Value className="java.lang.String">improves_healthcare_access</Value>
</Feature>
<Feature>
  <Name className="java.lang.String">polarity</Name>
  <Value className="java.lang.String">negative</Value>
</Feature>
</Annotation>
<Annotation Id="44" Type="arg" StartNode="6778" EndNode="6832">
<Feature>
  <Name className="java.lang.String">type</Name>
  <Value className="java.lang.String">label</Value>
</Feature>
<Feature>
  <Name className="java.lang.String">ss-label</Name>
  <Value className="java.lang.String">bill_should_not_be_defunded</Value>
</Feature>
<Feature>
  <Name className="java.lang.String">polarity</Name>
  <Value className="java.lang.String">negative</Value>
</Feature>
</Annotation>
<Annotation Id="45" Type="arg" StartNode="6602" EndNode="6776">
<Feature>
  <Name className="java.lang.String">ss-label</Name>
  <Value className="java.lang.String">improves_healthcare_access</Value>
</Feature>
<Feature>
  <Name className="java.lang.String">unclear</Name>
  <Value className="java.lang.String">true</Value>
</Feature>
<Feature>
  <Name className="java.lang.String">type</Name>
  <Value className="java.lang.String">label</Value>
</Feature>
<Feature>
  <Name className="java.lang.String">polarity</Name>
  <Value className="java.lang.String">positive</Value>
</Feature>
</Annotation>
<Annotation Id="51" Type="arg" StartNode="7894" EndNode="8071">
<Feature>
  <Name className="java.lang.String">type</Name>
  <Value className="java.lang.String">label</Value>
</Feature>
<Feature>
  <Name className="java.lang.String">ss-label</Name>
  <Value className="java.lang.String">prevents_insurers_from_dropping_the_sick</Value>
</Feature>
<Feature>
  <Name className="java.lang.String">polarity</Name>
  <Value className="java.lang.String">negative</Value>
</Feature>
</Annotation>
<Annotation Id="50" Type="arg" StartNode="7659" EndNode="7883">
<Feature>
  <Name className="java.lang.String">type</Name>
  <Value className="java.lang.String">label</Value>
</Feature>
<Feature>
  <Name className="java.lang.String">ss-label</Name>
  <Value className="java.lang.String">eliminates_caps_on_coverage</Value>
</Feature>
<Feature>
  <Name className="java.lang.String">polarity</Name>
  <Value className="java.lang.String">negative</Value>
</Feature>
</Annotation>
<Annotation Id="49" Type="arg" StartNode="7437" EndNode="7648">
<Feature>
  <Name className="java.lang.String">type</Name>
  <Value className="java.lang.String">label</Value>
</Feature>
<Feature>
  <Name className="java.lang.String">ss-label</Name>
  <Value className="java.lang.String">children_can_stay_on_parent_plans_longer</Value>
</Feature>
<Feature>
  <Name className="java.lang.String">polarity</Name>
  <Value className="java.lang.String">negative</Value>
</Feature>
</Annotation>
<Annotation Id="48" Type="arg" StartNode="7258" EndNode="7434">
<Feature>
  <Name className="java.lang.String">type</Name>
  <Value className="java.lang.String">label</Value>
</Feature>
<Feature>
  <Name className="java.lang.String">ss-label</Name>
  <Value className="java.lang.String">children_can_stay_on_parent_plans_longer</Value>
</Feature>
<Feature>
  <Name className="java.lang.String">polarity</Name>
  <Value className="java.lang.String">negative</Value>
</Feature>
</Annotation>
<Annotation Id="55" Type="arg" StartNode="8912" EndNode="9088">
<Feature>
  <Name className="java.lang.String">type</Name>
  <Value className="java.lang.String">label</Value>
</Feature>
<Feature>
  <Name className="java.lang.String">ss-label</Name>
  <Value className="java.lang.String">helps_medicare_recipients_pay_for_meds</Value>
</Feature>
<Feature>
  <Name className="java.lang.String">polarity</Name>
  <Value className="java.lang.String">negative</Value>
</Feature>
</Annotation>
<Annotation Id="54" Type="arg" StartNode="8609" EndNode="8901">
<Feature>
  <Name className="java.lang.String">type</Name>
  <Value className="java.lang.String">label</Value>
</Feature>
<Feature>
  <Name className="java.lang.String">ss-label</Name>
  <Value className="java.lang.String">expands/guarantees_access_to_preventative_care</Value>
</Feature>
<Feature>
  <Name className="java.lang.String">polarity</Name>
  <Value className="java.lang.String">negative</Value>
</Feature>
</Annotation>
<Annotation Id="53" Type="arg" StartNode="8288" EndNode="8597">
<Feature>
  <Name className="java.lang.String">type</Name>
  <Value className="java.lang.String">label</Value>
</Feature>
<Feature>
  <Name className="java.lang.String">ss-label</Name>
  <Value className="java.lang.String">improves_efficiency_of_insurers</Value>
</Feature>
<Feature>
  <Name className="java.lang.String">polarity</Name>
  <Value className="java.lang.String">negative</Value>
</Feature>
</Annotation>
<Annotation Id="52" Type="arg" StartNode="8075" EndNode="8277">
<Feature>
  <Name className="java.lang.String">type</Name>
  <Value className="java.lang.String">label</Value>
</Feature>
<Feature>
  <Name className="java.lang.String">ss-label</Name>
  <Value className="java.lang.String">prevents_insurers_from_dropping_the_sick</Value>
</Feature>
<Feature>
  <Name className="java.lang.String">polarity</Name>
  <Value className="java.lang.String">negative</Value>
</Feature>
</Annotation>
<Annotation Id="59" Type="rel" StartNode="9587" EndNode="9731">
<Feature>
  <Name className="java.lang.String">type</Name>
  <Value className="java.lang.String">label</Value>
</Feature>
<Feature>
  <Name className="java.lang.String">ss-label</Name>
  <Value className="java.lang.String">helps_medicare_recipients_pay_for_meds</Value>
</Feature>
<Feature>
  <Name className="java.lang.String">polarity</Name>
  <Value className="java.lang.String">negative</Value>
</Feature>
</Annotation>
<Annotation Id="58" Type="arg" StartNode="9734" EndNode="9858">
<Feature>
  <Name className="java.lang.String">type</Name>
  <Value className="java.lang.String">label</Value>
</Feature>
<Feature>
  <Name className="java.lang.String">ss-label</Name>
  <Value className="java.lang.String">helps_medicare_recipients_pay_for_meds</Value>
</Feature>
<Feature>
  <Name className="java.lang.String">polarity</Name>
  <Value className="java.lang.String">negative</Value>
</Feature>
</Annotation>
<Annotation Id="57" Type="arg" StartNode="9320" EndNode="9584">
<Feature>
  <Name className="java.lang.String">type</Name>
  <Value className="java.lang.String">label</Value>
</Feature>
<Feature>
  <Name className="java.lang.String">ss-label</Name>
  <Value className="java.lang.String">helps_medicare_recipients_pay_for_meds</Value>
</Feature>
<Feature>
  <Name className="java.lang.String">polarity</Name>
  <Value className="java.lang.String">negative</Value>
</Feature>
</Annotation>
<Annotation Id="56" Type="arg" StartNode="9099" EndNode="9313">
<Feature>
  <Name className="java.lang.String">type</Name>
  <Value className="java.lang.String">label</Value>
</Feature>
<Feature>
  <Name className="java.lang.String">ss-label</Name>
  <Value className="java.lang.String">helps_medicare_recipients_pay_for_meds</Value>
</Feature>
<Feature>
  <Name className="java.lang.String">polarity</Name>
  <Value className="java.lang.String">negative</Value>
</Feature>
</Annotation>
<Annotation Id="63" Type="arg" StartNode="10633" EndNode="10976">
<Feature>
  <Name className="java.lang.String">type</Name>
  <Value className="java.lang.String">label</Value>
</Feature>
<Feature>
  <Name className="java.lang.String">ss-label</Name>
  <Value className="java.lang.String">helps_small_business</Value>
</Feature>
<Feature>
  <Name className="java.lang.String">polarity</Name>
  <Value className="java.lang.String">negative</Value>
</Feature>
</Annotation>
<Annotation Id="62" Type="arg" StartNode="10440" EndNode="10626">
<Feature>
  <Name className="java.lang.String">type</Name>
  <Value className="java.lang.String">label</Value>
</Feature>
<Feature>
  <Name className="java.lang.String">ss-label</Name>
  <Value className="java.lang.String">prevents_corporate_exploitation</Value>
</Feature>
<Feature>
  <Name className="java.lang.String">polarity</Name>
  <Value className="java.lang.String">negative</Value>
</Feature>
</Annotation>
<Annotation Id="61" Type="arg" StartNode="10142" EndNode="10433">
<Feature>
  <Name className="java.lang.String">type</Name>
  <Value className="java.lang.String">label</Value>
</Feature>
<Feature>
  <Name className="java.lang.String">ss-label</Name>
  <Value className="java.lang.String">exchanges_support_informed_choice</Value>
</Feature>
<Feature>
  <Name className="java.lang.String">polarity</Name>
  <Value className="java.lang.String">negative</Value>
</Feature>
</Annotation>
<Annotation Id="60" Type="arg" StartNode="9865" EndNode="10135">
<Feature>
  <Name className="java.lang.String">type</Name>
  <Value className="java.lang.String">label</Value>
</Feature>
<Feature>
  <Name className="java.lang.String">ss-label</Name>
  <Value className="java.lang.String">makes_insurers_more_accountable</Value>
</Feature>
<Feature>
  <Name className="java.lang.String">polarity</Name>
  <Value className="java.lang.String">negative</Value>
</Feature>
</Annotation>
<Annotation Id="69" Type="arg" StartNode="2176" EndNode="2206">
<Feature>
  <Name className="java.lang.String">type</Name>
  <Value className="java.lang.String">else</Value>
</Feature>
<Feature>
  <Name className="java.lang.String">polarity</Name>
  <Value className="java.lang.String">positive</Value>
</Feature>
</Annotation>
<Annotation Id="70" Type="rel" StartNode="2538" EndNode="2621">
<Feature>
  <Name className="java.lang.String">type</Name>
  <Value className="java.lang.String">label</Value>
</Feature>
<Feature>
  <Name className="java.lang.String">ss-label</Name>
  <Value className="java.lang.String">bill_generally_good</Value>
</Feature>
</Annotation>
<Annotation Id="71" Type="arg" StartNode="2904" EndNode="3007">
<Feature>
  <Name className="java.lang.String">type</Name>
  <Value className="java.lang.String">label</Value>
</Feature>
<Feature>
  <Name className="java.lang.String">ss-label</Name>
  <Value className="java.lang.String">bill_generally_good</Value>
</Feature>
<Feature>
  <Name className="java.lang.String">polarity</Name>
  <Value className="java.lang.String">positive</Value>
</Feature>
</Annotation>
<Annotation Id="64" Type="rel" StartNode="438" EndNode="758">
<Feature>
  <Name className="java.lang.String">type</Name>
  <Value className="java.lang.String">label</Value>
</Feature>
<Feature>
  <Name className="java.lang.String">ss-label</Name>
  <Value className="java.lang.String">opposition_demagogues_bill</Value>
</Feature>
</Annotation>
<Annotation Id="66" Type="rel" StartNode="1371" EndNode="1521">
<Feature>
  <Name className="java.lang.String">type</Name>
  <Value className="java.lang.String">label</Value>
</Feature>
<Feature>
  <Name className="java.lang.String">ss-label</Name>
  <Value className="java.lang.String">opposition_demagogues_bill</Value>
</Feature>
</Annotation>
<Annotation Id="76" Type="rel" StartNode="4161" EndNode="4333">
<Feature>
  <Name className="java.lang.String">type</Name>
  <Value className="java.lang.String">label</Value>
</Feature>
<Feature>
  <Name className="java.lang.String">ss-label</Name>
  <Value className="java.lang.String">opposition_demagogues_bill</Value>
</Feature>
</Annotation>
<Annotation Id="77" Type="arg" StartNode="5435" EndNode="5558">
<Feature>
  <Name className="java.lang.String">type</Name>
  <Value className="java.lang.String">label</Value>
</Feature>
<Feature>
  <Name className="java.lang.String">ss-label</Name>
  <Value className="java.lang.String">bill_generally_good</Value>
</Feature>
<Feature>
  <Name className="java.lang.String">polarity</Name>
  <Value className="java.lang.String">positive</Value>
</Feature>
</Annotation>
<Annotation Id="78" Type="arg" StartNode="7164" EndNode="7247">
<Feature>
  <Name className="java.lang.String">type</Name>
  <Value className="java.lang.String">label</Value>
</Feature>
<Feature>
  <Name className="java.lang.String">ss-label</Name>
  <Value className="java.lang.String">prevents_corporate_exploitation</Value>
</Feature>
<Feature>
  <Name className="java.lang.String">polarity</Name>
  <Value className="java.lang.String">negative</Value>
</Feature>
</Annotation>
<Annotation Id="79" Type="rel" StartNode="3799" EndNode="3861">
<Feature>
  <Name className="java.lang.String">type</Name>
  <Value className="java.lang.String">label</Value>
</Feature>
<Feature>
  <Name className="java.lang.String">ss-label</Name>
  <Value className="java.lang.String">people_dont_know_truth_about_bill</Value>
</Feature>
</Annotation>
<Annotation Id="72" Type="rel" StartNode="3254" EndNode="3407">
<Feature>
  <Name className="java.lang.String">type</Name>
  <Value className="java.lang.String">label</Value>
</Feature>
<Feature>
  <Name className="java.lang.String">ss-label</Name>
  <Value className="java.lang.String">opposition_demagogues_bill</Value>
</Feature>
</Annotation>
<Annotation Id="73" Type="rel" StartNode="3409" EndNode="3641">
<Feature>
  <Name className="java.lang.String">type</Name>
  <Value className="java.lang.String">label</Value>
</Feature>
<Feature>
  <Name className="java.lang.String">ss-label</Name>
  <Value className="java.lang.String">opposition_demagogues_bill</Value>
</Feature>
</Annotation>
<Annotation Id="74" Type="arg" StartNode="4012" EndNode="4159">
<Feature>
  <Name className="java.lang.String">type</Name>
  <Value className="java.lang.String">label</Value>
</Feature>
<Feature>
  <Name className="java.lang.String">ss-label</Name>
  <Value className="java.lang.String">opposition_demagogues_bill</Value>
</Feature>
<Feature>
  <Name className="java.lang.String">polarity</Name>
  <Value className="java.lang.String">negative</Value>
</Feature>
</Annotation>
<Annotation Id="75" Type="arg" StartNode="4335" EndNode="4416">
<Feature>
  <Name className="java.lang.String">prospect</Name>
  <Value className="java.lang.String"></Value>
</Feature>
<Feature>
  <Name className="java.lang.String">ss-label</Name>
  <Value className="java.lang.String"></Value>
</Feature>
<Feature>
  <Name className="java.lang.String">type</Name>
  <Value className="java.lang.String">else</Value>
</Feature>
<Feature>
  <Name className="java.lang.String">polarity</Name>
  <Value className="java.lang.String">positive</Value>
</Feature>
</Annotation>
<Annotation Id="85" Type="gfbf-object" StartNode="1162" EndNode="1180">
<Feature>
  <Name className="java.lang.String">writerAtt</Name>
  <Value className="java.lang.String">positive</Value>
</Feature>
</Annotation>
<Annotation Id="84" Type="gfbf" StartNode="1153" EndNode="1161">
<Feature>
  <Name className="java.lang.String">agentId</Name>
  <Value className="java.lang.String">88</Value>
</Feature>
<Feature>
  <Name className="java.lang.String">polarity</Name>
  <Value className="java.lang.String">badfor</Value>
</Feature>
<Feature>
  <Name className="java.lang.String">objectId</Name>
  <Value className="java.lang.String">85</Value>
</Feature>
</Annotation>
<Annotation Id="87" Type="gfbf-object" StartNode="1203" EndNode="1218">
<Feature>
  <Name className="java.lang.String">writerAtt</Name>
  <Value className="java.lang.String">positive</Value>
</Feature>
</Annotation>
<Annotation Id="86" Type="gfbf" StartNode="1193" EndNode="1202">
<Feature>
  <Name className="java.lang.String">agentId</Name>
  <Value className="java.lang.String">205</Value>
</Feature>
<Feature>
  <Name className="java.lang.String">polarity</Name>
  <Value className="java.lang.String">badfor</Value>
</Feature>
<Feature>
  <Name className="java.lang.String">objectId</Name>
  <Value className="java.lang.String">87</Value>
</Feature>
</Annotation>
<Annotation Id="81" Type="gfbf" StartNode="106" EndNode="112">
<Feature>
  <Name className="java.lang.String">agentId</Name>
  <Value className="java.lang.String">83</Value>
</Feature>
<Feature>
  <Name className="java.lang.String">polarity</Name>
  <Value className="java.lang.String">badfor</Value>
</Feature>
<Feature>
  <Name className="java.lang.String">objectId</Name>
  <Value className="java.lang.String">82</Value>
</Feature>
</Annotation>
<Annotation Id="80" Type="others" StartNode="76" EndNode="86">
<Feature>
  <Name className="java.lang.String">comment</Name>
  <Value className="java.lang.String">BadFor agent</Value>
</Feature>
</Annotation>
<Annotation Id="83" Type="gfbf-agent" StartNode="90" EndNode="105">
<Feature>
  <Name className="java.lang.String">writerAtt</Name>
  <Value className="java.lang.String">negative</Value>
</Feature>
</Annotation>
<Annotation Id="82" Type="gfbf-object" StartNode="113" EndNode="136">
<Feature>
  <Name className="java.lang.String">writerAtt</Name>
  <Value className="java.lang.String">positive</Value>
</Feature>
</Annotation>
<Annotation Id="93" Type="gfbf-object" StartNode="1549" EndNode="1572">
<Feature>
  <Name className="java.lang.String">writerAtt</Name>
  <Value className="java.lang.String">positive</Value>
</Feature>
</Annotation>
<Annotation Id="92" Type="gfbf" StartNode="1539" EndNode="1548">
<Feature>
  <Name className="java.lang.String">agentId</Name>
  <Value className="java.lang.String">implicit</Value>
</Feature>
<Feature>
  <Name className="java.lang.String">objectId</Name>
  <Value className="java.lang.String">93</Value>
</Feature>
<Feature>
  <Name className="java.lang.String">polarity</Name>
  <Value className="java.lang.String">badfor</Value>
</Feature>
</Annotation>
<Annotation Id="95" Type="gfbf" StartNode="2064" EndNode="2071">
<Feature>
  <Name className="java.lang.String">agentId</Name>
  <Value className="java.lang.String">97</Value>
</Feature>
<Feature>
  <Name className="java.lang.String">polarity</Name>
  <Value className="java.lang.String">badfor</Value>
</Feature>
<Feature>
  <Name className="java.lang.String">objectId</Name>
  <Value className="java.lang.String">96</Value>
</Feature>
</Annotation>
<Annotation Id="94" Type="others" StartNode="1847" EndNode="1891">
<Feature>
  <Name className="java.lang.String">comment</Name>
  <Value className="java.lang.String">render sb XXX...XXX is important</Value>
</Feature>
</Annotation>
<Annotation Id="89" Type="gfbf" StartNode="1343" EndNode="1348">
<Feature>
  <Name className="java.lang.String">agentId</Name>
  <Value className="java.lang.String">90</Value>
</Feature>
<Feature>
  <Name className="java.lang.String">polarity</Name>
  <Value className="java.lang.String">badfor</Value>
</Feature>
<Feature>
  <Name className="java.lang.String">objectId</Name>
  <Value className="java.lang.String">91</Value>
</Feature>
</Annotation>
<Annotation Id="88" Type="gfbf-agent" StartNode="1220" EndNode="1224">
<Feature>
  <Name className="java.lang.String">reference</Name>
  <Value className="java.lang.String">true</Value>
</Feature>
<Feature>
  <Name className="java.lang.String">referentId</Name>
  <Value className="java.lang.String">206</Value>
</Feature>
<Feature>
  <Name className="java.lang.String">writerAtt</Name>
  <Value className="java.lang.String">negative</Value>
</Feature>
</Annotation>
<Annotation Id="91" Type="gfbf-object" StartNode="1349" EndNode="1360">
<Feature>
  <Name className="java.lang.String">writerAtt</Name>
  <Value className="java.lang.String">negative</Value>
</Feature>
</Annotation>
<Annotation Id="90" Type="gfbf-agent" StartNode="1332" EndNode="1334">
<Feature>
  <Name className="java.lang.String">writerAtt</Name>
  <Value className="java.lang.String">positive</Value>
</Feature>
</Annotation>
<Annotation Id="103" Type="others" StartNode="3198" EndNode="3217">
<Feature>
  <Name className="java.lang.String">comment</Name>
  <Value className="java.lang.String">is this goodfor affected or agent?</Value>
</Feature>
</Annotation>
<Annotation Id="100" Type="gfbf-agent" StartNode="2801" EndNode="2842">
<Feature>
  <Name className="java.lang.String">writerAtt</Name>
  <Value className="java.lang.String">positive</Value>
</Feature>
</Annotation>
<Annotation Id="101" Type="influencer" StartNode="2783" EndNode="2792">
<Feature>
  <Name className="java.lang.String">agentId</Name>
  <Value className="java.lang.String">212</Value>
</Feature>
<Feature>
  <Name className="java.lang.String">effect</Name>
  <Value className="java.lang.String">reverse</Value>
</Feature>
<Feature>
  <Name className="java.lang.String">polarity</Name>
  <Value className="java.lang.String"></Value>
</Feature>
<Feature>
  <Name className="java.lang.String">objectId</Name>
  <Value className="java.lang.String">213</Value>
</Feature>
</Annotation>
<Annotation Id="98" Type="gfbf" StartNode="2843" EndNode="2852">
<Feature>
  <Name className="java.lang.String">agentId</Name>
  <Value className="java.lang.String">100</Value>
</Feature>
<Feature>
  <Name className="java.lang.String">polarity</Name>
  <Value className="java.lang.String">badfor</Value>
</Feature>
<Feature>
  <Name className="java.lang.String">objectId</Name>
  <Value className="java.lang.String">99</Value>
</Feature>
</Annotation>
<Annotation Id="99" Type="gfbf-object" StartNode="2853" EndNode="2875">
<Feature>
  <Name className="java.lang.String">writerAtt</Name>
  <Value className="java.lang.String">positive</Value>
</Feature>
</Annotation>
<Annotation Id="96" Type="gfbf-object" StartNode="2072" EndNode="2087">
<Feature>
  <Name className="java.lang.String">referentId</Name>
  <Value className="java.lang.String">208</Value>
</Feature>
<Feature>
  <Name className="java.lang.String">writerAtt</Name>
  <Value className="java.lang.String">positive</Value>
</Feature>
<Feature>
  <Name className="java.lang.String">refererence</Name>
  <Value className="java.lang.String">true</Value>
</Feature>
</Annotation>
<Annotation Id="97" Type="gfbf-agent" StartNode="2051" EndNode="2055">
<Feature>
  <Name className="java.lang.String">reference</Name>
  <Value className="java.lang.String">true</Value>
</Feature>
<Feature>
  <Name className="java.lang.String">referentId</Name>
  <Value className="java.lang.String">207</Value>
</Feature>
<Feature>
  <Name className="java.lang.String">writerAtt</Name>
  <Value className="java.lang.String">negative</Value>
</Feature>
</Annotation>
<Annotation Id="110" Type="gfbf-object" StartNode="3783" EndNode="3795">
<Feature>
  <Name className="java.lang.String">comment</Name>
  <Value className="java.lang.String">it's negative...but with quotation...?</Value>
</Feature>
<Feature>
  <Name className="java.lang.String">writerAtt</Name>
  <Value className="java.lang.String">negative</Value>
</Feature>
</Annotation>
<Annotation Id="111" Type="gfbf" StartNode="4432" EndNode="4441">
<Feature>
  <Name className="java.lang.String">agentId</Name>
  <Value className="java.lang.String">211</Value>
</Feature>
<Feature>
  <Name className="java.lang.String">polarity</Name>
  <Value className="java.lang.String">goodfor</Value>
</Feature>
<Feature>
  <Name className="java.lang.String">objectId</Name>
  <Value className="java.lang.String">112</Value>
</Feature>
</Annotation>
<Annotation Id="109" Type="gfbf" StartNode="3766" EndNode="3781">
<Feature>
  <Name className="java.lang.String">agentId</Name>
  <Value className="java.lang.String">107</Value>
</Feature>
<Feature>
  <Name className="java.lang.String">polarity</Name>
  <Value className="java.lang.String">goodfor</Value>
</Feature>
<Feature>
  <Name className="java.lang.String">objectId</Name>
  <Value className="java.lang.String">110</Value>
</Feature>
</Annotation>
<Annotation Id="106" Type="gfbf-agent" StartNode="3642" EndNode="3669">
<Feature>
  <Name className="java.lang.String">writerAtt</Name>
  <Value className="java.lang.String">negative</Value>
</Feature>
</Annotation>
<Annotation Id="107" Type="gfbf-agent" StartNode="3700" EndNode="3754">
<Feature>
  <Name className="java.lang.String">writerAtt</Name>
  <Value className="java.lang.String">positive</Value>
</Feature>
</Annotation>
<Annotation Id="104" Type="gfbf" StartNode="3674" EndNode="3687">
<Feature>
  <Name className="java.lang.String">agentId</Name>
  <Value className="java.lang.String">106</Value>
</Feature>
<Feature>
  <Name className="java.lang.String">polarity</Name>
  <Value className="java.lang.String">goodfor</Value>
</Feature>
<Feature>
  <Name className="java.lang.String">objectId</Name>
  <Value className="java.lang.String">105</Value>
</Feature>
</Annotation>
<Annotation Id="105" Type="gfbf-object" StartNode="3688" EndNode="3795">
<Feature>
  <Name className="java.lang.String">writerAtt</Name>
  <Value className="java.lang.String">negative</Value>
</Feature>
</Annotation>
<Annotation Id="119" Type="gfbf-object" StartNode="4879" EndNode="4902">
<Feature>
  <Name className="java.lang.String">writerAtt</Name>
  <Value className="java.lang.String">positive</Value>
</Feature>
</Annotation>
<Annotation Id="118" Type="gfbf" StartNode="4872" EndNode="4878">
<Feature>
  <Name className="java.lang.String">agentId</Name>
  <Value className="java.lang.String">120</Value>
</Feature>
<Feature>
  <Name className="java.lang.String">polarity</Name>
  <Value className="java.lang.String">goodfor</Value>
</Feature>
<Feature>
  <Name className="java.lang.String">objectId</Name>
  <Value className="java.lang.String">119</Value>
</Feature>
</Annotation>
<Annotation Id="117" Type="gfbf-agent" StartNode="4595" EndNode="4626">
<Feature>
  <Name className="java.lang.String">writerAtt</Name>
  <Value className="java.lang.String">positive</Value>
</Feature>
</Annotation>
<Annotation Id="116" Type="gfbf-object" StartNode="4653" EndNode="4676">
<Feature>
  <Name className="java.lang.String">writerAtt</Name>
  <Value className="java.lang.String">positive</Value>
</Feature>
</Annotation>
<Annotation Id="115" Type="gfbf" StartNode="4645" EndNode="4652">
<Feature>
  <Name className="java.lang.String">agentId</Name>
  <Value className="java.lang.String">117</Value>
</Feature>
<Feature>
  <Name className="java.lang.String">polarity</Name>
  <Value className="java.lang.String">goodfor</Value>
</Feature>
<Feature>
  <Name className="java.lang.String">objectId</Name>
  <Value className="java.lang.String">116</Value>
</Feature>
</Annotation>
<Annotation Id="114" Type="influencer" StartNode="4424" EndNode="4428">
<Feature>
  <Name className="java.lang.String">effect</Name>
  <Value className="java.lang.String">retain</Value>
</Feature>
<Feature>
  <Name className="java.lang.String">agentId</Name>
  <Value className="java.lang.String">113</Value>
</Feature>
<Feature>
  <Name className="java.lang.String">objectId</Name>
  <Value className="java.lang.String">111</Value>
</Feature>
</Annotation>
<Annotation Id="113" Type="gfbf-agent" StartNode="4339" EndNode="4340">
<Feature>
  <Name className="java.lang.String">writerAtt</Name>
  <Value className="java.lang.String">positive</Value>
</Feature>
</Annotation>
<Annotation Id="112" Type="gfbf-object" StartNode="4442" EndNode="4505">
<Feature>
  <Name className="java.lang.String">writerAtt</Name>
  <Value className="java.lang.String">positive</Value>
</Feature>
</Annotation>
<Annotation Id="127" Type="gfbf" StartNode="5841" EndNode="5846">
<Feature>
  <Name className="java.lang.String">agentId</Name>
  <Value className="java.lang.String">129</Value>
</Feature>
<Feature>
  <Name className="java.lang.String">polarity</Name>
  <Value className="java.lang.String">badfor</Value>
</Feature>
<Feature>
  <Name className="java.lang.String">objectId</Name>
  <Value className="java.lang.String">128</Value>
</Feature>
</Annotation>
<Annotation Id="126" Type="gfbf-object" StartNode="5827" EndNode="5834">
<Feature>
  <Name className="java.lang.String">writerAtt</Name>
  <Value className="java.lang.String">positive</Value>
</Feature>
</Annotation>
<Annotation Id="125" Type="gfbf" StartNode="5817" EndNode="5826">
<Feature>
  <Name className="java.lang.String">agentId</Name>
  <Value className="java.lang.String">implicit</Value>
</Feature>
<Feature>
  <Name className="java.lang.String">objectId</Name>
  <Value className="java.lang.String">126</Value>
</Feature>
<Feature>
  <Name className="java.lang.String">polarity</Name>
  <Value className="java.lang.String">badfor</Value>
</Feature>
</Annotation>
<Annotation Id="124" Type="others" StartNode="5707" EndNode="5719">
</Annotation>
<Annotation Id="123" Type="gfbf-agent" StartNode="4919" EndNode="4937">
<Feature>
  <Name className="java.lang.String">writerAtt</Name>
  <Value className="java.lang.String">negative</Value>
</Feature>
</Annotation>
<Annotation Id="122" Type="gfbf-object" StartNode="4962" EndNode="4993">
<Feature>
  <Name className="java.lang.String">writerAtt</Name>
  <Value className="java.lang.String">positive</Value>
</Feature>
</Annotation>
<Annotation Id="121" Type="gfbf" StartNode="4943" EndNode="4961">
<Feature>
  <Name className="java.lang.String">agentId</Name>
  <Value className="java.lang.String">123</Value>
</Feature>
<Feature>
  <Name className="java.lang.String">polarity</Name>
  <Value className="java.lang.String">badfor</Value>
</Feature>
<Feature>
  <Name className="java.lang.String">objectId</Name>
  <Value className="java.lang.String">122</Value>
</Feature>
</Annotation>
<Annotation Id="120" Type="gfbf-agent" StartNode="4830" EndNode="4852">
<Feature>
  <Name className="java.lang.String">writerAtt</Name>
  <Value className="java.lang.String">positive</Value>
</Feature>
</Annotation>
<Annotation Id="137" Type="gfbf" StartNode="6271" EndNode="6285">
<Feature>
  <Name className="java.lang.String">agentId</Name>
  <Value className="java.lang.String">141</Value>
</Feature>
<Feature>
  <Name className="java.lang.String">polarity</Name>
  <Value className="java.lang.String">badfor</Value>
</Feature>
<Feature>
  <Name className="java.lang.String">objectId</Name>
  <Value className="java.lang.String">138</Value>
</Feature>
</Annotation>
<Annotation Id="136" Type="gfbf-agent" StartNode="6024" EndNode="6028">
<Feature>
  <Name className="java.lang.String">reference</Name>
  <Value className="java.lang.String">true</Value>
</Feature>
<Feature>
  <Name className="java.lang.String">referentId</Name>
  <Value className="java.lang.String">209</Value>
</Feature>
<Feature>
  <Name className="java.lang.String">writerAtt</Name>
  <Value className="java.lang.String">negative</Value>
</Feature>
</Annotation>
<Annotation Id="139" Type="gfbf" StartNode="6304" EndNode="6309">
<Feature>
  <Name className="java.lang.String">agentId</Name>
  <Value className="java.lang.String">141</Value>
</Feature>
<Feature>
  <Name className="java.lang.String">polarity</Name>
  <Value className="java.lang.String">goodfor</Value>
</Feature>
<Feature>
  <Name className="java.lang.String">objectId</Name>
  <Value className="java.lang.String">140</Value>
</Feature>
</Annotation>
<Annotation Id="138" Type="gfbf-object" StartNode="6286" EndNode="6295">
<Feature>
  <Name className="java.lang.String">writerAtt</Name>
  <Value className="java.lang.String">positive</Value>
</Feature>
</Annotation>
<Annotation Id="141" Type="gfbf-agent" StartNode="6245" EndNode="6264">
<Feature>
  <Name className="java.lang.String">writerAtt</Name>
  <Value className="java.lang.String">negative</Value>
</Feature>
</Annotation>
<Annotation Id="140" Type="gfbf-object" StartNode="6310" EndNode="6323">
<Feature>
  <Name className="java.lang.String">writerAtt</Name>
  <Value className="java.lang.String">negative</Value>
</Feature>
</Annotation>
<Annotation Id="143" Type="gfbf-object" StartNode="6351" EndNode="6410">
<Feature>
  <Name className="java.lang.String">writerAtt</Name>
  <Value className="java.lang.String">positive</Value>
</Feature>
</Annotation>
<Annotation Id="142" Type="gfbf" StartNode="6346" EndNode="6350">
<Feature>
  <Name className="java.lang.String">agentId</Name>
  <Value className="java.lang.String">141</Value>
</Feature>
<Feature>
  <Name className="java.lang.String">polarity</Name>
  <Value className="java.lang.String">badfor</Value>
</Feature>
<Feature>
  <Name className="java.lang.String">objectId</Name>
  <Value className="java.lang.String">143</Value>
</Feature>
</Annotation>
<Annotation Id="129" Type="gfbf-agent" StartNode="5817" EndNode="5834">
<Feature>
  <Name className="java.lang.String">writerAtt</Name>
  <Value className="java.lang.String">negative</Value>
</Feature>
</Annotation>
<Annotation Id="128" Type="gfbf-object" StartNode="5847" EndNode="5876">
<Feature>
  <Name className="java.lang.String">writerAtt</Name>
  <Value className="java.lang.String">positive</Value>
</Feature>
</Annotation>
<Annotation Id="131" Type="gfbf-object" StartNode="6048" EndNode="6097">
<Feature>
  <Name className="java.lang.String">writerAtt</Name>
  <Value className="java.lang.String">positive</Value>
</Feature>
</Annotation>
<Annotation Id="130" Type="gfbf" StartNode="6043" EndNode="6047">
<Feature>
  <Name className="java.lang.String">agentId</Name>
  <Value className="java.lang.String">136</Value>
</Feature>
<Feature>
  <Name className="java.lang.String">polarity</Name>
  <Value className="java.lang.String">badfor</Value>
</Feature>
<Feature>
  <Name className="java.lang.String">objectId</Name>
  <Value className="java.lang.String">131</Value>
</Feature>
</Annotation>
<Annotation Id="133" Type="gfbf-object" StartNode="6106" EndNode="6135">
<Feature>
  <Name className="java.lang.String">writerAtt</Name>
  <Value className="java.lang.String">positive</Value>
</Feature>
</Annotation>
<Annotation Id="132" Type="gfbf" StartNode="6099" EndNode="6105">
<Feature>
  <Name className="java.lang.String">agentId</Name>
  <Value className="java.lang.String">136</Value>
</Feature>
<Feature>
  <Name className="java.lang.String">polarity</Name>
  <Value className="java.lang.String">badfor</Value>
</Feature>
<Feature>
  <Name className="java.lang.String">objectId</Name>
  <Value className="java.lang.String">133</Value>
</Feature>
</Annotation>
<Annotation Id="135" Type="gfbf-object" StartNode="6157" EndNode="6190">
<Feature>
  <Name className="java.lang.String">writerAtt</Name>
  <Value className="java.lang.String">positive</Value>
</Feature>
</Annotation>
<Annotation Id="134" Type="gfbf" StartNode="6141" EndNode="6156">
<Feature>
  <Name className="java.lang.String">agentId</Name>
  <Value className="java.lang.String">136</Value>
</Feature>
<Feature>
  <Name className="java.lang.String">polarity</Name>
  <Value className="java.lang.String">badfor</Value>
</Feature>
<Feature>
  <Name className="java.lang.String">objectId</Name>
  <Value className="java.lang.String">135</Value>
</Feature>
</Annotation>
<Annotation Id="152" Type="gfbf-object" StartNode="6788" EndNode="6811">
<Feature>
  <Name className="java.lang.String">writerAtt</Name>
  <Value className="java.lang.String">positive</Value>
</Feature>
</Annotation>
<Annotation Id="153" Type="others" StartNode="6912" EndNode="6918">
<Feature>
  <Name className="java.lang.String">comment</Name>
  <Value className="java.lang.String">deny sb sth...</Value>
</Feature>
</Annotation>
<Annotation Id="154" Type="gfbf" StartNode="6958" EndNode="6977">
<Feature>
  <Name className="java.lang.String">agentId</Name>
  <Value className="java.lang.String">implicit</Value>
</Feature>
<Feature>
  <Name className="java.lang.String">objectId</Name>
  <Value className="java.lang.String">155</Value>
</Feature>
<Feature>
  <Name className="java.lang.String">polarity</Name>
  <Value className="java.lang.String">badfor</Value>
</Feature>
</Annotation>
<Annotation Id="155" Type="gfbf-object" StartNode="6978" EndNode="7003">
<Feature>
  <Name className="java.lang.String">writerAtt</Name>
  <Value className="java.lang.String">negative</Value>
</Feature>
</Annotation>
<Annotation Id="156" Type="others" StartNode="7243" EndNode="7247">
<Feature>
  <Name className="java.lang.String">comment</Name>
  <Value className="java.lang.String">property</Value>
</Feature>
</Annotation>
<Annotation Id="157" Type="others" StartNode="7294" EndNode="7298">
<Feature>
  <Name className="java.lang.String">comment</Name>
  <Value className="java.lang.String">property</Value>
</Feature>
</Annotation>
<Annotation Id="158" Type="others" StartNode="7477" EndNode="7481">
<Feature>
  <Name className="java.lang.String">comment</Name>
  <Value className="java.lang.String">property</Value>
</Feature>
</Annotation>
<Annotation Id="159" Type="others" StartNode="7524" EndNode="7532">
<Feature>
  <Name className="java.lang.String">comment</Name>
  <Value className="java.lang.String">provide</Value>
</Feature>
</Annotation>
<Annotation Id="144" Type="gfbf" StartNode="6430" EndNode="6439">
<Feature>
  <Name className="java.lang.String">agentId</Name>
  <Value className="java.lang.String">implicit</Value>
</Feature>
<Feature>
  <Name className="java.lang.String">objectId</Name>
  <Value className="java.lang.String">145</Value>
</Feature>
<Feature>
  <Name className="java.lang.String">polarity</Name>
  <Value className="java.lang.String">badfor</Value>
</Feature>
</Annotation>
<Annotation Id="145" Type="gfbf-object" StartNode="6440" EndNode="6447">
<Feature>
  <Name className="java.lang.String">writerAtt</Name>
  <Value className="java.lang.String">positive</Value>
</Feature>
</Annotation>
<Annotation Id="146" Type="gfbf" StartNode="6454" EndNode="6488">
<Feature>
  <Name className="java.lang.String">agentId</Name>
  <Value className="java.lang.String">148</Value>
</Feature>
<Feature>
  <Name className="java.lang.String">comment</Name>
  <Value className="java.lang.String">add to</Value>
</Feature>
<Feature>
  <Name className="java.lang.String">objectId</Name>
  <Value className="java.lang.String">147</Value>
</Feature>
<Feature>
  <Name className="java.lang.String">polarity</Name>
  <Value className="java.lang.String">goodfor</Value>
</Feature>
</Annotation>
<Annotation Id="147" Type="gfbf-object" StartNode="6489" EndNode="6500">
<Feature>
  <Name className="java.lang.String">writerAtt</Name>
  <Value className="java.lang.String">negative</Value>
</Feature>
</Annotation>
<Annotation Id="148" Type="gfbf-agent" StartNode="6430" EndNode="6447">
<Feature>
  <Name className="java.lang.String">writerAtt</Name>
  <Value className="java.lang.String">negative</Value>
</Feature>
</Annotation>
<Annotation Id="149" Type="others" StartNode="6549" EndNode="6566">
<Feature>
  <Name className="java.lang.String">comment</Name>
  <Value className="java.lang.String">pass debt to...debt to can be seen as a bad for?</Value>
</Feature>
</Annotation>
<Annotation Id="150" Type="others" StartNode="6646" EndNode="6666">
<Feature>
  <Name className="java.lang.String">comment</Name>
  <Value className="java.lang.String">GoodFor agent</Value>
</Feature>
</Annotation>
<Annotation Id="151" Type="gfbf" StartNode="6778" EndNode="6787">
<Feature>
  <Name className="java.lang.String">agentId</Name>
  <Value className="java.lang.String">implicit</Value>
</Feature>
<Feature>
  <Name className="java.lang.String">objectId</Name>
  <Value className="java.lang.String">152</Value>
</Feature>
<Feature>
  <Name className="java.lang.String">polarity</Name>
  <Value className="java.lang.String">badfor</Value>
</Feature>
</Annotation>
<Annotation Id="171" Type="gfbf-object" StartNode="8785" EndNode="8794">
<Feature>
  <Name className="java.lang.String">writerAtt</Name>
  <Value className="java.lang.String">positive</Value>
</Feature>
</Annotation>
<Annotation Id="170" Type="gfbf" StartNode="8775" EndNode="8784">
<Feature>
  <Name className="java.lang.String">agentId</Name>
  <Value className="java.lang.String">173</Value>
</Feature>
<Feature>
  <Name className="java.lang.String">polarity</Name>
  <Value className="java.lang.String">goodfor</Value>
</Feature>
<Feature>
  <Name className="java.lang.String">objectId</Name>
  <Value className="java.lang.String">171</Value>
</Feature>
</Annotation>
<Annotation Id="169" Type="gfbf-object" StartNode="8666" EndNode="8697">
<Feature>
  <Name className="java.lang.String">writerAtt</Name>
  <Value className="java.lang.String">positive</Value>
</Feature>
</Annotation>
<Annotation Id="168" Type="influencer" StartNode="8635" EndNode="8644">
<Feature>
  <Name className="java.lang.String">effect</Name>
  <Value className="java.lang.String">reverse</Value>
</Feature>
<Feature>
  <Name className="java.lang.String">agentId</Name>
  <Value className="java.lang.String">167</Value>
</Feature>
<Feature>
  <Name className="java.lang.String">objectId</Name>
  <Value className="java.lang.String">166</Value>
</Feature>
</Annotation>
<Annotation Id="175" Type="gfbf" StartNode="9517" EndNode="9524">
<Feature>
  <Name className="java.lang.String">agentId</Name>
  <Value className="java.lang.String">177</Value>
</Feature>
<Feature>
  <Name className="java.lang.String">polarity</Name>
  <Value className="java.lang.String">goodfor</Value>
</Feature>
<Feature>
  <Name className="java.lang.String">objectId</Name>
  <Value className="java.lang.String">176</Value>
</Feature>
</Annotation>
<Annotation Id="174" Type="others" StartNode="8990" EndNode="8996">
<Feature>
  <Name className="java.lang.String">comment</Name>
  <Value className="java.lang.String">force sb do sth...</Value>
</Feature>
</Annotation>
<Annotation Id="173" Type="gfbf-agent" StartNode="8762" EndNode="8766">
<Feature>
  <Name className="java.lang.String">reference</Name>
  <Value className="java.lang.String">true</Value>
</Feature>
<Feature>
  <Name className="java.lang.String">referentId</Name>
  <Value className="java.lang.String">210</Value>
</Feature>
<Feature>
  <Name className="java.lang.String">writerAtt</Name>
  <Value className="java.lang.String">negative</Value>
</Feature>
</Annotation>
<Annotation Id="172" Type="influencer" StartNode="8752" EndNode="8755">
<Feature>
  <Name className="java.lang.String">effect</Name>
  <Value className="java.lang.String">reverse</Value>
</Feature>
<Feature>
  <Name className="java.lang.String">agentId</Name>
  <Value className="java.lang.String">173</Value>
</Feature>
<Feature>
  <Name className="java.lang.String">objectId</Name>
  <Value className="java.lang.String">170</Value>
</Feature>
</Annotation>
<Annotation Id="163" Type="gfbf-object" StartNode="7950" EndNode="7968">
<Feature>
  <Name className="java.lang.String">writerAtt</Name>
  <Value className="java.lang.String">positive</Value>
</Feature>
</Annotation>
<Annotation Id="162" Type="gfbf-agent" StartNode="7894" EndNode="7913">
<Feature>
  <Name className="java.lang.String">writerAtt</Name>
  <Value className="java.lang.String">negative</Value>
</Feature>
</Annotation>
<Annotation Id="161" Type="gfbf" StartNode="7942" EndNode="7949">
<Feature>
  <Name className="java.lang.String">agentId</Name>
  <Value className="java.lang.String">162</Value>
</Feature>
<Feature>
  <Name className="java.lang.String">polarity</Name>
  <Value className="java.lang.String">badfor</Value>
</Feature>
<Feature>
  <Name className="java.lang.String">objectId</Name>
  <Value className="java.lang.String">163</Value>
</Feature>
</Annotation>
<Annotation Id="160" Type="others" StartNode="7754" EndNode="7779">
<Feature>
  <Name className="java.lang.String">comment</Name>
  <Value className="java.lang.String">find sb ADJ...</Value>
</Feature>
</Annotation>
<Annotation Id="167" Type="gfbf-agent" StartNode="8609" EndNode="8628">
<Feature>
  <Name className="java.lang.String">writerAtt</Name>
  <Value className="java.lang.String">negative</Value>
</Feature>
</Annotation>
<Annotation Id="166" Type="gfbf" StartNode="8660" EndNode="8665">
<Feature>
  <Name className="java.lang.String">agentId</Name>
  <Value className="java.lang.String">167</Value>
</Feature>
<Feature>
  <Name className="java.lang.String">polarity</Name>
  <Value className="java.lang.String">goodfor</Value>
</Feature>
<Feature>
  <Name className="java.lang.String">objectId</Name>
  <Value className="java.lang.String">169</Value>
</Feature>
</Annotation>
<Annotation Id="165" Type="others" StartNode="8363" EndNode="8372">
<Feature>
  <Name className="java.lang.String">comment</Name>
  <Value className="java.lang.String">property</Value>
</Feature>
</Annotation>
<Annotation Id="164" Type="others" StartNode="8144" EndNode="8150">
<Feature>
  <Name className="java.lang.String">comment</Name>
  <Value className="java.lang.String">property</Value>
</Feature>
</Annotation>
<Annotation Id="186" Type="influencer" StartNode="9878" EndNode="9881">
<Feature>
  <Name className="java.lang.String">effect</Name>
  <Value className="java.lang.String">reverse</Value>
</Feature>
<Feature>
  <Name className="java.lang.String">agentId</Name>
  <Value className="java.lang.String">185</Value>
</Feature>
<Feature>
  <Name className="java.lang.String">objectId</Name>
  <Value className="java.lang.String">183</Value>
</Feature>
</Annotation>
<Annotation Id="187" Type="others" StartNode="10064" EndNode="10100">
<Feature>
  <Name className="java.lang.String">comment</Name>
  <Value className="java.lang.String">hold XXX ADJ</Value>
</Feature>
</Annotation>
<Annotation Id="184" Type="gfbf-object" StartNode="9928" EndNode="9968">
<Feature>
  <Name className="java.lang.String">writerAtt</Name>
  <Value className="java.lang.String">negative</Value>
</Feature>
</Annotation>
<Annotation Id="185" Type="gfbf-agent" StartNode="9865" EndNode="9871">
<Feature>
  <Name className="java.lang.String">writerAtt</Name>
  <Value className="java.lang.String">positive</Value>
</Feature>
</Annotation>
<Annotation Id="190" Type="gfbf-agent" StartNode="10225" EndNode="10231">
<Feature>
  <Name className="java.lang.String">writerAtt</Name>
  <Value className="java.lang.String">positive</Value>
</Feature>
</Annotation>
<Annotation Id="191" Type="influencer" StartNode="10238" EndNode="10241">
<Feature>
  <Name className="java.lang.String">effect</Name>
  <Value className="java.lang.String">reverse</Value>
</Feature>
<Feature>
  <Name className="java.lang.String">agentId</Name>
  <Value className="java.lang.String">190</Value>
</Feature>
<Feature>
  <Name className="java.lang.String">objectId</Name>
  <Value className="java.lang.String">188</Value>
</Feature>
</Annotation>
<Annotation Id="188" Type="gfbf" StartNode="10264" EndNode="10269">
<Feature>
  <Name className="java.lang.String">agentId</Name>
  <Value className="java.lang.String">190</Value>
</Feature>
<Feature>
  <Name className="java.lang.String">polarity</Name>
  <Value className="java.lang.String">goodfor</Value>
</Feature>
<Feature>
  <Name className="java.lang.String">objectId</Name>
  <Value className="java.lang.String">189</Value>
</Feature>
</Annotation>
<Annotation Id="189" Type="gfbf-object" StartNode="10270" EndNode="10326">
<Feature>
  <Name className="java.lang.String">writerAtt</Name>
  <Value className="java.lang.String">positive</Value>
</Feature>
</Annotation>
<Annotation Id="179" Type="gfbf" StartNode="9800" EndNode="9804">
<Feature>
  <Name className="java.lang.String">agentId</Name>
  <Value className="java.lang.String">181</Value>
</Feature>
<Feature>
  <Name className="java.lang.String">polarity</Name>
  <Value className="java.lang.String">badfor</Value>
</Feature>
<Feature>
  <Name className="java.lang.String">objectId</Name>
  <Value className="java.lang.String">180</Value>
</Feature>
</Annotation>
<Annotation Id="176" Type="gfbf-object" StartNode="9525" EndNode="9584">
<Feature>
  <Name className="java.lang.String">writerAtt</Name>
  <Value className="java.lang.String">negative</Value>
</Feature>
</Annotation>
<Annotation Id="177" Type="gfbf-agent" StartNode="9476" EndNode="9508">
<Feature>
  <Name className="java.lang.String">writerAtt</Name>
  <Value className="java.lang.String">positive</Value>
</Feature>
</Annotation>
<Annotation Id="183" Type="gfbf" StartNode="9914" EndNode="9927">
<Feature>
  <Name className="java.lang.String">agentId</Name>
  <Value className="java.lang.String">185</Value>
</Feature>
<Feature>
  <Name className="java.lang.String">polarity</Name>
  <Value className="java.lang.String">badfor</Value>
</Feature>
<Feature>
  <Name className="java.lang.String">objectId</Name>
  <Value className="java.lang.String">184</Value>
</Feature>
</Annotation>
<Annotation Id="180" Type="gfbf-object" StartNode="9805" EndNode="9858">
<Feature>
  <Name className="java.lang.String">writerAtt</Name>
  <Value className="java.lang.String">positive</Value>
</Feature>
</Annotation>
<Annotation Id="181" Type="gfbf-agent" StartNode="9751" EndNode="9793">
<Feature>
  <Name className="java.lang.String">writerAtt</Name>
  <Value className="java.lang.String">negative</Value>
</Feature>
</Annotation>
<Annotation Id="205" Type="gfbf-agent" StartNode="1143" EndNode="1180">
<Feature>
  <Name className="java.lang.String">writerAtt</Name>
  <Value className="java.lang.String">negative</Value>
</Feature>
</Annotation>
<Annotation Id="204" Type="others" StartNode="10885" EndNode="10935">
<Feature>
  <Name className="java.lang.String">comment</Name>
  <Value className="java.lang.String">help sb do sth...but do here is not goodfor or badfro...so help is no use...?</Value>
</Feature>
</Annotation>
<Annotation Id="207" Type="referent" StartNode="1760" EndNode="1774">
<Feature>
  <Name className="java.lang.String">writerAtt</Name>
  <Value className="java.lang.String">negative</Value>
</Feature>
</Annotation>
<Annotation Id="206" Type="referent" StartNode="763" EndNode="784">
<Feature>
  <Name className="java.lang.String">writerAtt</Name>
  <Value className="java.lang.String">negative</Value>
</Feature>
</Annotation>
<Annotation Id="201" Type="influencer" StartNode="10526" EndNode="10529">
<Feature>
  <Name className="java.lang.String">effect</Name>
  <Value className="java.lang.String">reverse</Value>
</Feature>
<Feature>
  <Name className="java.lang.String">agentId</Name>
  <Value className="java.lang.String">200</Value>
</Feature>
<Feature>
  <Name className="java.lang.String">objectId</Name>
  <Value className="java.lang.String">198</Value>
</Feature>
</Annotation>
<Annotation Id="200" Type="gfbf-agent" StartNode="10513" EndNode="10519">
<Feature>
  <Name className="java.lang.String">writerAtt</Name>
  <Value className="java.lang.String">positive</Value>
</Feature>
</Annotation>
<Annotation Id="196" Type="influencer" StartNode="10453" EndNode="10456">
<Feature>
  <Name className="java.lang.String">effect</Name>
  <Value className="java.lang.String">reverse</Value>
</Feature>
<Feature>
  <Name className="java.lang.String">agentId</Name>
  <Value className="java.lang.String">195</Value>
</Feature>
<Feature>
  <Name className="java.lang.String">objectId</Name>
  <Value className="java.lang.String">193</Value>
</Feature>
</Annotation>
<Annotation Id="199" Type="gfbf-object" StartNode="10565" EndNode="10626">
<Feature>
  <Name className="java.lang.String">writerAtt</Name>
  <Value className="java.lang.String">positive</Value>
</Feature>
</Annotation>
<Annotation Id="198" Type="gfbf" StartNode="10557" EndNode="10564">
<Feature>
  <Name className="java.lang.String">agentId</Name>
  <Value className="java.lang.String">200</Value>
</Feature>
<Feature>
  <Name className="java.lang.String">polarity</Name>
  <Value className="java.lang.String">goodfor</Value>
</Feature>
<Feature>
  <Name className="java.lang.String">objectId</Name>
  <Value className="java.lang.String">199</Value>
</Feature>
</Annotation>
<Annotation Id="193" Type="gfbf" StartNode="10474" EndNode="10481">
<Feature>
  <Name className="java.lang.String">agentId</Name>
  <Value className="java.lang.String">195</Value>
</Feature>
<Feature>
  <Name className="java.lang.String">polarity</Name>
  <Value className="java.lang.String">goodfor</Value>
</Feature>
<Feature>
  <Name className="java.lang.String">objectId</Name>
  <Value className="java.lang.String">194</Value>
</Feature>
</Annotation>
<Annotation Id="192" Type="others" StartNode="10346" EndNode="10354">
<Feature>
  <Name className="java.lang.String">comment</Name>
  <Value className="java.lang.String">property...</Value>
</Feature>
</Annotation>
<Annotation Id="195" Type="gfbf-agent" StartNode="10440" EndNode="10446">
<Feature>
  <Name className="java.lang.String">writerAtt</Name>
  <Value className="java.lang.String">positive</Value>
</Feature>
</Annotation>
<Annotation Id="194" Type="gfbf-object" StartNode="10482" EndNode="10511">
<Feature>
  <Name className="java.lang.String">writerAtt</Name>
  <Value className="java.lang.String">positive</Value>
</Feature>
</Annotation>
<Annotation Id="212" Type="gfbf-agent" StartNode="2743" EndNode="2745">
<Feature>
  <Name className="java.lang.String">writerAtt</Name>
  <Value className="java.lang.String">positive</Value>
</Feature>
</Annotation>
<Annotation Id="213" Type="influencer" StartNode="2793" EndNode="2796">
<Feature>
  <Name className="java.lang.String">effect</Name>
  <Value className="java.lang.String">retain</Value>
</Feature>
<Feature>
  <Name className="java.lang.String">agentId</Name>
  <Value className="java.lang.String">212</Value>
</Feature>
<Feature>
  <Name className="java.lang.String">objectId</Name>
  <Value className="java.lang.String">98</Value>
</Feature>
</Annotation>
<Annotation Id="208" Type="referent" StartNode="1805" EndNode="1810">
<Feature>
  <Name className="java.lang.String">writerAtt</Name>
  <Value className="java.lang.String">positive</Value>
</Feature>
</Annotation>
<Annotation Id="209" Type="referent" StartNode="5911" EndNode="5934">
<Feature>
  <Name className="java.lang.String">writerAtt</Name>
  <Value className="java.lang.String">negative</Value>
</Feature>
</Annotation>
<Annotation Id="210" Type="referent" StartNode="8609" EndNode="8628">
<Feature>
  <Name className="java.lang.String">writerAtt</Name>
  <Value className="java.lang.String">negative</Value>
</Feature>
</Annotation>
<Annotation Id="211" Type="gfbf-agent" StartNode="4429" EndNode="4431">
<Feature>
  <Name className="java.lang.String">writerAtt</Name>
  <Value className="java.lang.String">positive</Value>
</Feature>
</Annotation>
</AnnotationSet>

<!-- Named annotation set -->

<AnnotationSet Name="Original markups">
<Annotation Id="0" Type="paragraph" StartNode="0" EndNode="37">
</Annotation>
<Annotation Id="1" Type="paragraph" StartNode="39" EndNode="49">
</Annotation>
<Annotation Id="2" Type="paragraph" StartNode="51" EndNode="436">
</Annotation>
<Annotation Id="3" Type="paragraph" StartNode="438" EndNode="761">
</Annotation>
<Annotation Id="4" Type="paragraph" StartNode="763" EndNode="1369">
</Annotation>
<Annotation Id="5" Type="paragraph" StartNode="1371" EndNode="1758">
</Annotation>
<Annotation Id="65" Type="rel" StartNode="763" EndNode="934">
<Feature>
  <Name className="java.lang.String">type</Name>
  <Value className="java.lang.String">label</Value>
</Feature>
<Feature>
  <Name className="java.lang.String">ss-label</Name>
  <Value className="java.lang.String">opposition_demagogues_bill</Value>
</Feature>
</Annotation>
<Annotation Id="6" Type="paragraph" StartNode="1760" EndNode="2090">
</Annotation>
<Annotation Id="7" Type="paragraph" StartNode="2092" EndNode="2326">
</Annotation>
<Annotation Id="8" Type="paragraph" StartNode="2328" EndNode="3252">
</Annotation>
<Annotation Id="9" Type="paragraph" StartNode="3254" EndNode="4010">
</Annotation>
<Annotation Id="10" Type="paragraph" StartNode="4012" EndNode="4508">
</Annotation>
<Annotation Id="11" Type="paragraph" StartNode="4510" EndNode="4707">
</Annotation>
<Annotation Id="12" Type="paragraph" StartNode="4709" EndNode="4801">
</Annotation>
<Annotation Id="13" Type="paragraph" StartNode="4803" EndNode="5631">
</Annotation>
<Annotation Id="14" Type="paragraph" StartNode="5633" EndNode="6413">
</Annotation>
<Annotation Id="15" Type="paragraph" StartNode="6417" EndNode="6600">
</Annotation>
<Annotation Id="17" Type="paragraph" StartNode="7164" EndNode="7198">
</Annotation>
<Annotation Id="16" Type="paragraph" StartNode="6602" EndNode="7162">
</Annotation>
<Annotation Id="19" Type="paragraph" StartNode="11083" EndNode="11190">
</Annotation>
<Annotation Id="18" Type="paragraph" StartNode="7204" EndNode="11081">
</Annotation>
<Annotation Id="21" Type="paragraph" StartNode="11440" EndNode="11693">
</Annotation>
<Annotation Id="20" Type="paragraph" StartNode="11196" EndNode="11429">
</Annotation>
<Annotation Id="23" Type="paragraph" StartNode="11962" EndNode="11980">
</Annotation>
<Annotation Id="22" Type="paragraph" StartNode="11704" EndNode="11954">
</Annotation>
<Annotation Id="24" Type="paragraph" StartNode="11986" EndNode="12129">
</Annotation>
</AnnotationSet>

</GateDocument>
