<?xml version='1.0' encoding='MacRoman'?>
<GateDocument>
<!-- The document's features-->

<GateDocumentFeatures>
<Feature>
  <Name className="java.lang.String">gate.SourceURL</Name>
  <Value className="java.lang.String">file:/E:/Users/conrada/Documents/My%20Dropbox/healthcare_data/training_3/hc090.txt</Value>
</Feature>
<Feature>
  <Name className="java.lang.String">MimeType</Name>
  <Value className="java.lang.String">text/plain</Value>
</Feature>
<Feature>
  <Name className="java.lang.String">docNewLineType</Name>
  <Value className="java.lang.String">CRLF</Value>
</Feature>
</GateDocumentFeatures>
<!-- The document content area with serialized nodes -->

<TextWithNodes><Node id="0" />You are here: Home - Opinions - Columns - <Node id="42" />Affordable Care Act<Node id="61" /> <Node id="62" />helps<Node id="67" /> <Node id="68" />America<Node id="75" />&#xd;
<Node id="77" />Affordable Care Act<Node id="96" /> <Node id="97" />helps<Node id="102" /> <Node id="103" />America<Node id="110" />&#xd;
<Node id="112" />&#xd;
<Node id="114" />By MATTHEW SELLERS on March 22, 2011&#xd;
<Node id="152" />&#xd;
<Node id="154" />Today marks the first anniversary of the Affordable Care Act<Node id="214" />. <Node id="216" />In the memorable words of Vice President Joe Biden, it's a "Big f***ing deal<Node id="292" />."&#xd;
<Node id="296" />&#xd;
<Node id="298" />Biden's words may only be remembered in jest a few years from now.&#xd;
<Node id="366" />&#xd;
<Node id="368" />Sellers&#xd;
<Node id="377" />&#xd;
<Node id="379" />But <Node id="383" />the ACA<Node id="390" /> will be remembered as a landmark piece of legislation which reshaped the face of health care to <Node id="487" />improve<Node id="494" /> <Node id="495" />the lives of millions of Americans<Node id="529" />.&#xd;
<Node id="532" />&#xd;
<Node id="534" />Its provisions make sweeping and integral changes<Node id="583" />.&#xd;
<Node id="586" />&#xd;
<Node id="588" />It <Node id="591" />provides<Node id="599" /> insurance coverage to over 30 million uninsured Americans<Node id="657" />. <Node id="659" />It<Node id="661" /> <Node id="662" />simplifies<Node id="672" /> <Node id="673" />enrollment into CHIP<Node id="693" /> - the Children's Health Insurance Program - which allows more children access to quality health care<Node id="794" />. <Node id="796" />It<Node id="798" /> <Node id="799" />improves<Node id="807" /> <Node id="808" />prescription drug coverage<Node id="834" /> and <Node id="839" />eliminates<Node id="849" /> <Node id="850" />co-pays for certain essential services<Node id="888" />.&#xd;
<Node id="891" />&#xd;
<Node id="893" />Perhaps most importantly, <Node id="919" />this act<Node id="927" /> <Node id="928" />benefits<Node id="936" /> <Node id="937" />the typical Red &amp; Black reader<Node id="967" />. <Node id="969" />It offers 1.2 million students the opportunity to remain on their parents' health insurance until age 26<Node id="1073" />. <Node id="1075" />Before the reform, 42 percent of young adults <Node id="1121" />lost<Node id="1125" /> their insurance coverage once they graduated from school, according to the White House<Node id="1212" />.&#xd;
<Node id="1215" />&#xd;
<Node id="1217" />The Affordable Care Act makes an investment in America's future by ensuring we - the students - can pursue higher education and employment without <Node id="1364" />losing<Node id="1370" /> insurance coverage<Node id="1389" />.&#xd;
<Node id="1392" />&#xd;
<Node id="1394" />These reforms have attracted a great deal of praise - and sometimes an expletive - from one side of the aisle and a great deal of criticism and polemic from the other<Node id="1560" />.&#xd;
<Node id="1563" />&#xd;
<Node id="1565" />But despite right-wing assertion that the act will increase government debt<Node id="1640" />, <Node id="1642" />the Congressional Budget Office maintains the deficit will fall by $143 billion over the next 10 years<Node id="1744" />.&#xd;
<Node id="1747" />&#xd;
<Node id="1749" />Political alignments aside, the act marks a paradigmatic shift from a view of health care as a privilege for those who can afford it - to its reality as a fundamental right, regardless of socioeconomic status, gender or geographic location<Node id="1988" />.&#xd;
<Node id="1991" />&#xd;
<Node id="1993" />By recognizing that everyone - not just the wealthy or privileged - deserves access to health care, <Node id="2093" />we<Node id="2095" /> <Node id="2096" />improve<Node id="2103" /> <Node id="2104" />our quality of life<Node id="2123" /> and <Node id="2128" />build<Node id="2133" /> <Node id="2134" />a strong, healthy future for our nation<Node id="2173" />.&#xd;
<Node id="2176" />&#xd;
<Node id="2178" />Yes, there are disagreements about the policy mechanisms by which America should achieve equitable health care<Node id="2288" />. <Node id="2290" />But this historic legislation shifted the terms of the health care debate by acknowledging health care as a right to all Americans<Node id="2420" />.&#xd;
<Node id="2423" />&#xd;
<Node id="2425" />This demarcation of health care as a right will leave <Node id="2479" />a legacy<Node id="2487" /> <Node id="2488" />no<Node id="2490" /> <Node id="2491" />lawmaker<Node id="2499" /> can <Node id="2504" />ignore<Node id="2510" /> in the future<Node id="2524" />.&#xd;
<Node id="2527" />&#xd;
<Node id="2529" />On the anniversary of the ACA, I urge the University campus to look past the political clashes, the bitter partisan debate and the contentious implementation surrounding health care reform<Node id="2717" />. <Node id="2719" />Look instead to its benefits<Node id="2747" />.&#xd;
<Node id="2750" />&#xd;
<Node id="2752" />At its core, <Node id="2765" />the Act<Node id="2772" /> <Node id="2773" />equalizes<Node id="2782" /> <Node id="2783" />a system<Node id="2791" /> that <Node id="2797" />privileges<Node id="2807" /> <Node id="2808" />the wealthiest Americans<Node id="2832" /> before all others<Node id="2850" />. <Node id="2852" />Its goal<Node id="2860" /> is not to force America into a "socialist" system<Node id="2910" />, but <Node id="2916" />to <Node id="2919" />liberate<Node id="2927" /> <Node id="2928" />individuals<Node id="2939" /> of the burden of health care debt<Node id="2973" />.&#xd;
<Node id="2976" />&#xd;
<Node id="2978" />It<Node id="2980" /> makes the American dream possible by <Node id="3018" />protecting<Node id="3028" /> <Node id="3029" />opportunities to live a healthy, productive life<Node id="3077" />.&#xd;
<Node id="3080" />&#xd;
<Node id="3082" />If that isn't <Node id="3096" />an idea<Node id="3103" /> that should <Node id="3116" />generate<Node id="3124" /> <Node id="3125" />bipartisan consensus and support<Node id="3157" />, I don't know what is<Node id="3179" />.&#xd;
<Node id="3182" />&#xd;
-<Node id="3185" /> Matthew Sellers is a junior from Perry majoring in English<Node id="3244" /></TextWithNodes>
<!-- The default annotation set -->

<AnnotationSet>
<Annotation Id="21" Type="doc" StartNode="0" EndNode="3244">
<Feature>
  <Name className="java.lang.String">id</Name>
  <Value className="java.lang.String">hc090</Value>
</Feature>
<Feature>
  <Name className="java.lang.String">author</Name>
  <Value className="java.lang.String">matthew,sellers</Value>
</Feature>
<Feature>
  <Name className="java.lang.String">source</Name>
  <Value className="java.lang.String">redandblack</Value>
</Feature>
<Feature>
  <Name className="java.lang.String">date</Name>
  <Value className="java.lang.String">20110322</Value>
</Feature>
<Feature>
  <Name className="java.lang.String">side</Name>
  <Value className="java.lang.String">pro</Value>
</Feature>
<Feature>
  <Name className="java.lang.String">url</Name>
  <Value className="java.lang.String">http://redandblack.com/2011/03/22/affordable-care-act-helps-america/</Value>
</Feature>
</Annotation>
<Annotation Id="23" Type="arg" StartNode="588" EndNode="657">
<Feature>
  <Name className="java.lang.String">unclear</Name>
  <Value className="java.lang.String">true</Value>
</Feature>
<Feature>
  <Name className="java.lang.String">ss-label</Name>
  <Value className="java.lang.String">expands/guarentees_access_to_insurance</Value>
</Feature>
<Feature>
  <Name className="java.lang.String">type</Name>
  <Value className="java.lang.String">label</Value>
</Feature>
<Feature>
  <Name className="java.lang.String">polarity</Name>
  <Value className="java.lang.String">positive</Value>
</Feature>
<Feature>
  <Name className="java.lang.String">incomplete</Name>
  <Value className="java.lang.String">true</Value>
</Feature>
</Annotation>
<Annotation Id="22" Type="arg" StartNode="379" EndNode="529">
<Feature>
  <Name className="java.lang.String">type</Name>
  <Value className="java.lang.String">label</Value>
</Feature>
<Feature>
  <Name className="java.lang.String">ss-label</Name>
  <Value className="java.lang.String">bills_impact_is_positive</Value>
</Feature>
<Feature>
  <Name className="java.lang.String">polarity</Name>
  <Value className="java.lang.String">positive</Value>
</Feature>
</Annotation>
<Annotation Id="25" Type="arg" StartNode="796" EndNode="888">
<Feature>
  <Name className="java.lang.String">unclear</Name>
  <Value className="java.lang.String">true</Value>
</Feature>
<Feature>
  <Name className="java.lang.String">ss-label</Name>
  <Value className="java.lang.String">improves_healthcare_affordability</Value>
</Feature>
<Feature>
  <Name className="java.lang.String">type</Name>
  <Value className="java.lang.String">label</Value>
</Feature>
<Feature>
  <Name className="java.lang.String">polarity</Name>
  <Value className="java.lang.String">positive</Value>
</Feature>
<Feature>
  <Name className="java.lang.String">incomplete</Name>
  <Value className="java.lang.String">true</Value>
</Feature>
</Annotation>
<Annotation Id="24" Type="arg" StartNode="659" EndNode="794">
<Feature>
  <Name className="java.lang.String">ss-label</Name>
  <Value className="java.lang.String">improves_healthcare_access</Value>
</Feature>
<Feature>
  <Name className="java.lang.String">type</Name>
  <Value className="java.lang.String">label</Value>
</Feature>
<Feature>
  <Name className="java.lang.String">polarity</Name>
  <Value className="java.lang.String">positive</Value>
</Feature>
<Feature>
  <Name className="java.lang.String">incomplete</Name>
  <Value className="java.lang.String">true</Value>
</Feature>
</Annotation>
<Annotation Id="27" Type="arg" StartNode="1217" EndNode="1389">
<Feature>
  <Name className="java.lang.String">type</Name>
  <Value className="java.lang.String">label</Value>
</Feature>
<Feature>
  <Name className="java.lang.String">ss-label</Name>
  <Value className="java.lang.String">keeping_adult_children_on_parents_plan_is_beneficial</Value>
</Feature>
<Feature>
  <Name className="java.lang.String">polarity</Name>
  <Value className="java.lang.String">positive</Value>
</Feature>
</Annotation>
<Annotation Id="26" Type="arg" StartNode="969" EndNode="1073">
<Feature>
  <Name className="java.lang.String">ss-label</Name>
  <Value className="java.lang.String">children_can_stay_on_parent_plans_longer</Value>
</Feature>
<Feature>
  <Name className="java.lang.String">type</Name>
  <Value className="java.lang.String">label</Value>
</Feature>
<Feature>
  <Name className="java.lang.String">polarity</Name>
  <Value className="java.lang.String">positive</Value>
</Feature>
<Feature>
  <Name className="java.lang.String">incomplete</Name>
  <Value className="java.lang.String">true</Value>
</Feature>
</Annotation>
<Annotation Id="29" Type="arg" StartNode="1749" EndNode="1988">
<Feature>
  <Name className="java.lang.String">type</Name>
  <Value className="java.lang.String">label</Value>
</Feature>
<Feature>
  <Name className="java.lang.String">ss-label</Name>
  <Value className="java.lang.String">healthcare_is_a_right</Value>
</Feature>
<Feature>
  <Name className="java.lang.String">polarity</Name>
  <Value className="java.lang.String">positive</Value>
</Feature>
</Annotation>
<Annotation Id="28" Type="arg" StartNode="1642" EndNode="1744">
<Feature>
  <Name className="java.lang.String">type</Name>
  <Value className="java.lang.String">label</Value>
</Feature>
<Feature>
  <Name className="java.lang.String">ss-label</Name>
  <Value className="java.lang.String">maintains/reduces_govt_deficit</Value>
</Feature>
<Feature>
  <Name className="java.lang.String">polarity</Name>
  <Value className="java.lang.String">positive</Value>
</Feature>
</Annotation>
<Annotation Id="31" Type="arg" StartNode="2290" EndNode="2420">
<Feature>
  <Name className="java.lang.String">type</Name>
  <Value className="java.lang.String">label</Value>
</Feature>
<Feature>
  <Name className="java.lang.String">ss-label</Name>
  <Value className="java.lang.String">healthcare_is_a_right</Value>
</Feature>
<Feature>
  <Name className="java.lang.String">polarity</Name>
  <Value className="java.lang.String">positive</Value>
</Feature>
</Annotation>
<Annotation Id="30" Type="arg" StartNode="1993" EndNode="2173">
<Feature>
  <Name className="java.lang.String">type</Name>
  <Value className="java.lang.String">label</Value>
</Feature>
<Feature>
  <Name className="java.lang.String">ss-label</Name>
  <Value className="java.lang.String">healthcare_is_a_right</Value>
</Feature>
<Feature>
  <Name className="java.lang.String">polarity</Name>
  <Value className="java.lang.String">positive</Value>
</Feature>
</Annotation>
<Annotation Id="34" Type="arg" StartNode="2916" EndNode="2973">
<Feature>
  <Name className="java.lang.String">prospect</Name>
  <Value className="java.lang.String"></Value>
</Feature>
<Feature>
  <Name className="java.lang.String">ss-label</Name>
  <Value className="java.lang.String">improves_healthcare_affordability</Value>
</Feature>
<Feature>
  <Name className="java.lang.String">unclear</Name>
  <Value className="java.lang.String">true</Value>
</Feature>
<Feature>
  <Name className="java.lang.String">type</Name>
  <Value className="java.lang.String">label</Value>
</Feature>
<Feature>
  <Name className="java.lang.String">polarity</Name>
  <Value className="java.lang.String">positive</Value>
</Feature>
<Feature>
  <Name className="java.lang.String">incomplete</Name>
  <Value className="java.lang.String">true</Value>
</Feature>
</Annotation>
<Annotation Id="35" Type="arg" StartNode="2978" EndNode="3077">
<Feature>
  <Name className="java.lang.String">type</Name>
  <Value className="java.lang.String">label</Value>
</Feature>
<Feature>
  <Name className="java.lang.String">ss-label</Name>
  <Value className="java.lang.String">improves_healthcare_access</Value>
</Feature>
<Feature>
  <Name className="java.lang.String">polarity</Name>
  <Value className="java.lang.String">positive</Value>
</Feature>
</Annotation>
<Annotation Id="32" Type="arg" StartNode="2425" EndNode="2524">
<Feature>
  <Name className="java.lang.String">type</Name>
  <Value className="java.lang.String">label</Value>
</Feature>
<Feature>
  <Name className="java.lang.String">ss-label</Name>
  <Value className="java.lang.String">healthcare_is_a_right</Value>
</Feature>
<Feature>
  <Name className="java.lang.String">polarity</Name>
  <Value className="java.lang.String">positive</Value>
</Feature>
</Annotation>
<Annotation Id="33" Type="arg" StartNode="2852" EndNode="2910">
<Feature>
  <Name className="java.lang.String">ss-label</Name>
  <Value className="java.lang.String">will_not_lead_to_government_control</Value>
</Feature>
<Feature>
  <Name className="java.lang.String">type</Name>
  <Value className="java.lang.String">label</Value>
</Feature>
<Feature>
  <Name className="java.lang.String">polarity</Name>
  <Value className="java.lang.String">negative</Value>
</Feature>
<Feature>
  <Name className="java.lang.String">incomplete</Name>
  <Value className="java.lang.String">true</Value>
</Feature>
</Annotation>
<Annotation Id="38" Type="rel" StartNode="216" EndNode="292">
<Feature>
  <Name className="java.lang.String">type</Name>
  <Value className="java.lang.String">label</Value>
</Feature>
<Feature>
  <Name className="java.lang.String">ss-label</Name>
  <Value className="java.lang.String">bill_is_step_in_right_direction</Value>
</Feature>
</Annotation>
<Annotation Id="39" Type="rel" StartNode="154" EndNode="214">
<Feature>
  <Name className="java.lang.String">type</Name>
  <Value className="java.lang.String">label</Value>
</Feature>
<Feature>
  <Name className="java.lang.String">ss-label</Name>
  <Value className="java.lang.String">bill_is_step_in_right_direction</Value>
</Feature>
</Annotation>
<Annotation Id="36" Type="arg" StartNode="42" EndNode="75">
<Feature>
  <Name className="java.lang.String">type</Name>
  <Value className="java.lang.String">label</Value>
</Feature>
<Feature>
  <Name className="java.lang.String">ss-label</Name>
  <Value className="java.lang.String">bill_is_step_in_right_direction</Value>
</Feature>
<Feature>
  <Name className="java.lang.String">polarity</Name>
  <Value className="java.lang.String">positive</Value>
</Feature>
</Annotation>
<Annotation Id="37" Type="arg" StartNode="77" EndNode="110">
<Feature>
  <Name className="java.lang.String">type</Name>
  <Value className="java.lang.String">label</Value>
</Feature>
<Feature>
  <Name className="java.lang.String">ss-label</Name>
  <Value className="java.lang.String">bill_is_step_in_right_direction</Value>
</Feature>
<Feature>
  <Name className="java.lang.String">polarity</Name>
  <Value className="java.lang.String">positive</Value>
</Feature>
</Annotation>
<Annotation Id="42" Type="arg" StartNode="893" EndNode="967">
<Feature>
  <Name className="java.lang.String">type</Name>
  <Value className="java.lang.String">else</Value>
</Feature>
<Feature>
  <Name className="java.lang.String">polarity</Name>
  <Value className="java.lang.String">positive</Value>
</Feature>
</Annotation>
<Annotation Id="43" Type="arg" StartNode="2529" EndNode="2717">
<Feature>
  <Name className="java.lang.String">ss-label</Name>
  <Value className="java.lang.String">opposition_demagogues_bill</Value>
</Feature>
<Feature>
  <Name className="java.lang.String">unclear</Name>
  <Value className="java.lang.String">true</Value>
</Feature>
<Feature>
  <Name className="java.lang.String">type</Name>
  <Value className="java.lang.String">label</Value>
</Feature>
<Feature>
  <Name className="java.lang.String">polarity</Name>
  <Value className="java.lang.String">positive</Value>
</Feature>
</Annotation>
<Annotation Id="40" Type="arg" StartNode="534" EndNode="583">
<Feature>
  <Name className="java.lang.String">ss-label</Name>
  <Value className="java.lang.String">bill_is_step_in_right_direction</Value>
</Feature>
<Feature>
  <Name className="java.lang.String">unclear</Name>
  <Value className="java.lang.String">true</Value>
</Feature>
<Feature>
  <Name className="java.lang.String">type</Name>
  <Value className="java.lang.String">label</Value>
</Feature>
<Feature>
  <Name className="java.lang.String">polarity</Name>
  <Value className="java.lang.String">positive</Value>
</Feature>
<Feature>
  <Name className="java.lang.String">incomplete</Name>
  <Value className="java.lang.String">true</Value>
</Feature>
</Annotation>
<Annotation Id="41" Type="arg" StartNode="1075" EndNode="1212">
<Feature>
  <Name className="java.lang.String">type</Name>
  <Value className="java.lang.String">label</Value>
</Feature>
<Feature>
  <Name className="java.lang.String">ss-label</Name>
  <Value className="java.lang.String">children_can_stay_on_parent_plans_longer</Value>
</Feature>
<Feature>
  <Name className="java.lang.String">polarity</Name>
  <Value className="java.lang.String">negative</Value>
</Feature>
</Annotation>
<Annotation Id="46" Type="arg" StartNode="2719" EndNode="2747">
<Feature>
  <Name className="java.lang.String">type</Name>
  <Value className="java.lang.String">else</Value>
</Feature>
<Feature>
  <Name className="java.lang.String">polarity</Name>
  <Value className="java.lang.String">positive</Value>
</Feature>
</Annotation>
<Annotation Id="47" Type="rel" StartNode="1394" EndNode="1560">
<Feature>
  <Name className="java.lang.String">type</Name>
  <Value className="java.lang.String">label</Value>
</Feature>
<Feature>
  <Name className="java.lang.String">ss-label</Name>
  <Value className="java.lang.String">opposition_based_on_political_gain</Value>
</Feature>
<Feature>
  <Name className="java.lang.String">unclear</Name>
  <Value className="java.lang.String">true</Value>
</Feature>
</Annotation>
<Annotation Id="44" Type="arg" StartNode="2752" EndNode="2850">
<Feature>
  <Name className="java.lang.String">ss-label</Name>
  <Value className="java.lang.String">healthcare_should_not_depend_on_wealth</Value>
</Feature>
<Feature>
  <Name className="java.lang.String">unclear</Name>
  <Value className="java.lang.String">true</Value>
</Feature>
<Feature>
  <Name className="java.lang.String">type</Name>
  <Value className="java.lang.String">label</Value>
</Feature>
<Feature>
  <Name className="java.lang.String">polarity</Name>
  <Value className="java.lang.String">positive</Value>
</Feature>
</Annotation>
<Annotation Id="45" Type="arg" StartNode="3082" EndNode="3179">
<Feature>
  <Name className="java.lang.String">type</Name>
  <Value className="java.lang.String">else</Value>
</Feature>
<Feature>
  <Name className="java.lang.String">unclear</Name>
  <Value className="java.lang.String">true</Value>
</Feature>
<Feature>
  <Name className="java.lang.String">polarity</Name>
  <Value className="java.lang.String">positive</Value>
</Feature>
</Annotation>
<Annotation Id="51" Type="gfbf-agent" StartNode="42" EndNode="61">
<Feature>
  <Name className="java.lang.String">writerAtt</Name>
  <Value className="java.lang.String">positive</Value>
</Feature>
</Annotation>
<Annotation Id="50" Type="gfbf" StartNode="62" EndNode="67">
<Feature>
  <Name className="java.lang.String">agentId</Name>
  <Value className="java.lang.String">51</Value>
</Feature>
<Feature>
  <Name className="java.lang.String">polarity</Name>
  <Value className="java.lang.String">goodfor</Value>
</Feature>
<Feature>
  <Name className="java.lang.String">objectId</Name>
  <Value className="java.lang.String">52</Value>
</Feature>
</Annotation>
<Annotation Id="49" Type="rel" StartNode="2178" EndNode="2288">
<Feature>
  <Name className="java.lang.String">type</Name>
  <Value className="java.lang.String">label</Value>
</Feature>
<Feature>
  <Name className="java.lang.String">ss-label</Name>
  <Value className="java.lang.String">healthcare_is_a_right</Value>
</Feature>
</Annotation>
<Annotation Id="48" Type="rel" StartNode="1565" EndNode="1640">
<Feature>
  <Name className="java.lang.String">type</Name>
  <Value className="java.lang.String">label</Value>
</Feature>
<Feature>
  <Name className="java.lang.String">ss-label</Name>
  <Value className="java.lang.String">opposition_based_on_political_gain</Value>
</Feature>
<Feature>
  <Name className="java.lang.String">unclear</Name>
  <Value className="java.lang.String">true</Value>
</Feature>
</Annotation>
<Annotation Id="55" Type="gfbf-agent" StartNode="77" EndNode="96">
<Feature>
  <Name className="java.lang.String">writerAtt</Name>
  <Value className="java.lang.String">positive</Value>
</Feature>
</Annotation>
<Annotation Id="54" Type="gfbf-object" StartNode="103" EndNode="110">
<Feature>
  <Name className="java.lang.String">writerAtt</Name>
  <Value className="java.lang.String">positive</Value>
</Feature>
</Annotation>
<Annotation Id="53" Type="gfbf" StartNode="97" EndNode="102">
<Feature>
  <Name className="java.lang.String">agentId</Name>
  <Value className="java.lang.String">55</Value>
</Feature>
<Feature>
  <Name className="java.lang.String">polarity</Name>
  <Value className="java.lang.String">goodfor</Value>
</Feature>
<Feature>
  <Name className="java.lang.String">objectId</Name>
  <Value className="java.lang.String">54</Value>
</Feature>
</Annotation>
<Annotation Id="52" Type="gfbf-object" StartNode="68" EndNode="75">
<Feature>
  <Name className="java.lang.String">writerAtt</Name>
  <Value className="java.lang.String">positive</Value>
</Feature>
</Annotation>
<Annotation Id="59" Type="others" StartNode="591" EndNode="599">
<Feature>
  <Name className="java.lang.String">comment</Name>
  <Value className="java.lang.String">provide</Value>
</Feature>
</Annotation>
<Annotation Id="58" Type="gfbf-agent" StartNode="383" EndNode="390">
<Feature>
  <Name className="java.lang.String">writerAtt</Name>
  <Value className="java.lang.String">positive</Value>
</Feature>
</Annotation>
<Annotation Id="57" Type="gfbf-object" StartNode="495" EndNode="529">
<Feature>
  <Name className="java.lang.String">writerAtt</Name>
  <Value className="java.lang.String">positive</Value>
</Feature>
</Annotation>
<Annotation Id="56" Type="gfbf" StartNode="487" EndNode="494">
<Feature>
  <Name className="java.lang.String">agentId</Name>
  <Value className="java.lang.String">58</Value>
</Feature>
<Feature>
  <Name className="java.lang.String">polarity</Name>
  <Value className="java.lang.String">goodfor</Value>
</Feature>
<Feature>
  <Name className="java.lang.String">objectId</Name>
  <Value className="java.lang.String">57</Value>
</Feature>
</Annotation>
<Annotation Id="63" Type="gfbf" StartNode="799" EndNode="807">
<Feature>
  <Name className="java.lang.String">agentId</Name>
  <Value className="java.lang.String">67</Value>
</Feature>
<Feature>
  <Name className="java.lang.String">polarity</Name>
  <Value className="java.lang.String">goodfor</Value>
</Feature>
<Feature>
  <Name className="java.lang.String">objectId</Name>
  <Value className="java.lang.String">64</Value>
</Feature>
</Annotation>
<Annotation Id="62" Type="gfbf-agent" StartNode="659" EndNode="661">
<Feature>
  <Name className="java.lang.String">referentId</Name>
  <Value className="java.lang.String">98</Value>
</Feature>
<Feature>
  <Name className="java.lang.String">reference</Name>
  <Value className="java.lang.String">true</Value>
</Feature>
<Feature>
  <Name className="java.lang.String">writerAtt</Name>
  <Value className="java.lang.String">positive</Value>
</Feature>
</Annotation>
<Annotation Id="61" Type="gfbf-object" StartNode="673" EndNode="693">
<Feature>
  <Name className="java.lang.String">writerAtt</Name>
  <Value className="java.lang.String">negative</Value>
</Feature>
</Annotation>
<Annotation Id="60" Type="gfbf" StartNode="662" EndNode="672">
<Feature>
  <Name className="java.lang.String">agentId</Name>
  <Value className="java.lang.String">70</Value>
</Feature>
<Feature>
  <Name className="java.lang.String">polarity</Name>
  <Value className="java.lang.String">goodfor</Value>
</Feature>
<Feature>
  <Name className="java.lang.String">objectId</Name>
  <Value className="java.lang.String">69</Value>
</Feature>
</Annotation>
<Annotation Id="68" Type="gfbf" StartNode="928" EndNode="936">
<Feature>
  <Name className="java.lang.String">agentId</Name>
  <Value className="java.lang.String">70</Value>
</Feature>
<Feature>
  <Name className="java.lang.String">polarity</Name>
  <Value className="java.lang.String">goodfor</Value>
</Feature>
<Feature>
  <Name className="java.lang.String">objectId</Name>
  <Value className="java.lang.String">69</Value>
</Feature>
</Annotation>
<Annotation Id="69" Type="gfbf-object" StartNode="937" EndNode="967">
<Feature>
  <Name className="java.lang.String">writerAtt</Name>
  <Value className="java.lang.String">positive</Value>
</Feature>
</Annotation>
<Annotation Id="70" Type="gfbf-agent" StartNode="919" EndNode="927">
<Feature>
  <Name className="java.lang.String">referentId</Name>
  <Value className="java.lang.String">98</Value>
</Feature>
<Feature>
  <Name className="java.lang.String">reference</Name>
  <Value className="java.lang.String">true</Value>
</Feature>
<Feature>
  <Name className="java.lang.String">writerAtt</Name>
  <Value className="java.lang.String">positive</Value>
</Feature>
</Annotation>
<Annotation Id="71" Type="others" StartNode="1121" EndNode="1125">
<Feature>
  <Name className="java.lang.String">comment</Name>
  <Value className="java.lang.String">property</Value>
</Feature>
</Annotation>
<Annotation Id="64" Type="gfbf-object" StartNode="808" EndNode="834">
<Feature>
  <Name className="java.lang.String">writerAtt</Name>
  <Value className="java.lang.String">positive</Value>
</Feature>
</Annotation>
<Annotation Id="65" Type="gfbf" StartNode="839" EndNode="849">
<Feature>
  <Name className="java.lang.String">agentId</Name>
  <Value className="java.lang.String">67</Value>
</Feature>
<Feature>
  <Name className="java.lang.String">polarity</Name>
  <Value className="java.lang.String">badfor</Value>
</Feature>
<Feature>
  <Name className="java.lang.String">objectId</Name>
  <Value className="java.lang.String">66</Value>
</Feature>
</Annotation>
<Annotation Id="66" Type="gfbf-object" StartNode="850" EndNode="888">
<Feature>
  <Name className="java.lang.String">writerAtt</Name>
  <Value className="java.lang.String">negative</Value>
</Feature>
</Annotation>
<Annotation Id="67" Type="gfbf-agent" StartNode="796" EndNode="798">
<Feature>
  <Name className="java.lang.String">referentId</Name>
  <Value className="java.lang.String">98</Value>
</Feature>
<Feature>
  <Name className="java.lang.String">reference</Name>
  <Value className="java.lang.String">true</Value>
</Feature>
<Feature>
  <Name className="java.lang.String">writerAtt</Name>
  <Value className="java.lang.String">positive</Value>
</Feature>
</Annotation>
<Annotation Id="76" Type="gfbf-agent" StartNode="2093" EndNode="2095">
<Feature>
  <Name className="java.lang.String">writerAtt</Name>
  <Value className="java.lang.String">positive</Value>
</Feature>
</Annotation>
<Annotation Id="77" Type="gfbf" StartNode="2128" EndNode="2133">
<Feature>
  <Name className="java.lang.String">agentId</Name>
  <Value className="java.lang.String">76</Value>
</Feature>
<Feature>
  <Name className="java.lang.String">polarity</Name>
  <Value className="java.lang.String">goodfor</Value>
</Feature>
<Feature>
  <Name className="java.lang.String">objectId</Name>
  <Value className="java.lang.String">78</Value>
</Feature>
</Annotation>
<Annotation Id="78" Type="gfbf-object" StartNode="2134" EndNode="2173">
<Feature>
  <Name className="java.lang.String">writerAtt</Name>
  <Value className="java.lang.String">positive</Value>
</Feature>
</Annotation>
<Annotation Id="79" Type="gfbf" StartNode="2504" EndNode="2510">
<Feature>
  <Name className="java.lang.String">agentId</Name>
  <Value className="java.lang.String">80</Value>
</Feature>
<Feature>
  <Name className="java.lang.String">polarity</Name>
  <Value className="java.lang.String">badfor</Value>
</Feature>
<Feature>
  <Name className="java.lang.String">objectId</Name>
  <Value className="java.lang.String">81</Value>
</Feature>
</Annotation>
<Annotation Id="72" Type="others" StartNode="1364" EndNode="1370">
<Feature>
  <Name className="java.lang.String">comment</Name>
  <Value className="java.lang.String">property</Value>
</Feature>
</Annotation>
<Annotation Id="73" Type="gfbf" StartNode="2096" EndNode="2103">
<Feature>
  <Name className="java.lang.String">agentId</Name>
  <Value className="java.lang.String">76</Value>
</Feature>
<Feature>
  <Name className="java.lang.String">polarity</Name>
  <Value className="java.lang.String">goodfor</Value>
</Feature>
<Feature>
  <Name className="java.lang.String">objectId</Name>
  <Value className="java.lang.String">74</Value>
</Feature>
</Annotation>
<Annotation Id="74" Type="gfbf-object" StartNode="2104" EndNode="2123">
<Feature>
  <Name className="java.lang.String">writerAtt</Name>
  <Value className="java.lang.String">positive</Value>
</Feature>
</Annotation>
<Annotation Id="85" Type="gfbf-agent" StartNode="2765" EndNode="2772">
<Feature>
  <Name className="java.lang.String">writerAtt</Name>
  <Value className="java.lang.String">positive</Value>
</Feature>
</Annotation>
<Annotation Id="84" Type="gfbf-object" StartNode="2783" EndNode="2850">
<Feature>
  <Name className="java.lang.String">writerAtt</Name>
  <Value className="java.lang.String">negative</Value>
</Feature>
</Annotation>
<Annotation Id="87" Type="gfbf" StartNode="2797" EndNode="2807">
<Feature>
  <Name className="java.lang.String">agentId</Name>
  <Value className="java.lang.String">86</Value>
</Feature>
<Feature>
  <Name className="java.lang.String">polarity</Name>
  <Value className="java.lang.String">goodfor</Value>
</Feature>
<Feature>
  <Name className="java.lang.String">objectId</Name>
  <Value className="java.lang.String">88</Value>
</Feature>
</Annotation>
<Annotation Id="86" Type="gfbf-agent" StartNode="2783" EndNode="2791">
<Feature>
  <Name className="java.lang.String">writerAtt</Name>
  <Value className="java.lang.String">negative</Value>
</Feature>
</Annotation>
<Annotation Id="81" Type="gfbf-object" StartNode="2479" EndNode="2487">
<Feature>
  <Name className="java.lang.String">writerAtt</Name>
  <Value className="java.lang.String">negative</Value>
</Feature>
</Annotation>
<Annotation Id="80" Type="gfbf-agent" StartNode="2491" EndNode="2499">
<Feature>
  <Name className="java.lang.String">writerAtt</Name>
  <Value className="java.lang.String">positive</Value>
</Feature>
</Annotation>
<Annotation Id="83" Type="gfbf" StartNode="2773" EndNode="2782">
<Feature>
  <Name className="java.lang.String">unclear</Name>
  <Value className="java.lang.String">true</Value>
</Feature>
<Feature>
  <Name className="java.lang.String">agentId</Name>
  <Value className="java.lang.String">85</Value>
</Feature>
<Feature>
  <Name className="java.lang.String">objectId</Name>
  <Value className="java.lang.String">84</Value>
</Feature>
<Feature>
  <Name className="java.lang.String">polarity</Name>
  <Value className="java.lang.String">badfor</Value>
</Feature>
</Annotation>
<Annotation Id="82" Type="influencer" StartNode="2488" EndNode="2490">
<Feature>
  <Name className="java.lang.String">effect</Name>
  <Value className="java.lang.String">reverse</Value>
</Feature>
<Feature>
  <Name className="java.lang.String">agentId</Name>
  <Value className="java.lang.String">80</Value>
</Feature>
<Feature>
  <Name className="java.lang.String">objectId</Name>
  <Value className="java.lang.String">79</Value>
</Feature>
</Annotation>
<Annotation Id="93" Type="gfbf-object" StartNode="3029" EndNode="3077">
<Feature>
  <Name className="java.lang.String">writerAtt</Name>
  <Value className="java.lang.String">positive</Value>
</Feature>
</Annotation>
<Annotation Id="92" Type="gfbf" StartNode="3018" EndNode="3028">
<Feature>
  <Name className="java.lang.String">agentId</Name>
  <Value className="java.lang.String">94</Value>
</Feature>
<Feature>
  <Name className="java.lang.String">polarity</Name>
  <Value className="java.lang.String">goodfor</Value>
</Feature>
<Feature>
  <Name className="java.lang.String">objectId</Name>
  <Value className="java.lang.String">93</Value>
</Feature>
</Annotation>
<Annotation Id="95" Type="gfbf" StartNode="3116" EndNode="3124">
<Feature>
  <Name className="java.lang.String">agentId</Name>
  <Value className="java.lang.String">97</Value>
</Feature>
<Feature>
  <Name className="java.lang.String">polarity</Name>
  <Value className="java.lang.String">goodfor</Value>
</Feature>
<Feature>
  <Name className="java.lang.String">objectId</Name>
  <Value className="java.lang.String">96</Value>
</Feature>
</Annotation>
<Annotation Id="94" Type="gfbf-agent" StartNode="2978" EndNode="2980">
<Feature>
  <Name className="java.lang.String">referentId</Name>
  <Value className="java.lang.String">99</Value>
</Feature>
<Feature>
  <Name className="java.lang.String">reference</Name>
  <Value className="java.lang.String">true</Value>
</Feature>
<Feature>
  <Name className="java.lang.String">writerAtt</Name>
  <Value className="java.lang.String">positive</Value>
</Feature>
</Annotation>
<Annotation Id="89" Type="gfbf" StartNode="2919" EndNode="2927">
<Feature>
  <Name className="java.lang.String">agentId</Name>
  <Value className="java.lang.String">90</Value>
</Feature>
<Feature>
  <Name className="java.lang.String">polarity</Name>
  <Value className="java.lang.String">goodfor</Value>
</Feature>
<Feature>
  <Name className="java.lang.String">objectId</Name>
  <Value className="java.lang.String">91</Value>
</Feature>
</Annotation>
<Annotation Id="88" Type="gfbf-object" StartNode="2808" EndNode="2832">
<Feature>
  <Name className="java.lang.String">writerAtt</Name>
  <Value className="java.lang.String">negative</Value>
</Feature>
</Annotation>
<Annotation Id="91" Type="gfbf-object" StartNode="2928" EndNode="2939">
<Feature>
  <Name className="java.lang.String">writerAtt</Name>
  <Value className="java.lang.String">positive</Value>
</Feature>
</Annotation>
<Annotation Id="90" Type="gfbf-agent" StartNode="2852" EndNode="2860">
<Feature>
  <Name className="java.lang.String">referentId</Name>
  <Value className="java.lang.String">99</Value>
</Feature>
<Feature>
  <Name className="java.lang.String">reference</Name>
  <Value className="java.lang.String">true</Value>
</Feature>
<Feature>
  <Name className="java.lang.String">writerAtt</Name>
  <Value className="java.lang.String">positive</Value>
</Feature>
</Annotation>
<Annotation Id="98" Type="referent" StartNode="383" EndNode="390">
<Feature>
  <Name className="java.lang.String">writerAtt</Name>
  <Value className="java.lang.String">positive</Value>
</Feature>
</Annotation>
<Annotation Id="99" Type="referent" StartNode="2765" EndNode="2772">
<Feature>
  <Name className="java.lang.String">writerAtt</Name>
  <Value className="java.lang.String">positive</Value>
</Feature>
</Annotation>
<Annotation Id="96" Type="gfbf-object" StartNode="3125" EndNode="3157">
<Feature>
  <Name className="java.lang.String">writerAtt</Name>
  <Value className="java.lang.String">positive</Value>
</Feature>
</Annotation>
<Annotation Id="97" Type="gfbf-agent" StartNode="3096" EndNode="3103">
<Feature>
  <Name className="java.lang.String">writerAtt</Name>
  <Value className="java.lang.String">positive</Value>
</Feature>
</Annotation>
</AnnotationSet>

<!-- Named annotation set -->

<AnnotationSet Name="Original markups">
<Annotation Id="0" Type="paragraph" StartNode="0" EndNode="112">
</Annotation>
<Annotation Id="1" Type="paragraph" StartNode="114" EndNode="152">
</Annotation>
<Annotation Id="2" Type="paragraph" StartNode="154" EndNode="296">
</Annotation>
<Annotation Id="3" Type="paragraph" StartNode="298" EndNode="366">
</Annotation>
<Annotation Id="4" Type="paragraph" StartNode="368" EndNode="377">
</Annotation>
<Annotation Id="5" Type="paragraph" StartNode="379" EndNode="532">
</Annotation>
<Annotation Id="6" Type="paragraph" StartNode="534" EndNode="586">
</Annotation>
<Annotation Id="7" Type="paragraph" StartNode="588" EndNode="891">
</Annotation>
<Annotation Id="8" Type="paragraph" StartNode="893" EndNode="1215">
</Annotation>
<Annotation Id="9" Type="paragraph" StartNode="1217" EndNode="1392">
</Annotation>
<Annotation Id="10" Type="paragraph" StartNode="1394" EndNode="1563">
</Annotation>
<Annotation Id="11" Type="paragraph" StartNode="1565" EndNode="1747">
</Annotation>
<Annotation Id="12" Type="paragraph" StartNode="1749" EndNode="1991">
</Annotation>
<Annotation Id="13" Type="paragraph" StartNode="1993" EndNode="2176">
</Annotation>
<Annotation Id="14" Type="paragraph" StartNode="2178" EndNode="2423">
</Annotation>
<Annotation Id="15" Type="paragraph" StartNode="2425" EndNode="2527">
</Annotation>
<Annotation Id="17" Type="paragraph" StartNode="2752" EndNode="2976">
</Annotation>
<Annotation Id="16" Type="paragraph" StartNode="2529" EndNode="2750">
</Annotation>
<Annotation Id="19" Type="paragraph" StartNode="3082" EndNode="3182">
</Annotation>
<Annotation Id="18" Type="paragraph" StartNode="2978" EndNode="3080">
</Annotation>
<Annotation Id="20" Type="paragraph" StartNode="3185" EndNode="3244">
</Annotation>
</AnnotationSet>

</GateDocument>
