<?xml version='1.0' encoding='MacRoman'?>
<GateDocument>
<!-- The document's features-->

<GateDocumentFeatures>
<Feature>
  <Name className="java.lang.String">MimeType</Name>
  <Value className="java.lang.String">text/plain</Value>
</Feature>
<Feature>
  <Name className="java.lang.String">gate.SourceURL</Name>
  <Value className="java.lang.String">file:/home/conrada/Dropbox/healthcare_data/training_new/hc104.txt</Value>
</Feature>
<Feature>
  <Name className="java.lang.String">docNewLineType</Name>
  <Value className="java.lang.String">LF</Value>
</Feature>
</GateDocumentFeatures>
<!-- The document content area with serialized nodes -->

<TextWithNodes><Node id="0" />January 21, 2012
<Node id="17" />What We're Learning about Obamacare isn't Good -- Especially for Seniors<Node id="89" />
Neil Snyder<Node id="101" />

<Node id="103" />While I taught at the University of Virginia, I served for a while as associate dean.  My dean at the time, Bill Shenkir, used a phrase that I thought was particularly helpful when we were contemplating major decisions: "Let's reduce the fog factor."  By that he meant that we should always examine the ramifications of our decisions on our students' classroom experience since teaching them was our primary mission.<Node id="519" />

<Node id="521" />Obamacare<Node id="530" /> is an example of <Node id="548" />a federal government program<Node id="576" /> that would <Node id="588" />not<Node id="591" /> have been <Node id="602" />enacted<Node id="609" /> if the fog factor test had been applied<Node id="649" />.  <Node id="652" />While Congress debated Obamacare, talk about death panels and rationing of healthcare services abounded, but the warnings came from Republicans who were in the minority in the House and the Senate<Node id="848" />.  Their objections were dismissed out of hand.  <Node id="897" />House Speaker Nancy Pelosi and Senate Majority leader Harry Reid<Node id="961" /> <Node id="962" />rounded up<Node id="972" /> <Node id="973" />Democrat votes<Node id="987" /> and shoved Obamacare down our throats with the blessing of President Obama<Node id="1062" />.  <Node id="1065" />The jury is still out on the legality of Obamacare<Node id="1115" />, but while we wait for the courts to rule on the constitutional issues involved, the Obama administration is rapidly implementing the program.  <Node id="1260" />By the time the courts finally reach a decision, <Node id="1309" />our healthcare system<Node id="1330" /> <Node id="1331" />won't<Node id="1336" /> <Node id="1337" />resemble<Node id="1345" /> <Node id="1346" />what we had prior to March 2010<Node id="1377" /> when Nancy Pelosi used her oversized gavel to <Node id="1424" />pound <Node id="1430" />Obamacare<Node id="1439" /> through the House<Node id="1457" /> over strenuous <Node id="1473" />objections<Node id="1483" /> from <Node id="1489" />most Americans<Node id="1503" />.<Node id="1504" />

<Node id="1506" />Our senior citizens <Node id="1526" />are most at risk<Node id="1542" /> under Obamacare -- especially those over 70<Node id="1586" />.  <Node id="1589" />Rationing of services and death panels (only they're called "ethics panels" under Obamacare instead of death panels for obvious reasons) are now the rule, not the exception<Node id="1761" />.  I have a friend who is a loyal Democrat and a strong Obama supporter.  In 2008 when she voted for Obama, she couldn't imagine that in 2012 she would have a massive heart attack and need a pacemaker.  Prior to 2010 and the passage of Obamacare, that would have been a routine procedure, but not anymore.  <Node id="2068" />She's over 70, and under Obamacare people who are over 70 routinely receive "comfort care<Node id="2157" />."  That's a euphemism.  <Node id="2182" />It means that a panel of experts has determined that your life isn't <Node id="2251" />worth<Node id="2256" /> saving beyond 70, so they will try to make you feel good while you die<Node id="2327" />.<Node id="2328" />

<Node id="2330" />Where Obamacare is concerned, we're beginning to be able to see through the fog, and what we're learning isn't good, especially for seniors, and it's just the tip of the iceberg<Node id="2507" />.  <Node id="2510" />If Obama is re-elected and Democrats retain their majority in the Senate, those "ethics panels" will busily go about doing their job and senior citizens will die prematurely from maladies that are easily treatable, and for one reason: they are over 70<Node id="2761" />.  That's it in a nutshell.  I'm not trying to frighten anyone.  <Node id="2826" />I'm simply presenting a fact<Node id="2854" />.<Node id="2855" />

<Node id="2857" />If you're a senior citizen and <Node id="2888" />you<Node id="2891" /> want to <Node id="2900" />take advantage of<Node id="2917" /> <Node id="2918" />the medical technologies that your tax dollars paid to help develop over the year<Node id="2999" />s, <Node id="3002" />you<Node id="3005" /> should <Node id="3013" />think long and hard before<Node id="3039" /> <Node id="3040" />casting a vote for<Node id="3058" /> <Node id="3059" />Obama<Node id="3064" /> in 2012<Node id="3072" />.  For that matter, <Node id="3092" />you should carefully consider the wisdom of voting for Democrats period<Node id="3163" />.  I'm not a Republican.  In fact, I was a Democrat until 1985, but I saw what the Democratic Party stands for while I served as Virginia Governor Chuck Robb's Policy Advisor for Regulatory Reform and realized that I can't support the things that they hold most dear -- chief among them being the right of a woman to kill her unborn child without penalty or even criticism and handouts to every group imaginable without regard for morality, our nation's security, or our ability to pay. <Node id="3650" />

<Node id="3652" />The Republican Party isn't perfect by a long shot and neither are its candidates, but <Node id="3738" />the party<Node id="3747" /> is trying to <Node id="3761" />undo<Node id="3765" /> <Node id="3766" />the damage<Node id="3776" /> <Node id="3777" />done<Node id="3781" /> by <Node id="3785" />Obamacare<Node id="3794" />; it's the party that supports the right to life; and it's the party that is attempting to reduce needless spending and trying to solve <Node id="3930" />our deficit and debt problems<Node id="3959" />.  <Node id="3962" />President Obama and like-minded Democrats in the House and Senate<Node id="4027" /> are principally responsible for <Node id="4060" />creating<Node id="4068" /> and <Node id="4073" />exacerbating<Node id="4085" /> <Node id="4086" />those problems<Node id="4100" />.   <Node id="4104" />Trusting them to solve those problems is ridiculous<Node id="4155" />.<Node id="4156" />



<Node id="4160" />Neil Snyder is a chaired professor emeritus at the University of Virginia.  His blog, SnyderTalk com, is posted daily.  His latest book is titled If You Voted for Obama in 2008 to Prove You're Not a Racist, You Need to V<Node id="4380" />

<Node id="4382" />Read more: http://www.americanthinker.com/blog/2012/01/what_were_learning_about_obamacare_isnt_good_--_especially_for_seniors.html#ixzz1lFhL4n7t<Node id="4526" />

<Node id="4528" /></TextWithNodes>
<!-- The default annotation set -->

<AnnotationSet>
<Annotation Id="9" Type="doc" StartNode="0" EndNode="4528">
<Feature>
  <Name className="java.lang.String">id</Name>
  <Value className="java.lang.String">hc104</Value>
</Feature>
<Feature>
  <Name className="java.lang.String">author</Name>
  <Value className="java.lang.String">neil,snyder</Value>
</Feature>
<Feature>
  <Name className="java.lang.String">date</Name>
  <Value className="java.lang.String">20120121</Value>
</Feature>
<Feature>
  <Name className="java.lang.String">source</Name>
  <Value className="java.lang.String">americanthinker</Value>
</Feature>
<Feature>
  <Name className="java.lang.String">side</Name>
  <Value className="java.lang.String">anti</Value>
</Feature>
<Feature>
  <Name className="java.lang.String">url</Name>
  <Value className="java.lang.String">http://www.americanthinker.com/blog/2012/01/what_were_learning_about_obamacare_isnt_good_--_especially_for_seniors.html</Value>
</Feature>
</Annotation>
<Annotation Id="10" Type="arg" StartNode="17" EndNode="89">
<Feature>
  <Name className="java.lang.String">unclear</Name>
  <Value className="java.lang.String">true</Value>
</Feature>
<Feature>
  <Name className="java.lang.String">ss-label</Name>
  <Value className="java.lang.String">leads_to_withholding_of_care</Value>
</Feature>
<Feature>
  <Name className="java.lang.String">type</Name>
  <Value className="java.lang.String">label</Value>
</Feature>
<Feature>
  <Name className="java.lang.String">polarity</Name>
  <Value className="java.lang.String">negative</Value>
</Feature>
<Feature>
  <Name className="java.lang.String">incomplete</Name>
  <Value className="java.lang.String">true</Value>
</Feature>
</Annotation>
<Annotation Id="11" Type="arg" StartNode="521" EndNode="649">
<Feature>
  <Name className="java.lang.String">type</Name>
  <Value className="java.lang.String">label</Value>
</Feature>
<Feature>
  <Name className="java.lang.String">ss-label</Name>
  <Value className="java.lang.String">should_not_be_passed</Value>
</Feature>
<Feature>
  <Name className="java.lang.String">polarity</Name>
  <Value className="java.lang.String">negative</Value>
</Feature>
</Annotation>
<Annotation Id="12" Type="rel" StartNode="652" EndNode="848">
<Feature>
  <Name className="java.lang.String">type</Name>
  <Value className="java.lang.String">label</Value>
</Feature>
<Feature>
  <Name className="java.lang.String">ss-label</Name>
  <Value className="java.lang.String">bill_is_politically_motivated</Value>
</Feature>
</Annotation>
<Annotation Id="13" Type="arg" StartNode="897" EndNode="1062">
<Feature>
  <Name className="java.lang.String">ss-label</Name>
  <Value className="java.lang.String">bill_is_politically_motivated</Value>
</Feature>
<Feature>
  <Name className="java.lang.String">type</Name>
  <Value className="java.lang.String">label</Value>
</Feature>
<Feature>
  <Name className="java.lang.String">polarity</Name>
  <Value className="java.lang.String">negative</Value>
</Feature>
<Feature>
  <Name className="java.lang.String">incomplete</Name>
  <Value className="java.lang.String">true</Value>
</Feature>
</Annotation>
<Annotation Id="14" Type="rel" StartNode="1065" EndNode="1115">
<Feature>
  <Name className="java.lang.String">type</Name>
  <Value className="java.lang.String">label</Value>
</Feature>
<Feature>
  <Name className="java.lang.String">ss-label</Name>
  <Value className="java.lang.String">unconstitutional</Value>
</Feature>
</Annotation>
<Annotation Id="15" Type="arg" StartNode="1260" EndNode="1503">
<Feature>
  <Name className="java.lang.String">type</Name>
  <Value className="java.lang.String">label</Value>
</Feature>
<Feature>
  <Name className="java.lang.String">ss-label</Name>
  <Value className="java.lang.String">unpopular_among_public</Value>
</Feature>
<Feature>
  <Name className="java.lang.String">polarity</Name>
  <Value className="java.lang.String">negative</Value>
</Feature>
</Annotation>
<Annotation Id="17" Type="arg" StartNode="1589" EndNode="1761">
<Feature>
  <Name className="java.lang.String">type</Name>
  <Value className="java.lang.String">label</Value>
</Feature>
<Feature>
  <Name className="java.lang.String">ss-label</Name>
  <Value className="java.lang.String">healthcare_rationing</Value>
</Feature>
<Feature>
  <Name className="java.lang.String">polarity</Name>
  <Value className="java.lang.String">negative</Value>
</Feature>
</Annotation>
<Annotation Id="16" Type="arg" StartNode="1506" EndNode="1586">
<Feature>
  <Name className="java.lang.String">ss-label</Name>
  <Value className="java.lang.String">healthcare_rationing</Value>
</Feature>
<Feature>
  <Name className="java.lang.String">type</Name>
  <Value className="java.lang.String">label</Value>
</Feature>
<Feature>
  <Name className="java.lang.String">polarity</Name>
  <Value className="java.lang.String">negative</Value>
</Feature>
<Feature>
  <Name className="java.lang.String">incomplete</Name>
  <Value className="java.lang.String">true</Value>
</Feature>
</Annotation>
<Annotation Id="19" Type="rel" StartNode="2068" EndNode="2157">
<Feature>
  <Name className="java.lang.String">type</Name>
  <Value className="java.lang.String">label</Value>
</Feature>
<Feature>
  <Name className="java.lang.String">ss-label</Name>
  <Value className="java.lang.String">leads_to_withholding_of_care</Value>
</Feature>
</Annotation>
<Annotation Id="18" Type="arg" StartNode="2182" EndNode="2327">
<Feature>
  <Name className="java.lang.String">type</Name>
  <Value className="java.lang.String">label</Value>
</Feature>
<Feature>
  <Name className="java.lang.String">ss-label</Name>
  <Value className="java.lang.String">leads_to_withholding_of_care</Value>
</Feature>
<Feature>
  <Name className="java.lang.String">polarity</Name>
  <Value className="java.lang.String">negative</Value>
</Feature>
</Annotation>
<Annotation Id="21" Type="arg" StartNode="2826" EndNode="2854">
<Feature>
  <Name className="java.lang.String">type</Name>
  <Value className="java.lang.String">else</Value>
</Feature>
<Feature>
  <Name className="java.lang.String">unclear</Name>
  <Value className="java.lang.String">true</Value>
</Feature>
<Feature>
  <Name className="java.lang.String">polarity</Name>
  <Value className="java.lang.String">positive</Value>
</Feature>
</Annotation>
<Annotation Id="20" Type="arg" StartNode="2510" EndNode="2761">
<Feature>
  <Name className="java.lang.String">type</Name>
  <Value className="java.lang.String">label</Value>
</Feature>
<Feature>
  <Name className="java.lang.String">ss-label</Name>
  <Value className="java.lang.String">leads_to_withholding_of_care</Value>
</Feature>
<Feature>
  <Name className="java.lang.String">polarity</Name>
  <Value className="java.lang.String">negative</Value>
</Feature>
</Annotation>
<Annotation Id="23" Type="arg" StartNode="2857" EndNode="3072">
<Feature>
  <Name className="java.lang.String">type</Name>
  <Value className="java.lang.String">else</Value>
</Feature>
<Feature>
  <Name className="java.lang.String">polarity</Name>
  <Value className="java.lang.String">negative</Value>
</Feature>
</Annotation>
<Annotation Id="22" Type="arg" StartNode="2330" EndNode="2507">
<Feature>
  <Name className="java.lang.String">type</Name>
  <Value className="java.lang.String">else</Value>
</Feature>
<Feature>
  <Name className="java.lang.String">polarity</Name>
  <Value className="java.lang.String">negative</Value>
</Feature>
</Annotation>
<Annotation Id="25" Type="arg" StartNode="3652" EndNode="3794">
<Feature>
  <Name className="java.lang.String">type</Name>
  <Value className="java.lang.String">else</Value>
</Feature>
<Feature>
  <Name className="java.lang.String">polarity</Name>
  <Value className="java.lang.String">positive</Value>
</Feature>
</Annotation>
<Annotation Id="24" Type="arg" StartNode="3962" EndNode="4100">
<Feature>
  <Name className="java.lang.String">type</Name>
  <Value className="java.lang.String">else</Value>
</Feature>
<Feature>
  <Name className="java.lang.String">polarity</Name>
  <Value className="java.lang.String">negative</Value>
</Feature>
</Annotation>
<Annotation Id="27" Type="arg" StartNode="3092" EndNode="3163">
<Feature>
  <Name className="java.lang.String">type</Name>
  <Value className="java.lang.String">else</Value>
</Feature>
<Feature>
  <Name className="java.lang.String">unclear</Name>
  <Value className="java.lang.String">true</Value>
</Feature>
<Feature>
  <Name className="java.lang.String">polarity</Name>
  <Value className="java.lang.String">negative</Value>
</Feature>
</Annotation>
<Annotation Id="26" Type="arg" StartNode="4104" EndNode="4155">
<Feature>
  <Name className="java.lang.String">type</Name>
  <Value className="java.lang.String">else</Value>
</Feature>
<Feature>
  <Name className="java.lang.String">polarity</Name>
  <Value className="java.lang.String">negative</Value>
</Feature>
</Annotation>
<Annotation Id="29" Type="gfbf" StartNode="602" EndNode="609">
<Feature>
  <Name className="java.lang.String">agentId</Name>
  <Value className="java.lang.String">implicit</Value>
</Feature>
<Feature>
  <Name className="java.lang.String">objectId</Name>
  <Value className="java.lang.String">65</Value>
</Feature>
<Feature>
  <Name className="java.lang.String">polarity</Name>
  <Value className="java.lang.String">goodfor</Value>
</Feature>
</Annotation>
<Annotation Id="28" Type="referent" StartNode="521" EndNode="530">
<Feature>
  <Name className="java.lang.String">writerAtt</Name>
  <Value className="java.lang.String">negative</Value>
</Feature>
</Annotation>
<Annotation Id="31" Type="gfbf" StartNode="962" EndNode="972">
<Feature>
  <Name className="java.lang.String">agentId</Name>
  <Value className="java.lang.String">32</Value>
</Feature>
<Feature>
  <Name className="java.lang.String">objectId</Name>
  <Value className="java.lang.String">33</Value>
</Feature>
<Feature>
  <Name className="java.lang.String">polarity</Name>
  <Value className="java.lang.String">goodfor</Value>
</Feature>
</Annotation>
<Annotation Id="30" Type="influencer" StartNode="588" EndNode="591">
<Feature>
  <Name className="java.lang.String">effect</Name>
  <Value className="java.lang.String">reverse</Value>
</Feature>
<Feature>
  <Name className="java.lang.String">agentId</Name>
  <Value className="java.lang.String">implicit</Value>
</Feature>
<Feature>
  <Name className="java.lang.String">objectId</Name>
  <Value className="java.lang.String">29</Value>
</Feature>
</Annotation>
<Annotation Id="34" Type="gfbf" StartNode="1337" EndNode="1345">
<Feature>
  <Name className="java.lang.String">agentId</Name>
  <Value className="java.lang.String">37</Value>
</Feature>
<Feature>
  <Name className="java.lang.String">objectId</Name>
  <Value className="java.lang.String">35</Value>
</Feature>
<Feature>
  <Name className="java.lang.String">polarity</Name>
  <Value className="java.lang.String">goodfor</Value>
</Feature>
</Annotation>
<Annotation Id="35" Type="gfbf-object" StartNode="1346" EndNode="1377">
<Feature>
  <Name className="java.lang.String">writerAtt</Name>
  <Value className="java.lang.String">positive</Value>
</Feature>
</Annotation>
<Annotation Id="32" Type="gfbf-agent" StartNode="897" EndNode="961">
<Feature>
  <Name className="java.lang.String">writerAtt</Name>
  <Value className="java.lang.String">negative</Value>
</Feature>
</Annotation>
<Annotation Id="33" Type="gfbf-object" StartNode="973" EndNode="987">
<Feature>
  <Name className="java.lang.String">writerAtt</Name>
  <Value className="java.lang.String">negative</Value>
</Feature>
</Annotation>
<Annotation Id="38" Type="others" StartNode="1424" EndNode="1457">
<Feature>
  <Name className="java.lang.String">comment</Name>
  <Value className="java.lang.String">pound through the House...too special?</Value>
</Feature>
</Annotation>
<Annotation Id="39" Type="gfbf" StartNode="1473" EndNode="1483">
<Feature>
  <Name className="java.lang.String">agentId</Name>
  <Value className="java.lang.String">40</Value>
</Feature>
<Feature>
  <Name className="java.lang.String">objectId</Name>
  <Value className="java.lang.String">41</Value>
</Feature>
<Feature>
  <Name className="java.lang.String">polarity</Name>
  <Value className="java.lang.String">badfor</Value>
</Feature>
</Annotation>
<Annotation Id="36" Type="influencer" StartNode="1331" EndNode="1336">
<Feature>
  <Name className="java.lang.String">effect</Name>
  <Value className="java.lang.String">reverse</Value>
</Feature>
<Feature>
  <Name className="java.lang.String">agentId</Name>
  <Value className="java.lang.String">37</Value>
</Feature>
<Feature>
  <Name className="java.lang.String">objectId</Name>
  <Value className="java.lang.String">34</Value>
</Feature>
</Annotation>
<Annotation Id="37" Type="gfbf-agent" StartNode="1309" EndNode="1330">
<Feature>
  <Name className="java.lang.String">writerAtt</Name>
  <Value className="java.lang.String">negative</Value>
</Feature>
</Annotation>
<Annotation Id="42" Type="others" StartNode="1526" EndNode="1542">
<Feature>
  <Name className="java.lang.String">comment</Name>
  <Value className="java.lang.String">BAdFor agent</Value>
</Feature>
</Annotation>
<Annotation Id="43" Type="others" StartNode="2251" EndNode="2256">
<Feature>
  <Name className="java.lang.String">comment</Name>
  <Value className="java.lang.String">GoodFor agent?</Value>
</Feature>
</Annotation>
<Annotation Id="40" Type="gfbf-agent" StartNode="1489" EndNode="1503">
<Feature>
  <Name className="java.lang.String">writerAtt</Name>
  <Value className="java.lang.String">positive</Value>
</Feature>
</Annotation>
<Annotation Id="41" Type="gfbf-object" StartNode="1430" EndNode="1439">
<Feature>
  <Name className="java.lang.String">writerAtt</Name>
  <Value className="java.lang.String">negative</Value>
</Feature>
</Annotation>
<Annotation Id="46" Type="gfbf-agent" StartNode="2888" EndNode="2891">
<Feature>
  <Name className="java.lang.String">writerAtt</Name>
  <Value className="java.lang.String">positive</Value>
</Feature>
</Annotation>
<Annotation Id="47" Type="gfbf" StartNode="3040" EndNode="3058">
<Feature>
  <Name className="java.lang.String">agentId</Name>
  <Value className="java.lang.String">49</Value>
</Feature>
<Feature>
  <Name className="java.lang.String">objectId</Name>
  <Value className="java.lang.String">48</Value>
</Feature>
<Feature>
  <Name className="java.lang.String">polarity</Name>
  <Value className="java.lang.String">goodfor</Value>
</Feature>
</Annotation>
<Annotation Id="44" Type="gfbf" StartNode="2900" EndNode="2917">
<Feature>
  <Name className="java.lang.String">agentId</Name>
  <Value className="java.lang.String">46</Value>
</Feature>
<Feature>
  <Name className="java.lang.String">objectId</Name>
  <Value className="java.lang.String">45</Value>
</Feature>
<Feature>
  <Name className="java.lang.String">polarity</Name>
  <Value className="java.lang.String">goodfor</Value>
</Feature>
</Annotation>
<Annotation Id="45" Type="gfbf-object" StartNode="2918" EndNode="2999">
<Feature>
  <Name className="java.lang.String">writerAtt</Name>
  <Value className="java.lang.String">positive</Value>
</Feature>
</Annotation>
<Annotation Id="51" Type="gfbf" StartNode="3761" EndNode="3765">
<Feature>
  <Name className="java.lang.String">agentId</Name>
  <Value className="java.lang.String">53</Value>
</Feature>
<Feature>
  <Name className="java.lang.String">objectId</Name>
  <Value className="java.lang.String">52</Value>
</Feature>
<Feature>
  <Name className="java.lang.String">polarity</Name>
  <Value className="java.lang.String">badfor</Value>
</Feature>
</Annotation>
<Annotation Id="50" Type="influencer" StartNode="3013" EndNode="3039">
<Feature>
  <Name className="java.lang.String">effect</Name>
  <Value className="java.lang.String">reverse</Value>
</Feature>
<Feature>
  <Name className="java.lang.String">agentId</Name>
  <Value className="java.lang.String">49</Value>
</Feature>
<Feature>
  <Name className="java.lang.String">objectId</Name>
  <Value className="java.lang.String">47</Value>
</Feature>
</Annotation>
<Annotation Id="49" Type="gfbf-agent" StartNode="3002" EndNode="3005">
<Feature>
  <Name className="java.lang.String">writerAtt</Name>
  <Value className="java.lang.String">positive</Value>
</Feature>
</Annotation>
<Annotation Id="48" Type="gfbf-object" StartNode="3059" EndNode="3064">
<Feature>
  <Name className="java.lang.String">writerAtt</Name>
  <Value className="java.lang.String">negative</Value>
</Feature>
</Annotation>
<Annotation Id="55" Type="gfbf-agent" StartNode="3785" EndNode="3794">
<Feature>
  <Name className="java.lang.String">writerAtt</Name>
  <Value className="java.lang.String">negative</Value>
</Feature>
</Annotation>
<Annotation Id="54" Type="gfbf-object" StartNode="3766" EndNode="3776">
<Feature>
  <Name className="java.lang.String">writerAtt</Name>
  <Value className="java.lang.String">negative</Value>
</Feature>
</Annotation>
<Annotation Id="53" Type="gfbf-agent" StartNode="3738" EndNode="3747">
<Feature>
  <Name className="java.lang.String">writerAtt</Name>
  <Value className="java.lang.String">positive</Value>
</Feature>
</Annotation>
<Annotation Id="52" Type="gfbf-object" StartNode="3766" EndNode="3794">
<Feature>
  <Name className="java.lang.String">writerAtt</Name>
  <Value className="java.lang.String">negative</Value>
</Feature>
</Annotation>
<Annotation Id="59" Type="gfbf-agent" StartNode="3962" EndNode="4027">
<Feature>
  <Name className="java.lang.String">writerAtt</Name>
  <Value className="java.lang.String">negative</Value>
</Feature>
</Annotation>
<Annotation Id="57" Type="gfbf-object" StartNode="4086" EndNode="4100">
<Feature>
  <Name className="java.lang.String">referentId</Name>
  <Value className="java.lang.String">64</Value>
</Feature>
<Feature>
  <Name className="java.lang.String">writerAtt</Name>
  <Value className="java.lang.String">negative</Value>
</Feature>
<Feature>
  <Name className="java.lang.String">refererence</Name>
  <Value className="java.lang.String">true</Value>
</Feature>
</Annotation>
<Annotation Id="56" Type="gfbf" StartNode="3777" EndNode="3781">
<Feature>
  <Name className="java.lang.String">agentId</Name>
  <Value className="java.lang.String">55</Value>
</Feature>
<Feature>
  <Name className="java.lang.String">objectId</Name>
  <Value className="java.lang.String">54</Value>
</Feature>
<Feature>
  <Name className="java.lang.String">polarity</Name>
  <Value className="java.lang.String">goodfor</Value>
</Feature>
</Annotation>
<Annotation Id="62" Type="gfbf" StartNode="4073" EndNode="4085">
<Feature>
  <Name className="java.lang.String">agentId</Name>
  <Value className="java.lang.String">59</Value>
</Feature>
<Feature>
  <Name className="java.lang.String">objectId</Name>
  <Value className="java.lang.String">57</Value>
</Feature>
<Feature>
  <Name className="java.lang.String">polarity</Name>
  <Value className="java.lang.String">goodfor</Value>
</Feature>
</Annotation>
<Annotation Id="61" Type="gfbf" StartNode="4060" EndNode="4068">
<Feature>
  <Name className="java.lang.String">agentId</Name>
  <Value className="java.lang.String">59</Value>
</Feature>
<Feature>
  <Name className="java.lang.String">polarity</Name>
  <Value className="java.lang.String">goodfor</Value>
</Feature>
<Feature>
  <Name className="java.lang.String">objectId</Name>
  <Value className="java.lang.String">57</Value>
</Feature>
</Annotation>
<Annotation Id="64" Type="referent" StartNode="3930" EndNode="3959">
<Feature>
  <Name className="java.lang.String">writerAtt</Name>
  <Value className="java.lang.String">negative</Value>
</Feature>
</Annotation>
<Annotation Id="65" Type="gfbf-object" StartNode="548" EndNode="576">
<Feature>
  <Name className="java.lang.String">referentId</Name>
  <Value className="java.lang.String">28</Value>
</Feature>
<Feature>
  <Name className="java.lang.String">refererence</Name>
  <Value className="java.lang.String">true</Value>
</Feature>
<Feature>
  <Name className="java.lang.String">writerAtt</Name>
  <Value className="java.lang.String">negative</Value>
</Feature>
</Annotation>
</AnnotationSet>

<!-- Named annotation set -->

<AnnotationSet Name="Original markups">
<Annotation Id="0" Type="paragraph" StartNode="0" EndNode="101">
</Annotation>
<Annotation Id="1" Type="paragraph" StartNode="103" EndNode="519">
</Annotation>
<Annotation Id="2" Type="paragraph" StartNode="521" EndNode="1504">
</Annotation>
<Annotation Id="3" Type="paragraph" StartNode="1506" EndNode="2328">
</Annotation>
<Annotation Id="4" Type="paragraph" StartNode="2330" EndNode="2855">
</Annotation>
<Annotation Id="5" Type="paragraph" StartNode="2857" EndNode="3650">
</Annotation>
<Annotation Id="6" Type="paragraph" StartNode="3652" EndNode="4156">
</Annotation>
<Annotation Id="7" Type="paragraph" StartNode="4160" EndNode="4380">
</Annotation>
<Annotation Id="8" Type="paragraph" StartNode="4382" EndNode="4526">
</Annotation>
</AnnotationSet>

</GateDocument>
