<?xml version='1.0' encoding='MacRoman'?>
<GateDocument>
<!-- The document's features-->

<GateDocumentFeatures>
<Feature>
  <Name className="java.lang.String">gate.SourceURL</Name>
  <Value className="java.lang.String">file:/home/conrada/Dropbox/healthcare_data/training_new/hc107.txt</Value>
</Feature>
<Feature>
  <Name className="java.lang.String">MimeType</Name>
  <Value className="java.lang.String">text/plain</Value>
</Feature>
<Feature>
  <Name className="java.lang.String">docNewLineType</Name>
  <Value className="java.lang.String">LF</Value>
</Feature>
</GateDocumentFeatures>
<!-- The document content area with serialized nodes -->

<TextWithNodes><Node id="0" />December 23, 2011
Obamacare and the Ratchet Theory of History
By Mike Stopa<Node id="75" />

<Node id="77" />There are a lot of things that <Node id="108" />Americans<Node id="117" /> <Node id="118" />fear about<Node id="128" /> <Node id="129" />the Patient Protection and Affordable Care Act<Node id="175" />.  <Node id="178" />They fear that they won't be able to continue to go to the doctor whom they trust<Node id="259" />.  <Node id="262" />They fear that once <Node id="282" />a single consumer -- the government<Node id="317" /> -- <Node id="321" />replaces<Node id="329" /> <Node id="330" />300 million consumers of drugs and medical technology<Node id="383" /> and then begins to <Node id="403" />regulate<Node id="411" /> <Node id="412" />costs<Node id="417" />, the spigot of medical miracles will slowly shut off (just such regulation and results are already a reality in Europe)<Node id="537" />.  <Node id="540" />Americans<Node id="549" /> <Node id="550" />fear<Node id="554" /> <Node id="555" />the disappearance of choice of treatment<Node id="595" /> as they age and the inevitable appearance of death panels (a prelude to which -- mandatory end-of-life counseling for Medicare beneficiaries -- is already materializing in Massachusetts)<Node id="782" />.  <Node id="785" />But perhaps Americans' greatest fear of all is that Obamacare is a one-way door -- that it has been plainly designed, rammed through, and implemented with an aim to being irreversible<Node id="968" />.<Node id="969" />

<Node id="971" />President Obama and the liberal cognoscenti clearly think about universal health care in transcendent terms<Node id="1078" />.  <Node id="1081" />In the run-up to the passing of PPACA, Obama frequently invoked the repeated efforts in American history to establish <Node id="1199" />some form of socialized medicine<Node id="1231" />.<Node id="1232" />  <Node id="1234" />The fact that <Node id="1248" />Americans<Node id="1257" /> had, time and time again, <Node id="1284" />rejected<Node id="1292" /> <Node id="1293" />such a system<Node id="1306" /> was only evidence that the system's advocates hadn't tried hard enough<Node id="1377" />.  The same kind of thinking applies, by the way, to "comprehensive immigration reform."  We haven't done it -- yet.  <Node id="1495" />Indeed, the idea that history is like a great ratcheted wheel that the enlightened must painstakingly turn, notch by notch, in order to haul the ignorant masses up out of brutality and chaos is inherent in the liberal project<Node id="1720" />.<Node id="1721" />

<Node id="1723" />The origin of this basic liberal conceit is something which conservatives do well to grasp and take seriously -- namely, the observation that societal ethics do appear to recognize time's arrow.  Aided, no doubt, by ever-increasing prosperity, humanity has clawed its way out of unspeakable barbarity.  And with that evolution, certain kinds of irreversible changes, such as those brought about by the civil rights movement, have ultimately attracted essentially unanimous approval.  <Node id="2207" />So the profound ruthlessness with which Pelosi, Reid, and Obama passed PPACA was a direct outgrowth of the moral certitude that they learned in the struggle for human rights<Node id="2380" />.  For progressives, psychologically, every struggle brings them back to Selma, Alabama.<Node id="2468" />

<Node id="2470" />But 20th-century history is replete with examples of irreversible (or at least very difficult to reverse) changes -- in the form, for example, of people's revolutions -- that tended more toward slavery than away from it.  Nothing says one-way door better than "one man, one vote, one time."  Just because a historical change is irreversible doesn't make it good.  <Node id="2834" />In contrast to<Node id="2848" /> <Node id="2849" />good irreversible changes<Node id="2874" />, such as the recognition of the equality among men of individual rights, <Node id="2948" />bad irreversible changes<Node id="2972" /> typically involve <Node id="2991" />the amassing of<Node id="3006" /> <Node id="3007" />power<Node id="3012" /> by <Node id="3016" />individuals or factions<Node id="3039" />, often (always?) with the ostensible intent of common benefit<Node id="3101" />.<Node id="3102" />

<Node id="3104" />So it is the case that people in general, and Americans in particular, are deeply suspicious of changes which can't be undone.  The American ethos of vaulting fearlessly into each new epoch contrasts paradoxically (or perhaps not so) with the peculiarly American heartache of finding yourself somewhere from which you can never get back home.  At a personal level, the contemplation of many if not all of life's irreversible changes (death, dementia, matrimony) inspires well-deserved trepidation.  And so the genius of the American Constitution can be viewed as its construction of a system which embodies certain agreed-upon irreversible changes in its amendments while protecting against the tyrannical forms of irreversible change that result from the triumph of faction.<Node id="3879" />

 - <Node id="3884" />which brings us back to Obamacare, which now faces the test of which kind of irreversible change it really is, to be decided by the US  Supreme Court<Node id="4033" />.<Node id="4034" />

<Node id="4036" />There was unmistakable panic in Nancy Pelosi's voice when, following the passage of PPACA, she was first confronted with a question as to the constitutionality of the individual mandate at a press conference and she responded: "Are you serious?<Node id="4280" />  Are you serious?"  From the perspective of someone who has just mightily heaved history forward a notch (after a century of effort), panic was the natural response.  It was a quintessential horror-movie-false-ending situation -- the profound relief she was feeling was, alas, premature.<Node id="4568" />

<Node id="4570" />When Florida Federal Judge Roger Vinson ruled in January that, in accordance with the arguments of plaintiffs (including representatives of 26 states), the individual mandate requiring all citizens to buy health insurance exceeded the authority of the Commerce Clause of the Constitution, and, furthermore, since the makers of the law had designed PPACA without a severability clause, the whole law was therefore null and void, the response in the liberal community was, again, panic<Node id="5053" />.  <Node id="5056" />More than any other ruling to date, Vinson's decision has <Node id="5114" />cleared a legal path to<Node id="5137" /> the termination of Obamacare<Node id="5166" />.  And the supporters of the law know it.<Node id="5207" />

<Node id="5209" />Harvard Law School Professor Lawrence Tribe was at the forefront, but by no means alone, in the bluster with which he denounced Vinson's ruling in a famed New York Times op-ed.  Tribe employed economics, he employed misdirection, and he employed more than a touch of bullying in trying to chart a course back to safety for PPACA.  But the message of Tribe's piece was panic.  Tribe used more words than Nancy Pelosi, but in the end, what he said was: "Are you serious?  Are you serious?"<Node id="5696" />

<Node id="5698" />The legal argument in favor of admitting Obamacare under the auspices of the Commerce Clause comes down to a simple assertion<Node id="5823" />.  As succinctly stated by Tribe:<Node id="5856" />

    <Node id="5862" />[Attempts to invalidate the law depend] on the theory that Congress is entitled to regulate only economic "activity," not "inactivity," like the decision not to purchase insurance<Node id="6041" />. This distinction is illusory. Individuals who don't purchase insurance they can afford have made a choice to take a free ride on the health care system. They know that if they need emergency-room care that they can't pay for, the public will pick up the tab. This conscious choice carries serious economic consequences for the national health care market, which makes it a proper subject for federal regulation.<Node id="6454" />

<Node id="6456" />In addition to being simply incorrect, this argument is ahistorical as well as insulting.<Node id="6545" />

<Node id="6547" />Until quite recently in American history, most people, when they became ill, went to a doctor, and, upon receiving a bill for the doctor's services, they paid it.  Nowadays, most people who choose not to buy health insurance do so not because they are poor, but because they are young.  They are betting (and usually the odds are in their favor) that they will stay relatively healthy.  But still, in most cases, when such people get sick, they pay their doctor.  To say that their intention upon not buying health insurance is to bilk the rest of us is to fail to realize that most people in America take their financial obligations seriously.<Node id="7191" />

<Node id="7193" />The most pertinent fault of Tribe's argument, however, is to establish a chain whereby the regulated activity, in some cases, is causally linked with an undesirable economic consequence.  It is not failing to buy insurance that causes economic damage -- it is failing to pay the doctor's bill.  Thus, an ultimately statistical argument is being used as a moral arbiter of behavior.  <Node id="7576" />By this reasoning, the Commerce Clause would permit, for instance, establishment of a legal requirement that mothers be married to the father of their children before being allowed to give birth, since it is well-established that children of single parents are far more likely to incur upon society the cost of incarceration (as well as many other consequences of crime)<Node id="7946" />.<Node id="7947" />

<Node id="7949" />The recent revelation that Tribe shared in the triumph of Obamacare's passing with now-Supreme Court Justice Sotomayor is of course not surprising.  As one who has seen the wheel of history moved forward a notch, he and fellow liberals have tried to browbeat the Supreme Court into not allowing it to slip back.  <Node id="8262" />But the Supreme Court's duty is not to be concerned with the direction of history<Node id="8343" />.  <Node id="8346" />Rather, its job is to determine whether the laws placed before it are constitutional<Node id="8430" />.  As Robert Bork once said:<Node id="8458" />

    <Node id="8464" />Those who made and endorsed our Constitution knew man's nature, and it is to their ideas, rather than to the temptations of utopia, that we must ask that our judges adhere<Node id="8635" />.<Node id="8636" />

<Node id="8638" />After all, the irreversible road to utopia often turns into the irreversible road to serfdom<Node id="8730" />.<Node id="8731" />

<Node id="8733" />Read more: http://www.americanthinker.com/2011/12/obamacare_and_the_ratchet_theory_of_history.html#ixzz1lFtiPieX<Node id="8845" />

<Node id="8847" /></TextWithNodes>
<!-- The default annotation set -->

<AnnotationSet>
<Annotation Id="64" Type="referent" StartNode="1199" EndNode="1231">
<Feature>
  <Name className="java.lang.String">writerAtt</Name>
  <Value className="java.lang.String">negative</Value>
</Feature>
</Annotation>
<Annotation Id="19" Type="doc" StartNode="0" EndNode="8847">
<Feature>
  <Name className="java.lang.String">id</Name>
  <Value className="java.lang.String">hc107</Value>
</Feature>
<Feature>
  <Name className="java.lang.String">author</Name>
  <Value className="java.lang.String">mike,stopa</Value>
</Feature>
<Feature>
  <Name className="java.lang.String">source</Name>
  <Value className="java.lang.String">americanthinker</Value>
</Feature>
<Feature>
  <Name className="java.lang.String">date</Name>
  <Value className="java.lang.String">20111223</Value>
</Feature>
<Feature>
  <Name className="java.lang.String">side</Name>
  <Value className="java.lang.String">anti</Value>
</Feature>
<Feature>
  <Name className="java.lang.String">url</Name>
  <Value className="java.lang.String">http://www.americanthinker.com/2011/12/obamacare_and_the_ratchet_theory_of_history.html</Value>
</Feature>
</Annotation>
<Annotation Id="21" Type="arg" StartNode="178" EndNode="259">
<Feature>
  <Name className="java.lang.String">ss-label</Name>
  <Value className="java.lang.String">restricts_healthcare_choice</Value>
</Feature>
<Feature>
  <Name className="java.lang.String">unclear</Name>
  <Value className="java.lang.String">true</Value>
</Feature>
<Feature>
  <Name className="java.lang.String">type</Name>
  <Value className="java.lang.String">label</Value>
</Feature>
<Feature>
  <Name className="java.lang.String">polarity</Name>
  <Value className="java.lang.String">negative</Value>
</Feature>
</Annotation>
<Annotation Id="20" Type="arg" StartNode="77" EndNode="175">
<Feature>
  <Name className="java.lang.String">type</Name>
  <Value className="java.lang.String">label</Value>
</Feature>
<Feature>
  <Name className="java.lang.String">ss-label</Name>
  <Value className="java.lang.String">unpopular_among_public</Value>
</Feature>
<Feature>
  <Name className="java.lang.String">polarity</Name>
  <Value className="java.lang.String">negative</Value>
</Feature>
</Annotation>
<Annotation Id="23" Type="arg" StartNode="540" EndNode="782">
<Feature>
  <Name className="java.lang.String">type</Name>
  <Value className="java.lang.String">label</Value>
</Feature>
<Feature>
  <Name className="java.lang.String">ss-label</Name>
  <Value className="java.lang.String">healthcare_rationing</Value>
</Feature>
<Feature>
  <Name className="java.lang.String">polarity</Name>
  <Value className="java.lang.String">negative</Value>
</Feature>
</Annotation>
<Annotation Id="22" Type="arg" StartNode="262" EndNode="537">
<Feature>
  <Name className="java.lang.String">type</Name>
  <Value className="java.lang.String">label</Value>
</Feature>
<Feature>
  <Name className="java.lang.String">ss-label</Name>
  <Value className="java.lang.String">healthcare_rationing</Value>
</Feature>
<Feature>
  <Name className="java.lang.String">polarity</Name>
  <Value className="java.lang.String">negative</Value>
</Feature>
</Annotation>
<Annotation Id="25" Type="rel" StartNode="971" EndNode="1078">
<Feature>
  <Name className="java.lang.String">type</Name>
  <Value className="java.lang.String">label</Value>
</Feature>
<Feature>
  <Name className="java.lang.String">ss-label</Name>
  <Value className="java.lang.String">goal_is_to_expand_entitlements</Value>
</Feature>
<Feature>
  <Name className="java.lang.String">unclear</Name>
  <Value className="java.lang.String">true</Value>
</Feature>
</Annotation>
<Annotation Id="24" Type="arg" StartNode="785" EndNode="968">
<Feature>
  <Name className="java.lang.String">ss-label</Name>
  <Value className="java.lang.String">unpopular_among_public</Value>
</Feature>
<Feature>
  <Name className="java.lang.String">type</Name>
  <Value className="java.lang.String">label</Value>
</Feature>
<Feature>
  <Name className="java.lang.String">polarity</Name>
  <Value className="java.lang.String">negative</Value>
</Feature>
<Feature>
  <Name className="java.lang.String">incomplete</Name>
  <Value className="java.lang.String">true</Value>
</Feature>
</Annotation>
<Annotation Id="27" Type="arg" StartNode="2834" EndNode="3101">
<Feature>
  <Name className="java.lang.String">type</Name>
  <Value className="java.lang.String">else</Value>
</Feature>
<Feature>
  <Name className="java.lang.String">unclear</Name>
  <Value className="java.lang.String">true</Value>
</Feature>
<Feature>
  <Name className="java.lang.String">polarity</Name>
  <Value className="java.lang.String">negative</Value>
</Feature>
</Annotation>
<Annotation Id="26" Type="rel" StartNode="1081" EndNode="1232">
<Feature>
  <Name className="java.lang.String">type</Name>
  <Value className="java.lang.String"></Value>
</Feature>
<Feature>
  <Name className="java.lang.String">ss-label</Name>
  <Value className="java.lang.String">goal_is_to_expand_entitlements</Value>
</Feature>
</Annotation>
<Annotation Id="29" Type="rel" StartNode="4036" EndNode="4280">
<Feature>
  <Name className="java.lang.String">type</Name>
  <Value className="java.lang.String">label</Value>
</Feature>
<Feature>
  <Name className="java.lang.String">ss-label</Name>
  <Value className="java.lang.String">unconstitutional</Value>
</Feature>
</Annotation>
<Annotation Id="28" Type="rel" StartNode="3884" EndNode="4033">
<Feature>
  <Name className="java.lang.String">type</Name>
  <Value className="java.lang.String">label</Value>
</Feature>
<Feature>
  <Name className="java.lang.String">ss-label</Name>
  <Value className="java.lang.String">unconstitutional</Value>
</Feature>
</Annotation>
<Annotation Id="31" Type="arg" StartNode="5056" EndNode="5166">
<Feature>
  <Name className="java.lang.String">type</Name>
  <Value className="java.lang.String">label</Value>
</Feature>
<Feature>
  <Name className="java.lang.String">ss-label</Name>
  <Value className="java.lang.String">unconstitutional</Value>
</Feature>
<Feature>
  <Name className="java.lang.String">polarity</Name>
  <Value className="java.lang.String">positive</Value>
</Feature>
</Annotation>
<Annotation Id="30" Type="rel" StartNode="4570" EndNode="5053">
<Feature>
  <Name className="java.lang.String">type</Name>
  <Value className="java.lang.String">label</Value>
</Feature>
<Feature>
  <Name className="java.lang.String">ss-label</Name>
  <Value className="java.lang.String">unconstitutional</Value>
</Feature>
</Annotation>
<Annotation Id="35" Type="rel" StartNode="7576" EndNode="7946">
<Feature>
  <Name className="java.lang.String">type</Name>
  <Value className="java.lang.String">label</Value>
</Feature>
<Feature>
  <Name className="java.lang.String">ss-label</Name>
  <Value className="java.lang.String">unconstitutional</Value>
</Feature>
</Annotation>
<Annotation Id="32" Type="rel" StartNode="5698" EndNode="5823">
<Feature>
  <Name className="java.lang.String">type</Name>
  <Value className="java.lang.String">label</Value>
</Feature>
<Feature>
  <Name className="java.lang.String">ss-label</Name>
  <Value className="java.lang.String">unconstitutional</Value>
</Feature>
</Annotation>
<Annotation Id="33" Type="rel" StartNode="5862" EndNode="6041">
<Feature>
  <Name className="java.lang.String">type</Name>
  <Value className="java.lang.String">label</Value>
</Feature>
<Feature>
  <Name className="java.lang.String">ss-label</Name>
  <Value className="java.lang.String">unconstitutional</Value>
</Feature>
</Annotation>
<Annotation Id="38" Type="rel" StartNode="8464" EndNode="8635">
<Feature>
  <Name className="java.lang.String">type</Name>
  <Value className="java.lang.String">label</Value>
</Feature>
<Feature>
  <Name className="java.lang.String">ss-label</Name>
  <Value className="java.lang.String">unconstitutional</Value>
</Feature>
</Annotation>
<Annotation Id="39" Type="arg" StartNode="1234" EndNode="1377">
<Feature>
  <Name className="java.lang.String">ss-label</Name>
  <Value className="java.lang.String">unpopular_among_public</Value>
</Feature>
<Feature>
  <Name className="java.lang.String">unclear</Name>
  <Value className="java.lang.String">true</Value>
</Feature>
<Feature>
  <Name className="java.lang.String">type</Name>
  <Value className="java.lang.String">label</Value>
</Feature>
<Feature>
  <Name className="java.lang.String">polarity</Name>
  <Value className="java.lang.String">negative</Value>
</Feature>
</Annotation>
<Annotation Id="36" Type="rel" StartNode="8262" EndNode="8343">
<Feature>
  <Name className="java.lang.String">type</Name>
  <Value className="java.lang.String">label</Value>
</Feature>
<Feature>
  <Name className="java.lang.String">ss-label</Name>
  <Value className="java.lang.String">unconstitutional</Value>
</Feature>
</Annotation>
<Annotation Id="37" Type="rel" StartNode="8346" EndNode="8430">
<Feature>
  <Name className="java.lang.String">type</Name>
  <Value className="java.lang.String">label</Value>
</Feature>
<Feature>
  <Name className="java.lang.String">ss-label</Name>
  <Value className="java.lang.String">unconstitutional</Value>
</Feature>
</Annotation>
<Annotation Id="42" Type="arg" StartNode="8638" EndNode="8730">
<Feature>
  <Name className="java.lang.String">type</Name>
  <Value className="java.lang.String">else</Value>
</Feature>
<Feature>
  <Name className="java.lang.String">unclear</Name>
  <Value className="java.lang.String">true</Value>
</Feature>
<Feature>
  <Name className="java.lang.String">polarity</Name>
  <Value className="java.lang.String">negative</Value>
</Feature>
</Annotation>
<Annotation Id="43" Type="gfbf" StartNode="118" EndNode="128">
<Feature>
  <Name className="java.lang.String">agentId</Name>
  <Value className="java.lang.String">45</Value>
</Feature>
<Feature>
  <Name className="java.lang.String">polarity</Name>
  <Value className="java.lang.String">badfor</Value>
</Feature>
<Feature>
  <Name className="java.lang.String">objectId</Name>
  <Value className="java.lang.String">44</Value>
</Feature>
</Annotation>
<Annotation Id="40" Type="rel" StartNode="1495" EndNode="1720">
<Feature>
  <Name className="java.lang.String">type</Name>
  <Value className="java.lang.String">label</Value>
</Feature>
<Feature>
  <Name className="java.lang.String">unclear</Name>
  <Value className="java.lang.String">true</Value>
</Feature>
<Feature>
  <Name className="java.lang.String">ss-label</Name>
  <Value className="java.lang.String">goal_is_to_expand_entitlements</Value>
</Feature>
</Annotation>
<Annotation Id="41" Type="arg" StartNode="2207" EndNode="2380">
<Feature>
  <Name className="java.lang.String">unclear</Name>
  <Value className="java.lang.String">true</Value>
</Feature>
<Feature>
  <Name className="java.lang.String">ss-label</Name>
  <Value className="java.lang.String">not_ethically_negotiated</Value>
</Feature>
<Feature>
  <Name className="java.lang.String">type</Name>
  <Value className="java.lang.String">label</Value>
</Feature>
<Feature>
  <Name className="java.lang.String">polarity</Name>
  <Value className="java.lang.String">negative</Value>
</Feature>
</Annotation>
<Annotation Id="46" Type="gfbf" StartNode="403" EndNode="411">
<Feature>
  <Name className="java.lang.String">agentId</Name>
  <Value className="java.lang.String">48</Value>
</Feature>
<Feature>
  <Name className="java.lang.String">polarity</Name>
  <Value className="java.lang.String">badfor</Value>
</Feature>
<Feature>
  <Name className="java.lang.String">objectId</Name>
  <Value className="java.lang.String">47</Value>
</Feature>
</Annotation>
<Annotation Id="47" Type="gfbf-object" StartNode="412" EndNode="417">
<Feature>
  <Name className="java.lang.String">unclear</Name>
  <Value className="java.lang.String">true</Value>
</Feature>
<Feature>
  <Name className="java.lang.String">writerAtt</Name>
  <Value className="java.lang.String">positive</Value>
</Feature>
</Annotation>
<Annotation Id="44" Type="gfbf-object" StartNode="129" EndNode="175">
<Feature>
  <Name className="java.lang.String">writerAtt</Name>
  <Value className="java.lang.String">negative</Value>
</Feature>
</Annotation>
<Annotation Id="45" Type="gfbf-agent" StartNode="108" EndNode="117">
<Feature>
  <Name className="java.lang.String">writerAtt</Name>
  <Value className="java.lang.String">positive</Value>
</Feature>
</Annotation>
<Annotation Id="51" Type="gfbf" StartNode="550" EndNode="554">
<Feature>
  <Name className="java.lang.String">agentId</Name>
  <Value className="java.lang.String">53</Value>
</Feature>
<Feature>
  <Name className="java.lang.String">polarity</Name>
  <Value className="java.lang.String">badfor</Value>
</Feature>
<Feature>
  <Name className="java.lang.String">objectId</Name>
  <Value className="java.lang.String">52</Value>
</Feature>
</Annotation>
<Annotation Id="50" Type="gfbf-object" StartNode="330" EndNode="383">
<Feature>
  <Name className="java.lang.String">writerAtt</Name>
  <Value className="java.lang.String">positive</Value>
</Feature>
</Annotation>
<Annotation Id="49" Type="gfbf" StartNode="321" EndNode="329">
<Feature>
  <Name className="java.lang.String">agentId</Name>
  <Value className="java.lang.String">48</Value>
</Feature>
<Feature>
  <Name className="java.lang.String">polarity</Name>
  <Value className="java.lang.String">badfor</Value>
</Feature>
<Feature>
  <Name className="java.lang.String">objectId</Name>
  <Value className="java.lang.String">50</Value>
</Feature>
</Annotation>
<Annotation Id="48" Type="gfbf-agent" StartNode="282" EndNode="317">
<Feature>
  <Name className="java.lang.String">writerAtt</Name>
  <Value className="java.lang.String">negative</Value>
</Feature>
</Annotation>
<Annotation Id="55" Type="gfbf-object" StartNode="1293" EndNode="1306">
<Feature>
  <Name className="java.lang.String">referentId</Name>
  <Value className="java.lang.String">64</Value>
</Feature>
<Feature>
  <Name className="java.lang.String">writerAtt</Name>
  <Value className="java.lang.String">negative</Value>
</Feature>
<Feature>
  <Name className="java.lang.String">refererence</Name>
  <Value className="java.lang.String">true</Value>
</Feature>
</Annotation>
<Annotation Id="54" Type="gfbf" StartNode="1284" EndNode="1292">
<Feature>
  <Name className="java.lang.String">agentId</Name>
  <Value className="java.lang.String">56</Value>
</Feature>
<Feature>
  <Name className="java.lang.String">polarity</Name>
  <Value className="java.lang.String">badfor</Value>
</Feature>
<Feature>
  <Name className="java.lang.String">objectId</Name>
  <Value className="java.lang.String">55</Value>
</Feature>
</Annotation>
<Annotation Id="53" Type="gfbf-agent" StartNode="540" EndNode="549">
<Feature>
  <Name className="java.lang.String">writerAtt</Name>
  <Value className="java.lang.String">positive</Value>
</Feature>
</Annotation>
<Annotation Id="52" Type="gfbf-object" StartNode="555" EndNode="595">
<Feature>
  <Name className="java.lang.String">writerAtt</Name>
  <Value className="java.lang.String">negative</Value>
</Feature>
</Annotation>
<Annotation Id="59" Type="gfbf-agent" StartNode="2948" EndNode="2972">
<Feature>
  <Name className="java.lang.String">writerAtt</Name>
  <Value className="java.lang.String">negative</Value>
</Feature>
</Annotation>
<Annotation Id="58" Type="gfbf-object" StartNode="2849" EndNode="2874">
<Feature>
  <Name className="java.lang.String">writerAtt</Name>
  <Value className="java.lang.String">positive</Value>
</Feature>
</Annotation>
<Annotation Id="57" Type="gfbf" StartNode="2834" EndNode="2848">
<Feature>
  <Name className="java.lang.String">agentId</Name>
  <Value className="java.lang.String">59</Value>
</Feature>
<Feature>
  <Name className="java.lang.String">polarity</Name>
  <Value className="java.lang.String">badfor</Value>
</Feature>
<Feature>
  <Name className="java.lang.String">objectId</Name>
  <Value className="java.lang.String">58</Value>
</Feature>
</Annotation>
<Annotation Id="56" Type="gfbf-agent" StartNode="1248" EndNode="1257">
<Feature>
  <Name className="java.lang.String">writerAtt</Name>
  <Value className="java.lang.String">positive</Value>
</Feature>
</Annotation>
<Annotation Id="63" Type="others" StartNode="5114" EndNode="5137">
<Feature>
  <Name className="java.lang.String">comment</Name>
  <Value className="java.lang.String">is this so special GoodFor?</Value>
</Feature>
</Annotation>
<Annotation Id="62" Type="gfbf-agent" StartNode="3016" EndNode="3039">
<Feature>
  <Name className="java.lang.String">writerAtt</Name>
  <Value className="java.lang.String">negative</Value>
</Feature>
</Annotation>
<Annotation Id="61" Type="gfbf-object" StartNode="3007" EndNode="3012">
<Feature>
  <Name className="java.lang.String">writerAtt</Name>
  <Value className="java.lang.String">negative</Value>
</Feature>
</Annotation>
<Annotation Id="60" Type="gfbf" StartNode="2991" EndNode="3006">
<Feature>
  <Name className="java.lang.String">agentId</Name>
  <Value className="java.lang.String">62</Value>
</Feature>
<Feature>
  <Name className="java.lang.String">polarity</Name>
  <Value className="java.lang.String">goodfor</Value>
</Feature>
<Feature>
  <Name className="java.lang.String">objectId</Name>
  <Value className="java.lang.String">61</Value>
</Feature>
</Annotation>
</AnnotationSet>

<!-- Named annotation set -->

<AnnotationSet Name="Original markups">
<Annotation Id="0" Type="paragraph" StartNode="0" EndNode="75">
</Annotation>
<Annotation Id="1" Type="paragraph" StartNode="77" EndNode="969">
</Annotation>
<Annotation Id="2" Type="paragraph" StartNode="971" EndNode="1721">
</Annotation>
<Annotation Id="3" Type="paragraph" StartNode="1723" EndNode="2468">
</Annotation>
<Annotation Id="4" Type="paragraph" StartNode="2470" EndNode="3102">
</Annotation>
<Annotation Id="5" Type="paragraph" StartNode="3104" EndNode="3879">
</Annotation>
<Annotation Id="6" Type="paragraph" StartNode="3884" EndNode="4034">
</Annotation>
<Annotation Id="7" Type="paragraph" StartNode="4036" EndNode="4568">
</Annotation>
<Annotation Id="8" Type="paragraph" StartNode="4570" EndNode="5207">
</Annotation>
<Annotation Id="9" Type="paragraph" StartNode="5209" EndNode="5696">
</Annotation>
<Annotation Id="10" Type="paragraph" StartNode="5698" EndNode="5856">
</Annotation>
<Annotation Id="11" Type="paragraph" StartNode="5862" EndNode="6454">
</Annotation>
<Annotation Id="12" Type="paragraph" StartNode="6456" EndNode="6545">
</Annotation>
<Annotation Id="13" Type="paragraph" StartNode="6547" EndNode="7191">
</Annotation>
<Annotation Id="14" Type="paragraph" StartNode="7193" EndNode="7947">
</Annotation>
<Annotation Id="15" Type="paragraph" StartNode="7949" EndNode="8458">
</Annotation>
<Annotation Id="17" Type="paragraph" StartNode="8638" EndNode="8731">
</Annotation>
<Annotation Id="16" Type="paragraph" StartNode="8464" EndNode="8636">
</Annotation>
<Annotation Id="18" Type="paragraph" StartNode="8733" EndNode="8845">
</Annotation>
</AnnotationSet>

</GateDocument>
