<?xml version='1.0' encoding='US-ASCII'?>
<GateDocument version="2">
<!-- The document's features-->

<GateDocumentFeatures>
<Feature>
  <Name className="java.lang.String">MimeType</Name>
  <Value className="java.lang.String">text/plain</Value>
</Feature>
<Feature>
  <Name className="java.lang.String">gate.SourceURL</Name>
  <Value className="java.lang.String">file:/home/conrada/Dropbox/healthcare_data/training_new/hc110.txt</Value>
</Feature>
<Feature>
  <Name className="java.lang.String">docNewLineType</Name>
  <Value className="java.lang.String">LF</Value>
</Feature>
</GateDocumentFeatures>
<!-- The document content area with serialized nodes -->

<TextWithNodes><Node id="0"/>December 3, 2011
Campaign health care battle is joined by the President
Joseph Smith<Node id="84"/>

<Node id="86"/>"And so it begins."<Node id="105"/>

<Node id="107"/>As we might observe as President Obama calls on his health care law as a reason for reelection.<Node id="202"/>

<Node id="204"/>The President<Node id="217"/>, at a campaign fundraiser in New York this week, implored the crowd to reelect him:<Node id="301"/>

    <Node id="307"/>And so <Node id="314"/>we<Node id="316"/>'re going to have to <Node id="337"/>implement<Node id="346"/> <Node id="347"/>the Affordable Care Act<Node id="370"/> in 2014, and that means I've got to win in 2012.<Node id="419"/>

<Node id="421"/>Meanwhile, a "very confident" Newt Gingrich targets the repeal of <Node id="487"/>ObamaCare<Node id="496"/> in his "Contract with America," remarking in an early debate that " <Node id="565"/>if this President had any concern for working Americans he would walk in  -  and ask us to <Node id="656"/>repeal<Node id="662"/> <Node id="663"/>it<Node id="665"/> because it's a monstrosity<Node id="692"/>."<Node id="694"/>

<Node id="696"/>Gingrich would even let the President use a teleprompter in a debate because "if <Node id="777"/>you<Node id="780"/> had to <Node id="788"/>defend<Node id="794"/> <Node id="795"/>ObamaCare<Node id="804"/>, wouldn't you want to use a teleprompter?"<Node id="847"/>

<Node id="849"/>The President<Node id="862"/> for the most part has <Node id="885"/>avoided<Node id="892"/> <Node id="893"/>discussing <Node id="904"/>ObamaCare<Node id="913"/> in recent months because his strategists know it is a disaster<Node id="976"/>. <Node id="978"/>Democratic pollster Pat Caddell has observed that "<Node id="1029"/>the American people<Node id="1048"/> found <Node id="1055"/>this a crime<Node id="1067"/> <Node id="1068"/>against<Node id="1075"/> <Node id="1076"/>democracy<Node id="1085"/> - <Node id="1088"/>they<Node id="1092"/> want <Node id="1098"/>it<Node id="1100"/> <Node id="1101"/>repealed<Node id="1109"/>."<Node id="1111"/>

<Node id="1113"/>I look forward to watching the President explain again how <Node id="1172"/>a massive new bureaucracy<Node id="1197"/> will <Node id="1203"/>cut<Node id="1206"/> <Node id="1207"/>costs<Node id="1212"/> <Node id="1213"/>without<Node id="1220"/> <Node id="1221"/>hurting<Node id="1228"/> <Node id="1229"/>the old and infirm and the weak and helpless<Node id="1273"/>. <Node id="1275"/>Or explain why <Node id="1290"/>Catholics<Node id="1299"/> are being <Node id="1310"/>forced<Node id="1316"/> to <Node id="1320"/>act against<Node id="1331"/> <Node id="1332"/>their religious beliefs<Node id="1355"/>. <Node id="1357"/>Or <Node id="1360"/>defend<Node id="1366"/> <Node id="1367"/>159 new boards and commissions<Node id="1397"/>. <Node id="1399"/>Or explain why premiums are <Node id="1427"/>going up<Node id="1435"/> and coverage <Node id="1449"/>going down<Node id="1459"/>.<Node id="1460"/>

<Node id="1462"/>And the President might also explain for those who came in late how the government decides who gets a waiver and who gets the blue pill<Node id="1597"/>.<Node id="1598"/>

<Node id="1600"/>But I will be most interested to hear the President tell <Node id="1657"/>the majority who want no part of ObamaCare<Node id="1699"/> that <Node id="1705"/>they<Node id="1709"/> are merely <Node id="1721"/>misguided<Node id="1730"/> and <Node id="1735"/>misled<Node id="1741"/>. Yes, it will be compelling and dramatic television to hear our elected leader inform us how wonderful life will be if we just take our medicine.<Node id="1887"/>

<Node id="1889"/>And how rosy life will be when <Node id="1920"/>the President<Node id="1933"/> can finally <Node id="1946"/>compel<Node id="1952"/> <Node id="1953"/>us<Node id="1955"/> to take such medicine.<Node id="1978"/>

<Node id="1980"/>Of course, <Node id="1991"/>the President<Node id="2004"/> will explain none of that, he will simply contend that <Node id="2060"/>he<Node id="2062"/> desperately needs to be <Node id="2087"/>reelected<Node id="2096"/> so he can finish the job, aka <Node id="2127"/>finish off<Node id="2137"/> <Node id="2138"/>limited government and individual liberty<Node id="2179"/>.<Node id="2180"/>

<Node id="2182"/>American opinion<Node id="2198"/> has consistently polled <Node id="2223"/>in favor of<Node id="2234"/> <Node id="2235"/>repeal<Node id="2241"/>. <Node id="2243"/>The latest Rasmussen survey of likely voters shows <Node id="2294"/>a 53-40 margin<Node id="2308"/> <Node id="2309"/>favoring<Node id="2317"/> <Node id="2318"/>repeal<Node id="2324"/>; the first such poll, after <Node id="2353"/>the law<Node id="2360"/> <Node id="2361"/>passed<Node id="2367"/> in March 2010, showed a 55-42 margin<Node id="2404"/>.<Node id="2405"/>

<Node id="2407"/>With <Node id="2412"/>a few spikes<Node id="2424"/> <Node id="2425"/>in favor of<Node id="2436"/> <Node id="2437"/>repeal<Node id="2443"/> along the way, the <Node id="2463"/>American<Node id="2471"/> appetite for <Node id="2485"/>repealing<Node id="2494"/> <Node id="2495"/>ObamaCare<Node id="2504"/> has not diminished, much to the dismay of the Democrats who tried to front load the so-called benefits so they could force-feed the rest of it to all of us bitter clingers<Node id="2676"/>.<Node id="2677"/>

<Node id="2679"/>Americans have long memories and tend to resist having the wool pulled over their eyes<Node id="2765"/>.<Node id="2766"/>

<Node id="2768"/>The battle over <Node id="2784"/>ObamaCare<Node id="2793"/> has been joined, and <Node id="2815"/>the President<Node id="2828"/> will have no choice but to attempt to <Node id="2867"/>defend<Node id="2873"/> <Node id="2874"/>it<Node id="2876"/>. No phony town halls and white lab coats this time.<Node id="2928"/>

<Node id="2930"/>If Newt emerges as the Republican candidate, his debates with Obama will be riveting pieces of ideological theatre, as the gravity of this election comes into full focus.<Node id="3100"/>

<Node id="3102"/>Read more: http://www.americanthinker.com/blog/2011/12/campaign_health_care_battle_is_joined_by_the_president.html#ixzz1lG5Oyvks<Node id="3230"/>

<Node id="3232"/></TextWithNodes>
<!-- The default annotation set -->

<AnnotationSet>
<Annotation Id="19" Type="doc" StartNode="0" EndNode="3232">
<Feature>
  <Name className="java.lang.String">id</Name>
  <Value className="java.lang.String">hc110</Value>
</Feature>
<Feature>
  <Name className="java.lang.String">author</Name>
  <Value className="java.lang.String">joseph,smith</Value>
</Feature>
<Feature>
  <Name className="java.lang.String">date</Name>
  <Value className="java.lang.String">20111203</Value>
</Feature>
<Feature>
  <Name className="java.lang.String">source</Name>
  <Value className="java.lang.String">americanthinker</Value>
</Feature>
<Feature>
  <Name className="java.lang.String">side</Name>
  <Value className="java.lang.String">anti</Value>
</Feature>
<Feature>
  <Name className="java.lang.String">url</Name>
  <Value className="java.lang.String">http://www.americanthinker.com/blog/2011/12/campaign_health_care_battle_is_joined_by_the_president.html</Value>
</Feature>
</Annotation>
<Annotation Id="20" Type="arg" StartNode="565" EndNode="692">
<Feature>
  <Name className="java.lang.String">ss-label</Name>
  <Value className="java.lang.String">bill_is_politically_motivated</Value>
</Feature>
<Feature>
  <Name className="java.lang.String">unclear</Name>
  <Value className="java.lang.String">true</Value>
</Feature>
<Feature>
  <Name className="java.lang.String">type</Name>
  <Value className="java.lang.String">label</Value>
</Feature>
<Feature>
  <Name className="java.lang.String">polarity</Name>
  <Value className="java.lang.String">negative</Value>
</Feature>
</Annotation>
<Annotation Id="23" Type="arg" StartNode="978" EndNode="1109">
<Feature>
  <Name className="java.lang.String">type</Name>
  <Value className="java.lang.String">label</Value>
</Feature>
<Feature>
  <Name className="java.lang.String">ss-label</Name>
  <Value className="java.lang.String">unpopular_among_public</Value>
</Feature>
<Feature>
  <Name className="java.lang.String">polarity</Name>
  <Value className="java.lang.String">negative</Value>
</Feature>
</Annotation>
<Annotation Id="22" Type="arg" StartNode="849" EndNode="976">
<Feature>
  <Name className="java.lang.String">ss-label</Name>
  <Value className="java.lang.String">unpopular</Value>
</Feature>
<Feature>
  <Name className="java.lang.String">unclear</Name>
  <Value className="java.lang.String"></Value>
</Feature>
<Feature>
  <Name className="java.lang.String">type</Name>
  <Value className="java.lang.String">label</Value>
</Feature>
<Feature>
  <Name className="java.lang.String">polarity</Name>
  <Value className="java.lang.String">negative</Value>
</Feature>
<Feature>
  <Name className="java.lang.String">incomplete</Name>
  <Value className="java.lang.String">true</Value>
</Feature>
</Annotation>
<Annotation Id="25" Type="arg" StartNode="1275" EndNode="1355">
<Feature>
  <Name className="java.lang.String">type</Name>
  <Value className="java.lang.String">label</Value>
</Feature>
<Feature>
  <Name className="java.lang.String">ss-label</Name>
  <Value className="java.lang.String">forces_contraception</Value>
</Feature>
<Feature>
  <Name className="java.lang.String">polarity</Name>
  <Value className="java.lang.String">negative</Value>
</Feature>
</Annotation>
<Annotation Id="24" Type="arg" StartNode="1113" EndNode="1273">
<Feature>
  <Name className="java.lang.String">ss-label</Name>
  <Value className="java.lang.String">healthcare_rationing</Value>
</Feature>
<Feature>
  <Name className="java.lang.String">unclear</Name>
  <Value className="java.lang.String">true</Value>
</Feature>
<Feature>
  <Name className="java.lang.String">type</Name>
  <Value className="java.lang.String">label</Value>
</Feature>
<Feature>
  <Name className="java.lang.String">polarity</Name>
  <Value className="java.lang.String">negative</Value>
</Feature>
</Annotation>
<Annotation Id="27" Type="arg" StartNode="1399" EndNode="1459">
<Feature>
  <Name className="java.lang.String">ss-label</Name>
  <Value className="java.lang.String">individuals_will_pay_more</Value>
</Feature>
<Feature>
  <Name className="java.lang.String">unclear</Name>
  <Value className="java.lang.String">true</Value>
</Feature>
<Feature>
  <Name className="java.lang.String">type</Name>
  <Value className="java.lang.String">label</Value>
</Feature>
<Feature>
  <Name className="java.lang.String">polarity</Name>
  <Value className="java.lang.String">negative</Value>
</Feature>
</Annotation>
<Annotation Id="26" Type="rel" StartNode="1357" EndNode="1397">
<Feature>
  <Name className="java.lang.String">type</Name>
  <Value className="java.lang.String">label</Value>
</Feature>
<Feature>
  <Name className="java.lang.String">ss-label</Name>
  <Value className="java.lang.String">expands_federal_govt</Value>
</Feature>
</Annotation>
<Annotation Id="29" Type="arg" StartNode="1980" EndNode="2179">
<Feature>
  <Name className="java.lang.String">type</Name>
  <Value className="java.lang.String">label</Value>
</Feature>
<Feature>
  <Name className="java.lang.String">ss-label</Name>
  <Value className="java.lang.String">threatens_freedom</Value>
</Feature>
<Feature>
  <Name className="java.lang.String">polarity</Name>
  <Value className="java.lang.String">negative</Value>
</Feature>
</Annotation>
<Annotation Id="28" Type="arg" StartNode="1462" EndNode="1597">
<Feature>
  <Name className="java.lang.String">ss-label</Name>
  <Value className="java.lang.String">unfair</Value>
</Feature>
<Feature>
  <Name className="java.lang.String">unclear</Name>
  <Value className="java.lang.String">true</Value>
</Feature>
<Feature>
  <Name className="java.lang.String">type</Name>
  <Value className="java.lang.String">label</Value>
</Feature>
<Feature>
  <Name className="java.lang.String">polarity</Name>
  <Value className="java.lang.String">negative</Value>
</Feature>
</Annotation>
<Annotation Id="31" Type="rel" StartNode="2243" EndNode="2404">
<Feature>
  <Name className="java.lang.String">type</Name>
  <Value className="java.lang.String">label</Value>
</Feature>
<Feature>
  <Name className="java.lang.String">ss-label</Name>
  <Value className="java.lang.String">unpopular_among_public</Value>
</Feature>
</Annotation>
<Annotation Id="30" Type="arg" StartNode="2182" EndNode="2241">
<Feature>
  <Name className="java.lang.String">type</Name>
  <Value className="java.lang.String">label</Value>
</Feature>
<Feature>
  <Name className="java.lang.String">ss-label</Name>
  <Value className="java.lang.String">unpopular_among_public</Value>
</Feature>
<Feature>
  <Name className="java.lang.String">polarity</Name>
  <Value className="java.lang.String">negative</Value>
</Feature>
</Annotation>
<Annotation Id="32" Type="arg" StartNode="2407" EndNode="2676">
<Feature>
  <Name className="java.lang.String">type</Name>
  <Value className="java.lang.String">label</Value>
</Feature>
<Feature>
  <Name className="java.lang.String">ss-label</Name>
  <Value className="java.lang.String">unpopular_among_public</Value>
</Feature>
<Feature>
  <Name className="java.lang.String">polarity</Name>
  <Value className="java.lang.String"></Value>
</Feature>
</Annotation>
<Annotation Id="33" Type="rel" StartNode="2679" EndNode="2765">
<Feature>
  <Name className="java.lang.String">type</Name>
  <Value className="java.lang.String">label</Value>
</Feature>
<Feature>
  <Name className="java.lang.String">ss-label</Name>
  <Value className="java.lang.String">unpopular_among_public</Value>
</Feature>
</Annotation>
<Annotation Id="38" Type="gfbf" StartNode="656" EndNode="662">
<Feature>
  <Name className="java.lang.String">agentId</Name>
  <Value className="java.lang.String">implicit</Value>
</Feature>
<Feature>
  <Name className="java.lang.String">objectId</Name>
  <Value className="java.lang.String">39</Value>
</Feature>
<Feature>
  <Name className="java.lang.String">polarity</Name>
  <Value className="java.lang.String">badfor</Value>
</Feature>
</Annotation>
<Annotation Id="39" Type="gfbf-object" StartNode="663" EndNode="665">
<Feature>
  <Name className="java.lang.String">referentId</Name>
  <Value className="java.lang.String">74</Value>
</Feature>
<Feature>
  <Name className="java.lang.String">writerAtt</Name>
  <Value className="java.lang.String">negative</Value>
</Feature>
<Feature>
  <Name className="java.lang.String">refererence</Name>
  <Value className="java.lang.String">true</Value>
</Feature>
</Annotation>
<Annotation Id="42" Type="gfbf-object" StartNode="893" EndNode="913">
<Feature>
  <Name className="java.lang.String">unclear</Name>
  <Value className="java.lang.String">true</Value>
</Feature>
<Feature>
  <Name className="java.lang.String">writerAtt</Name>
  <Value className="java.lang.String">none</Value>
</Feature>
</Annotation>
<Annotation Id="43" Type="gfbf-agent" StartNode="849" EndNode="862">
<Feature>
  <Name className="java.lang.String">writerAtt</Name>
  <Value className="java.lang.String">negative</Value>
</Feature>
</Annotation>
<Annotation Id="41" Type="gfbf" StartNode="885" EndNode="892">
<Feature>
  <Name className="java.lang.String">agentId</Name>
  <Value className="java.lang.String">43</Value>
</Feature>
<Feature>
  <Name className="java.lang.String">objectId</Name>
  <Value className="java.lang.String">42</Value>
</Feature>
<Feature>
  <Name className="java.lang.String">polarity</Name>
  <Value className="java.lang.String">badfor</Value>
</Feature>
</Annotation>
<Annotation Id="46" Type="gfbf-agent" StartNode="1055" EndNode="1067">
<Feature>
  <Name className="java.lang.String">unclear</Name>
  <Value className="java.lang.String"></Value>
</Feature>
<Feature>
  <Name className="java.lang.String">writerAtt</Name>
  <Value className="java.lang.String">negative</Value>
</Feature>
<Feature>
  <Name className="java.lang.String">reference</Name>
  <Value className="java.lang.String">true</Value>
</Feature>
<Feature>
  <Name className="java.lang.String">referentId</Name>
  <Value className="java.lang.String">76</Value>
</Feature>
</Annotation>
<Annotation Id="47" Type="gfbf-agent" StartNode="1088" EndNode="1092">
<Feature>
  <Name className="java.lang.String">reference</Name>
  <Value className="java.lang.String">true</Value>
</Feature>
<Feature>
  <Name className="java.lang.String">referentId</Name>
  <Value className="java.lang.String">75</Value>
</Feature>
<Feature>
  <Name className="java.lang.String">writerAtt</Name>
  <Value className="java.lang.String">positive</Value>
</Feature>
</Annotation>
<Annotation Id="44" Type="gfbf" StartNode="1068" EndNode="1075">
<Feature>
  <Name className="java.lang.String">agentId</Name>
  <Value className="java.lang.String">46</Value>
</Feature>
<Feature>
  <Name className="java.lang.String">objectId</Name>
  <Value className="java.lang.String">45</Value>
</Feature>
<Feature>
  <Name className="java.lang.String">polarity</Name>
  <Value className="java.lang.String">badfor</Value>
</Feature>
</Annotation>
<Annotation Id="45" Type="gfbf-object" StartNode="1076" EndNode="1085">
<Feature>
  <Name className="java.lang.String">writerAtt</Name>
  <Value className="java.lang.String">positive</Value>
</Feature>
</Annotation>
<Annotation Id="51" Type="gfbf-object" StartNode="1207" EndNode="1212">
<Feature>
  <Name className="java.lang.String">writerAtt</Name>
  <Value className="java.lang.String">negative</Value>
</Feature>
</Annotation>
<Annotation Id="50" Type="gfbf-agent" StartNode="1172" EndNode="1197">
<Feature>
  <Name className="java.lang.String">writerAtt</Name>
  <Value className="java.lang.String">negative</Value>
</Feature>
</Annotation>
<Annotation Id="49" Type="gfbf-object" StartNode="1098" EndNode="1100">
<Feature>
  <Name className="java.lang.String">referentId</Name>
  <Value className="java.lang.String">76</Value>
</Feature>
<Feature>
  <Name className="java.lang.String">writerAtt</Name>
  <Value className="java.lang.String">negative</Value>
</Feature>
<Feature>
  <Name className="java.lang.String">refererence</Name>
  <Value className="java.lang.String">true</Value>
</Feature>
</Annotation>
<Annotation Id="48" Type="gfbf" StartNode="1101" EndNode="1109">
<Feature>
  <Name className="java.lang.String">agentId</Name>
  <Value className="java.lang.String">47</Value>
</Feature>
<Feature>
  <Name className="java.lang.String">uncertain</Name>
  <Value className="java.lang.String">true</Value>
</Feature>
<Feature>
  <Name className="java.lang.String">objectId</Name>
  <Value className="java.lang.String">49</Value>
</Feature>
<Feature>
  <Name className="java.lang.String">polarity</Name>
  <Value className="java.lang.String">badfor</Value>
</Feature>
</Annotation>
<Annotation Id="55" Type="gfbf" StartNode="1203" EndNode="1206">
<Feature>
  <Name className="java.lang.String">agentId</Name>
  <Value className="java.lang.String">50</Value>
</Feature>
<Feature>
  <Name className="java.lang.String">objectId</Name>
  <Value className="java.lang.String">51</Value>
</Feature>
<Feature>
  <Name className="java.lang.String">polarity</Name>
  <Value className="java.lang.String">badfor</Value>
</Feature>
</Annotation>
<Annotation Id="54" Type="influencer" StartNode="1213" EndNode="1220">
<Feature>
  <Name className="java.lang.String">effect</Name>
  <Value className="java.lang.String">reverse</Value>
</Feature>
<Feature>
  <Name className="java.lang.String">agentId</Name>
  <Value className="java.lang.String">50</Value>
</Feature>
<Feature>
  <Name className="java.lang.String">objectId</Name>
  <Value className="java.lang.String">52</Value>
</Feature>
</Annotation>
<Annotation Id="53" Type="gfbf-object" StartNode="1229" EndNode="1273">
<Feature>
  <Name className="java.lang.String">writerAtt</Name>
  <Value className="java.lang.String">positive</Value>
</Feature>
</Annotation>
<Annotation Id="52" Type="gfbf" StartNode="1221" EndNode="1228">
<Feature>
  <Name className="java.lang.String">agentId</Name>
  <Value className="java.lang.String">50</Value>
</Feature>
<Feature>
  <Name className="java.lang.String">objectId</Name>
  <Value className="java.lang.String">53</Value>
</Feature>
<Feature>
  <Name className="java.lang.String">polarity</Name>
  <Value className="java.lang.String">badfor</Value>
</Feature>
</Annotation>
<Annotation Id="59" Type="others" StartNode="1449" EndNode="1459">
<Feature>
  <Name className="java.lang.String">comment</Name>
  <Value className="java.lang.String">badfor agent</Value>
</Feature>
</Annotation>
<Annotation Id="58" Type="others" StartNode="1427" EndNode="1435">
<Feature>
  <Name className="java.lang.String">comment</Name>
  <Value className="java.lang.String">GoodFor agent</Value>
</Feature>
</Annotation>
<Annotation Id="57" Type="gfbf-agent" StartNode="1290" EndNode="1299">
<Feature>
  <Name className="java.lang.String">writerAtt</Name>
  <Value className="java.lang.String">positive</Value>
</Feature>
</Annotation>
<Annotation Id="56" Type="influencer" StartNode="1310" EndNode="1316">
<Feature>
  <Name className="java.lang.String">effect</Name>
  <Value className="java.lang.String">reverse</Value>
</Feature>
<Feature>
  <Name className="java.lang.String">agentId</Name>
  <Value className="java.lang.String">implicit</Value>
</Feature>
<Feature>
  <Name className="java.lang.String">objectId</Name>
  <Value className="java.lang.String">87</Value>
</Feature>
</Annotation>
<Annotation Id="63" Type="gfbf-object" StartNode="2138" EndNode="2179">
<Feature>
  <Name className="java.lang.String">writerAtt</Name>
  <Value className="java.lang.String">positive</Value>
</Feature>
</Annotation>
<Annotation Id="62" Type="gfbf-agent" StartNode="2060" EndNode="2062">
<Feature>
  <Name className="java.lang.String">reference</Name>
  <Value className="java.lang.String">true</Value>
</Feature>
<Feature>
  <Name className="java.lang.String">referentId</Name>
  <Value className="java.lang.String">77</Value>
</Feature>
<Feature>
  <Name className="java.lang.String">writerAtt</Name>
  <Value className="java.lang.String">negative</Value>
</Feature>
</Annotation>
<Annotation Id="61" Type="gfbf-object" StartNode="2060" EndNode="2062">
<Feature>
  <Name className="java.lang.String">referentId</Name>
  <Value className="java.lang.String">77</Value>
</Feature>
<Feature>
  <Name className="java.lang.String">writerAtt</Name>
  <Value className="java.lang.String">negative</Value>
</Feature>
<Feature>
  <Name className="java.lang.String">refererence</Name>
  <Value className="java.lang.String">true</Value>
</Feature>
</Annotation>
<Annotation Id="60" Type="gfbf" StartNode="2087" EndNode="2096">
<Feature>
  <Name className="java.lang.String">agentId</Name>
  <Value className="java.lang.String">implicit</Value>
</Feature>
<Feature>
  <Name className="java.lang.String">uncertain</Name>
  <Value className="java.lang.String">true</Value>
</Feature>
<Feature>
  <Name className="java.lang.String">objectId</Name>
  <Value className="java.lang.String">61</Value>
</Feature>
<Feature>
  <Name className="java.lang.String">polarity</Name>
  <Value className="java.lang.String">goodfor</Value>
</Feature>
</Annotation>
<Annotation Id="68" Type="gfbf" StartNode="2425" EndNode="2436">
<Feature>
  <Name className="java.lang.String">agentId</Name>
  <Value className="java.lang.String">69</Value>
</Feature>
<Feature>
  <Name className="java.lang.String">objectId</Name>
  <Value className="java.lang.String">70</Value>
</Feature>
<Feature>
  <Name className="java.lang.String">polarity</Name>
  <Value className="java.lang.String">goodfor</Value>
</Feature>
</Annotation>
<Annotation Id="69" Type="gfbf-agent" StartNode="2412" EndNode="2424">
<Feature>
  <Name className="java.lang.String">writerAtt</Name>
  <Value className="java.lang.String">positive</Value>
</Feature>
</Annotation>
<Annotation Id="70" Type="gfbf-object" StartNode="2437" EndNode="2443">
<Feature>
  <Name className="java.lang.String">writerAtt</Name>
  <Value className="java.lang.String">positive</Value>
</Feature>
</Annotation>
<Annotation Id="71" Type="gfbf" StartNode="2485" EndNode="2494">
<Feature>
  <Name className="java.lang.String">agentId</Name>
  <Value className="java.lang.String">73</Value>
</Feature>
<Feature>
  <Name className="java.lang.String">objectId</Name>
  <Value className="java.lang.String">72</Value>
</Feature>
<Feature>
  <Name className="java.lang.String">polarity</Name>
  <Value className="java.lang.String">badfor</Value>
</Feature>
</Annotation>
<Annotation Id="64" Type="gfbf" StartNode="2127" EndNode="2137">
<Feature>
  <Name className="java.lang.String">agentId</Name>
  <Value className="java.lang.String">62</Value>
</Feature>
<Feature>
  <Name className="java.lang.String">objectId</Name>
  <Value className="java.lang.String">63</Value>
</Feature>
<Feature>
  <Name className="java.lang.String">polarity</Name>
  <Value className="java.lang.String">badfor</Value>
</Feature>
</Annotation>
<Annotation Id="65" Type="gfbf" StartNode="2223" EndNode="2234">
<Feature>
  <Name className="java.lang.String">agentId</Name>
  <Value className="java.lang.String">66</Value>
</Feature>
<Feature>
  <Name className="java.lang.String">objectId</Name>
  <Value className="java.lang.String">67</Value>
</Feature>
<Feature>
  <Name className="java.lang.String">polarity</Name>
  <Value className="java.lang.String">goodfor</Value>
</Feature>
</Annotation>
<Annotation Id="66" Type="gfbf-agent" StartNode="2182" EndNode="2198">
<Feature>
  <Name className="java.lang.String">writerAtt</Name>
  <Value className="java.lang.String">positive</Value>
</Feature>
</Annotation>
<Annotation Id="67" Type="gfbf-object" StartNode="2235" EndNode="2241">
<Feature>
  <Name className="java.lang.String">writerAtt</Name>
  <Value className="java.lang.String">positive</Value>
</Feature>
</Annotation>
<Annotation Id="76" Type="referent" StartNode="904" EndNode="913">
<Feature>
  <Name className="java.lang.String">writerAtt</Name>
  <Value className="java.lang.String">negative</Value>
</Feature>
</Annotation>
<Annotation Id="77" Type="referent" StartNode="1991" EndNode="2004">
<Feature>
  <Name className="java.lang.String">writerAtt</Name>
  <Value className="java.lang.String">negative</Value>
</Feature>
</Annotation>
<Annotation Id="78" Type="gfbf" StartNode="2867" EndNode="2873">
<Feature>
  <Name className="java.lang.String">agentId</Name>
  <Value className="java.lang.String">79</Value>
</Feature>
<Feature>
  <Name className="java.lang.String">polarity</Name>
  <Value className="java.lang.String">goodfor</Value>
</Feature>
<Feature>
  <Name className="java.lang.String">objectId</Name>
  <Value className="java.lang.String">80</Value>
</Feature>
</Annotation>
<Annotation Id="79" Type="gfbf-agent" StartNode="2815" EndNode="2828">
<Feature>
  <Name className="java.lang.String">writerAtt</Name>
  <Value className="java.lang.String">negative</Value>
</Feature>
</Annotation>
<Annotation Id="72" Type="gfbf-object" StartNode="2495" EndNode="2504">
<Feature>
  <Name className="java.lang.String">writerAtt</Name>
  <Value className="java.lang.String">negative</Value>
</Feature>
</Annotation>
<Annotation Id="73" Type="gfbf-agent" StartNode="2463" EndNode="2471">
<Feature>
  <Name className="java.lang.String">writerAtt</Name>
  <Value className="java.lang.String">positive</Value>
</Feature>
</Annotation>
<Annotation Id="74" Type="referent" StartNode="487" EndNode="496">
<Feature>
  <Name className="java.lang.String">writerAtt</Name>
  <Value className="java.lang.String">negative</Value>
</Feature>
</Annotation>
<Annotation Id="75" Type="referent" StartNode="1029" EndNode="1048">
<Feature>
  <Name className="java.lang.String">writerAtt</Name>
  <Value className="java.lang.String">positive</Value>
</Feature>
</Annotation>
<Annotation Id="85" Type="gfbf-agent" StartNode="314" EndNode="316">
<Feature>
  <Name className="java.lang.String">referentId</Name>
  <Value className="java.lang.String">86</Value>
</Feature>
<Feature>
  <Name className="java.lang.String">reference</Name>
  <Value className="java.lang.String">true</Value>
</Feature>
<Feature>
  <Name className="java.lang.String">writerAtt</Name>
  <Value className="java.lang.String">negative</Value>
</Feature>
</Annotation>
<Annotation Id="84" Type="gfbf-object" StartNode="347" EndNode="370">
<Feature>
  <Name className="java.lang.String">writerAtt</Name>
  <Value className="java.lang.String">negative</Value>
</Feature>
</Annotation>
<Annotation Id="87" Type="gfbf" StartNode="1320" EndNode="1331">
<Feature>
  <Name className="java.lang.String">uncertain</Name>
  <Value className="java.lang.String">true</Value>
</Feature>
<Feature>
  <Name className="java.lang.String">agentId</Name>
  <Value className="java.lang.String">57</Value>
</Feature>
<Feature>
  <Name className="java.lang.String">objectId</Name>
  <Value className="java.lang.String">88</Value>
</Feature>
<Feature>
  <Name className="java.lang.String">polarity</Name>
  <Value className="java.lang.String">badfor</Value>
</Feature>
</Annotation>
<Annotation Id="86" Type="referent" StartNode="204" EndNode="217">
</Annotation>
<Annotation Id="81" Type="referent" StartNode="2784" EndNode="2793">
</Annotation>
<Annotation Id="80" Type="gfbf-object" StartNode="2874" EndNode="2876">
<Feature>
  <Name className="java.lang.String">uncertain</Name>
  <Value className="java.lang.String">81</Value>
</Feature>
<Feature>
  <Name className="java.lang.String">writerAtt</Name>
  <Value className="java.lang.String">negative</Value>
</Feature>
<Feature>
  <Name className="java.lang.String">refererence</Name>
  <Value className="java.lang.String">true</Value>
</Feature>
</Annotation>
<Annotation Id="82" Type="gfbf" StartNode="337" EndNode="346">
<Feature>
  <Name className="java.lang.String">agentId</Name>
  <Value className="java.lang.String">85</Value>
</Feature>
<Feature>
  <Name className="java.lang.String">objectId</Name>
  <Value className="java.lang.String">84</Value>
</Feature>
<Feature>
  <Name className="java.lang.String">polarity</Name>
  <Value className="java.lang.String">goodfor</Value>
</Feature>
</Annotation>
<Annotation Id="93" Type="gfbf" StartNode="1946" EndNode="1952">
<Feature>
  <Name className="java.lang.String">agentId</Name>
  <Value className="java.lang.String">95</Value>
</Feature>
<Feature>
  <Name className="java.lang.String">objectId</Name>
  <Value className="java.lang.String">94</Value>
</Feature>
<Feature>
  <Name className="java.lang.String">polarity</Name>
  <Value className="java.lang.String">badfor</Value>
</Feature>
</Annotation>
<Annotation Id="92" Type="referent" StartNode="1657" EndNode="1699">
<Feature>
  <Name className="java.lang.String">writerAtt</Name>
  <Value className="java.lang.String">positive</Value>
</Feature>
</Annotation>
<Annotation Id="95" Type="gfbf-agent" StartNode="1920" EndNode="1933">
<Feature>
  <Name className="java.lang.String">writerAtt</Name>
  <Value className="java.lang.String">negative</Value>
</Feature>
</Annotation>
<Annotation Id="94" Type="gfbf-object" StartNode="1953" EndNode="1955">
<Feature>
  <Name className="java.lang.String">writerAtt</Name>
  <Value className="java.lang.String">positive</Value>
</Feature>
</Annotation>
<Annotation Id="89" Type="gfbf" StartNode="1721" EndNode="1730">
<Feature>
  <Name className="java.lang.String">agentId</Name>
  <Value className="java.lang.String">implicit</Value>
</Feature>
<Feature>
  <Name className="java.lang.String">objectId</Name>
  <Value className="java.lang.String">91</Value>
</Feature>
<Feature>
  <Name className="java.lang.String">polarity</Name>
  <Value className="java.lang.String">badfor</Value>
</Feature>
</Annotation>
<Annotation Id="88" Type="gfbf-object" StartNode="1332" EndNode="1355">
<Feature>
  <Name className="java.lang.String">referentId</Name>
  <Value className="java.lang.String">57</Value>
</Feature>
<Feature>
  <Name className="java.lang.String">refererence</Name>
  <Value className="java.lang.String">true</Value>
</Feature>
<Feature>
  <Name className="java.lang.String">writerAtt</Name>
  <Value className="java.lang.String">positive</Value>
</Feature>
</Annotation>
<Annotation Id="91" Type="gfbf-object" StartNode="1705" EndNode="1709">
<Feature>
  <Name className="java.lang.String">referentId</Name>
  <Value className="java.lang.String">92</Value>
</Feature>
<Feature>
  <Name className="java.lang.String">refererence</Name>
  <Value className="java.lang.String">true</Value>
</Feature>
<Feature>
  <Name className="java.lang.String">writerAtt</Name>
  <Value className="java.lang.String">positive</Value>
</Feature>
</Annotation>
<Annotation Id="90" Type="gfbf" StartNode="1735" EndNode="1741">
<Feature>
  <Name className="java.lang.String">agentId</Name>
  <Value className="java.lang.String">implicit</Value>
</Feature>
<Feature>
  <Name className="java.lang.String">uncertain</Name>
  <Value className="java.lang.String">true</Value>
</Feature>
<Feature>
  <Name className="java.lang.String">objectId</Name>
  <Value className="java.lang.String">91</Value>
</Feature>
<Feature>
  <Name className="java.lang.String">polarity</Name>
  <Value className="java.lang.String">badfor</Value>
</Feature>
</Annotation>
<Annotation Id="102" Type="gfbf-object" StartNode="795" EndNode="804">
<Feature>
  <Name className="java.lang.String">writerAtt</Name>
  <Value className="java.lang.String">negative</Value>
</Feature>
</Annotation>
<Annotation Id="103" Type="gfbf-agent" StartNode="777" EndNode="780">
<Feature>
  <Name className="java.lang.String">uncertain</Name>
  <Value className="java.lang.String">true</Value>
</Feature>
<Feature>
  <Name className="java.lang.String">writerAtt</Name>
  <Value className="java.lang.String">negative</Value>
</Feature>
</Annotation>
<Annotation Id="100" Type="gfbf-object" StartNode="2353" EndNode="2360">
<Feature>
  <Name className="java.lang.String">writerAtt</Name>
  <Value className="java.lang.String">negative</Value>
</Feature>
</Annotation>
<Annotation Id="101" Type="gfbf" StartNode="788" EndNode="794">
<Feature>
  <Name className="java.lang.String">agentId</Name>
  <Value className="java.lang.String">103</Value>
</Feature>
<Feature>
  <Name className="java.lang.String">objectId</Name>
  <Value className="java.lang.String">102</Value>
</Feature>
<Feature>
  <Name className="java.lang.String">polarity</Name>
  <Value className="java.lang.String">goodfor</Value>
</Feature>
</Annotation>
<Annotation Id="98" Type="gfbf-agent" StartNode="2294" EndNode="2308">
<Feature>
  <Name className="java.lang.String">uncertain</Name>
  <Value className="java.lang.String">true</Value>
</Feature>
<Feature>
  <Name className="java.lang.String">writerAtt</Name>
  <Value className="java.lang.String">positive</Value>
</Feature>
<Feature>
  <Name className="java.lang.String">reference</Name>
  <Value className="java.lang.String">true</Value>
</Feature>
<Feature>
  <Name className="java.lang.String">referentId</Name>
  <Value className="java.lang.String">66</Value>
</Feature>
</Annotation>
<Annotation Id="99" Type="gfbf" StartNode="2361" EndNode="2367">
<Feature>
  <Name className="java.lang.String">agentId</Name>
  <Value className="java.lang.String">implicit</Value>
</Feature>
<Feature>
  <Name className="java.lang.String">objectId</Name>
  <Value className="java.lang.String">100</Value>
</Feature>
<Feature>
  <Name className="java.lang.String">polarity</Name>
  <Value className="java.lang.String">goodfor</Value>
</Feature>
</Annotation>
<Annotation Id="96" Type="gfbf" StartNode="2309" EndNode="2317">
<Feature>
  <Name className="java.lang.String">agentId</Name>
  <Value className="java.lang.String">98</Value>
</Feature>
<Feature>
  <Name className="java.lang.String">objectId</Name>
  <Value className="java.lang.String">97</Value>
</Feature>
<Feature>
  <Name className="java.lang.String">polarity</Name>
  <Value className="java.lang.String">goodfor</Value>
</Feature>
</Annotation>
<Annotation Id="97" Type="gfbf-object" StartNode="2318" EndNode="2324">
<Feature>
  <Name className="java.lang.String">writerAtt</Name>
  <Value className="java.lang.String">positive</Value>
</Feature>
</Annotation>
<Annotation Id="106" Type="gfbf-object" StartNode="1367" EndNode="1397">
<Feature>
  <Name className="java.lang.String">writerAtt</Name>
  <Value className="java.lang.String">positive</Value>
</Feature>
</Annotation>
<Annotation Id="104" Type="highlight" StartNode="1357" EndNode="1397">
</Annotation>
<Annotation Id="105" Type="gfbf" StartNode="1360" EndNode="1366">
<Feature>
  <Name className="java.lang.String">agentId</Name>
  <Value className="java.lang.String">implicit</Value>
</Feature>
<Feature>
  <Name className="java.lang.String">phaseII</Name>
  <Value className="java.lang.String">phaseII</Value>
</Feature>
<Feature>
  <Name className="java.lang.String">objectId</Name>
  <Value className="java.lang.String">106</Value>
</Feature>
<Feature>
  <Name className="java.lang.String">polarity</Name>
  <Value className="java.lang.String">goodfor</Value>
</Feature>
</Annotation>
</AnnotationSet>

<!-- Named annotation set -->

<AnnotationSet Name="Original markups">
<Annotation Id="0" Type="paragraph" StartNode="0" EndNode="84">
</Annotation>
<Annotation Id="1" Type="paragraph" StartNode="86" EndNode="105">
</Annotation>
<Annotation Id="2" Type="paragraph" StartNode="107" EndNode="202">
</Annotation>
<Annotation Id="3" Type="paragraph" StartNode="204" EndNode="301">
</Annotation>
<Annotation Id="4" Type="paragraph" StartNode="307" EndNode="419">
</Annotation>
<Annotation Id="5" Type="paragraph" StartNode="421" EndNode="694">
</Annotation>
<Annotation Id="6" Type="paragraph" StartNode="696" EndNode="847">
</Annotation>
<Annotation Id="7" Type="paragraph" StartNode="849" EndNode="1111">
</Annotation>
<Annotation Id="8" Type="paragraph" StartNode="1113" EndNode="1460">
</Annotation>
<Annotation Id="9" Type="paragraph" StartNode="1462" EndNode="1598">
</Annotation>
<Annotation Id="10" Type="paragraph" StartNode="1600" EndNode="1887">
</Annotation>
<Annotation Id="11" Type="paragraph" StartNode="1889" EndNode="1978">
</Annotation>
<Annotation Id="12" Type="paragraph" StartNode="1980" EndNode="2180">
</Annotation>
<Annotation Id="13" Type="paragraph" StartNode="2182" EndNode="2405">
</Annotation>
<Annotation Id="14" Type="paragraph" StartNode="2407" EndNode="2677">
</Annotation>
<Annotation Id="15" Type="paragraph" StartNode="2679" EndNode="2766">
</Annotation>
<Annotation Id="17" Type="paragraph" StartNode="2930" EndNode="3100">
</Annotation>
<Annotation Id="16" Type="paragraph" StartNode="2768" EndNode="2928">
</Annotation>
<Annotation Id="18" Type="paragraph" StartNode="3102" EndNode="3230">
</Annotation>
</AnnotationSet>

</GateDocument>
