<?xml version='1.0' encoding='MacRoman'?>
<GateDocument>
<!-- The document's features-->

<GateDocumentFeatures>
<Feature>
  <Name className="java.lang.String">MimeType</Name>
  <Value className="java.lang.String">text/plain</Value>
</Feature>
<Feature>
  <Name className="java.lang.String">gate.SourceURL</Name>
  <Value className="java.lang.String">file:/home/conrada/Dropbox/healthcare_data/training_new/hc119.txt</Value>
</Feature>
<Feature>
  <Name className="java.lang.String">docNewLineType</Name>
  <Value className="java.lang.String">LF</Value>
</Feature>
</GateDocumentFeatures>
<!-- The document content area with serialized nodes -->

<TextWithNodes><Node id="0" />June 1, 2011
<Node id="13" />ObamaCare <Node id="23" />Makes Us Sicker and Poorer<Node id="49" />
By M  Catharine Evans<Node id="71" />

<Node id="73" />Major corporations, food retailers, and self-insured businesses are slapping whopping deductibles onto their employee medical benefits packages, converting them into catastrophic policies<Node id="260" />.  <Node id="263" />The high-deductible health insurance plans are designed to lower costs by turning the "reactive" practice of medicine into a "proactive" one<Node id="403" />.<Node id="404" />

<Node id="406" />According to the Robert Wood Johnson Foundation's 2007 Chronic Care Model, a "reactive" medical situation might be described as an individual who notices an odd-shaped mole on her hand and immediately makes an appointment with her physician<Node id="646" />.  <Node id="649" />In a "proactive" scenario, the patient, unable to pay the out-of-pocket cost for a doctor's visit because of a 2,000% increase in her deductible, prays the mole will disappear on its own<Node id="835" />.<Node id="836" />

<Node id="838" />In place of the comprehensive health care plans with minimal or no deductible, employers are building health/wellness packages designed to protect against catastrophes as opposed to routine care.<Node id="1033" />  <Node id="1035" />Employees are exchanging lower deductions from their paychecks for higher medical deductibles, hoping they don't get sick<Node id="1156" />.<Node id="1157" />

<Node id="1159" />The change to higher deductible plans has been dramatic<Node id="1214" />.  <Node id="1217" />A March 2011 Rand study showed that in 2009 20% of Americans enrolled in employee sponsored health plans chose the higher deductible coverage<Node id="1358" />.  <Node id="1361" />One year later that figure rose to 54%<Node id="1399" />.  <Node id="1402" />The study also revealed that deductibles over $1,000 cut costs overall in the first year of enrollment<Node id="1504" />.  <Node id="1507" />However, the Rand authors discovered that people with high deductible plans are less likely to get cancer screenings, immunizations, or regular physicals<Node id="1660" />.<Node id="1661" />

<Node id="1663" />But we also found concerning reductions in use of preventive care<Node id="1728" />. <Node id="1730" />This suggests people are cutting both necessary and unnecessary care - and if this persists, it is likely to have health consequences in the future<Node id="1877" />. <Node id="1879" />These cutbacks could cause a spike in health care costs <Node id="1935" />down the road<Node id="1948" /> if people end up <Node id="1966" />sicker<Node id="1972" /> and need more-intensive treatment<Node id="2006" />.<Node id="2007" />

<Node id="2009" />These "consumer-directed" high deductible plans will be the "key offering" when states set up insurance exchanges under the new heath care mandates scheduled to go into effect in 2014<Node id="2192" />.<Node id="2193" />

<Node id="2195" />The alarming findings of the Rand study have some major employers brushing up on Skinnerian techniques of reward and punishment directed at their employees<Node id="2350" />.  Some businesses are reducing the amount of deductibles if their employees agree to a complete company physical, the results of which don't stay in the doctor's office, but end up in the employee's file.  You could call it a "waiver for good behavior."<Node id="2604" />

<Node id="2606" />The shock and awe language used by the RWJ foundation in their Chronic Care Model, also cited by the Center for American Progress' 2008  600-page "Change for America," has employers frenetically attempting to modify the behavior of their workers.<Node id="2852" />

<Node id="2854" />The most recent data show that more than 145 million people, or almost half of all Americans, live with a chronic condition. That number is projected to increase by more than one percent per year by 2030, resulting in an estimated chronically ill population of 171 million. Almost half of all people with chronic illness have multiple conditions.<Node id="3200" />

<Node id="3202" />With incendiary and dubious statistics like these, no wonder employers who insure the majority of working Americans are pushing the panic buttons<Node id="3347" />.<Node id="3348" />

<Node id="3350" />John Mackey, CEO of Whole Foods, who wrote a scathing rebuke of ObamaCare in an op-ed for the Wall Street Journal back in 2009, is trying to build a "culture of wellness" for his employees.  In November of 2010 the so-called liberal magazine Mother Jones obtained a copy of a memo distributed to Whole Foods employees concerning the changes in their upcoming plans for 2011.  Mackey used bold print in the memo to assure the team members the company was not raising premiums, but <Node id="3830" />deductibles would <Node id="3848" />rise<Node id="3852" /> and ObamaCare was responsible for the situation<Node id="3900" />:<Node id="3901" />

<Node id="3903" />This is very important for everyone to understand<Node id="3952" />. <Node id="3954" />100% of the <Node id="3966" />increases in<Node id="3978" /> <Node id="3979" />deductibles and out-of pocket-maximums in 2011<Node id="4025" /> compared to 2010 are due to <Node id="4054" />the new federal mandates and regulations<Node id="4094" />. We are not raising premiums for 2011.<Node id="4133" />

<Node id="4135" />We are witnessing unprecedented changes in healthcare costs - as well as a very uncertain federal regulatory climate<Node id="4251" />.  <Node id="4254" />It is impossible for the leadership of the company to know or predict  - what is going to happen to health care mandates, regulations or costs for the next several years<Node id="4423" />.<Node id="4424" />

<Node id="4426" />This uncertainty facing large and small businesses, the lifeblood of a thriving free market system, faces everyday people as well<Node id="4555" />.  <Node id="4558" />Why rush to the doctor with a cut that looks infected and pay over a hundred dollars to be seen?<Node id="4654" />  Many of us would just apply more Neosporin and wait it out.  <Node id="4717" />If it turns into a full blown staph infection we could end up in the ER with costlier complications<Node id="4816" />.  <Node id="4819" />Where's the preventive component in this situation?<Node id="4870" />

<Node id="4872" />Dr  Donald Berwick, the Administrator for the Centers for Medicare and Medicaid Services (CMS), with his "person-centered" care systems suggests a patient should act as the physician's "peer" in determining treatment.  In a NYT article entitled "Letting the Patient Call the Shots," Dr  Berwick, using his characteristic benevolent babble, suggests that physicians need to be relieved of the burden of having to "deny or exclude" patient care.  Instead, he delegates the burden of changing the healthcare system to "leaders, the stewards, the people who create the organizations where the workforce works."  <Node id="5480" />For Berwick leaving his fellow doctors who trained for 12 years in charge is too "draining on the spirit<Node id="5584" />."<Node id="5586" />

<Node id="5588" />Employers like John Mackey got the message.  <Node id="5633" />The ominous economic outlook has forced business leaders to go along with Dr  Berwick's systemic changes<Node id="5737" />.  The Whole Foods CEO wrote in his memo to employees:<Node id="5791" />

 <Node id="5794" /> - our doctors are trained in first aid, surgery, and in the use of prescription drugs. They are not trained in either healthy eating or healthy living and in many cases they know far less than many of their patients about these two essential criteria for wellness.<Node id="6059" />

<Node id="6061" />High deductible plans appear to be the only game in town for consumers with employer based insurance if they don't want to see their weekly paychecks dwindling even lower<Node id="6231" />.  That the plans complement the "person-centered" model touted by Berwick at CMS is a plus for the administration.  Their popularity will help to achieve "a transformation of health care, from a system that is essentially reactive -- responding mainly when a person is sick -- to one that is proactive and focused on keeping a person as healthy as possible."<Node id="6590" />

<Node id="6592" />What's wrong with changing my diet and lifestyle to become healthier?<Node id="6661" />  <Node id="6663" />Nothing, until my personal choices of what to eat and how to play are compromised by the threat of losing my job<Node id="6775" />.  <Node id="6778" />When companies and the government get into the business of regulating what we eat in our own homes, we are no longer living in a free America<Node id="6919" />.<Node id="6920" />

<Node id="6922" />Since many of us will now be paying premiums on top of all doctor's bills up to $2,000 per year, you would think there would be a bipartisan revolt<Node id="7069" />.  Not so.  In fact Tom Scully, George W  Bush's director of CMS, praised Berwick in early May, saying, "I may not agree with him substantively on everything, but he's definitely doing a good job."<Node id="7266" />

<Node id="7268" />In addition to clueless people like Scully, we have million dollar nonprofits like the Catholic Health Association (CHA) barreling ahead with implementation of ObamaCare.  The CHA, the same organization instrumental in pushing through the Patient Protection and Affordable Care Act, is sponsoring a major conference this weekend with keynote speakers Peter Orszag, former Obama OMB director and Dr  Donald Berwick.  The 3-day assembly will host the leaders of major healthcare and insurance corporations discussing person-centered care and the necessity of "a new governance model in healthcare reform."<Node id="7871" />

<Node id="7873" />When will we the people get a say?<Node id="7907" />

<Node id="7909" />Read more: http://www.americanthinker.com/2011/06/obamacare_makes_us_sicker_and_poorer.html#ixzz1lGHrQEs2<Node id="8014" />

<Node id="8016" /></TextWithNodes>
<!-- The default annotation set -->

<AnnotationSet>
<Annotation Id="34" Type="arg" StartNode="3954" EndNode="4094">
<Feature>
  <Name className="java.lang.String">type</Name>
  <Value className="java.lang.String">label</Value>
</Feature>
<Feature>
  <Name className="java.lang.String">ss-label</Name>
  <Value className="java.lang.String">higher_deductibles</Value>
</Feature>
<Feature>
  <Name className="java.lang.String">polarity</Name>
  <Value className="java.lang.String">negative</Value>
</Feature>
</Annotation>
<Annotation Id="35" Type="rel" StartNode="4135" EndNode="4251">
<Feature>
  <Name className="java.lang.String">type</Name>
  <Value className="java.lang.String">label</Value>
</Feature>
<Feature>
  <Name className="java.lang.String">ss-label</Name>
  <Value className="java.lang.String">leads_to_economic_uncertainty</Value>
</Feature>
</Annotation>
<Annotation Id="32" Type="rel" StartNode="838" EndNode="1033">
<Feature>
  <Name className="java.lang.String">type</Name>
  <Value className="java.lang.String">label</Value>
</Feature>
<Feature>
  <Name className="java.lang.String">ss-label</Name>
  <Value className="java.lang.String">diminishes_preventative_care</Value>
</Feature>
<Feature>
  <Name className="java.lang.String">unclear</Name>
  <Value className="java.lang.String">true</Value>
</Feature>
</Annotation>
<Annotation Id="33" Type="arg" StartNode="3830" EndNode="3900">
<Feature>
  <Name className="java.lang.String">type</Name>
  <Value className="java.lang.String">label</Value>
</Feature>
<Feature>
  <Name className="java.lang.String">ss-label</Name>
  <Value className="java.lang.String">higher_deductibles</Value>
</Feature>
<Feature>
  <Name className="java.lang.String">polarity</Name>
  <Value className="java.lang.String">negative</Value>
</Feature>
</Annotation>
<Annotation Id="64" Type="gfbf-object" StartNode="3979" EndNode="4025">
<Feature>
  <Name className="java.lang.String">writerAtt</Name>
  <Value className="java.lang.String">negative</Value>
</Feature>
</Annotation>
<Annotation Id="65" Type="gfbf-agent" StartNode="4054" EndNode="4094">
<Feature>
  <Name className="java.lang.String">writerAtt</Name>
  <Value className="java.lang.String">negative</Value>
</Feature>
</Annotation>
<Annotation Id="36" Type="arg" StartNode="4254" EndNode="4423">
<Feature>
  <Name className="java.lang.String">ss-label</Name>
  <Value className="java.lang.String">leads_to_economic_uncertainty</Value>
</Feature>
<Feature>
  <Name className="java.lang.String">unclear</Name>
  <Value className="java.lang.String">true</Value>
</Feature>
<Feature>
  <Name className="java.lang.String">type</Name>
  <Value className="java.lang.String">label</Value>
</Feature>
<Feature>
  <Name className="java.lang.String">polarity</Name>
  <Value className="java.lang.String">negative</Value>
</Feature>
</Annotation>
<Annotation Id="40" Type="rel" StartNode="406" EndNode="646">
<Feature>
  <Name className="java.lang.String">type</Name>
  <Value className="java.lang.String">label</Value>
</Feature>
<Feature>
  <Name className="java.lang.String">unclear</Name>
  <Value className="java.lang.String">true</Value>
</Feature>
<Feature>
  <Name className="java.lang.String">ss-label</Name>
  <Value className="java.lang.String">healthcare_quality_good</Value>
</Feature>
</Annotation>
<Annotation Id="51" Type="rel" StartNode="4558" EndNode="4654">
<Feature>
  <Name className="java.lang.String">type</Name>
  <Value className="java.lang.String">label</Value>
</Feature>
<Feature>
  <Name className="java.lang.String">unclear</Name>
  <Value className="java.lang.String">true</Value>
</Feature>
<Feature>
  <Name className="java.lang.String">ss-label</Name>
  <Value className="java.lang.String">diminishes_preventative_care</Value>
</Feature>
</Annotation>
<Annotation Id="59" Type="others" StartNode="23" EndNode="49">
<Feature>
  <Name className="java.lang.String">comment</Name>
  <Value className="java.lang.String">make sb ADJ</Value>
</Feature>
</Annotation>
<Annotation Id="25" Type="arg" StartNode="13" EndNode="49">
<Feature>
  <Name className="java.lang.String">type</Name>
  <Value className="java.lang.String">label</Value>
</Feature>
<Feature>
  <Name className="java.lang.String">ss-label</Name>
  <Value className="java.lang.String">diminishes_quality_of_care</Value>
</Feature>
<Feature>
  <Name className="java.lang.String">polarity</Name>
  <Value className="java.lang.String">negative</Value>
</Feature>
</Annotation>
<Annotation Id="24" Type="doc" StartNode="0" EndNode="8016">
<Feature>
  <Name className="java.lang.String">id</Name>
  <Value className="java.lang.String">hc119</Value>
</Feature>
<Feature>
  <Name className="java.lang.String">author</Name>
  <Value className="java.lang.String">m,catharine,evans</Value>
</Feature>
<Feature>
  <Name className="java.lang.String">date</Name>
  <Value className="java.lang.String">20110601</Value>
</Feature>
<Feature>
  <Name className="java.lang.String">source</Name>
  <Value className="java.lang.String">americanprospect</Value>
</Feature>
<Feature>
  <Name className="java.lang.String">side</Name>
  <Value className="java.lang.String">anti</Value>
</Feature>
<Feature>
  <Name className="java.lang.String">url</Name>
  <Value className="java.lang.String">http://www.americanthinker.com/2011/06/obamacare_makes_us_sicker_and_poorer.html</Value>
</Feature>
</Annotation>
<Annotation Id="27" Type="rel" StartNode="263" EndNode="403">
<Feature>
  <Name className="java.lang.String">type</Name>
  <Value className="java.lang.String">label</Value>
</Feature>
<Feature>
  <Name className="java.lang.String">ss-label</Name>
  <Value className="java.lang.String">individuals_will_pay_more</Value>
</Feature>
<Feature>
  <Name className="java.lang.String">polarity</Name>
  <Value className="java.lang.String">negative</Value>
</Feature>
</Annotation>
<Annotation Id="26" Type="rel" StartNode="73" EndNode="260">
<Feature>
  <Name className="java.lang.String">type</Name>
  <Value className="java.lang.String">label</Value>
</Feature>
<Feature>
  <Name className="java.lang.String">ss-label</Name>
  <Value className="java.lang.String">individuals_will_pay_more</Value>
</Feature>
<Feature>
  <Name className="java.lang.String">polarity</Name>
  <Value className="java.lang.String">negative</Value>
</Feature>
</Annotation>
<Annotation Id="29" Type="rel" StartNode="1035" EndNode="1156">
<Feature>
  <Name className="java.lang.String">type</Name>
  <Value className="java.lang.String">label</Value>
</Feature>
<Feature>
  <Name className="java.lang.String">ss-label</Name>
  <Value className="java.lang.String">individuals_will_pay_more</Value>
</Feature>
</Annotation>
<Annotation Id="63" Type="gfbf" StartNode="3966" EndNode="3978">
<Feature>
  <Name className="java.lang.String">agentId</Name>
  <Value className="java.lang.String">65</Value>
</Feature>
<Feature>
  <Name className="java.lang.String">polarity</Name>
  <Value className="java.lang.String">goodfor</Value>
</Feature>
<Feature>
  <Name className="java.lang.String">objectId</Name>
  <Value className="java.lang.String">64</Value>
</Feature>
</Annotation>
<Annotation Id="28" Type="rel" StartNode="649" EndNode="835">
<Feature>
  <Name className="java.lang.String">type</Name>
  <Value className="java.lang.String">label</Value>
</Feature>
<Feature>
  <Name className="java.lang.String">ss-label</Name>
  <Value className="java.lang.String">individuals_will_pay_more</Value>
</Feature>
</Annotation>
<Annotation Id="62" Type="others" StartNode="3848" EndNode="3852">
<Feature>
  <Name className="java.lang.String">comment</Name>
  <Value className="java.lang.String">goodfor Agent</Value>
</Feature>
</Annotation>
<Annotation Id="31" Type="arg" StartNode="1879" EndNode="2006">
<Feature>
  <Name className="java.lang.String"></Name>
  <Value className="java.lang.String">true</Value>
</Feature>
<Feature>
  <Name className="java.lang.String">ss-label</Name>
  <Value className="java.lang.String">does_not_control_healthcare_costs</Value>
</Feature>
<Feature>
  <Name className="java.lang.String">type</Name>
  <Value className="java.lang.String">label</Value>
</Feature>
<Feature>
  <Name className="java.lang.String">polarity</Name>
  <Value className="java.lang.String">negative</Value>
</Feature>
</Annotation>
<Annotation Id="61" Type="others" StartNode="1966" EndNode="1972">
<Feature>
  <Name className="java.lang.String">comment</Name>
  <Value className="java.lang.String">BadFor agent</Value>
</Feature>
</Annotation>
<Annotation Id="30" Type="rel" StartNode="1663" EndNode="1728">
<Feature>
  <Name className="java.lang.String">type</Name>
  <Value className="java.lang.String">label</Value>
</Feature>
<Feature>
  <Name className="java.lang.String">ss-label</Name>
  <Value className="java.lang.String">diminishes_quality_of_care</Value>
</Feature>
<Feature>
  <Name className="java.lang.String">polarity</Name>
  <Value className="java.lang.String">negative</Value>
</Feature>
</Annotation>
<Annotation Id="60" Type="others" StartNode="1935" EndNode="1948">
<Feature>
  <Name className="java.lang.String">comment</Name>
  <Value className="java.lang.String">BadFor agent</Value>
</Feature>
</Annotation>
</AnnotationSet>

<!-- Named annotation set -->

<AnnotationSet Name="Original markups">
<Annotation Id="0" Type="paragraph" StartNode="0" EndNode="71">
</Annotation>
<Annotation Id="1" Type="paragraph" StartNode="73" EndNode="404">
</Annotation>
<Annotation Id="2" Type="paragraph" StartNode="406" EndNode="836">
</Annotation>
<Annotation Id="3" Type="paragraph" StartNode="838" EndNode="1157">
</Annotation>
<Annotation Id="4" Type="paragraph" StartNode="1159" EndNode="1661">
</Annotation>
<Annotation Id="5" Type="paragraph" StartNode="1663" EndNode="2007">
</Annotation>
<Annotation Id="6" Type="paragraph" StartNode="2009" EndNode="2193">
</Annotation>
<Annotation Id="7" Type="paragraph" StartNode="2195" EndNode="2604">
</Annotation>
<Annotation Id="8" Type="paragraph" StartNode="2606" EndNode="2852">
</Annotation>
<Annotation Id="9" Type="paragraph" StartNode="2854" EndNode="3200">
</Annotation>
<Annotation Id="10" Type="paragraph" StartNode="3202" EndNode="3348">
</Annotation>
<Annotation Id="11" Type="paragraph" StartNode="3350" EndNode="3901">
</Annotation>
<Annotation Id="12" Type="paragraph" StartNode="3903" EndNode="4133">
</Annotation>
<Annotation Id="13" Type="paragraph" StartNode="4135" EndNode="4424">
</Annotation>
<Annotation Id="14" Type="paragraph" StartNode="4426" EndNode="4870">
</Annotation>
<Annotation Id="15" Type="paragraph" StartNode="4872" EndNode="5586">
</Annotation>
<Annotation Id="17" Type="paragraph" StartNode="5794" EndNode="6059">
</Annotation>
<Annotation Id="16" Type="paragraph" StartNode="5588" EndNode="5791">
</Annotation>
<Annotation Id="19" Type="paragraph" StartNode="6592" EndNode="6920">
</Annotation>
<Annotation Id="18" Type="paragraph" StartNode="6061" EndNode="6590">
</Annotation>
<Annotation Id="21" Type="paragraph" StartNode="7268" EndNode="7871">
</Annotation>
<Annotation Id="20" Type="paragraph" StartNode="6922" EndNode="7266">
</Annotation>
<Annotation Id="23" Type="paragraph" StartNode="7909" EndNode="8014">
</Annotation>
<Annotation Id="22" Type="paragraph" StartNode="7873" EndNode="7907">
</Annotation>
<Annotation Id="38" Type="arg" StartNode="6778" EndNode="6919">
<Feature>
  <Name className="java.lang.String">ss-label</Name>
  <Value className="java.lang.String">restricts_freedom</Value>
</Feature>
<Feature>
  <Name className="java.lang.String">unclear</Name>
  <Value className="java.lang.String">true</Value>
</Feature>
<Feature>
  <Name className="java.lang.String">type</Name>
  <Value className="java.lang.String">label</Value>
</Feature>
<Feature>
  <Name className="java.lang.String">polarity</Name>
  <Value className="java.lang.String">negative</Value>
</Feature>
</Annotation>
<Annotation Id="39" Type="arg" StartNode="6922" EndNode="7069">
<Feature>
  <Name className="java.lang.String">type</Name>
  <Value className="java.lang.String">label</Value>
</Feature>
<Feature>
  <Name className="java.lang.String">ss-label</Name>
  <Value className="java.lang.String">individuals_will_pay_more</Value>
</Feature>
<Feature>
  <Name className="java.lang.String">polarity</Name>
  <Value className="java.lang.String">negative</Value>
</Feature>
</Annotation>
<Annotation Id="37" Type="rel" StartNode="4426" EndNode="4555">
<Feature>
  <Name className="java.lang.String">type</Name>
  <Value className="java.lang.String">label</Value>
</Feature>
<Feature>
  <Name className="java.lang.String">ss-label</Name>
  <Value className="java.lang.String">leads_to_economic_uncertainty</Value>
</Feature>
</Annotation>
<Annotation Id="42" Type="rel" StartNode="1159" EndNode="1214">
<Feature>
  <Name className="java.lang.String">type</Name>
  <Value className="java.lang.String">label</Value>
</Feature>
<Feature>
  <Name className="java.lang.String">ss-label</Name>
  <Value className="java.lang.String">higher_deductibles</Value>
</Feature>
</Annotation>
<Annotation Id="43" Type="rel" StartNode="1217" EndNode="1358">
<Feature>
  <Name className="java.lang.String">type</Name>
  <Value className="java.lang.String">label</Value>
</Feature>
<Feature>
  <Name className="java.lang.String">ss-label</Name>
  <Value className="java.lang.String">higher_deductibles</Value>
</Feature>
</Annotation>
<Annotation Id="41" Type="rel" StartNode="1507" EndNode="1660">
<Feature>
  <Name className="java.lang.String">type</Name>
  <Value className="java.lang.String">label</Value>
</Feature>
<Feature>
  <Name className="java.lang.String">ss-label</Name>
  <Value className="java.lang.String">diminishes_preventative_care</Value>
</Feature>
</Annotation>
<Annotation Id="46" Type="rel" StartNode="1730" EndNode="1877">
<Feature>
  <Name className="java.lang.String">type</Name>
  <Value className="java.lang.String">label</Value>
</Feature>
<Feature>
  <Name className="java.lang.String">ss-label</Name>
  <Value className="java.lang.String">diminishes_preventative_care</Value>
</Feature>
<Feature>
  <Name className="java.lang.String">polarity</Name>
  <Value className="java.lang.String">negative</Value>
</Feature>
</Annotation>
<Annotation Id="47" Type="rel" StartNode="2009" EndNode="2192">
<Feature>
  <Name className="java.lang.String">type</Name>
  <Value className="java.lang.String">label</Value>
</Feature>
<Feature>
  <Name className="java.lang.String">ss-label</Name>
  <Value className="java.lang.String">higher_deductibles</Value>
</Feature>
</Annotation>
<Annotation Id="44" Type="rel" StartNode="1361" EndNode="1399">
<Feature>
  <Name className="java.lang.String">type</Name>
  <Value className="java.lang.String">label</Value>
</Feature>
<Feature>
  <Name className="java.lang.String">ss-label</Name>
  <Value className="java.lang.String">higher_deductibles</Value>
</Feature>
</Annotation>
<Annotation Id="45" Type="rel" StartNode="1402" EndNode="1504">
<Feature>
  <Name className="java.lang.String">type</Name>
  <Value className="java.lang.String">label</Value>
</Feature>
<Feature>
  <Name className="java.lang.String">ss-label</Name>
  <Value className="java.lang.String">higher_deductibles</Value>
</Feature>
</Annotation>
<Annotation Id="50" Type="arg" StartNode="3903" EndNode="3952">
<Feature>
  <Name className="java.lang.String">type</Name>
  <Value className="java.lang.String">else</Value>
</Feature>
<Feature>
  <Name className="java.lang.String">unclear</Name>
  <Value className="java.lang.String">true</Value>
</Feature>
<Feature>
  <Name className="java.lang.String">polarity</Name>
  <Value className="java.lang.String">positive</Value>
</Feature>
</Annotation>
<Annotation Id="49" Type="rel" StartNode="3202" EndNode="3347">
<Feature>
  <Name className="java.lang.String">type</Name>
  <Value className="java.lang.String">label</Value>
</Feature>
<Feature>
  <Name className="java.lang.String">ss-label</Name>
  <Value className="java.lang.String">hurts_businesses</Value>
</Feature>
<Feature>
  <Name className="java.lang.String">unclear</Name>
  <Value className="java.lang.String">true</Value>
</Feature>
</Annotation>
<Annotation Id="48" Type="rel" StartNode="2195" EndNode="2350">
<Feature>
  <Name className="java.lang.String">type</Name>
  <Value className="java.lang.String">label</Value>
</Feature>
<Feature>
  <Name className="java.lang.String">ss-label</Name>
  <Value className="java.lang.String">hurts_businesses</Value>
</Feature>
<Feature>
  <Name className="java.lang.String">unclear</Name>
  <Value className="java.lang.String">true</Value>
</Feature>
</Annotation>
<Annotation Id="55" Type="rel" StartNode="5633" EndNode="5737">
<Feature>
  <Name className="java.lang.String">type</Name>
  <Value className="java.lang.String">label</Value>
</Feature>
<Feature>
  <Name className="java.lang.String">ss-label</Name>
  <Value className="java.lang.String">hurts_businesses</Value>
</Feature>
</Annotation>
<Annotation Id="54" Type="rel" StartNode="5480" EndNode="5584">
<Feature>
  <Name className="java.lang.String">type</Name>
  <Value className="java.lang.String">label</Value>
</Feature>
<Feature>
  <Name className="java.lang.String">ss-label</Name>
  <Value className="java.lang.String">hurts_doctors</Value>
</Feature>
</Annotation>
<Annotation Id="53" Type="rel" StartNode="4819" EndNode="4870">
<Feature>
  <Name className="java.lang.String">type</Name>
  <Value className="java.lang.String">label</Value>
</Feature>
<Feature>
  <Name className="java.lang.String">ss-label</Name>
  <Value className="java.lang.String">diminishes_preventative_care</Value>
</Feature>
<Feature>
  <Name className="java.lang.String">polarity</Name>
  <Value className="java.lang.String">negative</Value>
</Feature>
</Annotation>
<Annotation Id="52" Type="rel" StartNode="4717" EndNode="4816">
<Feature>
  <Name className="java.lang.String">type</Name>
  <Value className="java.lang.String">label</Value>
</Feature>
<Feature>
  <Name className="java.lang.String">unclear</Name>
  <Value className="java.lang.String">true</Value>
</Feature>
<Feature>
  <Name className="java.lang.String">ss-label</Name>
  <Value className="java.lang.String">diminishes_preventative_care</Value>
</Feature>
</Annotation>
<Annotation Id="58" Type="rel" StartNode="6663" EndNode="6775">
<Feature>
  <Name className="java.lang.String">type</Name>
  <Value className="java.lang.String">label</Value>
</Feature>
<Feature>
  <Name className="java.lang.String">ss-label</Name>
  <Value className="java.lang.String">restricts_freedom</Value>
</Feature>
</Annotation>
<Annotation Id="57" Type="rel" StartNode="6592" EndNode="6661">
<Feature>
  <Name className="java.lang.String">type</Name>
  <Value className="java.lang.String">label</Value>
</Feature>
<Feature>
  <Name className="java.lang.String">ss-label</Name>
  <Value className="java.lang.String">restricts_freedom</Value>
</Feature>
</Annotation>
<Annotation Id="56" Type="rel" StartNode="6061" EndNode="6231">
<Feature>
  <Name className="java.lang.String">type</Name>
  <Value className="java.lang.String">label</Value>
</Feature>
<Feature>
  <Name className="java.lang.String">ss-label</Name>
  <Value className="java.lang.String">higher_deductibles</Value>
</Feature>
<Feature>
  <Name className="java.lang.String">polarity</Name>
  <Value className="java.lang.String">negative</Value>
</Feature>
</Annotation>
</AnnotationSet>

</GateDocument>
