<?xml version='1.0' encoding='MacRoman'?>
<GateDocument>
<!-- The document's features-->

<GateDocumentFeatures>
<Feature>
  <Name className="java.lang.String">gate.SourceURL</Name>
  <Value className="java.lang.String">file:/home/conrada/Dropbox/healthcare_data/training_new/hc117.txt</Value>
</Feature>
<Feature>
  <Name className="java.lang.String">MimeType</Name>
  <Value className="java.lang.String">text/plain</Value>
</Feature>
<Feature>
  <Name className="java.lang.String">docNewLineType</Name>
  <Value className="java.lang.String">LF</Value>
</Feature>
</GateDocumentFeatures>
<!-- The document content area with serialized nodes -->

<TextWithNodes><Node id="0" />May 14, 2011
<Node id="13" />The Ever-Shifting Price of ObamaCare<Node id="49" />
By Jon N Hall
One reason the price of a new Cadillac isn't higher is because not everyone wants a new Cadillac -- at least not if they themselves have to pay for it. But if everyone were in the market for a new Cadillac, one could be assured with metaphysical certitude that the price would "necessarily skyrocket."<Node id="365" />

<Node id="367" />As it is with the Cadillac, so it is with everything else: Limited supply and soaring demand make for soaring prices.<Node id="484" />

<Node id="486" />But defenders of ObamaCare tell us that the dynamic at play in the price of everything else, including Cadillacs, doesn't work for health insurance<Node id="633" />. <Node id="635" />They say that the price of health insurance will fall if everyone buys a policy<Node id="714" />. <Node id="716" />They tell us we need to get all the healthy, young people -- the ones least likely to make an insurance claim -- to buy health insurance, and only then will the price of policies come down<Node id="904" />. (This is analogous to forcing everyone to buy a new Cadillac when only a few can take possession of one.)<Node id="1011" />

<Node id="1013" />It's the "pool theory" of pricing: require everyone to buy health insurance and get into the pool<Node id="1110" />.  <Node id="1113" />But there's a fatal flaw in this theory: Not everyone is going to get in the pool<Node id="1194" />.  <Node id="1197" />In fact, ObamaCare doesn't even require that everyone buy insurance and get into the pool<Node id="1286" />.  <Node id="1289" />Some folks will get free health care from the government courtesy of the American taxpayer<Node id="1379" />.  <Node id="1382" />This was the case before ObamaCare, and it will be the case under ObamaCare<Node id="1457" />.  <Node id="1460" />So the "pool theory" is just as wacky as comparing ObamaCare's "individual mandate" to the requirement to carry car insurance -- not everyone drives<Node id="1608" />. <Node id="1610" />Indeed, the entire "theoretical" underpinning of ObamaCare is incoherent<Node id="1682" />.<Node id="1683" />

<Node id="1685" />The problem with "free" government health care is that government doesn't completely pay its medical bills<Node id="1791" />. <Node id="1793" />And what government doesn't pay gets cost shifted to the private sector, which makes prices in the private sector higher than they would otherwise be<Node id="1942" />. <Node id="1944" />Under ObamaCare, more folks are going to be shifted onto Medicaid: free government health care<Node id="2038" />. <Node id="2040" />So there'll be even more cost shifting<Node id="2078" />. On March 11 in The Wall Street Journal, John Cogan, Glenn Hubbard and Daniel Kessler reported:<Node id="2174" />

    <Node id="2180" />The bad news for the new law's supporters (and for individuals with private insurance) doesn't stop there<Node id="2285" />. <Node id="2287" />If anything, the likely impact of <Node id="2321" />the law<Node id="2328" /> will be to <Node id="2340" />increase<Node id="2348" />, <Node id="2350" />not<Node id="2353" /> <Node id="2354" />decrease<Node id="2362" />, <Node id="2364" />cost shifting<Node id="2377" />. <Node id="2379" />According to the Congressional Budget Office, around half of the people who are expected to become newly insured under the new law will be enrolled in Medicaid<Node id="2538" />. <Node id="2540" />But Medicaid payments to doctors and hospitals are so low that the program creates a cost shift of its own<Node id="2646" />. <Node id="2648" />In fact, a long line of academic research shows that low rates of Medicaid reimbursement translate into higher prices for the privately insured<Node id="2791" />.<Node id="2792" />


<Node id="2795" />Unlike private payers, government can dictate to health care providers what they'll pay, regardless of whether it's enough to cover the costs of services rendered<Node id="2957" />.<Node id="2958" />

<Node id="2960" />One might think that if all payers were charged the same for the same services and paid their bills off in their entirety on the same schedule, that cost shifting in health care would end<Node id="3147" />. <Node id="3149" />Unfortunately, costs would merely shift to a different payer: the taxpayer<Node id="3223" />.  <Node id="3226" />Instead of one's private insurance premium and/or out-of-pocket expenses being higher, one's tax bill would be impacted<Node id="3345" />. <Node id="3347" />So with "free" government healthcare, cost shifting is inescapable<Node id="3413" />.<Node id="3414" />

<Node id="3416" />Only when all payers pay the same price can the true price of any good be known<Node id="3495" />. <Node id="3497" />Cost shifting<Node id="3510" />, as happens in health care, <Node id="3539" />undermines<Node id="3549" /> <Node id="3550" />"price discovery,"<Node id="3568" /> and <Node id="3573" />the free market<Node id="3588" /> is <Node id="3592" />subverted<Node id="3601" />. (As Jerry Lee Lewis might put it: Whole lotta shiftin' goin' on.)<Node id="3668" />

<Node id="3670" />Because government doesn't pay it bills, <Node id="3711" />more providers<Node id="3725" /> are <Node id="3730" />dropping<Node id="3738" /> <Node id="3739" />Medicaid patients<Node id="3756" />. <Node id="3758" />But even with reduced prices, Medicaid is still too expensive<Node id="3819" />. <Node id="3821" />Last December, The New York Times reported: "Effective at the beginning of October [2010], Arizona stopped financing certain transplant operations under the state's version of Medicaid<Node id="4005" />."<Node id="4007" />

<Node id="4009" />"Death by budget cut," is how the article put it.<Node id="4058" />

<Node id="4060" />On May 2, the Times reported that the Obama administration "is proposing a rule that would make it much more difficult for states to cut Medicaid payments" and which "could also put pressure on some states to increase Medicaid payment rates." Maybe Obama can get blood out of a turnip, too, but here's the interesting paragraph:<Node id="4388" />

    <Node id="4394" />Federal officials said Monday that the rule was needed to fulfill the promise of federal law, which says Medicaid recipients should have access to health care at least to the same extent as the general population.<Node id="4607" />


<Node id="4610" />So the feds think that those whose don't pay for their health care should get the same health care as those who do pay for their own care<Node id="4747" />. The key word here is "access." <Node id="4780" />Everyone in America has "access" -- if they can pay<Node id="4831" />.  <Node id="4834" />Should the poor have "access" to the same food and shelter as the rich?<Node id="4905" />  <Node id="4907" />If so, what's the use of working?<Node id="4940" />

<Node id="4942" />On May 5 at Marketplace, Gregory Warner reported:<Node id="4991" />

    <Node id="4997" />In 2014, the health care law will make it a lot easier to sign up for Medicaid, and 17 million Americans without insurance are expected to enroll<Node id="5142" />. <Node id="5144" />Then if <Node id="5152" />states<Node id="5158" /> can't pay doctors less, that still leaves that dirty naughty decision to make: <Node id="5238" />which treatments<Node id="5254" /> will <Node id="5260" />they<Node id="5264" /> <Node id="5265" />stop<Node id="5269" /> <Node id="5270" />paying for<Node id="5280" />?<Node id="5281" />


<Node id="5284" />Mr  Warner asks the big question. <Node id="5318" />If <Node id="5321" />the states<Node id="5331" /> <Node id="5332" />can't<Node id="5337" /> afford to <Node id="5348" />pay for<Node id="5355" /> mere <Node id="5361" />liver and heart transplants<Node id="5388" />, how are <Node id="5398" />they<Node id="5402" /> going to <Node id="5412" />pay for<Node id="5419" /> <Node id="5420" />face transplants<Node id="5436" />?<Node id="5437" /> <Node id="5438" />How are <Node id="5446" />they<Node id="5450" /> going to <Node id="5460" />pay for<Node id="5467" /> <Node id="5468" />separating conjoined twins<Node id="5494" />?<Node id="5495" />

<Node id="5497" />Transplant patients in the states may be <Node id="5538" />experiencing "death<Node id="5557" /> by budget cut," but the states are <Node id="5593" />undergoing "death<Node id="5610" /> by budget deficit<Node id="5628" />." <Node id="5631" />They're going bankrupt, and they must make budget cuts<Node id="5685" />. <Node id="5687" />Which forces the states to decide what services they can afford to provide under Medicaid<Node id="5776" />.<Node id="5777" />

<Node id="5779" />So if you're financially challenged, my advice is: Stay healthy.<Node id="5843" />

<Node id="5845" />Jon N. Hall is a programmer/analyst from Kansas City.<Node id="5898" />

<Node id="5900" /></TextWithNodes>
<!-- The default annotation set -->

<AnnotationSet>
<Annotation Id="21" Type="arg" StartNode="13" EndNode="49">
<Feature>
  <Name className="java.lang.String">ss-label</Name>
  <Value className="java.lang.String">will_cost_more_than_anticipated</Value>
</Feature>
<Feature>
  <Name className="java.lang.String">unclear</Name>
  <Value className="java.lang.String">true</Value>
</Feature>
<Feature>
  <Name className="java.lang.String">type</Name>
  <Value className="java.lang.String">label</Value>
</Feature>
<Feature>
  <Name className="java.lang.String">polarity</Name>
  <Value className="java.lang.String">negative</Value>
</Feature>
</Annotation>
<Annotation Id="20" Type="doc" StartNode="0" EndNode="5900">
<Feature>
  <Name className="java.lang.String">id</Name>
  <Value className="java.lang.String">hc117</Value>
</Feature>
<Feature>
  <Name className="java.lang.String">author</Name>
  <Value className="java.lang.String">jon,n,hall</Value>
</Feature>
<Feature>
  <Name className="java.lang.String">source</Name>
  <Value className="java.lang.String">americanthinker</Value>
</Feature>
<Feature>
  <Name className="java.lang.String">date</Name>
  <Value className="java.lang.String">20110514</Value>
</Feature>
<Feature>
  <Name className="java.lang.String">side</Name>
  <Value className="java.lang.String">anti</Value>
</Feature>
<Feature>
  <Name className="java.lang.String">url</Name>
  <Value className="java.lang.String">http://www.americanthinker.com/2011/05/the_evershifting_price_of_obam.html</Value>
</Feature>
</Annotation>
<Annotation Id="23" Type="arg" StartNode="1685" EndNode="1791">
<Feature>
  <Name className="java.lang.String">ss-label</Name>
  <Value className="java.lang.String">reimbursements_too_small</Value>
</Feature>
<Feature>
  <Name className="java.lang.String">unclear</Name>
  <Value className="java.lang.String"></Value>
</Feature>
<Feature>
  <Name className="java.lang.String">type</Name>
  <Value className="java.lang.String">label</Value>
</Feature>
<Feature>
  <Name className="java.lang.String">polarity</Name>
  <Value className="java.lang.String">negative</Value>
</Feature>
</Annotation>
<Annotation Id="22" Type="arg" StartNode="1610" EndNode="1682">
<Feature>
  <Name className="java.lang.String">type</Name>
  <Value className="java.lang.String">label</Value>
</Feature>
<Feature>
  <Name className="java.lang.String">ss-label</Name>
  <Value className="java.lang.String">bill_generally_bad</Value>
</Feature>
<Feature>
  <Name className="java.lang.String">polarity</Name>
  <Value className="java.lang.String">negative</Value>
</Feature>
</Annotation>
<Annotation Id="25" Type="arg" StartNode="2287" EndNode="2377">
<Feature>
  <Name className="java.lang.String">ss-label</Name>
  <Value className="java.lang.String">individuals_will_pay_more</Value>
</Feature>
<Feature>
  <Name className="java.lang.String">unclear</Name>
  <Value className="java.lang.String">true</Value>
</Feature>
<Feature>
  <Name className="java.lang.String">type</Name>
  <Value className="java.lang.String">label</Value>
</Feature>
<Feature>
  <Name className="java.lang.String">polarity</Name>
  <Value className="java.lang.String">negative</Value>
</Feature>
</Annotation>
<Annotation Id="24" Type="rel" StartNode="1793" EndNode="1942">
<Feature>
  <Name className="java.lang.String">type</Name>
  <Value className="java.lang.String">label</Value>
</Feature>
<Feature>
  <Name className="java.lang.String">unclear</Name>
  <Value className="java.lang.String">true</Value>
</Feature>
<Feature>
  <Name className="java.lang.String">ss-label</Name>
  <Value className="java.lang.String">individuals_will_pay_more</Value>
</Feature>
</Annotation>
<Annotation Id="27" Type="rel" StartNode="2379" EndNode="2538">
<Feature>
  <Name className="java.lang.String">type</Name>
  <Value className="java.lang.String">label</Value>
</Feature>
<Feature>
  <Name className="java.lang.String">ss-label</Name>
  <Value className="java.lang.String">individuals_will_pay_more</Value>
</Feature>
</Annotation>
<Annotation Id="26" Type="arg" StartNode="2648" EndNode="2791">
<Feature>
  <Name className="java.lang.String">type</Name>
  <Value className="java.lang.String">label</Value>
</Feature>
<Feature>
  <Name className="java.lang.String">ss-label</Name>
  <Value className="java.lang.String">individuals_will_pay_more</Value>
</Feature>
<Feature>
  <Name className="java.lang.String">polarity</Name>
  <Value className="java.lang.String">negative</Value>
</Feature>
</Annotation>
<Annotation Id="29" Type="rel" StartNode="2795" EndNode="2957">
<Feature>
  <Name className="java.lang.String">type</Name>
  <Value className="java.lang.String">label</Value>
</Feature>
<Feature>
  <Name className="java.lang.String">ss-label</Name>
  <Value className="java.lang.String">reimbursements_too_small</Value>
</Feature>
</Annotation>
<Annotation Id="28" Type="rel" StartNode="2540" EndNode="2646">
<Feature>
  <Name className="java.lang.String">type</Name>
  <Value className="java.lang.String">label</Value>
</Feature>
<Feature>
  <Name className="java.lang.String">ss-label</Name>
  <Value className="java.lang.String">individuals_will_pay_more</Value>
</Feature>
</Annotation>
<Annotation Id="31" Type="arg" StartNode="3497" EndNode="3601">
<Feature>
  <Name className="java.lang.String">type</Name>
  <Value className="java.lang.String">label</Value>
</Feature>
<Feature>
  <Name className="java.lang.String">ss-label</Name>
  <Value className="java.lang.String">hurts_economy</Value>
</Feature>
<Feature>
  <Name className="java.lang.String">polarity</Name>
  <Value className="java.lang.String">negative</Value>
</Feature>
</Annotation>
<Annotation Id="30" Type="rel" StartNode="3226" EndNode="3345">
<Feature>
  <Name className="java.lang.String">ss-label</Name>
  <Value className="java.lang.String">more_taxes</Value>
</Feature>
<Feature>
  <Name className="java.lang.String">unclear</Name>
  <Value className="java.lang.String">true</Value>
</Feature>
<Feature>
  <Name className="java.lang.String">type</Name>
  <Value className="java.lang.String">label</Value>
</Feature>
<Feature>
  <Name className="java.lang.String">polarity</Name>
  <Value className="java.lang.String">negative</Value>
</Feature>
</Annotation>
<Annotation Id="34" Type="rel" StartNode="3758" EndNode="3819">
<Feature>
  <Name className="java.lang.String">type</Name>
  <Value className="java.lang.String">label</Value>
</Feature>
<Feature>
  <Name className="java.lang.String">ss-label</Name>
  <Value className="java.lang.String">medicaid_will_stop_being_accepted</Value>
</Feature>
</Annotation>
<Annotation Id="35" Type="rel" StartNode="4610" EndNode="4747">
<Feature>
  <Name className="java.lang.String">type</Name>
  <Value className="java.lang.String">label</Value>
</Feature>
<Feature>
  <Name className="java.lang.String">ss-label</Name>
  <Value className="java.lang.String">unfair</Value>
</Feature>
</Annotation>
<Annotation Id="32" Type="arg" StartNode="3670" EndNode="3756">
<Feature>
  <Name className="java.lang.String">type</Name>
  <Value className="java.lang.String">label</Value>
</Feature>
<Feature>
  <Name className="java.lang.String">ss-label</Name>
  <Value className="java.lang.String">medicaid_will_stop_being_accepted</Value>
</Feature>
<Feature>
  <Name className="java.lang.String">polarity</Name>
  <Value className="java.lang.String">negative</Value>
</Feature>
</Annotation>
<Annotation Id="33" Type="rel" StartNode="3821" EndNode="4005">
<Feature>
  <Name className="java.lang.String">type</Name>
  <Value className="java.lang.String">label</Value>
</Feature>
<Feature>
  <Name className="java.lang.String">ss-label</Name>
  <Value className="java.lang.String">medicaid_will_stop_being_accepted</Value>
</Feature>
</Annotation>
<Annotation Id="38" Type="arg" StartNode="5144" EndNode="5281">
<Feature>
  <Name className="java.lang.String">type</Name>
  <Value className="java.lang.String">label</Value>
</Feature>
<Feature>
  <Name className="java.lang.String">ss-label</Name>
  <Value className="java.lang.String">healthcare_rationing</Value>
</Feature>
<Feature>
  <Name className="java.lang.String">polarity</Name>
  <Value className="java.lang.String">negative</Value>
</Feature>
</Annotation>
<Annotation Id="39" Type="rel" StartNode="4997" EndNode="5142">
<Feature>
  <Name className="java.lang.String">type</Name>
  <Value className="java.lang.String">label</Value>
</Feature>
<Feature>
  <Name className="java.lang.String">ss-label</Name>
  <Value className="java.lang.String">medicaid_will_stop_being_accepted</Value>
</Feature>
</Annotation>
<Annotation Id="36" Type="arg" StartNode="4834" EndNode="4905">
<Feature>
  <Name className="java.lang.String">ss-label</Name>
  <Value className="java.lang.String">unfair</Value>
</Feature>
<Feature>
  <Name className="java.lang.String">type</Name>
  <Value className="java.lang.String">label</Value>
</Feature>
<Feature>
  <Name className="java.lang.String">polarity</Name>
  <Value className="java.lang.String">negative</Value>
</Feature>
<Feature>
  <Name className="java.lang.String">incomplete</Name>
  <Value className="java.lang.String">true</Value>
</Feature>
</Annotation>
<Annotation Id="37" Type="arg" StartNode="4907" EndNode="4940">
<Feature>
  <Name className="java.lang.String">ss-label</Name>
  <Value className="java.lang.String">unfair</Value>
</Feature>
<Feature>
  <Name className="java.lang.String">type</Name>
  <Value className="java.lang.String">label</Value>
</Feature>
<Feature>
  <Name className="java.lang.String">polarity</Name>
  <Value className="java.lang.String">negative</Value>
</Feature>
<Feature>
  <Name className="java.lang.String">incomplete</Name>
  <Value className="java.lang.String">true</Value>
</Feature>
</Annotation>
<Annotation Id="42" Type="arg" StartNode="5497" EndNode="5628">
<Feature>
  <Name className="java.lang.String">ss-label</Name>
  <Value className="java.lang.String">too_expensive_for_states</Value>
</Feature>
<Feature>
  <Name className="java.lang.String">unclear</Name>
  <Value className="java.lang.String"></Value>
</Feature>
<Feature>
  <Name className="java.lang.String">type</Name>
  <Value className="java.lang.String">label</Value>
</Feature>
<Feature>
  <Name className="java.lang.String">polarity</Name>
  <Value className="java.lang.String">negative</Value>
</Feature>
</Annotation>
<Annotation Id="43" Type="arg" StartNode="5631" EndNode="5685">
<Feature>
  <Name className="java.lang.String">ss-label</Name>
  <Value className="java.lang.String">too_expensive_for_states</Value>
</Feature>
<Feature>
  <Name className="java.lang.String">type</Name>
  <Value className="java.lang.String">label</Value>
</Feature>
<Feature>
  <Name className="java.lang.String">polarity</Name>
  <Value className="java.lang.String">positive</Value>
</Feature>
<Feature>
  <Name className="java.lang.String">incomplete</Name>
  <Value className="java.lang.String">true</Value>
</Feature>
</Annotation>
<Annotation Id="40" Type="arg" StartNode="5318" EndNode="5437">
<Feature>
  <Name className="java.lang.String">ss-label</Name>
  <Value className="java.lang.String">too_expensive_for_states</Value>
</Feature>
<Feature>
  <Name className="java.lang.String">type</Name>
  <Value className="java.lang.String">label</Value>
</Feature>
<Feature>
  <Name className="java.lang.String">polarity</Name>
  <Value className="java.lang.String">negative</Value>
</Feature>
<Feature>
  <Name className="java.lang.String">incomplete</Name>
  <Value className="java.lang.String">true</Value>
</Feature>
</Annotation>
<Annotation Id="41" Type="rel" StartNode="5687" EndNode="5776">
<Feature>
  <Name className="java.lang.String">type</Name>
  <Value className="java.lang.String">label</Value>
</Feature>
<Feature>
  <Name className="java.lang.String">ss-label</Name>
  <Value className="java.lang.String">healthcare_rationing</Value>
</Feature>
<Feature>
  <Name className="java.lang.String">polarity</Name>
  <Value className="java.lang.String">negative</Value>
</Feature>
</Annotation>
<Annotation Id="46" Type="rel" StartNode="635" EndNode="714">
<Feature>
  <Name className="java.lang.String">type</Name>
  <Value className="java.lang.String">label</Value>
</Feature>
<Feature>
  <Name className="java.lang.String">ss-label</Name>
  <Value className="java.lang.String">individuals_will_pay_more</Value>
</Feature>
</Annotation>
<Annotation Id="47" Type="rel" StartNode="716" EndNode="904">
<Feature>
  <Name className="java.lang.String">type</Name>
  <Value className="java.lang.String">label</Value>
</Feature>
<Feature>
  <Name className="java.lang.String">ss-label</Name>
  <Value className="java.lang.String">individuals_will_pay_more</Value>
</Feature>
</Annotation>
<Annotation Id="44" Type="rel" StartNode="486" EndNode="633">
<Feature>
  <Name className="java.lang.String">type</Name>
  <Value className="java.lang.String">label</Value>
</Feature>
<Feature>
  <Name className="java.lang.String">ss-label</Name>
  <Value className="java.lang.String">does_not_control_healthcare_costs</Value>
</Feature>
</Annotation>
<Annotation Id="45" Type="arg" StartNode="1460" EndNode="1608">
<Feature>
  <Name className="java.lang.String">ss-label</Name>
  <Value className="java.lang.String">does_not_control_healthcare_costs</Value>
</Feature>
<Feature>
  <Name className="java.lang.String">unclear</Name>
  <Value className="java.lang.String">true</Value>
</Feature>
<Feature>
  <Name className="java.lang.String">type</Name>
  <Value className="java.lang.String">label</Value>
</Feature>
<Feature>
  <Name className="java.lang.String">polarity</Name>
  <Value className="java.lang.String">negative</Value>
</Feature>
</Annotation>
<Annotation Id="51" Type="rel" StartNode="1289" EndNode="1379">
<Feature>
  <Name className="java.lang.String">type</Name>
  <Value className="java.lang.String">label</Value>
</Feature>
<Feature>
  <Name className="java.lang.String">ss-label</Name>
  <Value className="java.lang.String">unfair</Value>
</Feature>
</Annotation>
<Annotation Id="50" Type="rel" StartNode="1197" EndNode="1286">
<Feature>
  <Name className="java.lang.String">type</Name>
  <Value className="java.lang.String">label</Value>
</Feature>
<Feature>
  <Name className="java.lang.String">ss-label</Name>
  <Value className="java.lang.String">unfair</Value>
</Feature>
</Annotation>
<Annotation Id="49" Type="arg" StartNode="1113" EndNode="1194">
<Feature>
  <Name className="java.lang.String">type</Name>
  <Value className="java.lang.String">label</Value>
</Feature>
<Feature>
  <Name className="java.lang.String">ss-label</Name>
  <Value className="java.lang.String">unfair</Value>
</Feature>
<Feature>
  <Name className="java.lang.String">polarity</Name>
  <Value className="java.lang.String">negative</Value>
</Feature>
</Annotation>
<Annotation Id="48" Type="rel" StartNode="1013" EndNode="1110">
<Feature>
  <Name className="java.lang.String">type</Name>
  <Value className="java.lang.String">label</Value>
</Feature>
<Feature>
  <Name className="java.lang.String">ss-label</Name>
  <Value className="java.lang.String">individuals_will_pay_more</Value>
</Feature>
</Annotation>
<Annotation Id="55" Type="arg" StartNode="2180" EndNode="2285">
<Feature>
  <Name className="java.lang.String">ss-label</Name>
  <Value className="java.lang.String">individuals_will_pay_more</Value>
</Feature>
<Feature>
  <Name className="java.lang.String">unclear</Name>
  <Value className="java.lang.String">true</Value>
</Feature>
<Feature>
  <Name className="java.lang.String">type</Name>
  <Value className="java.lang.String">label</Value>
</Feature>
<Feature>
  <Name className="java.lang.String">polarity</Name>
  <Value className="java.lang.String">negative</Value>
</Feature>
</Annotation>
<Annotation Id="54" Type="arg" StartNode="2040" EndNode="2078">
<Feature>
  <Name className="java.lang.String">type</Name>
  <Value className="java.lang.String">label</Value>
</Feature>
<Feature>
  <Name className="java.lang.String">ss-label</Name>
  <Value className="java.lang.String">individuals_will_pay_more</Value>
</Feature>
<Feature>
  <Name className="java.lang.String">polarity</Name>
  <Value className="java.lang.String">negative</Value>
</Feature>
</Annotation>
<Annotation Id="53" Type="rel" StartNode="1944" EndNode="2038">
<Feature>
  <Name className="java.lang.String">type</Name>
  <Value className="java.lang.String">label</Value>
</Feature>
<Feature>
  <Name className="java.lang.String">ss-label</Name>
  <Value className="java.lang.String">medicaid_will_stop_being_accepted</Value>
</Feature>
</Annotation>
<Annotation Id="52" Type="rel" StartNode="1382" EndNode="1457">
<Feature>
  <Name className="java.lang.String">type</Name>
  <Value className="java.lang.String">label</Value>
</Feature>
<Feature>
  <Name className="java.lang.String">unclear</Name>
  <Value className="java.lang.String">true</Value>
</Feature>
<Feature>
  <Name className="java.lang.String">ss-label</Name>
  <Value className="java.lang.String">unfair</Value>
</Feature>
</Annotation>
<Annotation Id="59" Type="arg" StartNode="3416" EndNode="3495">
<Feature>
  <Name className="java.lang.String">type</Name>
  <Value className="java.lang.String">label</Value>
</Feature>
<Feature>
  <Name className="java.lang.String">ss-label</Name>
  <Value className="java.lang.String">unfair</Value>
</Feature>
<Feature>
  <Name className="java.lang.String">polarity</Name>
  <Value className="java.lang.String">positive</Value>
</Feature>
</Annotation>
<Annotation Id="58" Type="arg" StartNode="3149" EndNode="3223">
<Feature>
  <Name className="java.lang.String">ss-label</Name>
  <Value className="java.lang.String">more_taxes</Value>
</Feature>
<Feature>
  <Name className="java.lang.String">unclear</Name>
  <Value className="java.lang.String">true</Value>
</Feature>
<Feature>
  <Name className="java.lang.String">type</Name>
  <Value className="java.lang.String">label</Value>
</Feature>
<Feature>
  <Name className="java.lang.String">polarity</Name>
  <Value className="java.lang.String">negative</Value>
</Feature>
</Annotation>
<Annotation Id="57" Type="rel" StartNode="2960" EndNode="3147">
<Feature>
  <Name className="java.lang.String">type</Name>
  <Value className="java.lang.String">label</Value>
</Feature>
<Feature>
  <Name className="java.lang.String">ss-label</Name>
  <Value className="java.lang.String">individuals_will_pay_more</Value>
</Feature>
</Annotation>
<Annotation Id="56" Type="arg" StartNode="3347" EndNode="3413">
<Feature>
  <Name className="java.lang.String">ss-label</Name>
  <Value className="java.lang.String">individuals_will_pay_more</Value>
</Feature>
<Feature>
  <Name className="java.lang.String">type</Name>
  <Value className="java.lang.String">label</Value>
</Feature>
<Feature>
  <Name className="java.lang.String">polarity</Name>
  <Value className="java.lang.String">negative</Value>
</Feature>
<Feature>
  <Name className="java.lang.String">incomplete</Name>
  <Value className="java.lang.String">true</Value>
</Feature>
</Annotation>
<Annotation Id="63" Type="gfbf-object" StartNode="2364" EndNode="2377">
<Feature>
  <Name className="java.lang.String">writerAtt</Name>
  <Value className="java.lang.String">negative</Value>
</Feature>
</Annotation>
<Annotation Id="62" Type="gfbf" StartNode="2340" EndNode="2348">
<Feature>
  <Name className="java.lang.String">agentId</Name>
  <Value className="java.lang.String">64</Value>
</Feature>
<Feature>
  <Name className="java.lang.String">objectId</Name>
  <Value className="java.lang.String">63</Value>
</Feature>
<Feature>
  <Name className="java.lang.String">polarity</Name>
  <Value className="java.lang.String">goodfor</Value>
</Feature>
</Annotation>
<Annotation Id="61" Type="arg" StartNode="5438" EndNode="5495">
<Feature>
  <Name className="java.lang.String"></Name>
  <Value className="java.lang.String">true</Value>
</Feature>
<Feature>
  <Name className="java.lang.String">ss-label</Name>
  <Value className="java.lang.String">too_expensive_for_states</Value>
</Feature>
<Feature>
  <Name className="java.lang.String">type</Name>
  <Value className="java.lang.String">label</Value>
</Feature>
<Feature>
  <Name className="java.lang.String">polarity</Name>
  <Value className="java.lang.String">negative</Value>
</Feature>
<Feature>
  <Name className="java.lang.String">incomplete</Name>
  <Value className="java.lang.String">true</Value>
</Feature>
</Annotation>
<Annotation Id="60" Type="rel" StartNode="4780" EndNode="4831">
<Feature>
  <Name className="java.lang.String">type</Name>
  <Value className="java.lang.String">label</Value>
</Feature>
<Feature>
  <Name className="java.lang.String">ss-label</Name>
  <Value className="java.lang.String">unfair</Value>
</Feature>
</Annotation>
<Annotation Id="68" Type="gfbf-object" StartNode="3550" EndNode="3568">
<Feature>
  <Name className="java.lang.String">writerAtt</Name>
  <Value className="java.lang.String">positive</Value>
</Feature>
</Annotation>
<Annotation Id="69" Type="gfbf-agent" StartNode="3497" EndNode="3510">
<Feature>
  <Name className="java.lang.String">writerAtt</Name>
  <Value className="java.lang.String">negative</Value>
</Feature>
</Annotation>
<Annotation Id="70" Type="gfbf" StartNode="3592" EndNode="3601">
<Feature>
  <Name className="java.lang.String">agentId</Name>
  <Value className="java.lang.String">69</Value>
</Feature>
<Feature>
  <Name className="java.lang.String">objectId</Name>
  <Value className="java.lang.String">71</Value>
</Feature>
<Feature>
  <Name className="java.lang.String">polarity</Name>
  <Value className="java.lang.String">badfor</Value>
</Feature>
</Annotation>
<Annotation Id="71" Type="gfbf-object" StartNode="3573" EndNode="3588">
<Feature>
  <Name className="java.lang.String">writerAtt</Name>
  <Value className="java.lang.String">positive</Value>
</Feature>
</Annotation>
<Annotation Id="64" Type="gfbf-agent" StartNode="2321" EndNode="2328">
<Feature>
  <Name className="java.lang.String">writerAtt</Name>
  <Value className="java.lang.String">negative</Value>
</Feature>
</Annotation>
<Annotation Id="65" Type="influencer" StartNode="2350" EndNode="2353">
<Feature>
  <Name className="java.lang.String">effect</Name>
  <Value className="java.lang.String">reverse</Value>
</Feature>
<Feature>
  <Name className="java.lang.String">agentId</Name>
  <Value className="java.lang.String">64</Value>
</Feature>
<Feature>
  <Name className="java.lang.String">objectId</Name>
  <Value className="java.lang.String">66</Value>
</Feature>
</Annotation>
<Annotation Id="66" Type="gfbf" StartNode="2354" EndNode="2362">
<Feature>
  <Name className="java.lang.String">agentId</Name>
  <Value className="java.lang.String">64</Value>
</Feature>
<Feature>
  <Name className="java.lang.String">objectId</Name>
  <Value className="java.lang.String">63</Value>
</Feature>
<Feature>
  <Name className="java.lang.String">polarity</Name>
  <Value className="java.lang.String">badfor</Value>
</Feature>
</Annotation>
<Annotation Id="67" Type="gfbf" StartNode="3539" EndNode="3549">
<Feature>
  <Name className="java.lang.String">agentId</Name>
  <Value className="java.lang.String">69</Value>
</Feature>
<Feature>
  <Name className="java.lang.String">objectId</Name>
  <Value className="java.lang.String">68</Value>
</Feature>
<Feature>
  <Name className="java.lang.String">polarity</Name>
  <Value className="java.lang.String">badfor</Value>
</Feature>
</Annotation>
<Annotation Id="76" Type="gfbf-agent" StartNode="5260" EndNode="5264">
<Feature>
  <Name className="java.lang.String">reference</Name>
  <Value className="java.lang.String">true</Value>
</Feature>
<Feature>
  <Name className="java.lang.String">referentId</Name>
  <Value className="java.lang.String">94</Value>
</Feature>
<Feature>
  <Name className="java.lang.String">writerAtt</Name>
  <Value className="java.lang.String">negative</Value>
</Feature>
</Annotation>
<Annotation Id="77" Type="gfbf-object" StartNode="5238" EndNode="5254">
<Feature>
  <Name className="java.lang.String">writerAtt</Name>
  <Value className="java.lang.String">positive</Value>
</Feature>
</Annotation>
<Annotation Id="78" Type="influencer" StartNode="5265" EndNode="5269">
<Feature>
  <Name className="java.lang.String">effect</Name>
  <Value className="java.lang.String">reverse</Value>
</Feature>
<Feature>
  <Name className="java.lang.String">agentId</Name>
  <Value className="java.lang.String">76</Value>
</Feature>
<Feature>
  <Name className="java.lang.String">objectId</Name>
  <Value className="java.lang.String">79</Value>
</Feature>
</Annotation>
<Annotation Id="79" Type="gfbf" StartNode="5270" EndNode="5280">
<Feature>
  <Name className="java.lang.String">agentId</Name>
  <Value className="java.lang.String">76</Value>
</Feature>
<Feature>
  <Name className="java.lang.String">objectId</Name>
  <Value className="java.lang.String">77</Value>
</Feature>
<Feature>
  <Name className="java.lang.String">polarity</Name>
  <Value className="java.lang.String">goodfor</Value>
</Feature>
</Annotation>
<Annotation Id="72" Type="gfbf" StartNode="3730" EndNode="3738">
<Feature>
  <Name className="java.lang.String">agentId</Name>
  <Value className="java.lang.String">74</Value>
</Feature>
<Feature>
  <Name className="java.lang.String">objectId</Name>
  <Value className="java.lang.String">73</Value>
</Feature>
<Feature>
  <Name className="java.lang.String">polarity</Name>
  <Value className="java.lang.String">badfor</Value>
</Feature>
</Annotation>
<Annotation Id="73" Type="gfbf-object" StartNode="3739" EndNode="3756">
<Feature>
  <Name className="java.lang.String">writerAtt</Name>
  <Value className="java.lang.String">positive</Value>
</Feature>
</Annotation>
<Annotation Id="74" Type="gfbf-agent" StartNode="3711" EndNode="3725">
<Feature>
  <Name className="java.lang.String">writerAtt</Name>
  <Value className="java.lang.String">negative</Value>
</Feature>
</Annotation>
<Annotation Id="85" Type="gfbf-agent" StartNode="5321" EndNode="5331">
<Feature>
  <Name className="java.lang.String">writerAtt</Name>
  <Value className="java.lang.String">negative</Value>
</Feature>
</Annotation>
<Annotation Id="84" Type="influencer" StartNode="5332" EndNode="5337">
<Feature>
  <Name className="java.lang.String">effect</Name>
  <Value className="java.lang.String">reverse</Value>
</Feature>
<Feature>
  <Name className="java.lang.String">agentId</Name>
  <Value className="java.lang.String">85</Value>
</Feature>
<Feature>
  <Name className="java.lang.String">objectId</Name>
  <Value className="java.lang.String">80</Value>
</Feature>
</Annotation>
<Annotation Id="87" Type="gfbf-object" StartNode="5420" EndNode="5436">
<Feature>
  <Name className="java.lang.String">writerAtt</Name>
  <Value className="java.lang.String">positive</Value>
</Feature>
</Annotation>
<Annotation Id="86" Type="gfbf-agent" StartNode="5398" EndNode="5402">
<Feature>
  <Name className="java.lang.String">reference</Name>
  <Value className="java.lang.String">true</Value>
</Feature>
<Feature>
  <Name className="java.lang.String">referentId</Name>
  <Value className="java.lang.String">95</Value>
</Feature>
<Feature>
  <Name className="java.lang.String">writerAtt</Name>
  <Value className="java.lang.String">negative</Value>
</Feature>
</Annotation>
<Annotation Id="80" Type="gfbf" StartNode="5348" EndNode="5355">
<Feature>
  <Name className="java.lang.String">agentId</Name>
  <Value className="java.lang.String">85</Value>
</Feature>
<Feature>
  <Name className="java.lang.String">objectId</Name>
  <Value className="java.lang.String">82</Value>
</Feature>
<Feature>
  <Name className="java.lang.String">polarity</Name>
  <Value className="java.lang.String">goodfor</Value>
</Feature>
</Annotation>
<Annotation Id="82" Type="gfbf-object" StartNode="5361" EndNode="5388">
<Feature>
  <Name className="java.lang.String">writerAtt</Name>
  <Value className="java.lang.String">positive</Value>
</Feature>
</Annotation>
<Annotation Id="93" Type="others" StartNode="5593" EndNode="5610">
<Feature>
  <Name className="java.lang.String">comment</Name>
  <Value className="java.lang.String">this is GoodFor agent</Value>
</Feature>
</Annotation>
<Annotation Id="92" Type="others" StartNode="5538" EndNode="5557">
<Feature>
  <Name className="java.lang.String">comment</Name>
  <Value className="java.lang.String">this is BadFor agent...</Value>
</Feature>
</Annotation>
<Annotation Id="95" Type="referent" StartNode="5321" EndNode="5331">
<Feature>
  <Name className="java.lang.String">writerAtt</Name>
  <Value className="java.lang.String">negative</Value>
</Feature>
</Annotation>
<Annotation Id="94" Type="referent" StartNode="5152" EndNode="5158">
<Feature>
  <Name className="java.lang.String">writerAtt</Name>
  <Value className="java.lang.String">negative</Value>
</Feature>
</Annotation>
<Annotation Id="89" Type="gfbf-agent" StartNode="5446" EndNode="5450">
<Feature>
  <Name className="java.lang.String">reference</Name>
  <Value className="java.lang.String">true</Value>
</Feature>
<Feature>
  <Name className="java.lang.String">referentId</Name>
  <Value className="java.lang.String">95</Value>
</Feature>
<Feature>
  <Name className="java.lang.String">writerAtt</Name>
  <Value className="java.lang.String">positive</Value>
</Feature>
</Annotation>
<Annotation Id="88" Type="gfbf" StartNode="5412" EndNode="5419">
<Feature>
  <Name className="java.lang.String">agentId</Name>
  <Value className="java.lang.String">86</Value>
</Feature>
<Feature>
  <Name className="java.lang.String">objectId</Name>
  <Value className="java.lang.String">87</Value>
</Feature>
<Feature>
  <Name className="java.lang.String">polarity</Name>
  <Value className="java.lang.String">goodfor</Value>
</Feature>
</Annotation>
<Annotation Id="91" Type="gfbf" StartNode="5460" EndNode="5467">
<Feature>
  <Name className="java.lang.String">agentId</Name>
  <Value className="java.lang.String">89</Value>
</Feature>
<Feature>
  <Name className="java.lang.String">objectId</Name>
  <Value className="java.lang.String">90</Value>
</Feature>
<Feature>
  <Name className="java.lang.String">polarity</Name>
  <Value className="java.lang.String">goodfor</Value>
</Feature>
</Annotation>
<Annotation Id="90" Type="gfbf-object" StartNode="5468" EndNode="5494">
<Feature>
  <Name className="java.lang.String">writerAtt</Name>
  <Value className="java.lang.String">positive</Value>
</Feature>
</Annotation>
</AnnotationSet>

<!-- Named annotation set -->

<AnnotationSet Name="Original markups">
<Annotation Id="0" Type="paragraph" StartNode="0" EndNode="365">
</Annotation>
<Annotation Id="1" Type="paragraph" StartNode="367" EndNode="484">
</Annotation>
<Annotation Id="2" Type="paragraph" StartNode="486" EndNode="1011">
</Annotation>
<Annotation Id="3" Type="paragraph" StartNode="1013" EndNode="1683">
</Annotation>
<Annotation Id="4" Type="paragraph" StartNode="1685" EndNode="2174">
</Annotation>
<Annotation Id="5" Type="paragraph" StartNode="2180" EndNode="2792">
</Annotation>
<Annotation Id="6" Type="paragraph" StartNode="2795" EndNode="2958">
</Annotation>
<Annotation Id="7" Type="paragraph" StartNode="2960" EndNode="3414">
</Annotation>
<Annotation Id="8" Type="paragraph" StartNode="3416" EndNode="3668">
</Annotation>
<Annotation Id="9" Type="paragraph" StartNode="3670" EndNode="4007">
</Annotation>
<Annotation Id="10" Type="paragraph" StartNode="4009" EndNode="4058">
</Annotation>
<Annotation Id="11" Type="paragraph" StartNode="4060" EndNode="4388">
</Annotation>
<Annotation Id="12" Type="paragraph" StartNode="4394" EndNode="4607">
</Annotation>
<Annotation Id="13" Type="paragraph" StartNode="4610" EndNode="4940">
</Annotation>
<Annotation Id="14" Type="paragraph" StartNode="4942" EndNode="4991">
</Annotation>
<Annotation Id="15" Type="paragraph" StartNode="4997" EndNode="5281">
</Annotation>
<Annotation Id="17" Type="paragraph" StartNode="5497" EndNode="5777">
</Annotation>
<Annotation Id="16" Type="paragraph" StartNode="5284" EndNode="5495">
</Annotation>
<Annotation Id="19" Type="paragraph" StartNode="5845" EndNode="5898">
</Annotation>
<Annotation Id="18" Type="paragraph" StartNode="5779" EndNode="5843">
</Annotation>
</AnnotationSet>

</GateDocument>
