<?xml version='1.0' encoding='US-ASCII'?>
<GateDocument version="2">
<!-- The document's features-->

<GateDocumentFeatures>
<Feature>
  <Name className="java.lang.String">gate.SourceURL</Name>
  <Value className="java.lang.String">file:/home/conrada/Dropbox/healthcare_data/training_new/hc118.txt</Value>
</Feature>
<Feature>
  <Name className="java.lang.String">MimeType</Name>
  <Value className="java.lang.String">text/plain</Value>
</Feature>
<Feature>
  <Name className="java.lang.String">docNewLineType</Name>
  <Value className="java.lang.String">LF</Value>
</Feature>
</GateDocumentFeatures>
<!-- The document content area with serialized nodes -->

<TextWithNodes><Node id="0"/>September 24, 2011
Obamacare Undercover
Joseph Smith<Node id="52"/>

<Node id="54"/>While Democrats try to keep ObamaCare out of the electoral spotlight, <Node id="124"/>the Obama administration<Node id="148"/> is preparing <Node id="162"/>a rude awakening for<Node id="182"/> <Node id="183"/>Americans<Node id="192"/> in 2014.<Node id="201"/>

<Node id="203"/>A few weeks ago, our humorless President tried to make campaign hay out of a play on words, telling his audience that "I have no problem with people saying Obama cares.  I do care.  If the other side wants to be the folks who don't care, that's fine with me."  Since that went over like a lead balloon, there has been radio silence from the White House on the Obama health law.<Node id="580"/>

<Node id="582"/>A recent American Spectator piece by Grace-Marie Turner suggests that the <Node id="656"/>president's reelection team<Node id="683"/> know that <Node id="694"/>ObamaCare<Node id="703"/> <Node id="704"/>led to<Node id="710"/> <Node id="711"/>the 2010 Republican landslide<Node id="740"/> -- and <Node id="748"/>they<Node id="752"/>'re desperate to <Node id="769"/>avoid<Node id="774"/> <Node id="775"/>a repeat in 2012<Node id="791"/>:<Node id="792"/>

    <Node id="798"/>After two years of nonstop <Node id="825"/>focus on<Node id="833"/> <Node id="834"/>health care<Node id="845"/>, <Node id="847"/>the president<Node id="860"/> has <Node id="865"/>stopped<Node id="872"/> <Node id="873"/>talking about the law's far-reaching effects<Node id="917"/> -<Node id="919"/>



    <Node id="927"/>Bringing Obama around to this new course wasn't easy for his advisors. The day after last November's elections, <Node id="1039"/>the president<Node id="1052"/> belligerently <Node id="1067"/>refused<Node id="1074"/> to acknowledge that <Node id="1095"/>the results were a referendum on his unpopular policies<Node id="1150"/>  .<Node id="1153"/>



    <Node id="1161"/>Now the White House's strategy has the president talking as little as possible about ObamaCare.<Node id="1256"/>

<Node id="1258"/>Behind the scenes, however, <Node id="1286"/>our big-brother bureaucrats<Node id="1313"/> are furtively <Node id="1328"/>writing<Node id="1335"/> <Node id="1336"/>new rules<Node id="1345"/> to <Node id="1349"/>tie <Node id="1353"/>our health care system<Node id="1375"/> up in Gordian knots<Node id="1395"/> as quickly as possible<Node id="1418"/>.<Node id="1419"/>

<Node id="1421"/>The Washington Examiner has an op-ed by Kansas Republican Rep  Tim Huelskamp, reporting that <Node id="1514"/>the Department of Health and Human Services (HHS)<Node id="1563"/> has <Node id="1568"/>issued<Node id="1574"/> <Node id="1575"/>a proposed rule that would require health insurers to turn over all patient records and business data to the federal government<Node id="1702"/>.<Node id="1703"/>

<Node id="1705"/>The ostensible purpose of <Node id="1731"/>the rule<Node id="1739"/> is to <Node id="1746"/>allow<Node id="1751"/> <Node id="1752"/>HHS<Node id="1755"/> to <Node id="1759"/>micromanage<Node id="1770"/> insurance risk for <Node id="1790"/>every company<Node id="1803"/> in the so-called exchanges that begin operating in 2014 under ObamaCare<Node id="1875"/>.<Node id="1876"/>

<Node id="1878"/>It is impossible for non-bureaucrats to read more than one paragraph of the 26-page proposal without getting a headache<Node id="1997"/>, but the general flavor can be found in the rule's introduction:<Node id="2062"/>

    <Node id="2068"/>Under this program, generally, funds are transferred from issuers with lower risk enrollees to issuers with higher risk enrollees<Node id="2197"/>.<Node id="2198"/>

<Node id="2200"/>Naturally, this rule revolves around yet another Washington redistribution scheme, with all-knowing apparatchiks moving funds around so no insurer takes too big a bath or, heaven forbid, makes too much money under the new regime<Node id="2428"/>.<Node id="2429"/>

<Node id="2431"/>Rep  Huelskamp notes that for citizens, personal medical data would be subject under the rule to the "breach of patient confidentiality<Node id="2566"/>," <Node id="2569"/>and for insurers, <Node id="2587"/>proprietary business<Node id="2607"/> records would be turned over to the government<Node id="2654"/> "for <Node id="2660"/>purposes<Node id="2668"/> that will <Node id="2679"/>undermine<Node id="2688"/> <Node id="2689"/>their competitiveness<Node id="2710"/>."<Node id="2712"/>

<Node id="2714"/>Lest anyone labor under <Node id="2738"/>the delusion that state exchanges would resemble a free market<Node id="2800"/>, <Node id="2802"/>this latest HHS ruling<Node id="2824"/> should <Node id="2832"/>douse<Node id="2837"/> <Node id="2838"/>that idea<Node id="2847"/> with cold water<Node id="2863"/>.  <Node id="2866"/>The government will be monitoring every penny of premium and expense, profit and loss, not to mention patient records, effectively resulting in a government-run health care system<Node id="3045"/>.<Node id="3046"/>

<Node id="3048"/>Rep  Huelskamp further notes:<Node id="3077"/>

    <Node id="3083"/>With its extensive rule-making decrees, <Node id="3123"/>ObamaCare<Node id="3132"/> has been an exercise in <Node id="3157"/>creating<Node id="3165"/> <Node id="3166"/>authority out of thin air at the expense of individuals' rights, freedoms, and liberties<Node id="3254"/>.<Node id="3255"/>



    <Node id="3263"/>The ability of <Node id="3278"/>the federal government<Node id="3300"/> to <Node id="3304"/>spy on<Node id="3310"/>, review, and approve <Node id="3332"/>individuals' private patient-doctor interactions<Node id="3380"/> is an excessive power-grab<Node id="3407"/>.<Node id="3408"/>



    <Node id="3416"/>Like other discoveries that have occurred since the law's passage, this one leaves us scratching our heads as to the necessity not just of this provision, but the entire law<Node id="3589"/>.<Node id="3590"/>

<Node id="3592"/>With the unchecked expansion of government now underway at HHS, it behooves Republican candidates to keep the spotlight squarely on ObamaCare<Node id="3733"/>.  <Node id="3736"/>It is now or never<Node id="3754"/>.<Node id="3755"/>

<Node id="3757"/>Read more: http://www.americanthinker.com/blog/2011/09/obamacare_undercover.html#ixzz1lGGGDcG8<Node id="3851"/>

<Node id="3853"/></TextWithNodes>
<!-- The default annotation set -->

<AnnotationSet>
<Annotation Id="21" Type="doc" StartNode="0" EndNode="3853">
<Feature>
  <Name className="java.lang.String">id</Name>
  <Value className="java.lang.String">hc1178</Value>
</Feature>
<Feature>
  <Name className="java.lang.String">author</Name>
  <Value className="java.lang.String">joseph,smith</Value>
</Feature>
<Feature>
  <Name className="java.lang.String">source</Name>
  <Value className="java.lang.String">americanthinker</Value>
</Feature>
<Feature>
  <Name className="java.lang.String">date</Name>
  <Value className="java.lang.String">20110924</Value>
</Feature>
<Feature>
  <Name className="java.lang.String">side</Name>
  <Value className="java.lang.String">anti</Value>
</Feature>
<Feature>
  <Name className="java.lang.String">url</Name>
  <Value className="java.lang.String">http://www.americanthinker.com/blog/2011/09/obamacare_undercover.html</Value>
</Feature>
</Annotation>
<Annotation Id="23" Type="arg" StartNode="3592" EndNode="3733">
<Feature>
  <Name className="java.lang.String">type</Name>
  <Value className="java.lang.String">else</Value>
</Feature>
<Feature>
  <Name className="java.lang.String">polarity</Name>
  <Value className="java.lang.String">positive</Value>
</Feature>
</Annotation>
<Annotation Id="22" Type="arg" StartNode="3263" EndNode="3407">
<Feature>
  <Name className="java.lang.String">type</Name>
  <Value className="java.lang.String">label</Value>
</Feature>
<Feature>
  <Name className="java.lang.String">ss-label</Name>
  <Value className="java.lang.String">threatens_privacy</Value>
</Feature>
<Feature>
  <Name className="java.lang.String">polarity</Name>
  <Value className="java.lang.String">negative</Value>
</Feature>
</Annotation>
<Annotation Id="25" Type="arg" StartNode="2866" EndNode="3045">
<Feature>
  <Name className="java.lang.String">type</Name>
  <Value className="java.lang.String">label</Value>
</Feature>
<Feature>
  <Name className="java.lang.String">ss-label</Name>
  <Value className="java.lang.String">govt_reaching_beyond_authority</Value>
</Feature>
<Feature>
  <Name className="java.lang.String">polarity</Name>
  <Value className="java.lang.String">negative</Value>
</Feature>
</Annotation>
<Annotation Id="24" Type="arg" StartNode="3736" EndNode="3754">
<Feature>
  <Name className="java.lang.String">type</Name>
  <Value className="java.lang.String">else</Value>
</Feature>
<Feature>
  <Name className="java.lang.String">polarity</Name>
  <Value className="java.lang.String">positive</Value>
</Feature>
<Feature>
  <Name className="java.lang.String">incomplete</Name>
  <Value className="java.lang.String">true</Value>
</Feature>
</Annotation>
<Annotation Id="27" Type="arg" StartNode="2431" EndNode="2566">
<Feature>
  <Name className="java.lang.String">ss-label</Name>
  <Value className="java.lang.String">threatens_private_data</Value>
</Feature>
<Feature>
  <Name className="java.lang.String">unclear</Name>
  <Value className="java.lang.String">true</Value>
</Feature>
<Feature>
  <Name className="java.lang.String">type</Name>
  <Value className="java.lang.String">label</Value>
</Feature>
<Feature>
  <Name className="java.lang.String">polarity</Name>
  <Value className="java.lang.String">negative</Value>
</Feature>
</Annotation>
<Annotation Id="26" Type="arg" StartNode="3083" EndNode="3254">
<Feature>
  <Name className="java.lang.String">type</Name>
  <Value className="java.lang.String">else</Value>
</Feature>
<Feature>
  <Name className="java.lang.String">ss-label</Name>
  <Value className="java.lang.String">threatens_freedom</Value>
</Feature>
<Feature>
  <Name className="java.lang.String">polarity</Name>
  <Value className="java.lang.String">negative</Value>
</Feature>
</Annotation>
<Annotation Id="29" Type="arg" StartNode="1258" EndNode="1418">
<Feature>
  <Name className="java.lang.String">type</Name>
  <Value className="java.lang.String">label</Value>
</Feature>
<Feature>
  <Name className="java.lang.String">ss-label</Name>
  <Value className="java.lang.String">bill_cannot_be_undone</Value>
</Feature>
<Feature>
  <Name className="java.lang.String">polarity</Name>
  <Value className="java.lang.String">negative</Value>
</Feature>
</Annotation>
<Annotation Id="28" Type="arg" StartNode="2569" EndNode="2710">
<Feature>
  <Name className="java.lang.String">type</Name>
  <Value className="java.lang.String">label</Value>
</Feature>
<Feature>
  <Name className="java.lang.String">ss-label</Name>
  <Value className="java.lang.String">hurts_private_insurance</Value>
</Feature>
<Feature>
  <Name className="java.lang.String">polarity</Name>
  <Value className="java.lang.String">negative</Value>
</Feature>
</Annotation>
<Annotation Id="31" Type="rel" StartNode="1705" EndNode="1875">
<Feature>
  <Name className="java.lang.String">type</Name>
  <Value className="java.lang.String">label</Value>
</Feature>
<Feature>
  <Name className="java.lang.String">ss-label</Name>
  <Value className="java.lang.String">govt_reaching_beyond_authority</Value>
</Feature>
</Annotation>
<Annotation Id="30" Type="rel" StartNode="1421" EndNode="1702">
<Feature>
  <Name className="java.lang.String">type</Name>
  <Value className="java.lang.String">label</Value>
</Feature>
<Feature>
  <Name className="java.lang.String">ss-label</Name>
  <Value className="java.lang.String">govt_reaching_beyond_authority</Value>
</Feature>
</Annotation>
<Annotation Id="34" Type="arg" StartNode="2200" EndNode="2428">
<Feature>
  <Name className="java.lang.String">type</Name>
  <Value className="java.lang.String">label</Value>
</Feature>
<Feature>
  <Name className="java.lang.String">ss-label</Name>
  <Value className="java.lang.String">unfair</Value>
</Feature>
<Feature>
  <Name className="java.lang.String">polarity</Name>
  <Value className="java.lang.String">negative</Value>
</Feature>
</Annotation>
<Annotation Id="35" Type="rel" StartNode="2714" EndNode="2863">
<Feature>
  <Name className="java.lang.String">type</Name>
  <Value className="java.lang.String">label</Value>
</Feature>
<Feature>
  <Name className="java.lang.String">ss-label</Name>
  <Value className="java.lang.String">govt_reaching_beyond_authority</Value>
</Feature>
</Annotation>
<Annotation Id="32" Type="arg" StartNode="1878" EndNode="1997">
<Feature>
  <Name className="java.lang.String">unclear</Name>
  <Value className="java.lang.String">true</Value>
</Feature>
<Feature>
  <Name className="java.lang.String">ss-label</Name>
  <Value className="java.lang.String">too_complicated</Value>
</Feature>
<Feature>
  <Name className="java.lang.String">type</Name>
  <Value className="java.lang.String">label</Value>
</Feature>
<Feature>
  <Name className="java.lang.String">polarity</Name>
  <Value className="java.lang.String">negative</Value>
</Feature>
</Annotation>
<Annotation Id="33" Type="rel" StartNode="2068" EndNode="2197">
<Feature>
  <Name className="java.lang.String">type</Name>
  <Value className="java.lang.String">label</Value>
</Feature>
<Feature>
  <Name className="java.lang.String">ss-label</Name>
  <Value className="java.lang.String">unfair</Value>
</Feature>
</Annotation>
<Annotation Id="38" Type="gfbf-object" StartNode="1353" EndNode="1375">
<Feature>
  <Name className="java.lang.String">writerAtt</Name>
  <Value className="java.lang.String">positive</Value>
</Feature>
</Annotation>
<Annotation Id="39" Type="gfbf-agent" StartNode="1286" EndNode="1313">
<Feature>
  <Name className="java.lang.String">writerAtt</Name>
  <Value className="java.lang.String">negative</Value>
</Feature>
</Annotation>
<Annotation Id="36" Type="arg" StartNode="3416" EndNode="3589">
<Feature>
  <Name className="java.lang.String">ss-label</Name>
  <Value className="java.lang.String">healthcare_not_major_problem</Value>
</Feature>
<Feature>
  <Name className="java.lang.String">unclear</Name>
  <Value className="java.lang.String">true</Value>
</Feature>
<Feature>
  <Name className="java.lang.String">type</Name>
  <Value className="java.lang.String">label</Value>
</Feature>
<Feature>
  <Name className="java.lang.String">polarity</Name>
  <Value className="java.lang.String">negative</Value>
</Feature>
</Annotation>
<Annotation Id="37" Type="gfbf" StartNode="1349" EndNode="1395">
<Feature>
  <Name className="java.lang.String">agentId</Name>
  <Value className="java.lang.String">68</Value>
</Feature>
<Feature>
  <Name className="java.lang.String">uncertain</Name>
  <Value className="java.lang.String">true</Value>
</Feature>
<Feature>
  <Name className="java.lang.String">objectId</Name>
  <Value className="java.lang.String">38</Value>
</Feature>
<Feature>
  <Name className="java.lang.String">comment</Name>
  <Value className="java.lang.String">tie up in knots</Value>
</Feature>
<Feature>
  <Name className="java.lang.String">polarity</Name>
  <Value className="java.lang.String">badfor</Value>
</Feature>
</Annotation>
<Annotation Id="41" Type="gfbf-object" StartNode="2689" EndNode="2710">
<Feature>
  <Name className="java.lang.String">referentId</Name>
  <Value className="java.lang.String">63</Value>
</Feature>
<Feature>
  <Name className="java.lang.String">writerAtt</Name>
  <Value className="java.lang.String">positive</Value>
</Feature>
<Feature>
  <Name className="java.lang.String">refererence</Name>
  <Value className="java.lang.String">true</Value>
</Feature>
</Annotation>
<Annotation Id="50" Type="gfbf-agent" StartNode="3123" EndNode="3132">
<Feature>
  <Name className="java.lang.String">writerAtt</Name>
  <Value className="java.lang.String">negative</Value>
</Feature>
</Annotation>
<Annotation Id="49" Type="gfbf-object" StartNode="3166" EndNode="3254">
<Feature>
  <Name className="java.lang.String">writerAtt</Name>
  <Value className="java.lang.String">negative</Value>
</Feature>
</Annotation>
<Annotation Id="48" Type="gfbf" StartNode="3157" EndNode="3165">
<Feature>
  <Name className="java.lang.String">agentId</Name>
  <Value className="java.lang.String">50</Value>
</Feature>
<Feature>
  <Name className="java.lang.String">objectId</Name>
  <Value className="java.lang.String">49</Value>
</Feature>
<Feature>
  <Name className="java.lang.String">polarity</Name>
  <Value className="java.lang.String">goodfor</Value>
</Feature>
</Annotation>
<Annotation Id="55" Type="gfbf-object" StartNode="3332" EndNode="3380">
<Feature>
  <Name className="java.lang.String">writerAtt</Name>
  <Value className="java.lang.String">positive</Value>
</Feature>
</Annotation>
<Annotation Id="54" Type="gfbf" StartNode="3304" EndNode="3310">
<Feature>
  <Name className="java.lang.String">agentId</Name>
  <Value className="java.lang.String">56</Value>
</Feature>
<Feature>
  <Name className="java.lang.String">uncertain</Name>
  <Value className="java.lang.String">true</Value>
</Feature>
<Feature>
  <Name className="java.lang.String">objectId</Name>
  <Value className="java.lang.String">55</Value>
</Feature>
<Feature>
  <Name className="java.lang.String">polarity</Name>
  <Value className="java.lang.String">badfor</Value>
</Feature>
</Annotation>
<Annotation Id="56" Type="gfbf-agent" StartNode="3278" EndNode="3300">
<Feature>
  <Name className="java.lang.String">writerAtt</Name>
  <Value className="java.lang.String">negative</Value>
</Feature>
</Annotation>
<Annotation Id="63" Type="referent" StartNode="2587" EndNode="2607">
<Feature>
  <Name className="java.lang.String">writerAtt</Name>
  <Value className="java.lang.String">positive</Value>
</Feature>
</Annotation>
<Annotation Id="62" Type="referent" StartNode="2587" EndNode="2654">
<Feature>
  <Name className="java.lang.String">writerAtt</Name>
  <Value className="java.lang.String">negative</Value>
</Feature>
</Annotation>
<Annotation Id="68" Type="gfbf-agent" StartNode="1336" EndNode="1345">
<Feature>
  <Name className="java.lang.String">writerAtt</Name>
  <Value className="java.lang.String">negative</Value>
</Feature>
</Annotation>
<Annotation Id="69" Type="gfbf" StartNode="1568" EndNode="1574">
<Feature>
  <Name className="java.lang.String">agentId</Name>
  <Value className="java.lang.String">84</Value>
</Feature>
<Feature>
  <Name className="java.lang.String">polarity</Name>
  <Value className="java.lang.String">goodfor</Value>
</Feature>
<Feature>
  <Name className="java.lang.String">objectId</Name>
  <Value className="java.lang.String">85</Value>
</Feature>
</Annotation>
<Annotation Id="65" Type="gfbf" StartNode="769" EndNode="774">
<Feature>
  <Name className="java.lang.String">agentId</Name>
  <Value className="java.lang.String">79</Value>
</Feature>
<Feature>
  <Name className="java.lang.String">objectId</Name>
  <Value className="java.lang.String">80</Value>
</Feature>
<Feature>
  <Name className="java.lang.String">polarity</Name>
  <Value className="java.lang.String">badfor</Value>
</Feature>
</Annotation>
<Annotation Id="66" Type="gfbf" StartNode="865" EndNode="872">
<Feature>
  <Name className="java.lang.String">uncertain</Name>
  <Value className="java.lang.String">true</Value>
</Feature>
<Feature>
  <Name className="java.lang.String">agentId</Name>
  <Value className="java.lang.String">83</Value>
</Feature>
<Feature>
  <Name className="java.lang.String">objectId</Name>
  <Value className="java.lang.String">82</Value>
</Feature>
<Feature>
  <Name className="java.lang.String">polarity</Name>
  <Value className="java.lang.String">badfor</Value>
</Feature>
</Annotation>
<Annotation Id="67" Type="influencer" StartNode="1328" EndNode="1335">
<Feature>
  <Name className="java.lang.String">uncertain</Name>
  <Value className="java.lang.String">true</Value>
</Feature>
<Feature>
  <Name className="java.lang.String">agentId</Name>
  <Value className="java.lang.String">39</Value>
</Feature>
<Feature>
  <Name className="java.lang.String">objectId</Name>
  <Value className="java.lang.String">37</Value>
</Feature>
<Feature>
  <Name className="java.lang.String">effect</Name>
  <Value className="java.lang.String">retain</Value>
</Feature>
</Annotation>
<Annotation Id="76" Type="referent" StartNode="2738" EndNode="2800">
</Annotation>
<Annotation Id="77" Type="gfbf-agent" StartNode="124" EndNode="148">
<Feature>
  <Name className="java.lang.String">writerAtt</Name>
  <Value className="java.lang.String">negative</Value>
</Feature>
</Annotation>
<Annotation Id="79" Type="gfbf-agent" StartNode="748" EndNode="752">
<Feature>
  <Name className="java.lang.String">referentId</Name>
  <Value className="java.lang.String">81</Value>
</Feature>
<Feature>
  <Name className="java.lang.String">reference</Name>
  <Value className="java.lang.String">true</Value>
</Feature>
<Feature>
  <Name className="java.lang.String">writerAtt</Name>
  <Value className="java.lang.String">negative</Value>
</Feature>
</Annotation>
<Annotation Id="73" Type="gfbf" StartNode="2832" EndNode="2837">
<Feature>
  <Name className="java.lang.String">agentId</Name>
  <Value className="java.lang.String">75</Value>
</Feature>
<Feature>
  <Name className="java.lang.String">uncertain</Name>
  <Value className="java.lang.String">true</Value>
</Feature>
<Feature>
  <Name className="java.lang.String">objectId</Name>
  <Value className="java.lang.String">74</Value>
</Feature>
<Feature>
  <Name className="java.lang.String">polarity</Name>
  <Value className="java.lang.String">badfor</Value>
</Feature>
</Annotation>
<Annotation Id="74" Type="gfbf-object" StartNode="2838" EndNode="2847">
<Feature>
  <Name className="java.lang.String">referentId</Name>
  <Value className="java.lang.String">76</Value>
</Feature>
<Feature>
  <Name className="java.lang.String">writerAtt</Name>
  <Value className="java.lang.String">negative</Value>
</Feature>
<Feature>
  <Name className="java.lang.String">refererence</Name>
  <Value className="java.lang.String">true</Value>
</Feature>
</Annotation>
<Annotation Id="75" Type="gfbf-agent" StartNode="2802" EndNode="2824">
<Feature>
  <Name className="java.lang.String">writerAtt</Name>
  <Value className="java.lang.String">negative</Value>
</Feature>
</Annotation>
<Annotation Id="85" Type="gfbf-object" StartNode="1575" EndNode="1702">
<Feature>
  <Name className="java.lang.String">writerAtt</Name>
  <Value className="java.lang.String">negative</Value>
</Feature>
</Annotation>
<Annotation Id="84" Type="gfbf-agent" StartNode="1514" EndNode="1563">
<Feature>
  <Name className="java.lang.String">writerAtt</Name>
  <Value className="java.lang.String">negative</Value>
</Feature>
</Annotation>
<Annotation Id="87" Type="gfbf-object" StartNode="183" EndNode="192">
<Feature>
  <Name className="java.lang.String">writerAtt</Name>
  <Value className="java.lang.String">positive</Value>
</Feature>
</Annotation>
<Annotation Id="86" Type="gfbf" StartNode="162" EndNode="182">
<Feature>
  <Name className="java.lang.String">agentId</Name>
  <Value className="java.lang.String">77</Value>
</Feature>
<Feature>
  <Name className="java.lang.String">polarity</Name>
  <Value className="java.lang.String">badfor</Value>
</Feature>
<Feature>
  <Name className="java.lang.String">objectId</Name>
  <Value className="java.lang.String">87</Value>
</Feature>
</Annotation>
<Annotation Id="81" Type="referent" StartNode="656" EndNode="683">
</Annotation>
<Annotation Id="80" Type="gfbf-object" StartNode="775" EndNode="791">
<Feature>
  <Name className="java.lang.String">uncertain</Name>
  <Value className="java.lang.String">true</Value>
</Feature>
<Feature>
  <Name className="java.lang.String">writerAtt</Name>
  <Value className="java.lang.String">negative</Value>
</Feature>
</Annotation>
<Annotation Id="83" Type="gfbf-agent" StartNode="847" EndNode="860">
<Feature>
  <Name className="java.lang.String">writerAtt</Name>
  <Value className="java.lang.String">negative</Value>
</Feature>
</Annotation>
<Annotation Id="82" Type="gfbf-object" StartNode="873" EndNode="917">
<Feature>
  <Name className="java.lang.String">writerAtt</Name>
  <Value className="java.lang.String">positive</Value>
</Feature>
</Annotation>
<Annotation Id="92" Type="gfbf-object" StartNode="834" EndNode="845">
<Feature>
  <Name className="java.lang.String">writerAtt</Name>
  <Value className="java.lang.String">negative</Value>
</Feature>
</Annotation>
<Annotation Id="89" Type="gfbf-object" StartNode="711" EndNode="740">
<Feature>
  <Name className="java.lang.String">uncertain</Name>
  <Value className="java.lang.String">true</Value>
</Feature>
<Feature>
  <Name className="java.lang.String">writerAtt</Name>
  <Value className="java.lang.String">none</Value>
</Feature>
</Annotation>
<Annotation Id="88" Type="gfbf" StartNode="704" EndNode="710">
<Feature>
  <Name className="java.lang.String">agentId</Name>
  <Value className="java.lang.String">90</Value>
</Feature>
<Feature>
  <Name className="java.lang.String">objectId</Name>
  <Value className="java.lang.String">89</Value>
</Feature>
<Feature>
  <Name className="java.lang.String">polarity</Name>
  <Value className="java.lang.String">goodfor</Value>
</Feature>
</Annotation>
<Annotation Id="91" Type="gfbf" StartNode="825" EndNode="833">
<Feature>
  <Name className="java.lang.String">agentId</Name>
  <Value className="java.lang.String">implicit</Value>
</Feature>
<Feature>
  <Name className="java.lang.String">polarity</Name>
  <Value className="java.lang.String">goodfor</Value>
</Feature>
<Feature>
  <Name className="java.lang.String">objectId</Name>
  <Value className="java.lang.String">92</Value>
</Feature>
</Annotation>
<Annotation Id="90" Type="gfbf-agent" StartNode="694" EndNode="703">
<Feature>
  <Name className="java.lang.String">writerAtt</Name>
  <Value className="java.lang.String">negative</Value>
</Feature>
</Annotation>
<Annotation Id="102" Type="gfbf" StartNode="1067" EndNode="1074">
<Feature>
  <Name className="java.lang.String">agentId</Name>
  <Value className="java.lang.String">104</Value>
</Feature>
<Feature>
  <Name className="java.lang.String">polarity</Name>
  <Value className="java.lang.String">badfor</Value>
</Feature>
<Feature>
  <Name className="java.lang.String">objectId</Name>
  <Value className="java.lang.String">105</Value>
</Feature>
</Annotation>
<Annotation Id="103" Type="gfbf" StartNode="2679" EndNode="2688">
<Feature>
  <Name className="java.lang.String">agentId</Name>
  <Value className="java.lang.String">101</Value>
</Feature>
<Feature>
  <Name className="java.lang.String">objectId</Name>
  <Value className="java.lang.String">41</Value>
</Feature>
<Feature>
  <Name className="java.lang.String">polarity</Name>
  <Value className="java.lang.String">badfor</Value>
</Feature>
</Annotation>
<Annotation Id="100" Type="gfbf-agent" StartNode="1731" EndNode="1739">
<Feature>
  <Name className="java.lang.String">referentId</Name>
  <Value className="java.lang.String">85</Value>
</Feature>
<Feature>
  <Name className="java.lang.String">reference</Name>
  <Value className="java.lang.String">true</Value>
</Feature>
<Feature>
  <Name className="java.lang.String">writerAtt</Name>
  <Value className="java.lang.String">negative</Value>
</Feature>
</Annotation>
<Annotation Id="101" Type="gfbf-agent" StartNode="2660" EndNode="2668">
<Feature>
  <Name className="java.lang.String">uncertain</Name>
  <Value className="java.lang.String">2691</Value>
</Feature>
<Feature>
  <Name className="java.lang.String">writerAtt</Name>
  <Value className="java.lang.String">negative</Value>
</Feature>
<Feature>
  <Name className="java.lang.String">referentId</Name>
  <Value className="java.lang.String">62</Value>
</Feature>
<Feature>
  <Name className="java.lang.String">reference</Name>
  <Value className="java.lang.String">true</Value>
</Feature>
</Annotation>
<Annotation Id="98" Type="gfbf-agent" StartNode="1752" EndNode="1755">
<Feature>
  <Name className="java.lang.String">writerAtt</Name>
  <Value className="java.lang.String">negative</Value>
</Feature>
</Annotation>
<Annotation Id="99" Type="influencer" StartNode="1746" EndNode="1751">
<Feature>
  <Name className="java.lang.String">effect</Name>
  <Value className="java.lang.String">retain</Value>
</Feature>
<Feature>
  <Name className="java.lang.String">agentId</Name>
  <Value className="java.lang.String">100</Value>
</Feature>
<Feature>
  <Name className="java.lang.String">objectId</Name>
  <Value className="java.lang.String">96</Value>
</Feature>
</Annotation>
<Annotation Id="96" Type="gfbf" StartNode="1759" EndNode="1770">
<Feature>
  <Name className="java.lang.String">agentId</Name>
  <Value className="java.lang.String">98</Value>
</Feature>
<Feature>
  <Name className="java.lang.String">objectId</Name>
  <Value className="java.lang.String">106</Value>
</Feature>
<Feature>
  <Name className="java.lang.String">polarity</Name>
  <Value className="java.lang.String">badfor</Value>
</Feature>
</Annotation>
<Annotation Id="106" Type="gfbf-object" StartNode="1790" EndNode="1803">
<Feature>
  <Name className="java.lang.String">writerAtt</Name>
  <Value className="java.lang.String">negative</Value>
</Feature>
</Annotation>
<Annotation Id="104" Type="gfbf-agent" StartNode="1039" EndNode="1052">
<Feature>
  <Name className="java.lang.String">writerAtt</Name>
  <Value className="java.lang.String">negative</Value>
</Feature>
</Annotation>
<Annotation Id="105" Type="gfbf-object" StartNode="1095" EndNode="1150">
<Feature>
  <Name className="java.lang.String">writerAtt</Name>
  <Value className="java.lang.String">positive</Value>
</Feature>
</Annotation>
</AnnotationSet>

<!-- Named annotation set -->

<AnnotationSet Name="Original markups">
<Annotation Id="0" Type="paragraph" StartNode="0" EndNode="52">
</Annotation>
<Annotation Id="1" Type="paragraph" StartNode="54" EndNode="201">
</Annotation>
<Annotation Id="2" Type="paragraph" StartNode="203" EndNode="580">
</Annotation>
<Annotation Id="3" Type="paragraph" StartNode="582" EndNode="792">
</Annotation>
<Annotation Id="4" Type="paragraph" StartNode="798" EndNode="919">
</Annotation>
<Annotation Id="5" Type="paragraph" StartNode="927" EndNode="1153">
</Annotation>
<Annotation Id="6" Type="paragraph" StartNode="1161" EndNode="1256">
</Annotation>
<Annotation Id="7" Type="paragraph" StartNode="1258" EndNode="1419">
</Annotation>
<Annotation Id="8" Type="paragraph" StartNode="1421" EndNode="1703">
</Annotation>
<Annotation Id="9" Type="paragraph" StartNode="1705" EndNode="1876">
</Annotation>
<Annotation Id="10" Type="paragraph" StartNode="1878" EndNode="2062">
</Annotation>
<Annotation Id="11" Type="paragraph" StartNode="2068" EndNode="2198">
</Annotation>
<Annotation Id="12" Type="paragraph" StartNode="2200" EndNode="2429">
</Annotation>
<Annotation Id="13" Type="paragraph" StartNode="2431" EndNode="2712">
</Annotation>
<Annotation Id="14" Type="paragraph" StartNode="2714" EndNode="3046">
</Annotation>
<Annotation Id="15" Type="paragraph" StartNode="3048" EndNode="3077">
</Annotation>
<Annotation Id="17" Type="paragraph" StartNode="3263" EndNode="3408">
</Annotation>
<Annotation Id="16" Type="paragraph" StartNode="3083" EndNode="3255">
</Annotation>
<Annotation Id="19" Type="paragraph" StartNode="3592" EndNode="3755">
</Annotation>
<Annotation Id="18" Type="paragraph" StartNode="3416" EndNode="3590">
</Annotation>
<Annotation Id="20" Type="paragraph" StartNode="3757" EndNode="3851">
</Annotation>
</AnnotationSet>

</GateDocument>
