<?xml version='1.0' encoding='MacRoman'?>
<GateDocument>
<!-- The document's features-->

<GateDocumentFeatures>
<Feature>
  <Name className="java.lang.String">gate.SourceURL</Name>
  <Value className="java.lang.String">file:/home/conrada/Dropbox/healthcare_data/training_new/hc125.txt</Value>
</Feature>
<Feature>
  <Name className="java.lang.String">MimeType</Name>
  <Value className="java.lang.String">text/plain</Value>
</Feature>
<Feature>
  <Name className="java.lang.String">docNewLineType</Name>
  <Value className="java.lang.String">LF</Value>
</Feature>
</GateDocumentFeatures>
<!-- The document content area with serialized nodes -->

<TextWithNodes><Node id="0" />The Affordable Care Act In 2012: <Node id="33" />Health Provisions<Node id="50" /> That Could Begin <Node id="68" />Bending<Node id="75" /> <Node id="76" />The Cost Curve<Node id="90" />

<Node id="92" />By Igor Volsky on Jan 3, 2012 at 12:45 pm<Node id="133" />

<Node id="135" />The Supreme Court's ruling on the constitutionality of the Affordable Care Act will serve as the greatest highlight for health care news in 2012<Node id="279" />, but <Node id="285" />this year federal and state governments will also implement 10 new provisions of the law that seek to improve the efficiency and quality of the health care system<Node id="447" />. The Kaiser Family Foundation's Health Care Reform Source has the list here - be sure to click over to the page for an extended explanation of each provision:<Node id="606" />

<Node id="608" />Most of these programs seek to change the way the government pays for health care - moving away from fee-for-service to a more sustainable system where quality is valued over quantity and innovative health care providers are rewarded for their efficiencies<Node id="864" />. <Node id="866" />These are <Node id="876" />the kind of changes that can't compete with the mandate or Medicad expansion for news coverage<Node id="970" />, but are crucial for <Node id="992" />bending<Node id="999" /> <Node id="1000" />the health care cost curve<Node id="1026" />. <Node id="1028" />They<Node id="1032" /> are also generally <Node id="1052" />supported<Node id="1061" /> by <Node id="1065" />members of both political parties<Node id="1098" />.
Tags:<Node id="1105" />

    <Node id="1111" />Affordable Care Act
    Health Care Reform<Node id="1153" />


<Node id="1156" /></TextWithNodes>
<!-- The default annotation set -->

<AnnotationSet>
<Annotation Id="5" Type="doc" StartNode="0" EndNode="1156">
<Feature>
  <Name className="java.lang.String">id</Name>
  <Value className="java.lang.String">hc125</Value>
</Feature>
<Feature>
  <Name className="java.lang.String">author</Name>
  <Value className="java.lang.String">igor,volsky</Value>
</Feature>
<Feature>
  <Name className="java.lang.String">source</Name>
  <Value className="java.lang.String">thinkprogress</Value>
</Feature>
<Feature>
  <Name className="java.lang.String">date</Name>
  <Value className="java.lang.String">20120103</Value>
</Feature>
<Feature>
  <Name className="java.lang.String">side</Name>
  <Value className="java.lang.String">pro</Value>
</Feature>
<Feature>
  <Name className="java.lang.String">url</Name>
  <Value className="java.lang.String">http://thinkprogress.org/health/2012/01/03/396819/the-affordable-care-act-in-2012-10-health-provisions-that-could-begin-bending-the-cost-curve/</Value>
</Feature>
</Annotation>
<Annotation Id="6" Type="arg" StartNode="0" EndNode="90">
<Feature>
  <Name className="java.lang.String">ss-label</Name>
  <Value className="java.lang.String">controls_healthcare_costs</Value>
</Feature>
<Feature>
  <Name className="java.lang.String">unclear</Name>
  <Value className="java.lang.String">true</Value>
</Feature>
<Feature>
  <Name className="java.lang.String">type</Name>
  <Value className="java.lang.String">label</Value>
</Feature>
<Feature>
  <Name className="java.lang.String">polarity</Name>
  <Value className="java.lang.String">positive</Value>
</Feature>
</Annotation>
<Annotation Id="7" Type="rel" StartNode="135" EndNode="279">
<Feature>
  <Name className="java.lang.String">type</Name>
  <Value className="java.lang.String">label</Value>
</Feature>
<Feature>
  <Name className="java.lang.String">ss-label</Name>
  <Value className="java.lang.String">constitutional</Value>
</Feature>
</Annotation>
<Annotation Id="8" Type="rel" StartNode="285" EndNode="447">
<Feature>
  <Name className="java.lang.String">type</Name>
  <Value className="java.lang.String">label</Value>
</Feature>
<Feature>
  <Name className="java.lang.String">ss-label</Name>
  <Value className="java.lang.String">controls_healthcare_costs</Value>
</Feature>
</Annotation>
<Annotation Id="9" Type="rel" StartNode="608" EndNode="864">
<Feature>
  <Name className="java.lang.String">type</Name>
  <Value className="java.lang.String">label</Value>
</Feature>
<Feature>
  <Name className="java.lang.String">ss-label</Name>
  <Value className="java.lang.String">controls_healthcare_costs</Value>
</Feature>
<Feature>
  <Name className="java.lang.String">polarity</Name>
  <Value className="java.lang.String">positive</Value>
</Feature>
</Annotation>
<Annotation Id="10" Type="arg" StartNode="866" EndNode="1026">
<Feature>
  <Name className="java.lang.String">type</Name>
  <Value className="java.lang.String">label</Value>
</Feature>
<Feature>
  <Name className="java.lang.String">ss-label</Name>
  <Value className="java.lang.String">controls_healthcare_costs</Value>
</Feature>
<Feature>
  <Name className="java.lang.String">polarity</Name>
  <Value className="java.lang.String">positive</Value>
</Feature>
</Annotation>
<Annotation Id="11" Type="arg" StartNode="1028" EndNode="1098">
<Feature>
  <Name className="java.lang.String">unclear</Name>
  <Value className="java.lang.String">true</Value>
</Feature>
<Feature>
  <Name className="java.lang.String">ss-label</Name>
  <Value className="java.lang.String">popular</Value>
</Feature>
<Feature>
  <Name className="java.lang.String">type</Name>
  <Value className="java.lang.String">label</Value>
</Feature>
<Feature>
  <Name className="java.lang.String">polarity</Name>
  <Value className="java.lang.String">positive</Value>
</Feature>
<Feature>
  <Name className="java.lang.String">incomplete</Name>
  <Value className="java.lang.String">true</Value>
</Feature>
</Annotation>
<Annotation Id="12" Type="gfbf" StartNode="68" EndNode="75">
<Feature>
  <Name className="java.lang.String">agentId</Name>
  <Value className="java.lang.String">14</Value>
</Feature>
<Feature>
  <Name className="java.lang.String">polarity</Name>
  <Value className="java.lang.String">badfor</Value>
</Feature>
<Feature>
  <Name className="java.lang.String">objectId</Name>
  <Value className="java.lang.String">13</Value>
</Feature>
</Annotation>
<Annotation Id="13" Type="gfbf-object" StartNode="76" EndNode="90">
<Feature>
  <Name className="java.lang.String">writerAtt</Name>
  <Value className="java.lang.String">negative</Value>
</Feature>
</Annotation>
<Annotation Id="14" Type="gfbf-agent" StartNode="33" EndNode="50">
<Feature>
  <Name className="java.lang.String">writerAtt</Name>
  <Value className="java.lang.String">positive</Value>
</Feature>
</Annotation>
<Annotation Id="17" Type="gfbf-object" StartNode="1000" EndNode="1026">
<Feature>
  <Name className="java.lang.String">writerAtt</Name>
  <Value className="java.lang.String">negative</Value>
</Feature>
</Annotation>
<Annotation Id="16" Type="gfbf" StartNode="992" EndNode="999">
<Feature>
  <Name className="java.lang.String">agentId</Name>
  <Value className="java.lang.String">22</Value>
</Feature>
<Feature>
  <Name className="java.lang.String">polarity</Name>
  <Value className="java.lang.String">badfor</Value>
</Feature>
<Feature>
  <Name className="java.lang.String">objectId</Name>
  <Value className="java.lang.String">17</Value>
</Feature>
</Annotation>
<Annotation Id="19" Type="gfbf" StartNode="1052" EndNode="1061">
<Feature>
  <Name className="java.lang.String">agentId</Name>
  <Value className="java.lang.String">20</Value>
</Feature>
<Feature>
  <Name className="java.lang.String">polarity</Name>
  <Value className="java.lang.String">goodfor</Value>
</Feature>
<Feature>
  <Name className="java.lang.String">objectId</Name>
  <Value className="java.lang.String">21</Value>
</Feature>
</Annotation>
<Annotation Id="21" Type="gfbf-object" StartNode="1028" EndNode="1032">
<Feature>
  <Name className="java.lang.String">referentId</Name>
  <Value className="java.lang.String">23</Value>
</Feature>
<Feature>
  <Name className="java.lang.String">refererence</Name>
  <Value className="java.lang.String">true</Value>
</Feature>
<Feature>
  <Name className="java.lang.String">writerAtt</Name>
  <Value className="java.lang.String">positive</Value>
</Feature>
</Annotation>
<Annotation Id="20" Type="gfbf-agent" StartNode="1065" EndNode="1098">
<Feature>
  <Name className="java.lang.String">writerAtt</Name>
  <Value className="java.lang.String">positive</Value>
</Feature>
</Annotation>
<Annotation Id="23" Type="referent" StartNode="876" EndNode="970">
<Feature>
  <Name className="java.lang.String">writerAtt</Name>
  <Value className="java.lang.String">positive</Value>
</Feature>
</Annotation>
<Annotation Id="22" Type="gfbf-agent" StartNode="876" EndNode="970">
<Feature>
  <Name className="java.lang.String">writerAtt</Name>
  <Value className="java.lang.String">positive</Value>
</Feature>
</Annotation>
</AnnotationSet>

<!-- Named annotation set -->

<AnnotationSet Name="Original markups">
<Annotation Id="0" Type="paragraph" StartNode="0" EndNode="90">
</Annotation>
<Annotation Id="1" Type="paragraph" StartNode="92" EndNode="133">
</Annotation>
<Annotation Id="2" Type="paragraph" StartNode="135" EndNode="606">
</Annotation>
<Annotation Id="3" Type="paragraph" StartNode="608" EndNode="1105">
</Annotation>
<Annotation Id="4" Type="paragraph" StartNode="1111" EndNode="1153">
</Annotation>
</AnnotationSet>

</GateDocument>
