<?xml version='1.0' encoding='MacRoman'?>
<GateDocument>
<!-- The document's features-->

<GateDocumentFeatures>
<Feature>
  <Name className="java.lang.String">MimeType</Name>
  <Value className="java.lang.String">text/plain</Value>
</Feature>
<Feature>
  <Name className="java.lang.String">gate.SourceURL</Name>
  <Value className="java.lang.String">file:/home/conrada/Dropbox/healthcare_data/devel2/hcd034.txt</Value>
</Feature>
<Feature>
  <Name className="java.lang.String">docNewLineType</Name>
  <Value className="java.lang.String">LF</Value>
</Feature>
</GateDocumentFeatures>
<!-- The document content area with serialized nodes -->

<TextWithNodes><Node id="0" />Avenging AngelFollowRSS
Daily Kos member<Node id="40" />

    <Node id="46" />Profile
    Diaries (list)
    Stream<Node id="83" />

<Node id="85" />Thu May 05, 2011 at 12:08 PM PDT
<Node id="118" />Health Reform Law Brings Insurance to Millions This Year<Node id="174" />

<Node id="176" />by Avenging AngelFollow
ShareNew
permalink 	10 Comments<Node id="231" />

<Node id="233" />This week, House Ways and Means Committee Chairman Dave Camp (R-MI) admitted that the Republican effort to repeal the 2010 health care law is "dead<Node id="380" />." <Node id="383" /> But while all eyes are now focused on the lawsuit by 26 states to overturn the law and its individual insurance mandate<Node id="503" />, <Node id="505" />hundreds of thousands of Americans are already getting coverage <Node id="569" />thanks to<Node id="578" /> <Node id="579" />the Affordable Care Act<Node id="602" />.  <Node id="605" />While the law's provisions enabling 32 million people to obtain insurance don't kick in until 2014, families and small businesses nationwide are already adding coverage<Node id="773" />.<Node id="774" />

<Node id="776" />As an analysis by McClatchy revealed, an estimated 1.2 million young adults will get health insurance coverage this year <Node id="897" />thanks to<Node id="906" /> <Node id="907" />the Affordable Care Act's provision<Node id="942" /> enabling parents to <Node id="963" />keep their children on their policies<Node id="1000" /> until age 26<Node id="1013" />.  <Node id="1016" />The early indications suggest the number covered this year could be much more<Node id="1093" />.  <Node id="1096" />While the ACA didn't require insurers to start covering enrollees' adult children until the start of the next plan year, dozens of firms already have<Node id="1245" />.  The results are dramatic:<Node id="1273" />

    <Node id="1279" />WellPoint, the nation's largest publicly traded health insurer, with 34 million customers, said the provision on dependents was responsible for adding 280,000 members<Node id="1445" />. That was about one-third of its total enrollment growth in the first three months of this year.<Node id="1542" />

    <Node id="1548" />Other large insurers said they'd also added tens of thousands of young adults<Node id="1625" />.<Node id="1626" />

    <Node id="1632" />Aetna, for example, added fewer than 100,000; Kaiser Permanente, about 90,000; Highmark Inc., about 72,000; Health Care Service Corp., about 82,000; Blue Shield of California, about 22,000; and United Healthcare, about 13,000<Node id="1857" />.<Node id="1858" />

    <Node id="1864" />The Health and Human Services Department estimated that about 1.2 million young adults would sign up for coverage in 2011<Node id="1985" />. <Node id="1987" />The early numbers from insurers show that it could be much more, said Aaron Smith, the executive director of the Young Invincibles, a Washington-based nonprofit group that advocates for young adults<Node id="2185" />.<Node id="2186" />

<Node id="2188" />That bit of good news comes on the heels of another<Node id="2239" />.  <Node id="2242" />Despite the sluggish economic recovery, surprising numbers of the nation's small business owners are already taking advantage of the Affordable Care to <Node id="2394" />offer coverage to their employees<Node id="2427" />.<Node id="2428" />

<Node id="2430" />As the Los Angeles Times explained in January, major insurers are reporting that <Node id="2511" />thanks to<Node id="2520" /> <Node id="2521" />the incentives in the Affordable Care Act<Node id="2562" />, "a growing number of small businesses are signing up to give their workers health benefits<Node id="2654" />."<Node id="2656" />

<Node id="2658" />Writing in that "Capitalist Tool" Forbes. David Ungar concluded, "<Node id="2724" />Obamacare might just be working to <Node id="2759" />bring health care to working Americans<Node id="2797" /> precisely as promised<Node id="2819" />...<Node id="2822" />Because <Node id="2830" />the tax cut<Node id="2841" /> <Node id="2842" />created<Node id="2849" /> in <Node id="2853" />the new health care reform law<Node id="2883" /> providing small businesses with an incentive to give health benefits to employees is working<Node id="2976" />."  <Node id="2980" />While 99% of firms with over 200 employees offer some kind of coverage, only three-quarters of those with 10 to 24 workers and half of companies with less than 10 employees do<Node id="3155" />.  <Node id="3158" />And as the Los Angeles Times explained, the ACA's new tax credit for companies with fewer than 25 employees and moderate-to-low pay scales to help offset the cost of providing benefits is already having a significant impact<Node id="3381" />:<Node id="3382" />

    <Node id="3388" />Now some insurers are reporting significant jumps in coverage<Node id="3449" />.<Node id="3450" />

    <Node id="3456" />In the six months after the law was signed in March, UnitedHealth Group Inc., the country's largest insurer, added 75,000 new customers who work for companies with fewer than 50 employees<Node id="3643" />. <Node id="3645" />The Minnesota company called the increase notable but declined to reveal further details<Node id="3733" />.<Node id="3734" />

    <Node id="3740" />Coventry Health Care Inc., an insurer in Maryland that focuses on small businesses, signed contracts to cover 115,000 new workers in the first nine months of this year, an 8% jump<Node id="3919" />.<Node id="3920" />

    <Node id="3926" />In California, Warner Pacific Insurance Services in Westlake Village, a major servicer of insurance brokers, has seen business grow more than 10% this year, a company executive said<Node id="4107" />.<Node id="4108" />

    <Node id="4114" />And Blue Cross Blue Shield of Kansas City, the largest insurer in the Kansas City, Mo., area, is reporting a 58% jump in the number of small businesses buying insurance since April, the first full month after the legislation was signed into law<Node id="4358" />.<Node id="4359" />

<Node id="4361" />As Ron Rowe of Blue Cross Blue Shield put it, "One of the biggest problems in the small-group market is affordability<Node id="4478" />.  <Node id="4481" />We looked at the tax credit and said, 'This is perfect<Node id="4535" />.'"  <Node id="4540" />He said that 38% of the businesses it is signing up had not offered health benefits before<Node id="4630" />."  Gary Claxton, who oversees an annual survey of employer health plans for the nonprofit Kaiser Family Foundation, summed up the promising results:<Node id="4779" />

    <Node id="4785" />"We certainly did not expect to see this in this economy.  It's surprising."<Node id="4861" />

<Node id="4863" />Surprising, and very welcome<Node id="4891" />.<Node id="4892" />

<Node id="4894" />After all, a study released in March by the Commonwealth Fund found that since the start of the Bush recession in late 2007, almost 60% of Americans who lost a job and their health insurance- 9 million people - could not afford to regain coverage<Node id="5140" />.<Node id="5141" /> Medical costs pushed four million more into bankruptcy<Node id="5196" />.  (<Node id="5200" />Mercifully, as the analysis also showed, "When fully <Node id="5253" />implemented<Node id="5264" /> in 2014, <Node id="5274" />the Affordable Care Act<Node id="5297" /> will bring relief: <Node id="5317" />nearly all of the 52 million working-age adults who were without health insurance for a time<Node id="5409" /> in 2010 will be <Node id="5426" />covered<Node id="5433" />.")<Node id="5436" />

<Node id="5438" />And as Kaiser and other analyses revealed, the deep Bush recession only accelerated the deterioration of employer-provided health care coverage<Node id="5581" />.  <Node id="5584" />Last fall, the U.S. Census Bureau announced that the number of uninsured in America jumped to 50.7 million (16.7%) in 2009 from 46.3 million (15.4%) just the year before<Node id="5753" />. But the Bush recession which began in December 2007 accounts for only a portion of that dramatic drop-off.<Node id="5861" /> A September 2010 analysis by the Economic Policy Institute found that employer-sponsored coverage plummeted from 68.3% of those under 65 years old in 2000 to just 58.9% in 2009<Node id="6038" />. (A Thomson Reuters survey last year put the figure for 2009 at a stunning 54.6%.) <Node id="6122" />It was only the expansion of government programs including SCHIP and Medicaid which offset the erosion of employer coverage over the last two years<Node id="6269" />.<Node id="6270" />

<Node id="6272" />And that's just the beginning of the health care nightmare for employees that Republicans are determined to prolong<Node id="6387" />. As the New York Times reported this fall, the Employer Health Benefits 2010 Annual Survey produced by the Kaiser Family Foundation found:<Node id="6526" />

    <Node id="6532" />Since 2005, while wages have increased just 18 percent, workers' contributions to premiums have jumped 47 percent, almost twice as fast as the rise in the policy's overall cost<Node id="6708" />.<Node id="6709" />

<Node id="6711" />But the one bright spot in the Kaiser survey was expanded coverage among small businesses<Node id="6800" />.  <Node id="6803" />As the chart below shows, from 2009 to 2010 companies with 3 to 9 employees providing workers with insurance jumped by 13 points to 59%<Node id="6938" />.<Node id="6939" />

<Node id="6941" />That finding was echoed by the not-for-profit advocacy group, Small Business Majority:<Node id="7027" />

    <Node id="7033" />Small Business Majority commissioned a survey of 619 small business owners with fewer than 50 employees from Nov. 17-22, 2010. We wanted to gauge their opinions on two key provisions of the Patient Protection and Affordable Care Act: healthcare tax credits and insurance exchanges. <Node id="7315" />For employers who don't <Node id="7339" />offer<Node id="7344" /> health insurance, one-third said they are more likely to do so because of the tax credits, and 31% of employers who currently <Node id="7471" />offer<Node id="7476" /> it said the tax credits will make them more likely to continue offering it<Node id="7551" />. <Node id="7553" />The credits, which are available now, allow businesses with fewer than 25 employees that have average annual wages under $50,000 to get a tax credit of up to 35% of their health insurance costs<Node id="7746" />.<Node id="7747" />

    <Node id="7753" />The numbers were nearly identical when respondents were asked if the exchange will make them more likely to <Node id="7861" />provide<Node id="7868" /> benefits: 33% of respondents who don't provide insurance said the exchange would make them more likely to do so, and 31% who do <Node id="7997" />provide<Node id="8004" /> insurance responded that the exchange would make them more likely to continuing <Node id="8085" />providing<Node id="8094" /> it<Node id="8097" />. <Node id="8099" />The insurance exchanges are online marketplaces where small businesses and individuals can band together to buy insurance<Node id="8220" />.<Node id="8221" />

<Node id="8223" />Evaluating those incentives to purchase insurance for her employees, Kiersten Firquain of Kansas City-based Bistro Kids responded, "We said, 'How could we not do this?<Node id="8390" />'"<Node id="8392" />

<Node id="8394" />The same might be said of the health care reform law itself<Node id="8453" />.  <Node id="8456" />Adding roughly two million to the ranks of the insured this year and ultimately 30 million more all while <Node id="8562" />trimming<Node id="8570" /> <Node id="8571" />the national debt<Node id="8588" />, how could we not do this?<Node id="8615" />

<Node id="8617" />* Crossposted at Perrspectives *
Originally posted to Avenging Angel on Thu May 05, 2011 at 12:08 PM PDT.
Also republished by J Town.
Tags<Node id="8755" />

    <Node id="8761" />aca
    Affordable Care Act
    Barack Obama
    Economy
    health care reform
    insurance
    Lawsuit
    PPACA
    Recession
    repeal
    small business
    uninsured<Node id="8934" />


<Node id="8937" /></TextWithNodes>
<!-- The default annotation set -->

<AnnotationSet>
<Annotation Id="34" Type="arg" StartNode="118" EndNode="174">
<Feature>
  <Name className="java.lang.String">unclear</Name>
  <Value className="java.lang.String">true</Value>
</Feature>
<Feature>
  <Name className="java.lang.String">ss-label</Name>
  <Value className="java.lang.String">expands/guarentees_access_to_insurance</Value>
</Feature>
<Feature>
  <Name className="java.lang.String">type</Name>
  <Value className="java.lang.String">label</Value>
</Feature>
<Feature>
  <Name className="java.lang.String">polarity</Name>
  <Value className="java.lang.String">positive</Value>
</Feature>
</Annotation>
<Annotation Id="35" Type="rel" StartNode="233" EndNode="380">
<Feature>
  <Name className="java.lang.String">type</Name>
  <Value className="java.lang.String">label</Value>
</Feature>
<Feature>
  <Name className="java.lang.String">ss-label</Name>
  <Value className="java.lang.String">opposition_demagogues_bill</Value>
</Feature>
<Feature>
  <Name className="java.lang.String">unclear</Name>
  <Value className="java.lang.String">true</Value>
</Feature>
</Annotation>
<Annotation Id="33" Type="doc" StartNode="0" EndNode="8937">
<Feature>
  <Name className="java.lang.String">id</Name>
  <Value className="java.lang.String">hcd034</Value>
</Feature>
<Feature>
  <Name className="java.lang.String">author</Name>
  <Value className="java.lang.String">avenging,angel</Value>
</Feature>
<Feature>
  <Name className="java.lang.String">date</Name>
  <Value className="java.lang.String">20110505</Value>
</Feature>
<Feature>
  <Name className="java.lang.String">source</Name>
  <Value className="java.lang.String">dailykos</Value>
</Feature>
<Feature>
  <Name className="java.lang.String">side</Name>
  <Value className="java.lang.String">pro</Value>
</Feature>
<Feature>
  <Name className="java.lang.String">url</Name>
  <Value className="java.lang.String">www.dailykos.com/story/2011/05/05/973404/--Health-Reform-Law-Brings-Insurance-to-Millions-This-Year</Value>
</Feature>
</Annotation>
<Annotation Id="38" Type="rel" StartNode="605" EndNode="773">
<Feature>
  <Name className="java.lang.String">type</Name>
  <Value className="java.lang.String">label</Value>
</Feature>
<Feature>
  <Name className="java.lang.String">ss-label</Name>
  <Value className="java.lang.String">children_can_stay_on_parent_plans_longer</Value>
</Feature>
</Annotation>
<Annotation Id="39" Type="arg" StartNode="776" EndNode="1013">
<Feature>
  <Name className="java.lang.String">unclear</Name>
  <Value className="java.lang.String">true</Value>
</Feature>
<Feature>
  <Name className="java.lang.String">ss-label</Name>
  <Value className="java.lang.String">children_can_stay_on_parent_plans_longer</Value>
</Feature>
<Feature>
  <Name className="java.lang.String">type</Name>
  <Value className="java.lang.String">label</Value>
</Feature>
<Feature>
  <Name className="java.lang.String">polarity</Name>
  <Value className="java.lang.String">positive</Value>
</Feature>
</Annotation>
<Annotation Id="36" Type="rel" StartNode="383" EndNode="503">
<Feature>
  <Name className="java.lang.String">type</Name>
  <Value className="java.lang.String">label</Value>
</Feature>
<Feature>
  <Name className="java.lang.String">ss-label</Name>
  <Value className="java.lang.String">constitutional</Value>
</Feature>
</Annotation>
<Annotation Id="37" Type="arg" StartNode="505" EndNode="602">
<Feature>
  <Name className="java.lang.String">type</Name>
  <Value className="java.lang.String">label</Value>
</Feature>
<Feature>
  <Name className="java.lang.String">ss-label</Name>
  <Value className="java.lang.String">expands/guarentees_access_to_insurance</Value>
</Feature>
<Feature>
  <Name className="java.lang.String">polarity</Name>
  <Value className="java.lang.String">positive</Value>
</Feature>
</Annotation>
<Annotation Id="42" Type="rel" StartNode="1279" EndNode="1445">
<Feature>
  <Name className="java.lang.String">type</Name>
  <Value className="java.lang.String">label</Value>
</Feature>
<Feature>
  <Name className="java.lang.String">ss-label</Name>
  <Value className="java.lang.String">children_can_stay_on_parent_plans_longer</Value>
</Feature>
</Annotation>
<Annotation Id="43" Type="rel" StartNode="1548" EndNode="1625">
<Feature>
  <Name className="java.lang.String">type</Name>
  <Value className="java.lang.String">label</Value>
</Feature>
<Feature>
  <Name className="java.lang.String">ss-label</Name>
  <Value className="java.lang.String">children_can_stay_on_parent_plans_longer</Value>
</Feature>
</Annotation>
<Annotation Id="40" Type="rel" StartNode="1016" EndNode="1093">
<Feature>
  <Name className="java.lang.String">type</Name>
  <Value className="java.lang.String">label</Value>
</Feature>
<Feature>
  <Name className="java.lang.String">unclear</Name>
  <Value className="java.lang.String">true</Value>
</Feature>
<Feature>
  <Name className="java.lang.String">ss-label</Name>
  <Value className="java.lang.String">children_can_stay_on_parent_plans_longer</Value>
</Feature>
</Annotation>
<Annotation Id="41" Type="rel" StartNode="1096" EndNode="1245">
<Feature>
  <Name className="java.lang.String">type</Name>
  <Value className="java.lang.String">label</Value>
</Feature>
<Feature>
  <Name className="java.lang.String">ss-label</Name>
  <Value className="java.lang.String">children_can_stay_on_parent_plans_longer</Value>
</Feature>
</Annotation>
<Annotation Id="46" Type="rel" StartNode="1987" EndNode="2185">
<Feature>
  <Name className="java.lang.String">type</Name>
  <Value className="java.lang.String">label</Value>
</Feature>
<Feature>
  <Name className="java.lang.String">ss-label</Name>
  <Value className="java.lang.String">children_can_stay_on_parent_plans_longer</Value>
</Feature>
</Annotation>
<Annotation Id="47" Type="arg" StartNode="2188" EndNode="2239">
<Feature>
  <Name className="java.lang.String">type</Name>
  <Value className="java.lang.String">else</Value>
</Feature>
<Feature>
  <Name className="java.lang.String">polarity</Name>
  <Value className="java.lang.String">positive</Value>
</Feature>
</Annotation>
<Annotation Id="44" Type="rel" StartNode="1632" EndNode="1857">
<Feature>
  <Name className="java.lang.String">type</Name>
  <Value className="java.lang.String">label</Value>
</Feature>
<Feature>
  <Name className="java.lang.String">ss-label</Name>
  <Value className="java.lang.String">children_can_stay_on_parent_plans_longer</Value>
</Feature>
</Annotation>
<Annotation Id="45" Type="rel" StartNode="1864" EndNode="1985">
<Feature>
  <Name className="java.lang.String">type</Name>
  <Value className="java.lang.String">label</Value>
</Feature>
<Feature>
  <Name className="java.lang.String">ss-label</Name>
  <Value className="java.lang.String">children_can_stay_on_parent_plans_longer</Value>
</Feature>
</Annotation>
<Annotation Id="51" Type="arg" StartNode="2822" EndNode="2976">
<Feature>
  <Name className="java.lang.String">type</Name>
  <Value className="java.lang.String">label</Value>
</Feature>
<Feature>
  <Name className="java.lang.String">ss-label</Name>
  <Value className="java.lang.String">helps_businesses_offer_healthcare_coverage_to_workers</Value>
</Feature>
<Feature>
  <Name className="java.lang.String">polarity</Name>
  <Value className="java.lang.String">positive</Value>
</Feature>
</Annotation>
<Annotation Id="50" Type="arg" StartNode="2724" EndNode="2819">
<Feature>
  <Name className="java.lang.String">type</Name>
  <Value className="java.lang.String">label</Value>
</Feature>
<Feature>
  <Name className="java.lang.String">ss-label</Name>
  <Value className="java.lang.String">improves_access_to_healthcare_and_insurance</Value>
</Feature>
<Feature>
  <Name className="java.lang.String">polarity</Name>
  <Value className="java.lang.String">positive</Value>
</Feature>
</Annotation>
<Annotation Id="49" Type="arg" StartNode="2430" EndNode="2654">
<Feature>
  <Name className="java.lang.String"></Name>
  <Value className="java.lang.String">true</Value>
</Feature>
<Feature>
  <Name className="java.lang.String">ss-label</Name>
  <Value className="java.lang.String">helps_businesses_offer_healthcare_coverage_to_workers</Value>
</Feature>
<Feature>
  <Name className="java.lang.String">type</Name>
  <Value className="java.lang.String">label</Value>
</Feature>
<Feature>
  <Name className="java.lang.String">polarity</Name>
  <Value className="java.lang.String">positive</Value>
</Feature>
</Annotation>
<Annotation Id="48" Type="arg" StartNode="2242" EndNode="2427">
<Feature>
  <Name className="java.lang.String">type</Name>
  <Value className="java.lang.String">label</Value>
</Feature>
<Feature>
  <Name className="java.lang.String">ss-label</Name>
  <Value className="java.lang.String">helps_businesses_offer_healthcare_coverage_to_workers</Value>
</Feature>
<Feature>
  <Name className="java.lang.String">polarity</Name>
  <Value className="java.lang.String">positive</Value>
</Feature>
</Annotation>
<Annotation Id="55" Type="rel" StartNode="3456" EndNode="3643">
<Feature>
  <Name className="java.lang.String">type</Name>
  <Value className="java.lang.String">label</Value>
</Feature>
<Feature>
  <Name className="java.lang.String">ss-label</Name>
  <Value className="java.lang.String">helps_businesses_offer_healthcare_coverage_to_workers</Value>
</Feature>
</Annotation>
<Annotation Id="54" Type="rel" StartNode="3388" EndNode="3449">
<Feature>
  <Name className="java.lang.String">type</Name>
  <Value className="java.lang.String">label</Value>
</Feature>
<Feature>
  <Name className="java.lang.String">ss-label</Name>
  <Value className="java.lang.String">improves_access_to_healthcare_and_insurance</Value>
</Feature>
</Annotation>
<Annotation Id="53" Type="rel" StartNode="3158" EndNode="3381">
<Feature>
  <Name className="java.lang.String">type</Name>
  <Value className="java.lang.String">label</Value>
</Feature>
<Feature>
  <Name className="java.lang.String">ss-label</Name>
  <Value className="java.lang.String">helps_businesses_offer_healthcare_coverage_to_workers</Value>
</Feature>
</Annotation>
<Annotation Id="52" Type="rel" StartNode="2980" EndNode="3155">
<Feature>
  <Name className="java.lang.String">type</Name>
  <Value className="java.lang.String">label</Value>
</Feature>
<Feature>
  <Name className="java.lang.String">ss-label</Name>
  <Value className="java.lang.String">helps_businesses_offer_healthcare_coverage_to_workers</Value>
</Feature>
</Annotation>
<Annotation Id="59" Type="rel" StartNode="4114" EndNode="4358">
<Feature>
  <Name className="java.lang.String">type</Name>
  <Value className="java.lang.String">label</Value>
</Feature>
<Feature>
  <Name className="java.lang.String">ss-label</Name>
  <Value className="java.lang.String">helps_businesses_offer_healthcare_coverage_to_workers</Value>
</Feature>
</Annotation>
<Annotation Id="58" Type="rel" StartNode="3926" EndNode="4107">
<Feature>
  <Name className="java.lang.String">type</Name>
  <Value className="java.lang.String">label</Value>
</Feature>
<Feature>
  <Name className="java.lang.String">ss-label</Name>
  <Value className="java.lang.String">helps_businesses_offer_healthcare_coverage_to_workers</Value>
</Feature>
</Annotation>
<Annotation Id="57" Type="rel" StartNode="3740" EndNode="3919">
<Feature>
  <Name className="java.lang.String">type</Name>
  <Value className="java.lang.String">label</Value>
</Feature>
<Feature>
  <Name className="java.lang.String">ss-label</Name>
  <Value className="java.lang.String">helps_businesses_offer_healthcare_coverage_to_workers</Value>
</Feature>
</Annotation>
<Annotation Id="56" Type="rel" StartNode="3645" EndNode="3733">
<Feature>
  <Name className="java.lang.String">type</Name>
  <Value className="java.lang.String">label</Value>
</Feature>
<Feature>
  <Name className="java.lang.String">ss-label</Name>
  <Value className="java.lang.String">helps_businesses_offer_healthcare_coverage_to_workers</Value>
</Feature>
</Annotation>
<Annotation Id="62" Type="rel" StartNode="4540" EndNode="4630">
<Feature>
  <Name className="java.lang.String">type</Name>
  <Value className="java.lang.String">label</Value>
</Feature>
<Feature>
  <Name className="java.lang.String">ss-label</Name>
  <Value className="java.lang.String">helps_businesses_offer_healthcare_coverage_to_workers</Value>
</Feature>
</Annotation>
<Annotation Id="61" Type="arg" StartNode="4481" EndNode="4535">
<Feature>
  <Name className="java.lang.String">ss-label</Name>
  <Value className="java.lang.String">tax_credits_improve_affordability</Value>
</Feature>
<Feature>
  <Name className="java.lang.String">unclear</Name>
  <Value className="java.lang.String">true</Value>
</Feature>
<Feature>
  <Name className="java.lang.String">type</Name>
  <Value className="java.lang.String">label</Value>
</Feature>
<Feature>
  <Name className="java.lang.String">polarity</Name>
  <Value className="java.lang.String">positive</Value>
</Feature>
</Annotation>
<Annotation Id="60" Type="rel" StartNode="4361" EndNode="4478">
<Feature>
  <Name className="java.lang.String">type</Name>
  <Value className="java.lang.String">label</Value>
</Feature>
<Feature>
  <Name className="java.lang.String">ss-label</Name>
  <Value className="java.lang.String">helps_businesses_offer_healthcare_coverage_to_workers</Value>
</Feature>
</Annotation>
<Annotation Id="68" Type="arg" StartNode="8456" EndNode="8615">
<Feature>
  <Name className="java.lang.String">type</Name>
  <Value className="java.lang.String">label</Value>
</Feature>
<Feature>
  <Name className="java.lang.String">ss-label</Name>
  <Value className="java.lang.String">bill_generally_good</Value>
</Feature>
<Feature>
  <Name className="java.lang.String">polarity</Name>
  <Value className="java.lang.String">positive</Value>
</Feature>
</Annotation>
<Annotation Id="69" Type="rel" StartNode="5438" EndNode="5581">
<Feature>
  <Name className="java.lang.String">type</Name>
  <Value className="java.lang.String">label</Value>
</Feature>
<Feature>
  <Name className="java.lang.String">ss-label</Name>
  <Value className="java.lang.String">many_americans_lack_appropriate_insurance</Value>
</Feature>
</Annotation>
<Annotation Id="70" Type="rel" StartNode="5861" EndNode="6038">
<Feature>
  <Name className="java.lang.String">ss-label</Name>
  <Value className="java.lang.String">many_americans_lack_appropriate_insurance</Value>
</Feature>
<Feature>
  <Name className="java.lang.String">unclear</Name>
  <Value className="java.lang.String">true</Value>
</Feature>
<Feature>
  <Name className="java.lang.String">type</Name>
  <Value className="java.lang.String">label</Value>
</Feature>
<Feature>
  <Name className="java.lang.String">polarity</Name>
  <Value className="java.lang.String">negative</Value>
</Feature>
</Annotation>
<Annotation Id="71" Type="arg" StartNode="4863" EndNode="4891">
<Feature>
  <Name className="java.lang.String">type</Name>
  <Value className="java.lang.String">else</Value>
</Feature>
<Feature>
  <Name className="java.lang.String">polarity</Name>
  <Value className="java.lang.String">positive</Value>
</Feature>
</Annotation>
<Annotation Id="64" Type="rel" StartNode="4894" EndNode="5140">
<Feature>
  <Name className="java.lang.String">type</Name>
  <Value className="java.lang.String">label</Value>
</Feature>
<Feature>
  <Name className="java.lang.String">ss-label</Name>
  <Value className="java.lang.String">consumers_pay_too_much_for_healthcare</Value>
</Feature>
</Annotation>
<Annotation Id="65" Type="rel" StartNode="5141" EndNode="5196">
<Feature>
  <Name className="java.lang.String">type</Name>
  <Value className="java.lang.String">label</Value>
</Feature>
<Feature>
  <Name className="java.lang.String">ss-label</Name>
  <Value className="java.lang.String">protects_individuals_from_medical_bankrupcy</Value>
</Feature>
</Annotation>
<Annotation Id="66" Type="arg" StartNode="5200" EndNode="5433">
<Feature>
  <Name className="java.lang.String">type</Name>
  <Value className="java.lang.String">label</Value>
</Feature>
<Feature>
  <Name className="java.lang.String">ss-label</Name>
  <Value className="java.lang.String">improves_access_to_healthcare_and_insurance</Value>
</Feature>
<Feature>
  <Name className="java.lang.String">polarity</Name>
  <Value className="java.lang.String">positive</Value>
</Feature>
</Annotation>
<Annotation Id="67" Type="arg" StartNode="6272" EndNode="6387">
<Feature>
  <Name className="java.lang.String">type</Name>
  <Value className="java.lang.String">label</Value>
</Feature>
<Feature>
  <Name className="java.lang.String">ss-label</Name>
  <Value className="java.lang.String">opposition_has_no_plan</Value>
</Feature>
<Feature>
  <Name className="java.lang.String">polarity</Name>
  <Value className="java.lang.String">negative</Value>
</Feature>
</Annotation>
<Annotation Id="76" Type="rel" StartNode="6803" EndNode="6938">
<Feature>
  <Name className="java.lang.String">type</Name>
  <Value className="java.lang.String">label</Value>
</Feature>
<Feature>
  <Name className="java.lang.String">ss-label</Name>
  <Value className="java.lang.String">helps_businesses_cover_employees</Value>
</Feature>
<Feature>
  <Name className="java.lang.String">unclear</Name>
  <Value className="java.lang.String">true</Value>
</Feature>
</Annotation>
<Annotation Id="78" Type="arg" StartNode="7315" EndNode="7551">
<Feature>
  <Name className="java.lang.String">unclear</Name>
  <Value className="java.lang.String">true</Value>
</Feature>
<Feature>
  <Name className="java.lang.String">ss-label</Name>
  <Value className="java.lang.String">helps_businesses_cover_employees</Value>
</Feature>
<Feature>
  <Name className="java.lang.String">type</Name>
  <Value className="java.lang.String">label</Value>
</Feature>
<Feature>
  <Name className="java.lang.String">polarity</Name>
  <Value className="java.lang.String">positive</Value>
</Feature>
</Annotation>
<Annotation Id="79" Type="rel" StartNode="7553" EndNode="7746">
<Feature>
  <Name className="java.lang.String">type</Name>
  <Value className="java.lang.String">label</Value>
</Feature>
<Feature>
  <Name className="java.lang.String">ss-label</Name>
  <Value className="java.lang.String">helps_businesses_cover_employees</Value>
</Feature>
</Annotation>
<Annotation Id="72" Type="rel" StartNode="5584" EndNode="5753">
<Feature>
  <Name className="java.lang.String">type</Name>
  <Value className="java.lang.String">label</Value>
</Feature>
<Feature>
  <Name className="java.lang.String">ss-label</Name>
  <Value className="java.lang.String">many_americans_lack_appropriate_insurance</Value>
</Feature>
</Annotation>
<Annotation Id="73" Type="rel" StartNode="6122" EndNode="6269">
<Feature>
  <Name className="java.lang.String">unclear</Name>
  <Value className="java.lang.String">true</Value>
</Feature>
<Feature>
  <Name className="java.lang.String">ss-label</Name>
  <Value className="java.lang.String">many_americans_lack_appropriate_insurance</Value>
</Feature>
<Feature>
  <Name className="java.lang.String">type</Name>
  <Value className="java.lang.String">label</Value>
</Feature>
<Feature>
  <Name className="java.lang.String">polarity</Name>
  <Value className="java.lang.String">positive</Value>
</Feature>
</Annotation>
<Annotation Id="74" Type="rel" StartNode="6532" EndNode="6708">
<Feature>
  <Name className="java.lang.String">unclear</Name>
  <Value className="java.lang.String"></Value>
</Feature>
<Feature>
  <Name className="java.lang.String">ss-label</Name>
  <Value className="java.lang.String">consumers_pay_too_much_for_healthcare</Value>
</Feature>
<Feature>
  <Name className="java.lang.String">type</Name>
  <Value className="java.lang.String">label</Value>
</Feature>
<Feature>
  <Name className="java.lang.String">polarity</Name>
  <Value className="java.lang.String">negative</Value>
</Feature>
</Annotation>
<Annotation Id="75" Type="rel" StartNode="6711" EndNode="6800">
<Feature>
  <Name className="java.lang.String">type</Name>
  <Value className="java.lang.String">label</Value>
</Feature>
<Feature>
  <Name className="java.lang.String">ss-label</Name>
  <Value className="java.lang.String">helps_businesses_cover_employees</Value>
</Feature>
<Feature>
  <Name className="java.lang.String">unclear</Name>
  <Value className="java.lang.String">true</Value>
</Feature>
</Annotation>
<Annotation Id="85" Type="para" StartNode="776" EndNode="1273">
<Feature>
  <Name className="java.lang.String">argmnt-label</Name>
  <Value className="java.lang.String">children_can_stay_on_parent_plans_longer</Value>
</Feature>
</Annotation>
<Annotation Id="84" Type="para" StartNode="233" EndNode="774">
<Feature>
  <Name className="java.lang.String">argmnt-label</Name>
  <Value className="java.lang.String">expands/guarentees_access_to_insurance</Value>
</Feature>
</Annotation>
<Annotation Id="87" Type="para" StartNode="1548" EndNode="2186">
<Feature>
  <Name className="java.lang.String">argmnt-label</Name>
  <Value className="java.lang.String">children_can_stay_on_parent_plans_longer</Value>
</Feature>
</Annotation>
<Annotation Id="86" Type="para" StartNode="1279" EndNode="1542">
<Feature>
  <Name className="java.lang.String">argmnt-label</Name>
  <Value className="java.lang.String">children_can_stay_on_parent_plans_longer</Value>
</Feature>
</Annotation>
<Annotation Id="81" Type="arg" StartNode="7753" EndNode="8097">
<Feature>
  <Name className="java.lang.String">ss-label</Name>
  <Value className="java.lang.String">helps_businesses_offer_healthcare_coverage_to_workers</Value>
</Feature>
<Feature>
  <Name className="java.lang.String">unclear</Name>
  <Value className="java.lang.String">true</Value>
</Feature>
<Feature>
  <Name className="java.lang.String">type</Name>
  <Value className="java.lang.String">label</Value>
</Feature>
<Feature>
  <Name className="java.lang.String">polarity</Name>
  <Value className="java.lang.String">positive</Value>
</Feature>
</Annotation>
<Annotation Id="80" Type="rel" StartNode="8099" EndNode="8220">
<Feature>
  <Name className="java.lang.String">type</Name>
  <Value className="java.lang.String">label</Value>
</Feature>
<Feature>
  <Name className="java.lang.String">ss-label</Name>
  <Value className="java.lang.String">exchanges_support_informed_choice</Value>
</Feature>
</Annotation>
<Annotation Id="83" Type="rel" StartNode="8394" EndNode="8453">
<Feature>
  <Name className="java.lang.String">type</Name>
  <Value className="java.lang.String">label</Value>
</Feature>
<Feature>
  <Name className="java.lang.String">ss-label</Name>
  <Value className="java.lang.String">bill_generally_good</Value>
</Feature>
</Annotation>
<Annotation Id="82" Type="arg" StartNode="8223" EndNode="8390">
<Feature>
  <Name className="java.lang.String">ss-label</Name>
  <Value className="java.lang.String">helps_businesses_offer_healthcare_coverage_to_workers</Value>
</Feature>
<Feature>
  <Name className="java.lang.String">unclear</Name>
  <Value className="java.lang.String">true</Value>
</Feature>
<Feature>
  <Name className="java.lang.String">type</Name>
  <Value className="java.lang.String">label</Value>
</Feature>
<Feature>
  <Name className="java.lang.String">polarity</Name>
  <Value className="java.lang.String">positive</Value>
</Feature>
</Annotation>
<Annotation Id="93" Type="para" StartNode="4785" EndNode="4861">
<Feature>
  <Name className="java.lang.String">argmnt-label</Name>
  <Value className="java.lang.String">none</Value>
</Feature>
</Annotation>
<Annotation Id="92" Type="para" StartNode="4361" EndNode="4779">
<Feature>
  <Name className="java.lang.String">argmnt-label</Name>
  <Value className="java.lang.String">helps_businesses_offer_healthcare_coverage_to_workers</Value>
</Feature>
</Annotation>
<Annotation Id="95" Type="para" StartNode="5438" EndNode="6270">
<Feature>
  <Name className="java.lang.String">unclear</Name>
  <Value className="java.lang.String">true</Value>
</Feature>
<Feature>
  <Name className="java.lang.String">argmnt-label</Name>
  <Value className="java.lang.String">many_americans_lack_appropriate_insurance</Value>
</Feature>
</Annotation>
<Annotation Id="94" Type="para" StartNode="4863" EndNode="5436">
<Feature>
  <Name className="java.lang.String">unclear</Name>
  <Value className="java.lang.String">true</Value>
</Feature>
<Feature>
  <Name className="java.lang.String">argmnt-label</Name>
  <Value className="java.lang.String">expands/guarentees_access_to_insurance</Value>
</Feature>
</Annotation>
<Annotation Id="89" Type="para" StartNode="2430" EndNode="3382">
<Feature>
  <Name className="java.lang.String">argmnt-label</Name>
  <Value className="java.lang.String">helps_businesses_offer_healthcare_coverage_to_workers</Value>
</Feature>
</Annotation>
<Annotation Id="88" Type="para" StartNode="2188" EndNode="2428">
<Feature>
  <Name className="java.lang.String">argmnt-label</Name>
  <Value className="java.lang.String">helps_businesses_offer_healthcare_coverage_to_workers</Value>
</Feature>
</Annotation>
<Annotation Id="91" Type="para" StartNode="3740" EndNode="4359">
<Feature>
  <Name className="java.lang.String">argmnt-label</Name>
  <Value className="java.lang.String">helps_businesses_offer_healthcare_coverage_to_workers</Value>
</Feature>
</Annotation>
<Annotation Id="90" Type="para" StartNode="3388" EndNode="3734">
<Feature>
  <Name className="java.lang.String">argmnt-label</Name>
  <Value className="java.lang.String">helps_businesses_offer_healthcare_coverage_to_workers</Value>
</Feature>
</Annotation>
<Annotation Id="102" Type="gfbf-object" StartNode="579" EndNode="602">
<Feature>
  <Name className="java.lang.String">writerAtt</Name>
  <Value className="java.lang.String">positive</Value>
</Feature>
</Annotation>
<Annotation Id="103" Type="gfbf" StartNode="897" EndNode="906">
<Feature>
  <Name className="java.lang.String">agentId</Name>
  <Value className="java.lang.String">implicit</Value>
</Feature>
<Feature>
  <Name className="java.lang.String">polarity</Name>
  <Value className="java.lang.String">goodfor</Value>
</Feature>
<Feature>
  <Name className="java.lang.String">objectId</Name>
  <Value className="java.lang.String">104</Value>
</Feature>
</Annotation>
<Annotation Id="100" Type="para" StartNode="8223" EndNode="8615">
<Feature>
  <Name className="java.lang.String">argmnt-label</Name>
  <Value className="java.lang.String">improves_access_to_healthcare_and_insurance</Value>
</Feature>
</Annotation>
<Annotation Id="101" Type="gfbf" StartNode="569" EndNode="578">
<Feature>
  <Name className="java.lang.String">agentId</Name>
  <Value className="java.lang.String">implicit</Value>
</Feature>
<Feature>
  <Name className="java.lang.String">polarity</Name>
  <Value className="java.lang.String">goodfor</Value>
</Feature>
<Feature>
  <Name className="java.lang.String">objectId</Name>
  <Value className="java.lang.String">102</Value>
</Feature>
</Annotation>
<Annotation Id="98" Type="para" StartNode="6941" EndNode="7747">
<Feature>
  <Name className="java.lang.String">argmnt-label</Name>
  <Value className="java.lang.String">helps_businesses_offer_healthcare_coverage_to_workers</Value>
</Feature>
</Annotation>
<Annotation Id="99" Type="para" StartNode="7753" EndNode="8221">
<Feature>
  <Name className="java.lang.String">argmnt-label</Name>
  <Value className="java.lang.String">helps_businesses_offer_healthcare_coverage_to_workers</Value>
</Feature>
</Annotation>
<Annotation Id="96" Type="para" StartNode="6272" EndNode="6526">
<Feature>
  <Name className="java.lang.String">unclear</Name>
  <Value className="java.lang.String">true</Value>
</Feature>
<Feature>
  <Name className="java.lang.String">argmnt-label</Name>
  <Value className="java.lang.String">many_americans_lack_appropriate_insurance</Value>
</Feature>
</Annotation>
<Annotation Id="97" Type="para" StartNode="6532" EndNode="6939">
<Feature>
  <Name className="java.lang.String">unclear</Name>
  <Value className="java.lang.String">true</Value>
</Feature>
<Feature>
  <Name className="java.lang.String">argmnt-label</Name>
  <Value className="java.lang.String">many_americans_lack_appropriate_insurance</Value>
</Feature>
</Annotation>
<Annotation Id="110" Type="gfbf" StartNode="2842" EndNode="2849">
<Feature>
  <Name className="java.lang.String">agentId</Name>
  <Value className="java.lang.String">111</Value>
</Feature>
<Feature>
  <Name className="java.lang.String">objectId</Name>
  <Value className="java.lang.String">112</Value>
</Feature>
<Feature>
  <Name className="java.lang.String">polarity</Name>
  <Value className="java.lang.String">goodfor</Value>
</Feature>
</Annotation>
<Annotation Id="111" Type="gfbf-agent" StartNode="2853" EndNode="2883">
<Feature>
  <Name className="java.lang.String">writerAtt</Name>
  <Value className="java.lang.String">positive</Value>
</Feature>
</Annotation>
<Annotation Id="108" Type="gfbf-object" StartNode="2521" EndNode="2562">
<Feature>
  <Name className="java.lang.String">writerAtt</Name>
  <Value className="java.lang.String">positive</Value>
</Feature>
</Annotation>
<Annotation Id="109" Type="others" StartNode="2759" EndNode="2797">
<Feature>
  <Name className="java.lang.String">comment</Name>
  <Value className="java.lang.String">bring sth to sb...</Value>
</Feature>
</Annotation>
<Annotation Id="106" Type="others" StartNode="2394" EndNode="2427">
<Feature>
  <Name className="java.lang.String">comment</Name>
  <Value className="java.lang.String">offer...</Value>
</Feature>
</Annotation>
<Annotation Id="107" Type="gfbf" StartNode="2511" EndNode="2520">
<Feature>
  <Name className="java.lang.String">agentId</Name>
  <Value className="java.lang.String">implicit</Value>
</Feature>
<Feature>
  <Name className="java.lang.String">polarity</Name>
  <Value className="java.lang.String">goodfor</Value>
</Feature>
<Feature>
  <Name className="java.lang.String">objectId</Name>
  <Value className="java.lang.String">108</Value>
</Feature>
</Annotation>
<Annotation Id="104" Type="gfbf-object" StartNode="907" EndNode="942">
<Feature>
  <Name className="java.lang.String">writerAtt</Name>
  <Value className="java.lang.String">positive</Value>
</Feature>
</Annotation>
<Annotation Id="105" Type="others" StartNode="963" EndNode="1000">
<Feature>
  <Name className="java.lang.String">comment</Name>
  <Value className="java.lang.String">keep sb...I think here keep is influencer and on their policies is GoodFor agent</Value>
</Feature>
</Annotation>
<Annotation Id="119" Type="others" StartNode="7861" EndNode="7868">
<Feature>
  <Name className="java.lang.String">comment</Name>
  <Value className="java.lang.String">provide</Value>
</Feature>
</Annotation>
<Annotation Id="118" Type="others" StartNode="7471" EndNode="7476">
<Feature>
  <Name className="java.lang.String">comment</Name>
  <Value className="java.lang.String">offer</Value>
</Feature>
</Annotation>
<Annotation Id="117" Type="others" StartNode="7339" EndNode="7344">
<Feature>
  <Name className="java.lang.String">comment</Name>
  <Value className="java.lang.String">offer</Value>
</Feature>
</Annotation>
<Annotation Id="116" Type="gfbf" StartNode="5426" EndNode="5433">
<Feature>
  <Name className="java.lang.String">agentId</Name>
  <Value className="java.lang.String">implicit</Value>
</Feature>
<Feature>
  <Name className="java.lang.String">polarity</Name>
  <Value className="java.lang.String">goodfor</Value>
</Feature>
<Feature>
  <Name className="java.lang.String">objectId</Name>
  <Value className="java.lang.String">115</Value>
</Feature>
</Annotation>
<Annotation Id="115" Type="gfbf-object" StartNode="5317" EndNode="5409">
<Feature>
  <Name className="java.lang.String">writerAtt</Name>
  <Value className="java.lang.String">positive</Value>
</Feature>
</Annotation>
<Annotation Id="114" Type="gfbf" StartNode="5253" EndNode="5264">
<Feature>
  <Name className="java.lang.String">agentId</Name>
  <Value className="java.lang.String">implicit</Value>
</Feature>
<Feature>
  <Name className="java.lang.String">polarity</Name>
  <Value className="java.lang.String">goodfor</Value>
</Feature>
<Feature>
  <Name className="java.lang.String">objectId</Name>
  <Value className="java.lang.String">113</Value>
</Feature>
</Annotation>
<Annotation Id="113" Type="gfbf-object" StartNode="5274" EndNode="5297">
<Feature>
  <Name className="java.lang.String">writerAtt</Name>
  <Value className="java.lang.String">positive</Value>
</Feature>
</Annotation>
<Annotation Id="112" Type="gfbf-object" StartNode="2830" EndNode="2841">
<Feature>
  <Name className="java.lang.String">writerAtt</Name>
  <Value className="java.lang.String">positive</Value>
</Feature>
</Annotation>
<Annotation Id="123" Type="gfbf-object" StartNode="8571" EndNode="8588">
<Feature>
  <Name className="java.lang.String">writerAtt</Name>
  <Value className="java.lang.String">negative</Value>
</Feature>
</Annotation>
<Annotation Id="122" Type="gfbf" StartNode="8562" EndNode="8570">
<Feature>
  <Name className="java.lang.String">unclear</Name>
  <Value className="java.lang.String">true</Value>
</Feature>
<Feature>
  <Name className="java.lang.String">agentId</Name>
  <Value className="java.lang.String">implicit</Value>
</Feature>
<Feature>
  <Name className="java.lang.String">objectId</Name>
  <Value className="java.lang.String">123</Value>
</Feature>
<Feature>
  <Name className="java.lang.String">polarity</Name>
  <Value className="java.lang.String">badfor</Value>
</Feature>
</Annotation>
<Annotation Id="121" Type="others" StartNode="8085" EndNode="8094">
<Feature>
  <Name className="java.lang.String">comment</Name>
  <Value className="java.lang.String">provide</Value>
</Feature>
</Annotation>
<Annotation Id="120" Type="others" StartNode="7997" EndNode="8004">
<Feature>
  <Name className="java.lang.String">comment</Name>
  <Value className="java.lang.String">provide</Value>
</Feature>
</Annotation>
</AnnotationSet>

<!-- Named annotation set -->

<AnnotationSet Name="Original markups">
<Annotation Id="0" Type="paragraph" StartNode="0" EndNode="40">
</Annotation>
<Annotation Id="1" Type="paragraph" StartNode="46" EndNode="83">
</Annotation>
<Annotation Id="2" Type="paragraph" StartNode="85" EndNode="174">
</Annotation>
<Annotation Id="3" Type="paragraph" StartNode="176" EndNode="231">
</Annotation>
<Annotation Id="4" Type="paragraph" StartNode="233" EndNode="774">
</Annotation>
<Annotation Id="5" Type="paragraph" StartNode="776" EndNode="1273">
</Annotation>
<Annotation Id="6" Type="paragraph" StartNode="1279" EndNode="1542">
</Annotation>
<Annotation Id="7" Type="paragraph" StartNode="1548" EndNode="1626">
</Annotation>
<Annotation Id="8" Type="paragraph" StartNode="1632" EndNode="1858">
</Annotation>
<Annotation Id="9" Type="paragraph" StartNode="1864" EndNode="2186">
</Annotation>
<Annotation Id="10" Type="paragraph" StartNode="2188" EndNode="2428">
</Annotation>
<Annotation Id="11" Type="paragraph" StartNode="2430" EndNode="2656">
</Annotation>
<Annotation Id="12" Type="paragraph" StartNode="2658" EndNode="3382">
</Annotation>
<Annotation Id="13" Type="paragraph" StartNode="3388" EndNode="3450">
</Annotation>
<Annotation Id="14" Type="paragraph" StartNode="3456" EndNode="3734">
</Annotation>
<Annotation Id="15" Type="paragraph" StartNode="3740" EndNode="3920">
</Annotation>
<Annotation Id="17" Type="paragraph" StartNode="4114" EndNode="4359">
</Annotation>
<Annotation Id="16" Type="paragraph" StartNode="3926" EndNode="4108">
</Annotation>
<Annotation Id="19" Type="paragraph" StartNode="4785" EndNode="4861">
</Annotation>
<Annotation Id="18" Type="paragraph" StartNode="4361" EndNode="4779">
</Annotation>
<Annotation Id="21" Type="paragraph" StartNode="4894" EndNode="5436">
</Annotation>
<Annotation Id="20" Type="paragraph" StartNode="4863" EndNode="4892">
</Annotation>
<Annotation Id="23" Type="paragraph" StartNode="6272" EndNode="6526">
</Annotation>
<Annotation Id="22" Type="paragraph" StartNode="5438" EndNode="6270">
</Annotation>
<Annotation Id="25" Type="paragraph" StartNode="6711" EndNode="6939">
</Annotation>
<Annotation Id="24" Type="paragraph" StartNode="6532" EndNode="6709">
</Annotation>
<Annotation Id="27" Type="paragraph" StartNode="7033" EndNode="7747">
</Annotation>
<Annotation Id="26" Type="paragraph" StartNode="6941" EndNode="7027">
</Annotation>
<Annotation Id="29" Type="paragraph" StartNode="8223" EndNode="8392">
</Annotation>
<Annotation Id="28" Type="paragraph" StartNode="7753" EndNode="8221">
</Annotation>
<Annotation Id="31" Type="paragraph" StartNode="8617" EndNode="8755">
</Annotation>
<Annotation Id="30" Type="paragraph" StartNode="8394" EndNode="8615">
</Annotation>
<Annotation Id="32" Type="paragraph" StartNode="8761" EndNode="8934">
</Annotation>
</AnnotationSet>

</GateDocument>
