<?xml version='1.0' encoding='US-ASCII'?>
<GateDocument version="2">
<!-- The document's features-->

<GateDocumentFeatures>
<Feature>
  <Name className="java.lang.String">MimeType</Name>
  <Value className="java.lang.String">text/plain</Value>
</Feature>
<Feature>
  <Name className="java.lang.String">gate.SourceURL</Name>
  <Value className="java.lang.String">file:/home/conrada/Dropbox/healthcare_data/devel2/hcd032.txt</Value>
</Feature>
<Feature>
  <Name className="java.lang.String">docNewLineType</Name>
  <Value className="java.lang.String">LF</Value>
</Feature>
</GateDocumentFeatures>
<!-- The document content area with serialized nodes -->

<TextWithNodes><Node id="0"/>OnomasticFollowRSS
Daily Kos member<Node id="35"/>

    <Node id="41"/>Profile
    Diaries (list)
    Stream<Node id="78"/>

<Node id="80"/>Tue Nov 23, 2010 at 06:25 PM PST
Good News For Us! Bad News for the Health Insurance Industry!<Node id="174"/>

<Node id="176"/>by OnomasticFollow
ShareNew
permalink 	57 Comments<Node id="226"/>

<Node id="228"/>For months, the National Association of Insurance Commissioners (NAIC) has been meeting with Insurance industry and consumer representatives to determine the way our insurance payments should be spent<Node id="428"/>. <Node id="430"/>Today, Health and Human Services released the regulations on Medical/Loss Ratios for Health Insurance Companies<Node id="541"/>. <Node id="543"/>The days of 50% of our health care dollars going to CEO salaries and other so called "Administrative Expenses" are over<Node id="662"/>.<Node id="663"/>

<Node id="665"/>Instead, 80% to 85% of our health care dollars has to be spent on...Gasp!....Us!<Node id="745"/>  Imagine that? <Node id="761"/>Your money actually working for you, instead of someone else<Node id="821"/>. <Node id="823"/>And the health insurance companies have to document how they spend your money<Node id="900"/>.
Transparency!
OMG, their docs will be visible to the naked eye! Now, now.....Come on now.....Not doctors in transparent scrubs.....Documents!    <Node id="1047"/>

<Node id="1049"/>That way if <Node id="1061"/>the insurance companies<Node id="1084"/> <Node id="1085"/>aren't<Node id="1091"/> <Node id="1092"/>spending your money on<Node id="1114"/> <Node id="1115"/>you<Node id="1118"/>, you'll know<Node id="1131"/>. Heck, Secretary Sebelius will know. <Node id="1169"/>And you'll get a rebate while they get in trouble<Node id="1218"/>. <Node id="1220"/>At least I hope they do<Node id="1243"/>. <Node id="1245"/>No playing in the Exchange Pool works for me!<Node id="1290"/>

    <Node id="1296"/>New regulations issued today by the Department of Health and Human Services (HHS) require health insurers to spend 80 to 85 percent of consumers' premiums on direct care for patients and efforts to improve care quality<Node id="1514"/>.   <Node id="1518"/>This regulation, known as the "medical loss ratio" provision of the Affordable Care Act, will <Node id="1612"/>make the insurance marketplace more transparent<Node id="1659"/> and make it easier for consumers to purchase plans that provide better value for their money<Node id="1752"/>.<Node id="1753"/>

    <Node id="1759"/>"<Node id="1760"/>Thanks to<Node id="1769"/> <Node id="1770"/>the Affordable Care Act<Node id="1793"/>, millions of Americans will get better value for their health insurance premium dollar<Node id="1880"/>," said HHS Secretary Kathleen Sebelius.  "<Node id="1923"/>These new rules<Node id="1938"/> are an important step to hold insurance companies accountable and <Node id="2005"/>increase<Node id="2013"/> <Node id="2014"/>value for consumers<Node id="2033"/>."<Node id="2035"/>

    <Node id="2041"/>Today, many insurance companies spend a substantial portion of consumers' premium dollars on administrative costs and profits, including executive salaries, overhead, and marketing<Node id="2221"/>.  <Node id="2224"/>Thanks to<Node id="2233"/> <Node id="2234"/>the Affordable Care Act<Node id="2257"/>, consumers will receive more value for their premium dollar because <Node id="2326"/>insurance companies<Node id="2345"/> will be required to <Node id="2366"/>spend 80 to 85 percent of premium dollars on<Node id="2410"/> <Node id="2411"/>medical care and health care quality improvement<Node id="2459"/>, <Node id="2461"/>rather than<Node id="2472"/> <Node id="2473"/>on<Node id="2475"/> <Node id="2476"/>administrative costs<Node id="2496"/>, starting in 2011<Node id="2514"/>.  <Node id="2517"/>If they don't, the insurance companies will be required to provide a rebate to their customers starting in 2012<Node id="2628"/>.<Node id="2629"/>

<Node id="2631"/>http://www.hhs.gov/...<Node id="2653"/>

<Node id="2655"/>Now of course there are some exceptions to all this fun.
Come on now. You knew there would be. :)<Node id="2752"/>

    -<Node id="2759"/> <Node id="2760"/>Employers and insurers that offer "mini-med" policies, which often cap coverage or have limited payouts, will be given at least an extra year to gather data before falling under the requirement<Node id="2953"/>.<Node id="2954"/>

    -<Node id="2961"/> <Node id="2962"/>States may apply to have the requirement adjusted if meeting the 80 percent spending require would destabilize their individual market, Sebelius said<Node id="3111"/>. <Node id="3113"/>Four states - Maine, Iowa, South Carolina and Georgia - have already said they would seek adjustments<Node id="3214"/>.<Node id="3215"/>

    -<Node id="3222"/> <Node id="3223"/>Some small plans will not have to provide rebates, at least for the first year<Node id="3301"/>.<Node id="3302"/>

<Node id="3304"/>http://www.npr.org/...<Node id="3326"/>

<Node id="3328"/>Now I live in one of those states, Maine, that are already seeking adjustments. Not happy about it at all, though the limited number of providers explains a great deal about the State's action.  <Node id="3523"/>

<Node id="3525"/>That aside, it's a very good day for people and their health care dollars. In spite of insurers pushing to broadly expand the definition of "medical spending", they didn't get their way.
- Cost of paying claims as medical spending? Nope.<Node id="3762"/>

<Node id="3764"/>- <Node id="3766"/>How about enrolling Physicians into the network?  ummmmm.....No.  <Node id="3832"/>

<Node id="3834"/>- <Node id="3836"/>But surely customer service call centers qualify as medical care?
 .........Absolutely not!<Node id="3927"/>

<Node id="3929"/>Needless to say, the Health Insurance Industry was not happy when the NAIC recommendations were sent to Secretary Sebelius in October<Node id="4062"/>. <Node id="4064"/>Our favorite "give me the money" Industry exec - America's Health Insurance Plans president and CEO Karen Ignagni, complained that <Node id="4195"/>the recommendations<Node id="4214"/> would, "<Node id="4223"/>reduce<Node id="4229"/> <Node id="4230"/>competition<Node id="4241"/>, <Node id="4243"/>disrupt<Node id="4250"/> <Node id="4251"/>coverage<Node id="4259"/> and <Node id="4264"/>threaten<Node id="4272"/> <Node id="4273"/>patients' access to health plans' quality improvement services<Node id="4335"/>."<Node id="4337"/>

<Node id="4339"/>When haven't we heard that one before?<Node id="4377"/>
<Node id="4378"/>At this point it's boring poutage<Node id="4411"/>.<Node id="4412"/>

<Node id="4414"/>What isn't boring is the work done on our behalf by The NAIC and Secretary Sebelius<Node id="4497"/>.<Node id="4498"/>

<Node id="4500"/>We've all won a vitally important battle and that's a BFD!<Node id="4558"/>
Originally posted to Onomastic on Tue Nov 23, 2010 at 06:25 PM PST.
Tags<Node id="4631"/>

    <Node id="4637"/>affordability
    Health Care
    health insurance
    PPACA
    reform<Node id="4708"/>


<Node id="4711"/></TextWithNodes>
<!-- The default annotation set -->

<AnnotationSet>
<Annotation Id="25" Type="doc" StartNode="0" EndNode="4711">
<Feature>
  <Name className="java.lang.String">id</Name>
  <Value className="java.lang.String">hcd032</Value>
</Feature>
<Feature>
  <Name className="java.lang.String">author</Name>
  <Value className="java.lang.String">onomastic</Value>
</Feature>
<Feature>
  <Name className="java.lang.String">date</Name>
  <Value className="java.lang.String">20101123</Value>
</Feature>
<Feature>
  <Name className="java.lang.String">source</Name>
  <Value className="java.lang.String">dailykos</Value>
</Feature>
<Feature>
  <Name className="java.lang.String">side</Name>
  <Value className="java.lang.String">pro</Value>
</Feature>
<Feature>
  <Name className="java.lang.String">url</Name>
  <Value className="java.lang.String">http://www.dailykos.com/story/2010/11/23/922912/-Good-News-For-Us-Bad-News-for-the-Health-Insurance-Industry</Value>
</Feature>
</Annotation>
<Annotation Id="27" Type="arg" StartNode="665" EndNode="745">
<Feature>
  <Name className="java.lang.String">type</Name>
  <Value className="java.lang.String">label</Value>
</Feature>
<Feature>
  <Name className="java.lang.String">ss-label</Name>
  <Value className="java.lang.String">prevents_corporate_exploitation</Value>
</Feature>
<Feature>
  <Name className="java.lang.String">polarity</Name>
  <Value className="java.lang.String">positive</Value>
</Feature>
</Annotation>
<Annotation Id="26" Type="arg" StartNode="543" EndNode="662">
<Feature>
  <Name className="java.lang.String">type</Name>
  <Value className="java.lang.String">label</Value>
</Feature>
<Feature>
  <Name className="java.lang.String">ss-label</Name>
  <Value className="java.lang.String">prevents_corporate_exploitation</Value>
</Feature>
<Feature>
  <Name className="java.lang.String">polarity</Name>
  <Value className="java.lang.String">positive</Value>
</Feature>
</Annotation>
<Annotation Id="29" Type="arg" StartNode="1518" EndNode="1752">
<Feature>
  <Name className="java.lang.String">type</Name>
  <Value className="java.lang.String">label</Value>
</Feature>
<Feature>
  <Name className="java.lang.String">ss-label</Name>
  <Value className="java.lang.String">exchanges_support_informed_choice</Value>
</Feature>
<Feature>
  <Name className="java.lang.String">polarity</Name>
  <Value className="java.lang.String">positive</Value>
</Feature>
</Annotation>
<Annotation Id="28" Type="rel" StartNode="1296" EndNode="1514">
<Feature>
  <Name className="java.lang.String">type</Name>
  <Value className="java.lang.String">label</Value>
</Feature>
<Feature>
  <Name className="java.lang.String">ss-label</Name>
  <Value className="java.lang.String">prevents_corporate_exploitation</Value>
</Feature>
</Annotation>
<Annotation Id="31" Type="arg" StartNode="1923" EndNode="2033">
<Feature>
  <Name className="java.lang.String">type</Name>
  <Value className="java.lang.String">label</Value>
</Feature>
<Feature>
  <Name className="java.lang.String">ss-label</Name>
  <Value className="java.lang.String">prevents_corporate_exploitation</Value>
</Feature>
<Feature>
  <Name className="java.lang.String">polarity</Name>
  <Value className="java.lang.String">positive</Value>
</Feature>
</Annotation>
<Annotation Id="30" Type="arg" StartNode="1760" EndNode="1880">
<Feature>
  <Name className="java.lang.String">type</Name>
  <Value className="java.lang.String">label</Value>
</Feature>
<Feature>
  <Name className="java.lang.String">ss-label</Name>
  <Value className="java.lang.String">insurance_more_affordable</Value>
</Feature>
<Feature>
  <Name className="java.lang.String">polarity</Name>
  <Value className="java.lang.String">positive</Value>
</Feature>
</Annotation>
<Annotation Id="34" Type="rel" StartNode="2517" EndNode="2628">
<Feature>
  <Name className="java.lang.String">type</Name>
  <Value className="java.lang.String">label</Value>
</Feature>
<Feature>
  <Name className="java.lang.String">ss-label</Name>
  <Value className="java.lang.String">prevents_corporate_exploitation</Value>
</Feature>
</Annotation>
<Annotation Id="35" Type="arg" StartNode="4064" EndNode="4335">
<Feature>
  <Name className="java.lang.String">ss-label</Name>
  <Value className="java.lang.String">opposition_demagogues_bill</Value>
</Feature>
<Feature>
  <Name className="java.lang.String">unclear</Name>
  <Value className="java.lang.String">true</Value>
</Feature>
<Feature>
  <Name className="java.lang.String">type</Name>
  <Value className="java.lang.String">label</Value>
</Feature>
<Feature>
  <Name className="java.lang.String">polarity</Name>
  <Value className="java.lang.String">negative</Value>
</Feature>
</Annotation>
<Annotation Id="32" Type="rel" StartNode="2041" EndNode="2221">
<Feature>
  <Name className="java.lang.String">type</Name>
  <Value className="java.lang.String">label</Value>
</Feature>
<Feature>
  <Name className="java.lang.String">ss-label</Name>
  <Value className="java.lang.String">prevents_corporate_exploitation</Value>
</Feature>
<Feature>
  <Name className="java.lang.String">polarity</Name>
  <Value className="java.lang.String">negative</Value>
</Feature>
</Annotation>
<Annotation Id="33" Type="arg" StartNode="2224" EndNode="2514">
<Feature>
  <Name className="java.lang.String">type</Name>
  <Value className="java.lang.String">label</Value>
</Feature>
<Feature>
  <Name className="java.lang.String">ss-label</Name>
  <Value className="java.lang.String">prevents_corporate_exploitation</Value>
</Feature>
<Feature>
  <Name className="java.lang.String">polarity</Name>
  <Value className="java.lang.String">positive</Value>
</Feature>
</Annotation>
<Annotation Id="38" Type="rel" StartNode="2760" EndNode="2953">
<Feature>
  <Name className="java.lang.String">type</Name>
  <Value className="java.lang.String">label</Value>
</Feature>
<Feature>
  <Name className="java.lang.String">unclear</Name>
  <Value className="java.lang.String">true</Value>
</Feature>
<Feature>
  <Name className="java.lang.String">ss-label</Name>
  <Value className="java.lang.String">helps_businesses_cover_employees</Value>
</Feature>
</Annotation>
<Annotation Id="39" Type="arg" StartNode="761" EndNode="821">
<Feature>
  <Name className="java.lang.String">ss-label</Name>
  <Value className="java.lang.String">prevents_corporate_exploitation</Value>
</Feature>
<Feature>
  <Name className="java.lang.String">unclear</Name>
  <Value className="java.lang.String">true</Value>
</Feature>
<Feature>
  <Name className="java.lang.String">type</Name>
  <Value className="java.lang.String">label</Value>
</Feature>
<Feature>
  <Name className="java.lang.String">polarity</Name>
  <Value className="java.lang.String">positive</Value>
</Feature>
<Feature>
  <Name className="java.lang.String">incomplete</Name>
  <Value className="java.lang.String">true</Value>
</Feature>
</Annotation>
<Annotation Id="36" Type="arg" StartNode="4500" EndNode="4558">
<Feature>
  <Name className="java.lang.String">ss-label</Name>
  <Value className="java.lang.String">bill_will_improve_healthcare_system</Value>
</Feature>
<Feature>
  <Name className="java.lang.String">type</Name>
  <Value className="java.lang.String">label</Value>
</Feature>
<Feature>
  <Name className="java.lang.String">polarity</Name>
  <Value className="java.lang.String">positive</Value>
</Feature>
<Feature>
  <Name className="java.lang.String">incomplete</Name>
  <Value className="java.lang.String">true</Value>
</Feature>
</Annotation>
<Annotation Id="37" Type="arg" StartNode="4414" EndNode="4497">
<Feature>
  <Name className="java.lang.String">ss-label</Name>
  <Value className="java.lang.String">bill_will_improve_healthcare_system</Value>
</Feature>
<Feature>
  <Name className="java.lang.String">type</Name>
  <Value className="java.lang.String">label</Value>
</Feature>
<Feature>
  <Name className="java.lang.String">polarity</Name>
  <Value className="java.lang.String">positive</Value>
</Feature>
<Feature>
  <Name className="java.lang.String">incomplete</Name>
  <Value className="java.lang.String">true</Value>
</Feature>
</Annotation>
<Annotation Id="40" Type="rel" StartNode="823" EndNode="900">
<Feature>
  <Name className="java.lang.String">type</Name>
  <Value className="java.lang.String">label</Value>
</Feature>
<Feature>
  <Name className="java.lang.String">ss-label</Name>
  <Value className="java.lang.String">prevents_corporate_exploitation</Value>
</Feature>
<Feature>
  <Name className="java.lang.String">polarity</Name>
  <Value className="java.lang.String">positive</Value>
</Feature>
</Annotation>
<Annotation Id="41" Type="arg" StartNode="1049" EndNode="1131">
<Feature>
  <Name className="java.lang.String">ss-label</Name>
  <Value className="java.lang.String">prevents_corporate_exploitation</Value>
</Feature>
<Feature>
  <Name className="java.lang.String">unclear</Name>
  <Value className="java.lang.String">true</Value>
</Feature>
<Feature>
  <Name className="java.lang.String">type</Name>
  <Value className="java.lang.String">label</Value>
</Feature>
<Feature>
  <Name className="java.lang.String">polarity</Name>
  <Value className="java.lang.String">positive</Value>
</Feature>
</Annotation>
<Annotation Id="46" Type="rel" StartNode="2962" EndNode="3111">
<Feature>
  <Name className="java.lang.String">id</Name>
  <Value className="java.lang.String"></Value>
</Feature>
<Feature>
  <Name className="java.lang.String">ss-label</Name>
  <Value className="java.lang.String">prevents_corporate_exploitation</Value>
</Feature>
<Feature>
  <Name className="java.lang.String">unclear</Name>
  <Value className="java.lang.String">true</Value>
</Feature>
<Feature>
  <Name className="java.lang.String">type</Name>
  <Value className="java.lang.String">label</Value>
</Feature>
</Annotation>
<Annotation Id="47" Type="rel" StartNode="3223" EndNode="3301">
<Feature>
  <Name className="java.lang.String">type</Name>
  <Value className="java.lang.String">label</Value>
</Feature>
<Feature>
  <Name className="java.lang.String">ss-label</Name>
  <Value className="java.lang.String">prevents_corporate_exploitation</Value>
</Feature>
<Feature>
  <Name className="java.lang.String">unclear</Name>
  <Value className="java.lang.String">true</Value>
</Feature>
</Annotation>
<Annotation Id="51" Type="rel" StartNode="430" EndNode="541">
<Feature>
  <Name className="java.lang.String">type</Name>
  <Value className="java.lang.String">label</Value>
</Feature>
<Feature>
  <Name className="java.lang.String">ss-label</Name>
  <Value className="java.lang.String">prevents_corporate_exploitation</Value>
</Feature>
</Annotation>
<Annotation Id="50" Type="rel" StartNode="3929" EndNode="4062">
<Feature>
  <Name className="java.lang.String">type</Name>
  <Value className="java.lang.String">label</Value>
</Feature>
<Feature>
  <Name className="java.lang.String">ss-label</Name>
  <Value className="java.lang.String">opposition_demagogues_bill</Value>
</Feature>
</Annotation>
<Annotation Id="49" Type="arg" StartNode="4339" EndNode="4377">
<Feature>
  <Name className="java.lang.String">ss-label</Name>
  <Value className="java.lang.String">opposition_demagogues_bill</Value>
</Feature>
<Feature>
  <Name className="java.lang.String">unclear</Name>
  <Value className="java.lang.String">true</Value>
</Feature>
<Feature>
  <Name className="java.lang.String">type</Name>
  <Value className="java.lang.String">label</Value>
</Feature>
<Feature>
  <Name className="java.lang.String">polarity</Name>
  <Value className="java.lang.String">negative</Value>
</Feature>
</Annotation>
<Annotation Id="48" Type="arg" StartNode="4378" EndNode="4411">
<Feature>
  <Name className="java.lang.String">ss-label</Name>
  <Value className="java.lang.String">opposition_demagogues_bill</Value>
</Feature>
<Feature>
  <Name className="java.lang.String">unclear</Name>
  <Value className="java.lang.String">true</Value>
</Feature>
<Feature>
  <Name className="java.lang.String">type</Name>
  <Value className="java.lang.String">label</Value>
</Feature>
<Feature>
  <Name className="java.lang.String">polarity</Name>
  <Value className="java.lang.String">negative</Value>
</Feature>
</Annotation>
<Annotation Id="55" Type="para" StartNode="665" EndNode="1047">
<Feature>
  <Name className="java.lang.String">argmnt-label</Name>
  <Value className="java.lang.String">makes_insurers_more_accountable</Value>
</Feature>
</Annotation>
<Annotation Id="54" Type="para" StartNode="228" EndNode="663">
<Feature>
  <Name className="java.lang.String">argmnt-label</Name>
  <Value className="java.lang.String">makes_insurers_more_accountable</Value>
</Feature>
</Annotation>
<Annotation Id="59" Type="para" StartNode="2041" EndNode="2629">
<Feature>
  <Name className="java.lang.String">argmnt-label</Name>
  <Value className="java.lang.String">prevents_corporate_exploitation</Value>
</Feature>
</Annotation>
<Annotation Id="58" Type="para" StartNode="1759" EndNode="2035">
<Feature>
  <Name className="java.lang.String">argmnt-label</Name>
  <Value className="java.lang.String">prevents_corporate_exploitation</Value>
</Feature>
</Annotation>
<Annotation Id="57" Type="para" StartNode="1296" EndNode="1753">
<Feature>
  <Name className="java.lang.String">argmnt-label</Name>
  <Value className="java.lang.String">prevents_corporate_exploitation</Value>
</Feature>
</Annotation>
<Annotation Id="56" Type="para" StartNode="1049" EndNode="1290">
<Feature>
  <Name className="java.lang.String">argmnt-label</Name>
  <Value className="java.lang.String">prevents_corporate_exploitation</Value>
</Feature>
</Annotation>
<Annotation Id="63" Type="para" StartNode="3223" EndNode="3302">
<Feature>
  <Name className="java.lang.String">argmnt-label</Name>
  <Value className="java.lang.String">none</Value>
</Feature>
</Annotation>
<Annotation Id="62" Type="para" StartNode="2962" EndNode="3215">
<Feature>
  <Name className="java.lang.String">argmnt-label</Name>
  <Value className="java.lang.String">none</Value>
</Feature>
</Annotation>
<Annotation Id="61" Type="para" StartNode="2760" EndNode="2954">
<Feature>
  <Name className="java.lang.String">argmnt-label</Name>
  <Value className="java.lang.String">none</Value>
</Feature>
</Annotation>
<Annotation Id="60" Type="para" StartNode="2631" EndNode="2752">
<Feature>
  <Name className="java.lang.String">argmnt-label</Name>
  <Value className="java.lang.String">none</Value>
</Feature>
</Annotation>
<Annotation Id="68" Type="para" StartNode="3929" EndNode="4337">
<Feature>
  <Name className="java.lang.String">unclear</Name>
  <Value className="java.lang.String">true</Value>
</Feature>
<Feature>
  <Name className="java.lang.String">argmnt-label</Name>
  <Value className="java.lang.String">prevents_corporate_exploitation</Value>
</Feature>
</Annotation>
<Annotation Id="69" Type="para" StartNode="4339" EndNode="4412">
<Feature>
  <Name className="java.lang.String">argmnt-label</Name>
  <Value className="java.lang.String">none</Value>
</Feature>
</Annotation>
<Annotation Id="70" Type="para" StartNode="4414" EndNode="4558">
<Feature>
  <Name className="java.lang.String">unclear</Name>
  <Value className="java.lang.String">true</Value>
</Feature>
<Feature>
  <Name className="java.lang.String">argmnt-label</Name>
  <Value className="java.lang.String">none</Value>
</Feature>
</Annotation>
<Annotation Id="64" Type="para" StartNode="3304" EndNode="3523">
<Feature>
  <Name className="java.lang.String">argmnt-label</Name>
  <Value className="java.lang.String">none</Value>
</Feature>
</Annotation>
<Annotation Id="65" Type="para" StartNode="3525" EndNode="3762">
<Feature>
  <Name className="java.lang.String">argmnt-label</Name>
  <Value className="java.lang.String">prevents_corporate_exploitation</Value>
</Feature>
</Annotation>
<Annotation Id="66" Type="para" StartNode="3766" EndNode="3832">
<Feature>
  <Name className="java.lang.String">argmnt-label</Name>
  <Value className="java.lang.String">none</Value>
</Feature>
</Annotation>
<Annotation Id="67" Type="para" StartNode="3836" EndNode="3927">
<Feature>
  <Name className="java.lang.String">argmnt-label</Name>
  <Value className="java.lang.String">none</Value>
</Feature>
</Annotation>
<Annotation Id="76" Type="others" StartNode="1612" EndNode="1659">
<Feature>
  <Name className="java.lang.String">comment</Name>
  <Value className="java.lang.String">make sth ADJ</Value>
</Feature>
</Annotation>
<Annotation Id="77" Type="gfbf" StartNode="1760" EndNode="1769">
<Feature>
  <Name className="java.lang.String">agentId</Name>
  <Value className="java.lang.String">implicit</Value>
</Feature>
<Feature>
  <Name className="java.lang.String">polarity</Name>
  <Value className="java.lang.String">goodfor</Value>
</Feature>
<Feature>
  <Name className="java.lang.String">objectId</Name>
  <Value className="java.lang.String">78</Value>
</Feature>
</Annotation>
<Annotation Id="78" Type="gfbf-object" StartNode="1770" EndNode="1793">
<Feature>
  <Name className="java.lang.String">writerAtt</Name>
  <Value className="java.lang.String">positive</Value>
</Feature>
</Annotation>
<Annotation Id="79" Type="gfbf" StartNode="2005" EndNode="2013">
<Feature>
  <Name className="java.lang.String">agentId</Name>
  <Value className="java.lang.String">81</Value>
</Feature>
<Feature>
  <Name className="java.lang.String">objectId</Name>
  <Value className="java.lang.String">80</Value>
</Feature>
<Feature>
  <Name className="java.lang.String">polarity</Name>
  <Value className="java.lang.String">goodfor</Value>
</Feature>
</Annotation>
<Annotation Id="72" Type="gfbf-agent" StartNode="1061" EndNode="1084">
<Feature>
  <Name className="java.lang.String">writerAtt</Name>
  <Value className="java.lang.String">negative</Value>
</Feature>
</Annotation>
<Annotation Id="73" Type="gfbf-object" StartNode="1115" EndNode="1118">
<Feature>
  <Name className="java.lang.String">writerAtt</Name>
  <Value className="java.lang.String">positive</Value>
</Feature>
</Annotation>
<Annotation Id="74" Type="gfbf" StartNode="1092" EndNode="1114">
<Feature>
  <Name className="java.lang.String">agentId</Name>
  <Value className="java.lang.String">72</Value>
</Feature>
<Feature>
  <Name className="java.lang.String">objectId</Name>
  <Value className="java.lang.String">73</Value>
</Feature>
<Feature>
  <Name className="java.lang.String">polarity</Name>
  <Value className="java.lang.String">goodfor</Value>
</Feature>
</Annotation>
<Annotation Id="75" Type="influencer" StartNode="1085" EndNode="1091">
<Feature>
  <Name className="java.lang.String">effect</Name>
  <Value className="java.lang.String">reverse</Value>
</Feature>
<Feature>
  <Name className="java.lang.String">agentId</Name>
  <Value className="java.lang.String">72</Value>
</Feature>
<Feature>
  <Name className="java.lang.String">objectId</Name>
  <Value className="java.lang.String">74</Value>
</Feature>
</Annotation>
<Annotation Id="85" Type="gfbf-agent" StartNode="2326" EndNode="2345">
<Feature>
  <Name className="java.lang.String">comment</Name>
  <Value className="java.lang.String">this is nested I think...</Value>
</Feature>
<Feature>
  <Name className="java.lang.String">unclear</Name>
  <Value className="java.lang.String">true</Value>
</Feature>
<Feature>
  <Name className="java.lang.String">writerAtt</Name>
  <Value className="java.lang.String">negative</Value>
</Feature>
</Annotation>
<Annotation Id="84" Type="gfbf" StartNode="2366" EndNode="2410">
<Feature>
  <Name className="java.lang.String">agentId</Name>
  <Value className="java.lang.String">85</Value>
</Feature>
<Feature>
  <Name className="java.lang.String">comment</Name>
  <Value className="java.lang.String">spend on</Value>
</Feature>
<Feature>
  <Name className="java.lang.String">objectId</Name>
  <Value className="java.lang.String">86</Value>
</Feature>
<Feature>
  <Name className="java.lang.String">polarity</Name>
  <Value className="java.lang.String">goodfor</Value>
</Feature>
</Annotation>
<Annotation Id="87" Type="gfbf" StartNode="2473" EndNode="2475">
<Feature>
  <Name className="java.lang.String">unclear</Name>
  <Value className="java.lang.String">true</Value>
</Feature>
<Feature>
  <Name className="java.lang.String">agentId</Name>
  <Value className="java.lang.String">85</Value>
</Feature>
<Feature>
  <Name className="java.lang.String">objectId</Name>
  <Value className="java.lang.String">88</Value>
</Feature>
<Feature>
  <Name className="java.lang.String">polarity</Name>
  <Value className="java.lang.String">goodfor</Value>
</Feature>
</Annotation>
<Annotation Id="86" Type="gfbf-object" StartNode="2411" EndNode="2459">
<Feature>
  <Name className="java.lang.String">writerAtt</Name>
  <Value className="java.lang.String">positive</Value>
</Feature>
</Annotation>
<Annotation Id="81" Type="gfbf-agent" StartNode="1923" EndNode="1938">
<Feature>
  <Name className="java.lang.String">writerAtt</Name>
  <Value className="java.lang.String">positive</Value>
</Feature>
</Annotation>
<Annotation Id="80" Type="gfbf-object" StartNode="2014" EndNode="2033">
<Feature>
  <Name className="java.lang.String">writerAtt</Name>
  <Value className="java.lang.String">positive</Value>
</Feature>
</Annotation>
<Annotation Id="83" Type="gfbf-object" StartNode="2234" EndNode="2257">
<Feature>
  <Name className="java.lang.String">writerAtt</Name>
  <Value className="java.lang.String">positive</Value>
</Feature>
</Annotation>
<Annotation Id="82" Type="gfbf" StartNode="2224" EndNode="2233">
<Feature>
  <Name className="java.lang.String">agentId</Name>
  <Value className="java.lang.String">implicit</Value>
</Feature>
<Feature>
  <Name className="java.lang.String">polarity</Name>
  <Value className="java.lang.String">goodfor</Value>
</Feature>
<Feature>
  <Name className="java.lang.String">objectId</Name>
  <Value className="java.lang.String">83</Value>
</Feature>
</Annotation>
<Annotation Id="93" Type="gfbf" StartNode="4243" EndNode="4250">
<Feature>
  <Name className="java.lang.String">agentId</Name>
  <Value className="java.lang.String">90</Value>
</Feature>
<Feature>
  <Name className="java.lang.String">polarity</Name>
  <Value className="java.lang.String">badfor</Value>
</Feature>
<Feature>
  <Name className="java.lang.String">objectId</Name>
  <Value className="java.lang.String">94</Value>
</Feature>
</Annotation>
<Annotation Id="92" Type="gfbf-object" StartNode="4230" EndNode="4241">
<Feature>
  <Name className="java.lang.String">writerAtt</Name>
  <Value className="java.lang.String">positive</Value>
</Feature>
</Annotation>
<Annotation Id="95" Type="gfbf" StartNode="4264" EndNode="4272">
<Feature>
  <Name className="java.lang.String">agentId</Name>
  <Value className="java.lang.String">90</Value>
</Feature>
<Feature>
  <Name className="java.lang.String">polarity</Name>
  <Value className="java.lang.String">badfor</Value>
</Feature>
<Feature>
  <Name className="java.lang.String">objectId</Name>
  <Value className="java.lang.String">96</Value>
</Feature>
</Annotation>
<Annotation Id="94" Type="gfbf-object" StartNode="4251" EndNode="4259">
<Feature>
  <Name className="java.lang.String">writerAtt</Name>
  <Value className="java.lang.String">positive</Value>
</Feature>
</Annotation>
<Annotation Id="89" Type="influencer" StartNode="2461" EndNode="2472">
<Feature>
  <Name className="java.lang.String">effect</Name>
  <Value className="java.lang.String">reverse</Value>
</Feature>
<Feature>
  <Name className="java.lang.String">agentId</Name>
  <Value className="java.lang.String">85</Value>
</Feature>
<Feature>
  <Name className="java.lang.String">objectId</Name>
  <Value className="java.lang.String">87</Value>
</Feature>
</Annotation>
<Annotation Id="88" Type="gfbf-object" StartNode="2476" EndNode="2496">
<Feature>
  <Name className="java.lang.String">writerAtt</Name>
  <Value className="java.lang.String">negative</Value>
</Feature>
</Annotation>
<Annotation Id="91" Type="gfbf" StartNode="4223" EndNode="4229">
<Feature>
  <Name className="java.lang.String">agentId</Name>
  <Value className="java.lang.String">90</Value>
</Feature>
<Feature>
  <Name className="java.lang.String">polarity</Name>
  <Value className="java.lang.String">badfor</Value>
</Feature>
<Feature>
  <Name className="java.lang.String">objectId</Name>
  <Value className="java.lang.String">92</Value>
</Feature>
</Annotation>
<Annotation Id="90" Type="gfbf-agent" StartNode="4195" EndNode="4214">
<Feature>
  <Name className="java.lang.String">comment</Name>
  <Value className="java.lang.String">nested</Value>
</Feature>
<Feature>
  <Name className="java.lang.String">writerAtt</Name>
  <Value className="java.lang.String">positive</Value>
</Feature>
</Annotation>
<Annotation Id="96" Type="gfbf-object" StartNode="4273" EndNode="4335">
<Feature>
  <Name className="java.lang.String">writerAtt</Name>
  <Value className="java.lang.String">positive</Value>
</Feature>
</Annotation>
</AnnotationSet>

<!-- Named annotation set -->

<AnnotationSet Name="Original markups">
<Annotation Id="0" Type="paragraph" StartNode="0" EndNode="35">
</Annotation>
<Annotation Id="1" Type="paragraph" StartNode="41" EndNode="78">
</Annotation>
<Annotation Id="2" Type="paragraph" StartNode="80" EndNode="174">
</Annotation>
<Annotation Id="3" Type="paragraph" StartNode="176" EndNode="226">
</Annotation>
<Annotation Id="4" Type="paragraph" StartNode="228" EndNode="663">
</Annotation>
<Annotation Id="5" Type="paragraph" StartNode="665" EndNode="1047">
</Annotation>
<Annotation Id="6" Type="paragraph" StartNode="1049" EndNode="1290">
</Annotation>
<Annotation Id="7" Type="paragraph" StartNode="1296" EndNode="1753">
</Annotation>
<Annotation Id="8" Type="paragraph" StartNode="1759" EndNode="2035">
</Annotation>
<Annotation Id="9" Type="paragraph" StartNode="2041" EndNode="2629">
</Annotation>
<Annotation Id="10" Type="paragraph" StartNode="2631" EndNode="2653">
</Annotation>
<Annotation Id="11" Type="paragraph" StartNode="2655" EndNode="2752">
</Annotation>
<Annotation Id="12" Type="paragraph" StartNode="2759" EndNode="2954">
</Annotation>
<Annotation Id="13" Type="paragraph" StartNode="2961" EndNode="3215">
</Annotation>
<Annotation Id="14" Type="paragraph" StartNode="3222" EndNode="3302">
</Annotation>
<Annotation Id="15" Type="paragraph" StartNode="3304" EndNode="3326">
</Annotation>
<Annotation Id="17" Type="paragraph" StartNode="3525" EndNode="3762">
</Annotation>
<Annotation Id="16" Type="paragraph" StartNode="3328" EndNode="3523">
</Annotation>
<Annotation Id="19" Type="paragraph" StartNode="3834" EndNode="3927">
</Annotation>
<Annotation Id="18" Type="paragraph" StartNode="3764" EndNode="3832">
</Annotation>
<Annotation Id="21" Type="paragraph" StartNode="4339" EndNode="4412">
</Annotation>
<Annotation Id="20" Type="paragraph" StartNode="3929" EndNode="4337">
</Annotation>
<Annotation Id="23" Type="paragraph" StartNode="4500" EndNode="4631">
</Annotation>
<Annotation Id="22" Type="paragraph" StartNode="4414" EndNode="4498">
</Annotation>
<Annotation Id="24" Type="paragraph" StartNode="4637" EndNode="4708">
</Annotation>
<Annotation Id="43" Type="arg" StartNode="1169" EndNode="1218">
<Feature>
  <Name className="java.lang.String">unclear</Name>
  <Value className="java.lang.String">true</Value>
</Feature>
<Feature>
  <Name className="java.lang.String">ss-label</Name>
  <Value className="java.lang.String">prevents_corporate_exploitation</Value>
</Feature>
<Feature>
  <Name className="java.lang.String">type</Name>
  <Value className="java.lang.String">label</Value>
</Feature>
<Feature>
  <Name className="java.lang.String">polarity</Name>
  <Value className="java.lang.String">positive</Value>
</Feature>
<Feature>
  <Name className="java.lang.String">incomplete</Name>
  <Value className="java.lang.String">true</Value>
</Feature>
</Annotation>
<Annotation Id="44" Type="arg" StartNode="1245" EndNode="1290">
<Feature>
  <Name className="java.lang.String">ss-label</Name>
  <Value className="java.lang.String">prevents_corporate_exploitation</Value>
</Feature>
<Feature>
  <Name className="java.lang.String">unclear</Name>
  <Value className="java.lang.String">true</Value>
</Feature>
<Feature>
  <Name className="java.lang.String">type</Name>
  <Value className="java.lang.String">label</Value>
</Feature>
<Feature>
  <Name className="java.lang.String">polarity</Name>
  <Value className="java.lang.String">positive</Value>
</Feature>
<Feature>
  <Name className="java.lang.String">incomplete</Name>
  <Value className="java.lang.String">true</Value>
</Feature>
</Annotation>
<Annotation Id="45" Type="arg" StartNode="1220" EndNode="1243">
<Feature>
  <Name className="java.lang.String">type</Name>
  <Value className="java.lang.String">else</Value>
</Feature>
<Feature>
  <Name className="java.lang.String">polarity</Name>
  <Value className="java.lang.String">positive</Value>
</Feature>
</Annotation>
<Annotation Id="53" Type="rel" StartNode="3113" EndNode="3214">
<Feature>
  <Name className="java.lang.String">type</Name>
  <Value className="java.lang.String">label</Value>
</Feature>
<Feature>
  <Name className="java.lang.String">ss-label</Name>
  <Value className="java.lang.String">prevents_corporate_exploitation</Value>
</Feature>
</Annotation>
<Annotation Id="52" Type="rel" StartNode="228" EndNode="428">
<Feature>
  <Name className="java.lang.String">type</Name>
  <Value className="java.lang.String">label</Value>
</Feature>
<Feature>
  <Name className="java.lang.String">ss-label</Name>
  <Value className="java.lang.String">prevents_corporate_exploitation</Value>
</Feature>
</Annotation>
</AnnotationSet>

</GateDocument>
