<?xml version='1.0' encoding='US-ASCII'?>
<GateDocument version="2">
<!-- The document's features-->

<GateDocumentFeatures>
<Feature>
  <Name className="java.lang.String">MimeType</Name>
  <Value className="java.lang.String">text/plain</Value>
</Feature>
<Feature>
  <Name className="java.lang.String">gate.SourceURL</Name>
  <Value className="java.lang.String">file:/Users/holicyj/Downloads/agreement3_Y/hcd025.txt</Value>
</Feature>
<Feature>
  <Name className="java.lang.String">docNewLineType</Name>
  <Value className="java.lang.String">LF</Value>
</Feature>
</GateDocumentFeatures>
<!-- The document content area with serialized nodes -->

<TextWithNodes><Node id="0"/>Report: Private sector job creation ground to a halt almost instantly after <Node id="76"/>Obamacare<Node id="85"/> <Node id="86"/>passed<Node id="92"/>
posted at 2:30 pm on July 20, 2011 by Tina Korbe<Node id="141"/>

<Node id="143"/>A new report out yesterday from The Heritage Foundation shows <Node id="205"/>private sector job creation dropped dramatically<Node id="253"/> almost immediately after <Node id="279"/>President Barack Obama<Node id="301"/> <Node id="302"/>signed<Node id="308"/> <Node id="309"/>the Patient Protection and Affordable Care Act (aka Obamacare)<Node id="371"/> into law.<Node id="381"/>

<Node id="383"/>From the recession's low point in January 2009 until April 2010, when Obamacare went into effect, <Node id="481"/>the private sector<Node id="499"/> <Node id="500"/>created<Node id="507"/> about <Node id="514"/>67,600 jobs<Node id="525"/> a month. After <Node id="541"/>the president<Node id="554"/> <Node id="555"/>signed<Node id="561"/> <Node id="562"/>PPACA<Node id="567"/> into law, that number slowed to a meager 6,400 jobs a month - a more than 90 percent decrease or less than one-tenth the previous rate.<Node id="703"/>

<Node id="705"/>As the report states, correlation cannot prove causation - but the change in course is statistically measurable and testing reveals a structural break between April and May of 2010. Moreover, small-business owners have said <Node id="929"/>Obamacare<Node id="938"/> <Node id="939"/>is a deterrent to<Node id="956"/> <Node id="957"/>hiring<Node id="963"/>. Take Scott Womack, the owner of 12 IHOP restaurants in Indiana and Ohio, as just one example. Before Obamacare became law, he had development plans in Ohio. Now, he's worried he won't be able to carry out his original plans unless <Node id="1196"/>Obamacare<Node id="1205"/> is <Node id="1209"/>repealed<Node id="1217"/>. <Node id="1219"/>Those restaurants<Node id="1236"/> he planned to open would <Node id="1262"/>provide jobs not only for<Node id="1287"/> <Node id="1288"/>his future employees<Node id="1308"/>, but also for<Node id="1322"/> <Node id="1323"/>everyone involved in the construction of the restaurant buildings themselves<Node id="1399"/>.<Node id="1400"/>

<Node id="1402"/>As the Heritage report explains, <Node id="1435"/>Obamacare<Node id="1444"/> <Node id="1445"/>discourages<Node id="1456"/> <Node id="1457"/>hiring<Node id="1463"/> in three important ways:<Node id="1488"/>

        <Node id="1498"/>Businesses with fewer than 50 workers have a strong incentive to maintain this size, which allows them to avoid the mandate to provide government-approved health coverage or face a penalty;
        Businesses with more than 50 workers will see their costs for health coverage rise - they must purchase more expensive government-approved insurance or pay a penalty; and
        Employers face considerable uncertainty about what constitutes qualifying health coverage and what it will cost. They also do not know what the health care market or their health care costs will look like in four years. This makes planning for the future difficult.<Node id="2140"/>

<Node id="2142"/>Democrats<Node id="2151"/> once <Node id="2157"/>touted<Node id="2163"/> that <Node id="2169"/>Obamacare<Node id="2178"/> would <Node id="2185"/>create<Node id="2191"/> <Node id="2192"/>jobs<Node id="2196"/>, but the data underscore the reality that that's not true for the private sector. The only <Node id="2288"/>jobs<Node id="2292"/> <Node id="2293"/>Obamacare<Node id="2302"/> <Node id="2303"/>created<Node id="2310"/> were within the new agencies and layers of bureaucracy the law added to the federal government.<Node id="2406"/>

<Node id="2408"/>The Heritage report recommends repeal - and comes as a welcome reminder that <Node id="2485"/>the health care law<Node id="2504"/> <Node id="2505"/>can't<Node id="2510"/> <Node id="2511"/>be ignored<Node id="2521"/> as the president and Congress attempt to address the debt and deficit or as the nation attempts to right the still-struggling economy. <Node id="2657"/>Nor<Node id="2660"/> can <Node id="2665"/>it<Node id="2667"/> <Node id="2668"/>be ignored<Node id="2678"/> in the upcoming presidential election. Likely U.S. voters have said jobs and the economy are their No. 1 issue. That means the repeal of Obamacare should be a top priority, too.<Node id="2856"/>

<Node id="2858"/>One of the first acts of <Node id="2883"/>the new House<Node id="2896"/> at the beginning of this year was to <Node id="2934"/>pass<Node id="2938"/> <Node id="2939"/>a repeal bill<Node id="2952"/>, but, of course, <Node id="2970"/>that bill<Node id="2979"/> <Node id="2980"/>was blocked in<Node id="2994"/> <Node id="2995"/>the Senate<Node id="3005"/> and definitely didn't receive the president's signature. Still, repeal is possible - but it will require the election of <Node id="3127"/>a president<Node id="3138"/> who will <Node id="3148"/>sign<Node id="3152"/> <Node id="3153"/>a repeal bill<Node id="3166"/> in 2012. That puts all the GOP presidential contenders in perspective. Even <Node id="3243"/>Mitt Romney<Node id="3254"/>, the architect of Obamneycare (Tim Pawlenty's one pitch-perfect zing), has said <Node id="3335"/>he<Node id="3337"/>'d <Node id="3340"/>support<Node id="3347"/> <Node id="3348"/>repeal<Node id="3354"/> - and, whatever skeptics might say, <Node id="3391"/>he's surely more likely to sign his name to repeal than Obama is<Node id="3455"/>. When the GOP does pick its candidate, voters concerned about Obamacare's impact on jobs and the economy surely can get behind whoever the candidate is.<Node id="3608"/>

<Node id="3610"/>Otherwise, the country faces more of the same. Another Heritage report out recently showed jobs recovery will take far longer than most expect under any circumstances. According to that report, unemployment wouldn't return to its natural rate of 5.2 percent until 2014<Node id="3878"/> even if <Node id="3887"/>the economy<Node id="3898"/> immediately started <Node id="3919"/>adding<Node id="3925"/> <Node id="3926"/>jobs<Node id="3930"/> at the rate it did during the tech bubble<Node id="3972"/>, which was about 265,000 jobs a month. At a more realistic rate of 176,000 jobs a month, the unemployment rate wouldn't drop to 5.2 percent until about 2018.
Tags: economy, jobs, Obamacare, PPACA, The Heritage Foundation, unemployment<Node id="4207"/>

</TextWithNodes>
<!-- The default annotation set -->

<AnnotationSet>

<Annotation Id="1" Type="doc" StartNode="1" EndNode="5551">
<Feature>
<Name className="java.lang.String">id</Name>
<Value className="java.lang.String">hcd025</Value>
</Feature>
<Feature>
<Name className="java.lang.String">side</Name>
<Value className="java.lang.String">pro</Value>
</Feature>
</Annotation>
<Annotation Id="10" Type="gfbf-object" StartNode="76" EndNode="85">
<Feature>
  <Name className="java.lang.String">writerAtt</Name>
  <Value className="java.lang.String">negative</Value>
</Feature>
</Annotation>
<Annotation Id="11" Type="gfbf" StartNode="86" EndNode="92">
<Feature>
  <Name className="java.lang.String">agentId</Name>
  <Value className="java.lang.String">implicit</Value>
</Feature>
<Feature>
  <Name className="java.lang.String">polarity</Name>
  <Value className="java.lang.String">goodfor</Value>
</Feature>
<Feature>
  <Name className="java.lang.String">objectId</Name>
  <Value className="java.lang.String">10</Value>
</Feature>
</Annotation>
<Annotation Id="14" Type="gfbf-agent" StartNode="279" EndNode="301">
<Feature>
  <Name className="java.lang.String">writerAtt</Name>
  <Value className="java.lang.String">negative</Value>
</Feature>
</Annotation>
<Annotation Id="15" Type="gfbf-object" StartNode="309" EndNode="371">
<Feature>
  <Name className="java.lang.String">writerAtt</Name>
  <Value className="java.lang.String">negative</Value>
</Feature>
</Annotation>
<Annotation Id="17" Type="gfbf-agent" StartNode="481" EndNode="499">
<Feature>
  <Name className="java.lang.String">writerAtt</Name>
  <Value className="java.lang.String">positive</Value>
</Feature>
</Annotation>
<Annotation Id="16" Type="gfbf" StartNode="302" EndNode="308">
<Feature>
  <Name className="java.lang.String">agentId</Name>
  <Value className="java.lang.String">14</Value>
</Feature>
<Feature>
  <Name className="java.lang.String">polarity</Name>
  <Value className="java.lang.String">goodfor</Value>
</Feature>
<Feature>
  <Name className="java.lang.String">objectId</Name>
  <Value className="java.lang.String">15</Value>
</Feature>
</Annotation>
<Annotation Id="19" Type="gfbf" StartNode="500" EndNode="507">
<Feature>
  <Name className="java.lang.String">agentId</Name>
  <Value className="java.lang.String">17</Value>
</Feature>
<Feature>
  <Name className="java.lang.String">polarity</Name>
  <Value className="java.lang.String">goodfor</Value>
</Feature>
<Feature>
  <Name className="java.lang.String">objectId</Name>
  <Value className="java.lang.String">18</Value>
</Feature>
</Annotation>
<Annotation Id="18" Type="gfbf-object" StartNode="514" EndNode="525">
<Feature>
  <Name className="java.lang.String">writerAtt</Name>
  <Value className="java.lang.String">positive</Value>
</Feature>
</Annotation>
<Annotation Id="21" Type="gfbf-object" StartNode="562" EndNode="567">
<Feature>
  <Name className="java.lang.String">writerAtt</Name>
  <Value className="java.lang.String">negative</Value>
</Feature>
</Annotation>
<Annotation Id="20" Type="gfbf-agent" StartNode="541" EndNode="554">
<Feature>
  <Name className="java.lang.String">writerAtt</Name>
  <Value className="java.lang.String">negative</Value>
</Feature>
</Annotation>
<Annotation Id="22" Type="gfbf" StartNode="555" EndNode="561">
<Feature>
  <Name className="java.lang.String">agentId</Name>
  <Value className="java.lang.String">20</Value>
</Feature>
<Feature>
  <Name className="java.lang.String">polarity</Name>
  <Value className="java.lang.String">goodfor</Value>
</Feature>
<Feature>
  <Name className="java.lang.String">objectId</Name>
  <Value className="java.lang.String">21</Value>
</Feature>
</Annotation>
<Annotation Id="29" Type="gfbf-object" StartNode="957" EndNode="963">
<Feature>
  <Name className="java.lang.String">writerAtt</Name>
  <Value className="java.lang.String">positive</Value>
</Feature>
</Annotation>
<Annotation Id="28" Type="gfbf-agent" StartNode="929" EndNode="938">
<Feature>
  <Name className="java.lang.String">writerAtt</Name>
  <Value className="java.lang.String">negative</Value>
</Feature>
</Annotation>
<Annotation Id="31" Type="gfbf-object" StartNode="1196" EndNode="1205">
<Feature>
  <Name className="java.lang.String">writerAtt</Name>
  <Value className="java.lang.String">negative</Value>
</Feature>
</Annotation>
<Annotation Id="30" Type="gfbf" StartNode="939" EndNode="956">
<Feature>
  <Name className="java.lang.String">agentId</Name>
  <Value className="java.lang.String">28</Value>
</Feature>
<Feature>
  <Name className="java.lang.String">uncertain</Name>
  <Value className="java.lang.String">true</Value>
</Feature>
<Feature>
  <Name className="java.lang.String">objectId</Name>
  <Value className="java.lang.String">29</Value>
</Feature>
<Feature>
  <Name className="java.lang.String">polarity</Name>
  <Value className="java.lang.String">badfor</Value>
</Feature>
</Annotation>
<Annotation Id="35" Type="gfbf-agent" StartNode="1219" EndNode="1236">
<Feature>
  <Name className="java.lang.String">writerAtt</Name>
  <Value className="java.lang.String">positive</Value>
</Feature>
</Annotation>
<Annotation Id="32" Type="gfbf" StartNode="1209" EndNode="1217">
<Feature>
  <Name className="java.lang.String">id</Name>
  <Value className="java.lang.String"></Value>
</Feature>
<Feature>
  <Name className="java.lang.String">agentId</Name>
  <Value className="java.lang.String">implicit</Value>
</Feature>
<Feature>
  <Name className="java.lang.String">objectId</Name>
  <Value className="java.lang.String">31</Value>
</Feature>
<Feature>
  <Name className="java.lang.String">polarity</Name>
  <Value className="java.lang.String">badfor</Value>
</Feature>
</Annotation>
<Annotation Id="38" Type="gfbf-object" StartNode="1323" EndNode="1399">
<Feature>
  <Name className="java.lang.String">writerAtt</Name>
  <Value className="java.lang.String">positive</Value>
</Feature>
</Annotation>
<Annotation Id="36" Type="gfbf-object" StartNode="1288" EndNode="1308">
<Feature>
  <Name className="java.lang.String">writerAtt</Name>
  <Value className="java.lang.String">positive</Value>
</Feature>
</Annotation>
<Annotation Id="42" Type="gfbf" StartNode="1445" EndNode="1456">
<Feature>
  <Name className="java.lang.String">agentId</Name>
  <Value className="java.lang.String">40</Value>
</Feature>
<Feature>
  <Name className="java.lang.String">polarity</Name>
  <Value className="java.lang.String">badfor</Value>
</Feature>
<Feature>
  <Name className="java.lang.String">objectId</Name>
  <Value className="java.lang.String">41</Value>
</Feature>
</Annotation>
<Annotation Id="40" Type="gfbf-agent" StartNode="1435" EndNode="1444">
<Feature>
  <Name className="java.lang.String">writerAtt</Name>
  <Value className="java.lang.String">negative</Value>
</Feature>
</Annotation>
<Annotation Id="41" Type="gfbf-object" StartNode="1457" EndNode="1463">
<Feature>
  <Name className="java.lang.String">writerAtt</Name>
  <Value className="java.lang.String">positive</Value>
</Feature>
</Annotation>
<Annotation Id="46" Type="gfbf-agent" StartNode="2142" EndNode="2151">
<Feature>
  <Name className="java.lang.String">writerAtt</Name>
  <Value className="java.lang.String">negative</Value>
</Feature>
</Annotation>
<Annotation Id="47" Type="gfbf-object" StartNode="2169" EndNode="2178">
<Feature>
  <Name className="java.lang.String">writerAtt</Name>
  <Value className="java.lang.String">negative</Value>
</Feature>
</Annotation>
<Annotation Id="51" Type="gfbf" StartNode="2185" EndNode="2191">
<Feature>
  <Name className="java.lang.String">agentId</Name>
  <Value className="java.lang.String">49</Value>
</Feature>
<Feature>
  <Name className="java.lang.String">polarity</Name>
  <Value className="java.lang.String">goodfor</Value>
</Feature>
<Feature>
  <Name className="java.lang.String">objectId</Name>
  <Value className="java.lang.String">50</Value>
</Feature>
</Annotation>
<Annotation Id="50" Type="gfbf-object" StartNode="2192" EndNode="2196">
<Feature>
  <Name className="java.lang.String">writerAtt</Name>
  <Value className="java.lang.String">positive</Value>
</Feature>
</Annotation>
<Annotation Id="49" Type="gfbf-agent" StartNode="2169" EndNode="2178">
<Feature>
  <Name className="java.lang.String">writerAtt</Name>
  <Value className="java.lang.String">negative</Value>
</Feature>
</Annotation>
<Annotation Id="55" Type="referent" StartNode="2169" EndNode="2178">
</Annotation>
<Annotation Id="58" Type="gfbf" StartNode="2303" EndNode="2310">
<Feature>
  <Name className="java.lang.String">agentId</Name>
  <Value className="java.lang.String">56</Value>
</Feature>
<Feature>
  <Name className="java.lang.String">polarity</Name>
  <Value className="java.lang.String">goodfor</Value>
</Feature>
<Feature>
  <Name className="java.lang.String">objectId</Name>
  <Value className="java.lang.String">57</Value>
</Feature>
</Annotation>
<Annotation Id="57" Type="gfbf-object" StartNode="2288" EndNode="2292">
<Feature>
  <Name className="java.lang.String">uncertain</Name>
  <Value className="java.lang.String">true</Value>
</Feature>
<Feature>
  <Name className="java.lang.String">writerAtt</Name>
  <Value className="java.lang.String">positive</Value>
</Feature>
</Annotation>
<Annotation Id="56" Type="gfbf-agent" StartNode="2293" EndNode="2302">
<Feature>
  <Name className="java.lang.String">writerAtt</Name>
  <Value className="java.lang.String">negative</Value>
</Feature>
</Annotation>
<Annotation Id="63" Type="gfbf-object" StartNode="2665" EndNode="2667">
<Feature>
  <Name className="java.lang.String">writerAtt</Name>
  <Value className="java.lang.String">negative</Value>
</Feature>
</Annotation>
<Annotation Id="62" Type="influencer" StartNode="2505" EndNode="2510">
<Feature>
  <Name className="java.lang.String">effect</Name>
  <Value className="java.lang.String">reverse</Value>
</Feature>
<Feature>
  <Name className="java.lang.String">agentId</Name>
  <Value className="java.lang.String">implicit</Value>
</Feature>
<Feature>
  <Name className="java.lang.String">objectId</Name>
  <Value className="java.lang.String">66</Value>
</Feature>
</Annotation>
<Annotation Id="60" Type="gfbf-object" StartNode="2485" EndNode="2504">
<Feature>
  <Name className="java.lang.String">writerAtt</Name>
  <Value className="java.lang.String">negative</Value>
</Feature>
</Annotation>
<Annotation Id="68" Type="gfbf-object" StartNode="2939" EndNode="2952">
<Feature>
  <Name className="java.lang.String">writerAtt</Name>
  <Value className="java.lang.String">positive</Value>
</Feature>
</Annotation>
<Annotation Id="69" Type="gfbf" StartNode="2934" EndNode="2938">
<Feature>
  <Name className="java.lang.String">agentId</Name>
  <Value className="java.lang.String">67</Value>
</Feature>
<Feature>
  <Name className="java.lang.String">polarity</Name>
  <Value className="java.lang.String">goodfor</Value>
</Feature>
<Feature>
  <Name className="java.lang.String">objectId</Name>
  <Value className="java.lang.String">68</Value>
</Feature>
</Annotation>
<Annotation Id="70" Type="gfbf-agent" StartNode="2995" EndNode="3005">
<Feature>
  <Name className="java.lang.String">writerAtt</Name>
  <Value className="java.lang.String">negative</Value>
</Feature>
</Annotation>
<Annotation Id="71" Type="gfbf-object" StartNode="2970" EndNode="2979">
<Feature>
  <Name className="java.lang.String">referentId</Name>
  <Value className="java.lang.String">73</Value>
</Feature>
<Feature>
  <Name className="java.lang.String">refererence</Name>
  <Value className="java.lang.String">true</Value>
</Feature>
<Feature>
  <Name className="java.lang.String">writerAtt</Name>
  <Value className="java.lang.String">positive</Value>
</Feature>
</Annotation>
<Annotation Id="64" Type="gfbf" StartNode="2668" EndNode="2678">
<Feature>
  <Name className="java.lang.String">agentId</Name>
  <Value className="java.lang.String">implicit</Value>
</Feature>
<Feature>
  <Name className="java.lang.String">polarity</Name>
  <Value className="java.lang.String">badfor</Value>
</Feature>
<Feature>
  <Name className="java.lang.String">objectId</Name>
  <Value className="java.lang.String">63</Value>
</Feature>
</Annotation>
<Annotation Id="65" Type="influencer" StartNode="2657" EndNode="2660">
<Feature>
  <Name className="java.lang.String">effect</Name>
  <Value className="java.lang.String">reverse</Value>
</Feature>
<Feature>
  <Name className="java.lang.String">agentId</Name>
  <Value className="java.lang.String">implicit</Value>
</Feature>
<Feature>
  <Name className="java.lang.String">objectId</Name>
  <Value className="java.lang.String">64</Value>
</Feature>
</Annotation>
<Annotation Id="66" Type="gfbf" StartNode="2511" EndNode="2521">
<Feature>
  <Name className="java.lang.String">agentId</Name>
  <Value className="java.lang.String">implicit</Value>
</Feature>
<Feature>
  <Name className="java.lang.String">polarity</Name>
  <Value className="java.lang.String">badfor</Value>
</Feature>
<Feature>
  <Name className="java.lang.String">objectId</Name>
  <Value className="java.lang.String">60</Value>
</Feature>
</Annotation>
<Annotation Id="67" Type="gfbf-agent" StartNode="2883" EndNode="2896">
<Feature>
  <Name className="java.lang.String">writerAtt</Name>
  <Value className="java.lang.String">positive</Value>
</Feature>
</Annotation>
<Annotation Id="76" Type="gfbf" StartNode="3148" EndNode="3152">
<Feature>
  <Name className="java.lang.String">agentId</Name>
  <Value className="java.lang.String">74</Value>
</Feature>
<Feature>
  <Name className="java.lang.String">polarity</Name>
  <Value className="java.lang.String">goodfor</Value>
</Feature>
<Feature>
  <Name className="java.lang.String">objectId</Name>
  <Value className="java.lang.String">75</Value>
</Feature>
</Annotation>
<Annotation Id="77" Type="referent" StartNode="3243" EndNode="3254">
</Annotation>
<Annotation Id="78" Type="gfbf-agent" StartNode="3335" EndNode="3337">
<Feature>
  <Name className="java.lang.String">referentId</Name>
  <Value className="java.lang.String">77</Value>
</Feature>
<Feature>
  <Name className="java.lang.String">reference</Name>
  <Value className="java.lang.String">true</Value>
</Feature>
<Feature>
  <Name className="java.lang.String">writerAtt</Name>
  <Value className="java.lang.String">positive</Value>
</Feature>
</Annotation>
<Annotation Id="79" Type="gfbf-object" StartNode="3348" EndNode="3354">
<Feature>
  <Name className="java.lang.String">writerAtt</Name>
  <Value className="java.lang.String">positive</Value>
</Feature>
</Annotation>
<Annotation Id="72" Type="gfbf" StartNode="2980" EndNode="2994">
<Feature>
  <Name className="java.lang.String">agentId</Name>
  <Value className="java.lang.String">70</Value>
</Feature>
<Feature>
  <Name className="java.lang.String">polarity</Name>
  <Value className="java.lang.String">badfor</Value>
</Feature>
<Feature>
  <Name className="java.lang.String">objectId</Name>
  <Value className="java.lang.String">71</Value>
</Feature>
</Annotation>
<Annotation Id="73" Type="referent" StartNode="2939" EndNode="2952">
</Annotation>
<Annotation Id="74" Type="gfbf-agent" StartNode="3127" EndNode="3138">
<Feature>
  <Name className="java.lang.String">writerAtt</Name>
  <Value className="java.lang.String">positive</Value>
</Feature>
</Annotation>
<Annotation Id="75" Type="gfbf-object" StartNode="3153" EndNode="3166">
<Feature>
  <Name className="java.lang.String">writerAtt</Name>
  <Value className="java.lang.String">positive</Value>
</Feature>
</Annotation>
<Annotation Id="80" Type="gfbf" StartNode="3340" EndNode="3347">
<Feature>
  <Name className="java.lang.String">agentId</Name>
  <Value className="java.lang.String">78</Value>
</Feature>
<Feature>
  <Name className="java.lang.String">polarity</Name>
  <Value className="java.lang.String">goodfor</Value>
</Feature>
<Feature>
  <Name className="java.lang.String">objectId</Name>
  <Value className="java.lang.String">79</Value>
</Feature>
</Annotation>
<Annotation Id="93" Type="highlight" StartNode="205" EndNode="253">
</Annotation>
<Annotation Id="92" Type="influencer" StartNode="2157" EndNode="2163">
<Feature>
  <Name className="java.lang.String">effect</Name>
  <Value className="java.lang.String">retain</Value>
</Feature>
<Feature>
  <Name className="java.lang.String">agentId</Name>
  <Value className="java.lang.String">46</Value>
</Feature>
<Feature>
  <Name className="java.lang.String">objectId</Name>
  <Value className="java.lang.String">51</Value>
</Feature>
</Annotation>
<Annotation Id="95" Type="highlight" StartNode="3878" EndNode="3972">
<Feature>
  <Name className="java.lang.String">agree</Name>
  <Value className="java.lang.String">agree</Value>
</Feature>
</Annotation>
<Annotation Id="94" Type="highlight" StartNode="3391" EndNode="3455">
</Annotation>
<Annotation Id="91" Type="gfbf" StartNode="1262" EndNode="1322">
<Feature>
  <Name className="java.lang.String">agentId</Name>
  <Value className="java.lang.String">35</Value>
</Feature>
<Feature>
  <Name className="java.lang.String">objectId</Name>
  <Value className="java.lang.String">38</Value>
</Feature>
<Feature>
  <Name className="java.lang.String">polarity</Name>
  <Value className="java.lang.String">goodfor</Value>
</Feature>
</Annotation>
<Annotation Id="90" Type="gfbf" StartNode="1262" EndNode="1287">
<Feature>
  <Name className="java.lang.String">agentId</Name>
  <Value className="java.lang.String">35</Value>
</Feature>
<Feature>
  <Name className="java.lang.String">polarity</Name>
  <Value className="java.lang.String">goodfor</Value>
</Feature>
<Feature>
  <Name className="java.lang.String">objectId</Name>
  <Value className="java.lang.String">36</Value>
</Feature>
</Annotation>
<Annotation Id="98" Type="gfbf-agent" StartNode="3887" EndNode="3898">
<Feature>
  <Name className="java.lang.String">writerAtt</Name>
  <Value className="java.lang.String">positive</Value>
</Feature>
</Annotation>
<Annotation Id="96" Type="gfbf" StartNode="3919" EndNode="3925">
<Feature>
  <Name className="java.lang.String">agentId</Name>
  <Value className="java.lang.String">98</Value>
</Feature>
<Feature>
  <Name className="java.lang.String">objectId</Name>
  <Value className="java.lang.String">97</Value>
</Feature>
<Feature>
  <Name className="java.lang.String">phaseII</Name>
  <Value className="java.lang.String">phaseII</Value>
</Feature>
<Feature>
  <Name className="java.lang.String">polarity</Name>
  <Value className="java.lang.String">goodfor</Value>
</Feature>
</Annotation>
<Annotation Id="97" Type="gfbf-object" StartNode="3926" EndNode="3930">
<Feature>
  <Name className="java.lang.String">writerAtt</Name>
  <Value className="java.lang.String">positive</Value>
</Feature>
</Annotation>
</AnnotationSet>

<!-- Named annotation set -->

<AnnotationSet Name="Original markups">
<Annotation Id="0" Type="paragraph" StartNode="0" EndNode="141">
</Annotation>
<Annotation Id="1" Type="paragraph" StartNode="143" EndNode="381">
</Annotation>
<Annotation Id="2" Type="paragraph" StartNode="383" EndNode="703">
</Annotation>
<Annotation Id="3" Type="paragraph" StartNode="705" EndNode="1400">
</Annotation>
<Annotation Id="4" Type="paragraph" StartNode="1402" EndNode="1488">
</Annotation>
<Annotation Id="5" Type="paragraph" StartNode="1498" EndNode="2140">
</Annotation>
<Annotation Id="6" Type="paragraph" StartNode="2142" EndNode="2406">
</Annotation>
<Annotation Id="7" Type="paragraph" StartNode="2408" EndNode="2856">
</Annotation>
<Annotation Id="8" Type="paragraph" StartNode="2858" EndNode="3608">
</Annotation>
<Annotation Id="9" Type="paragraph" StartNode="3610" EndNode="4207">
</Annotation>
</AnnotationSet>

</GateDocument>
