<?xml version='1.0' encoding='MacRoman'?>
<GateDocument>
<!-- The document's features-->

<GateDocumentFeatures>
<Feature>
  <Name className="java.lang.String">gate.SourceURL</Name>
  <Value className="java.lang.String">file:/home/conrada/Dropbox/healthcare_data/devel2/hcd018.txt</Value>
</Feature>
<Feature>
  <Name className="java.lang.String">MimeType</Name>
  <Value className="java.lang.String">text/plain</Value>
</Feature>
<Feature>
  <Name className="java.lang.String">docNewLineType</Name>
  <Value className="java.lang.String">LF</Value>
</Feature>
</GateDocumentFeatures>
<!-- The document content area with serialized nodes -->

<TextWithNodes><Node id="0" />CedwynFollowRSS
Daily Kos member<Node id="32" />

    <Node id="38" />Profile
    Diaries (list)
    Stream<Node id="75" />

<Node id="77" />Sat Sep 03, 2011 at 12:03 PM PDT
<Node id="110" />PPACA: Stimulus, Jobs, and Cost Control<Node id="149" />

<Node id="151" />by CedwynFollow
ShareNew
permalink 	25 Comments<Node id="198" />

<Node id="200" />Yes, I'm serious and I'll explain all of that below the squiggedly-doo.  First, though, I'd like to draw your attention to some upcoming public forums (fora?) regarding proposed rules for implementing PPACA:<Node id="407" />

    <Node id="413" />In the weeks ahead, the Administration will conduct an aggressive outreach campaign and ask for public comment on the three proposed rules from employers, consumers, state leaders, health care providers and insurers, and the American people. In addition to accepting written public comments for the next 75 days, the departments will hold forums. These forums will help ensure more Americans have the opportunity to share their views regarding the establishment of Affordable Insurance Exchanges. Forums will be held in:<Node id="933" />

        <Node id="943" />Atlanta, GA - September 13, 2011
        Chicago, IL - September 26, 2011
        New York, NY - September 21, 2011
        Sacramento, CA - September 22, 2011<Node id="1102" />

<Node id="1104" />So please get the word out to everybody you know in those states and hey...if you're planning a vacation, why not go make some noise while you visit!<Node id="1253" />

<Node id="1255" />Now, on with the diary post, starting with stimulus.  As indicated in the link above, states are moving forward with planning and implementation for the exchanges.  The states are receiving grants from HHS to make these preparations:<Node id="1488" />

    <Node id="1494" />On August 12, 2011, 13 states and the District of Columbia were awarded over $185 million dollars in Exchange Establishment grants<Node id="1624" />. <Node id="1626" />Three states, Indiana, Rhode Island and Washington, were awarded grants on May 23, 2011<Node id="1713" />.<Node id="1714" />

    <Node id="1720" />These grants are just the latest in an ongoing series of Affordable Care Act grants to help states develop Exchanges<Node id="1836" />. <Node id="1838" />Already, 49 states and the District of Columbia received Exchange Planning grants, seven states received Early Innovator grants, and a number of states have indicated interest for future rounds of Exchange Establishment grants<Node id="2064" />.<Node id="2065" />

<Node id="2067" />There are also grants awarded specifically to rural health care networks to implement the electronic records system and other aspects of health care IT, including training<Node id="2238" />.  <Node id="2241" />All of which sounds like stimulus and jobs to me, as does <Node id="2299" />PPACA's<Node id="2306" /> focus on <Node id="2316" />building<Node id="2324" /> <Node id="2325" />the health care provider base<Node id="2354" />, especially in nursing<Node id="2377" />.<Node id="2378" />

    <Node id="2384" />PPACA reauthorizes and expands numerous existing PHSA health workforce programs<Node id="2463" />. <Node id="2465" />The law<Node id="2472" /> also <Node id="2478" />creates<Node id="2485" /> <Node id="2486" />several new PHSA workforce programs<Node id="2521" /> to <Node id="2525" />increase<Node id="2533" /> <Node id="2534" />training experiences in primary care, in rural areas, and in community-based settings<Node id="2619" />.<Node id="2620" />

   <Node id="2625" /> <Node id="2626" />...<Node id="2629" />PPACA<Node id="2634" /> includes programs that provide training opportunities and fellowships to <Node id="2708" />increase<Node id="2716" /> <Node id="2717" />the supply of other types of providers with identified shortages<Node id="2781" /> such as pediatric subspecialists, public health workers, and geriatricians<Node id="2856" />. <Node id="2858" />Finally, PPACA modifies Medicare graduate medical education (GME) payment policy<Node id="2938" />. <Node id="2940" />Medicare subsidizes medical residency training through GME payments to teaching hospitals<Node id="3029" />. <Node id="3031" />PPACA's changes<Node id="3046" /> to GME payments, along with a new health center grant program and a number of other provisions, are intended to <Node id="3159" />promote<Node id="3166" /> <Node id="3167" />primary care training in non-hospital settings<Node id="3213" />.<Node id="3214" />

    <Node id="3220" />HHS Secretary Kathleen Sebelius today announced $71.3 million in grants to expand nursing education, training and diversity.<Node id="3344" />

    <Node id="3350" />Nursing workforce development programs<Node id="3388" />, reauthorized by the Affordable Care Act and administered by HHS' Health Resources and Services Administration, are the primary source of federal funding for nursing education and workforce development<Node id="3590" />.  <Node id="3593" />These programs<Node id="3607" /> <Node id="3608" />bolster<Node id="3615" /> <Node id="3616" />nursing education at all levels<Node id="3647" />, from entry-level preparation through the development of advanced practice nurses<Node id="3729" />.  <Node id="3732" />They also prepare faculty to teach the nation's future nursing workforce.<Node id="3805" />

    <Node id="3811" />"<Node id="3812" />These awards reflect the critical role of nurses in our healthcare system, and <Node id="3891" />our ongoing commitment<Node id="3913" /> to <Node id="3917" />attract<Node id="3924" /> and <Node id="3929" />retain<Node id="3935" /> <Node id="3936" />highly-skilled nurses in the profession<Node id="3975" />," said Secretary Sebelius.<Node id="4002" />

<Node id="4004" />PPACA has also set aside $50 million a year, 2010 - 2014, to support Nurse-Managed Health Clinics.  <Node id="4104" />Allowing Nurse Practitioners to serve on the front lines like this<Node id="4170" /> is an eminently sensible way to <Node id="4203" />expand<Node id="4209" /> <Node id="4210" />coverage<Node id="4218" />.  <Node id="4221" />One needn't have a medical degree to recognize the symptoms of strep throat, for example, or to prep the culture to confirm diagnosis<Node id="4354" />.  Hell, I did that kind of culture in micro lab.<Node id="4403" />

<Node id="4405" />This, of course, leads right into the last point about cost control, of which these NMHCs are just one example<Node id="4515" />.  The most recent and very exciting example comes in the form of new rules regarding (wanton) rate increases:<Node id="4625" />

    <Node id="4631" />Today, health insurers seeking to increase their rates by 10 percent or more must submit their request to state or federal reviewers to determine whether they are reasonable or not<Node id="4811" />. <Node id="4813" />This rate review program, created by the Affordable Care Act, will <Node id="4880" />bring<Node id="4885" /> greater transparency, accountability, and, in many cases, lower costs for families and small business owners who struggle to afford coverage<Node id="5026" />.<Node id="5027" />

    <Node id="5033" />...<Node id="5036" />Rate review<Node id="5047" /> will <Node id="5053" />shed a bright light on<Node id="5075" /> <Node id="5076" />the industry's behavior<Node id="5099" /> and drive <Node id="5110" />market competition<Node id="5128" /> to <Node id="5132" />lower<Node id="5137" /> <Node id="5138" />costs<Node id="5143" />," said Kathleen Sebelius, Secretary of Health and Human Services<Node id="5208" />. "<Node id="5211" />We are pleased to team with states to bring this important new protection to consumers and employers<Node id="5311" />."<Node id="5313" />

    <Node id="5319" />As of today, insurers proposing double digit increases will have to provide clear information that indicates what factors are causing proposed increases<Node id="5471" />. <Node id="5473" />Experts will closely examine information about the underlying cost trends in health care to flag instances when insurance companies are unjustly raising costs<Node id="5631" />.<Node id="5632" />

    <Node id="5638" />...<Node id="5641" />Starting mid-September, consumers in every state can go to HealthCare.gov to view <Node id="5723" />easy-to-access, consumer-friendly disclosure information<Node id="5779" /> explaining proposed increases that are 10 percent or higher than last year's rates<Node id="5862" />. <Node id="5864" />Consumers will see a summary of the key factors driving rate increases and an explanation provided by insurance companies for why the proposed increase is needed<Node id="6025" />. <Node id="6027" />And, for the first time, consumers in every state will also be given the ability to comment on large proposed rate increases<Node id="6151" />.<Node id="6152" />

    <Node id="6158" />..."<Node id="6162" />Thanks to our Affordable Care Act grant funds, our rate reviews are more in-depth, and we recently proposed to use future grant funds to incorporate public hearings into our rate reviews," Oregon Insurance Division Administrator Teresa Miller said<Node id="6409" />. "<Node id="6412" />We have already received valuable feedback from consumer groups and look forward to continuing to improve our rate review process<Node id="6541" />"<Node id="6542" />

<Node id="6544" />Slowly but surely, PPACA is <Node id="6572" />making a big difference<Node id="6595" />.  <Node id="6598" />On the Medicare front, it's already <Node id="6634" />kept spending growth at below 4%<Node id="6666" />, when it's been double-digit for decades<Node id="6707" />.<Node id="6708" />

    <Node id="6714" />Various hospital executives have told me they have already begun to prepare for less generous reimbursement from Medicare as the new federal health-care-reform law takes effect and there is a greater focus on value<Node id="6928" />. <Node id="6930" />They are therefore trying to become more efficient now<Node id="6984" />.<Node id="6985" />

    <Node id="6991" />...The Mount Sinai experience may be instructive. From September 2010 to May 2011, the hospital's Medicare revenue rose only 2 percent over the previous year -- in part because the number of inpatient cases fell. Why was that? One important reason was that the number of patients readmitted to the hospital within 30 days of discharge was 5 percent less than what it had been the previous year.<Node id="7385" />

    <Node id="7391" />Reducing readmissions is one of the objectives of the federal health-care-reform law enacted last year<Node id="7493" />.<Node id="7494" />

<Node id="7496" />Does any of this change the fact that we needed single payer, like, years ago?<Node id="7574" />  Of course not. <Node id="7591" />But PPACA is a damn sight better than what was<Node id="7637" /> and <Node id="7642" />we can still follow Vermont's lead and work for single payer in our states<Node id="7716" />.  We'll go Canuck and do it one region at a time!  Whatever it takes.<Node id="7786" />

<Node id="7788" />rAmen!<Node id="7794" />
Originally posted to Cedwyn on Sat Sep 03, 2011 at 12:03 PM PDT.
Also republished by The Yes We Can Pragmatists.
Tags<Node id="7912" />

    <Node id="7918" />PPACA<Node id="7923" />


<Node id="7926" /></TextWithNodes>
<!-- The default annotation set -->

<AnnotationSet>
<Annotation Id="129" Type="gfbf" StartNode="3917" EndNode="3924">
<Feature>
  <Name className="java.lang.String">agentId</Name>
  <Value className="java.lang.String">132</Value>
</Feature>
<Feature>
  <Name className="java.lang.String">objectId</Name>
  <Value className="java.lang.String">131</Value>
</Feature>
<Feature>
  <Name className="java.lang.String">polarity</Name>
  <Value className="java.lang.String">goodfor</Value>
</Feature>
</Annotation>
<Annotation Id="128" Type="referent" StartNode="3350" EndNode="3388">
<Feature>
  <Name className="java.lang.String">writerAtt</Name>
  <Value className="java.lang.String">positive</Value>
</Feature>
</Annotation>
<Annotation Id="131" Type="gfbf-object" StartNode="3936" EndNode="3975">
<Feature>
  <Name className="java.lang.String">writerAtt</Name>
  <Value className="java.lang.String">positive</Value>
</Feature>
</Annotation>
<Annotation Id="130" Type="gfbf" StartNode="3929" EndNode="3935">
<Feature>
  <Name className="java.lang.String">agentId</Name>
  <Value className="java.lang.String">132</Value>
</Feature>
<Feature>
  <Name className="java.lang.String">objectId</Name>
  <Value className="java.lang.String">131</Value>
</Feature>
<Feature>
  <Name className="java.lang.String">polarity</Name>
  <Value className="java.lang.String">goodfor</Value>
</Feature>
</Annotation>
<Annotation Id="132" Type="gfbf-agent" StartNode="3891" EndNode="3913">
<Feature>
  <Name className="java.lang.String">writerAtt</Name>
  <Value className="java.lang.String">positive</Value>
</Feature>
</Annotation>
<Annotation Id="31" Type="doc" StartNode="0" EndNode="7926">
<Feature>
  <Name className="java.lang.String">id</Name>
  <Value className="java.lang.String">hcd018</Value>
</Feature>
<Feature>
  <Name className="java.lang.String">author</Name>
  <Value className="java.lang.String">cedwyn</Value>
</Feature>
<Feature>
  <Name className="java.lang.String">source</Name>
  <Value className="java.lang.String">dailykos</Value>
</Feature>
<Feature>
  <Name className="java.lang.String">date</Name>
  <Value className="java.lang.String">20110903</Value>
</Feature>
<Feature>
  <Name className="java.lang.String">side</Name>
  <Value className="java.lang.String">pro</Value>
</Feature>
<Feature>
  <Name className="java.lang.String">url</Name>
  <Value className="java.lang.String">http://www.dailykos.com/story/2011/09/03/1013208/-PPACA:-Stimulus,-Jobs,-and-Cost-Control</Value>
</Feature>
</Annotation>
<Annotation Id="34" Type="arg" StartNode="2465" EndNode="2619">
<Feature>
  <Name className="java.lang.String">ss-label</Name>
  <Value className="java.lang.String">improves_funding_for_medical_education</Value>
</Feature>
<Feature>
  <Name className="java.lang.String">unclear</Name>
  <Value className="java.lang.String">true</Value>
</Feature>
<Feature>
  <Name className="java.lang.String">type</Name>
  <Value className="java.lang.String">label</Value>
</Feature>
<Feature>
  <Name className="java.lang.String">polarity</Name>
  <Value className="java.lang.String">positive</Value>
</Feature>
</Annotation>
<Annotation Id="35" Type="rel" StartNode="2384" EndNode="2463">
<Feature>
  <Name className="java.lang.String">type</Name>
  <Value className="java.lang.String">label</Value>
</Feature>
<Feature>
  <Name className="java.lang.String">ss-label</Name>
  <Value className="java.lang.String">improves_funding_for_medical_education</Value>
</Feature>
<Feature>
  <Name className="java.lang.String">polarity</Name>
  <Value className="java.lang.String">positive</Value>
</Feature>
</Annotation>
<Annotation Id="32" Type="rel" StartNode="110" EndNode="149">
<Feature>
  <Name className="java.lang.String">type</Name>
  <Value className="java.lang.String">label</Value>
</Feature>
<Feature>
  <Name className="java.lang.String">ss-label</Name>
  <Value className="java.lang.String">helps_economy</Value>
</Feature>
</Annotation>
<Annotation Id="33" Type="arg" StartNode="2241" EndNode="2377">
<Feature>
  <Name className="java.lang.String">type</Name>
  <Value className="java.lang.String">label</Value>
</Feature>
<Feature>
  <Name className="java.lang.String">ss-label</Name>
  <Value className="java.lang.String">promotes_jobs</Value>
</Feature>
<Feature>
  <Name className="java.lang.String">polarity</Name>
  <Value className="java.lang.String">positive</Value>
</Feature>
</Annotation>
<Annotation Id="38" Type="arg" StartNode="3031" EndNode="3213">
<Feature>
  <Name className="java.lang.String">type</Name>
  <Value className="java.lang.String">label</Value>
</Feature>
<Feature>
  <Name className="java.lang.String">ss-label</Name>
  <Value className="java.lang.String">improves_funding_for_medical_education</Value>
</Feature>
<Feature>
  <Name className="java.lang.String">polarity</Name>
  <Value className="java.lang.String">positive</Value>
</Feature>
</Annotation>
<Annotation Id="39" Type="rel" StartNode="2940" EndNode="3029">
<Feature>
  <Name className="java.lang.String">type</Name>
  <Value className="java.lang.String">label</Value>
</Feature>
<Feature>
  <Name className="java.lang.String">ss-label</Name>
  <Value className="java.lang.String">improves_funding_for_medical_education</Value>
</Feature>
</Annotation>
<Annotation Id="36" Type="arg" StartNode="2629" EndNode="2856">
<Feature>
  <Name className="java.lang.String">type</Name>
  <Value className="java.lang.String">label</Value>
</Feature>
<Feature>
  <Name className="java.lang.String">ss-label</Name>
  <Value className="java.lang.String">improves_funding_for_medical_education</Value>
</Feature>
<Feature>
  <Name className="java.lang.String">polarity</Name>
  <Value className="java.lang.String">positive</Value>
</Feature>
</Annotation>
<Annotation Id="37" Type="rel" StartNode="2858" EndNode="2938">
<Feature>
  <Name className="java.lang.String">type</Name>
  <Value className="java.lang.String">label</Value>
</Feature>
<Feature>
  <Name className="java.lang.String">ss-label</Name>
  <Value className="java.lang.String">improves_funding_for_medical_education</Value>
</Feature>
</Annotation>
<Annotation Id="42" Type="rel" StartNode="3732" EndNode="3805">
<Feature>
  <Name className="java.lang.String">ss-label</Name>
  <Value className="java.lang.String">improves_funding_for_medical_education</Value>
</Feature>
<Feature>
  <Name className="java.lang.String">unclear</Name>
  <Value className="java.lang.String">true</Value>
</Feature>
<Feature>
  <Name className="java.lang.String">type</Name>
  <Value className="java.lang.String">label</Value>
</Feature>
<Feature>
  <Name className="java.lang.String">polarity</Name>
  <Value className="java.lang.String">positive</Value>
</Feature>
</Annotation>
<Annotation Id="43" Type="rel" StartNode="3812" EndNode="3975">
<Feature>
  <Name className="java.lang.String">ss-label</Name>
  <Value className="java.lang.String">improves_funding_for_medical_education</Value>
</Feature>
<Feature>
  <Name className="java.lang.String">unclear</Name>
  <Value className="java.lang.String">true</Value>
</Feature>
<Feature>
  <Name className="java.lang.String">type</Name>
  <Value className="java.lang.String">label</Value>
</Feature>
<Feature>
  <Name className="java.lang.String">polarity</Name>
  <Value className="java.lang.String">positive</Value>
</Feature>
</Annotation>
<Annotation Id="40" Type="rel" StartNode="3350" EndNode="3590">
<Feature>
  <Name className="java.lang.String">type</Name>
  <Value className="java.lang.String">label</Value>
</Feature>
<Feature>
  <Name className="java.lang.String">ss-label</Name>
  <Value className="java.lang.String">improves_funding_for_medical_education</Value>
</Feature>
<Feature>
  <Name className="java.lang.String">polarity</Name>
  <Value className="java.lang.String">positive</Value>
</Feature>
</Annotation>
<Annotation Id="41" Type="rel" StartNode="3593" EndNode="3729">
<Feature>
  <Name className="java.lang.String">type</Name>
  <Value className="java.lang.String">label</Value>
</Feature>
<Feature>
  <Name className="java.lang.String">ss-label</Name>
  <Value className="java.lang.String">improves_funding_for_medical_education</Value>
</Feature>
<Feature>
  <Name className="java.lang.String">polarity</Name>
  <Value className="java.lang.String">positive</Value>
</Feature>
</Annotation>
<Annotation Id="46" Type="rel" StartNode="4405" EndNode="4515">
<Feature>
  <Name className="java.lang.String">type</Name>
  <Value className="java.lang.String">label</Value>
</Feature>
<Feature>
  <Name className="java.lang.String">ss-label</Name>
  <Value className="java.lang.String">controls_healthcare_costs</Value>
</Feature>
</Annotation>
<Annotation Id="47" Type="rel" StartNode="4631" EndNode="4811">
<Feature>
  <Name className="java.lang.String">type</Name>
  <Value className="java.lang.String">label</Value>
</Feature>
<Feature>
  <Name className="java.lang.String">ss-label</Name>
  <Value className="java.lang.String">prevents_exorbitant_rate_increases</Value>
</Feature>
</Annotation>
<Annotation Id="44" Type="arg" StartNode="4104" EndNode="4218">
<Feature>
  <Name className="java.lang.String">type</Name>
  <Value className="java.lang.String">label</Value>
</Feature>
<Feature>
  <Name className="java.lang.String">ss-label</Name>
  <Value className="java.lang.String">increasing_number_of_nurses_effectively_expands_healthcare_supply</Value>
</Feature>
<Feature>
  <Name className="java.lang.String">polarity</Name>
  <Value className="java.lang.String">positive</Value>
</Feature>
</Annotation>
<Annotation Id="45" Type="arg" StartNode="4221" EndNode="4354">
<Feature>
  <Name className="java.lang.String">type</Name>
  <Value className="java.lang.String">else</Value>
</Feature>
<Feature>
  <Name className="java.lang.String">unclear</Name>
  <Value className="java.lang.String">true</Value>
</Feature>
<Feature>
  <Name className="java.lang.String">polarity</Name>
  <Value className="java.lang.String">negative</Value>
</Feature>
</Annotation>
<Annotation Id="51" Type="rel" StartNode="5319" EndNode="5471">
<Feature>
  <Name className="java.lang.String">type</Name>
  <Value className="java.lang.String">label</Value>
</Feature>
<Feature>
  <Name className="java.lang.String">ss-label</Name>
  <Value className="java.lang.String">prevents_exorbitant_rate_increases</Value>
</Feature>
</Annotation>
<Annotation Id="50" Type="rel" StartNode="5211" EndNode="5311">
<Feature>
  <Name className="java.lang.String">type</Name>
  <Value className="java.lang.String">label</Value>
</Feature>
<Feature>
  <Name className="java.lang.String">ss-label</Name>
  <Value className="java.lang.String">prevents_exorbitant_rate_increases</Value>
</Feature>
</Annotation>
<Annotation Id="49" Type="arg" StartNode="5036" EndNode="5208">
<Feature>
  <Name className="java.lang.String">ss-label</Name>
  <Value className="java.lang.String">prevents_exorbitant_rate_increases</Value>
</Feature>
<Feature>
  <Name className="java.lang.String">type</Name>
  <Value className="java.lang.String">label</Value>
</Feature>
<Feature>
  <Name className="java.lang.String">polarity</Name>
  <Value className="java.lang.String">positive</Value>
</Feature>
<Feature>
  <Name className="java.lang.String">incomplete</Name>
  <Value className="java.lang.String"></Value>
</Feature>
</Annotation>
<Annotation Id="48" Type="arg" StartNode="4813" EndNode="5026">
<Feature>
  <Name className="java.lang.String">type</Name>
  <Value className="java.lang.String">label</Value>
</Feature>
<Feature>
  <Name className="java.lang.String">ss-label</Name>
  <Value className="java.lang.String">prevents_exorbitant_rate_increases</Value>
</Feature>
<Feature>
  <Name className="java.lang.String">polarity</Name>
  <Value className="java.lang.String">positive</Value>
</Feature>
</Annotation>
<Annotation Id="55" Type="rel" StartNode="5864" EndNode="6025">
<Feature>
  <Name className="java.lang.String">type</Name>
  <Value className="java.lang.String">label</Value>
</Feature>
<Feature>
  <Name className="java.lang.String">ss-label</Name>
  <Value className="java.lang.String">prevents_exorbitant_rate_increases</Value>
</Feature>
</Annotation>
<Annotation Id="54" Type="rel" StartNode="5641" EndNode="5862">
<Feature>
  <Name className="java.lang.String">type</Name>
  <Value className="java.lang.String">label</Value>
</Feature>
<Feature>
  <Name className="java.lang.String">ss-label</Name>
  <Value className="java.lang.String">prevents_exorbitant_rate_increases</Value>
</Feature>
</Annotation>
<Annotation Id="53" Type="content" StartNode="5723" EndNode="5779">
<Feature>
  <Name className="java.lang.String">polarity</Name>
  <Value className="java.lang.String">positive</Value>
</Feature>
</Annotation>
<Annotation Id="52" Type="rel" StartNode="5473" EndNode="5631">
</Annotation>
<Annotation Id="59" Type="arg" StartNode="6544" EndNode="6595">
<Feature>
  <Name className="java.lang.String">type</Name>
  <Value className="java.lang.String">label</Value>
</Feature>
<Feature>
  <Name className="java.lang.String">ss-label</Name>
  <Value className="java.lang.String">bills_impact_is_positive</Value>
</Feature>
<Feature>
  <Name className="java.lang.String">polarity</Name>
  <Value className="java.lang.String">positive</Value>
</Feature>
</Annotation>
<Annotation Id="58" Type="rel" StartNode="6412" EndNode="6541">
<Feature>
  <Name className="java.lang.String">type</Name>
  <Value className="java.lang.String">label</Value>
</Feature>
<Feature>
  <Name className="java.lang.String">ss-label</Name>
  <Value className="java.lang.String">prevents_exorbitant_rate_increases</Value>
</Feature>
<Feature>
  <Name className="java.lang.String">polarity</Name>
  <Value className="java.lang.String">positive</Value>
</Feature>
</Annotation>
<Annotation Id="57" Type="arg" StartNode="6162" EndNode="6409">
<Feature>
  <Name className="java.lang.String">type</Name>
  <Value className="java.lang.String">label</Value>
</Feature>
<Feature>
  <Name className="java.lang.String">ss-label</Name>
  <Value className="java.lang.String">prevents_exorbitant_rate_increases</Value>
</Feature>
<Feature>
  <Name className="java.lang.String">polarity</Name>
  <Value className="java.lang.String">positive</Value>
</Feature>
</Annotation>
<Annotation Id="56" Type="rel" StartNode="6027" EndNode="6151">
<Feature>
  <Name className="java.lang.String">type</Name>
  <Value className="java.lang.String">label</Value>
</Feature>
<Feature>
  <Name className="java.lang.String">ss-label</Name>
  <Value className="java.lang.String">prevents_exorbitant_rate_increases</Value>
</Feature>
</Annotation>
<Annotation Id="63" Type="arg" StartNode="7591" EndNode="7637">
<Feature>
  <Name className="java.lang.String">type</Name>
  <Value className="java.lang.String">label</Value>
</Feature>
<Feature>
  <Name className="java.lang.String">ss-label</Name>
  <Value className="java.lang.String">bill_is_step_in_right_direction</Value>
</Feature>
<Feature>
  <Name className="java.lang.String">polarity</Name>
  <Value className="java.lang.String">positive</Value>
</Feature>
</Annotation>
<Annotation Id="62" Type="rel" StartNode="6714" EndNode="6928">
<Feature>
  <Name className="java.lang.String">type</Name>
  <Value className="java.lang.String">label</Value>
</Feature>
<Feature>
  <Name className="java.lang.String">ss-label</Name>
  <Value className="java.lang.String">ensures_medicares_sustainability</Value>
</Feature>
</Annotation>
<Annotation Id="61" Type="rel" StartNode="6930" EndNode="6984">
<Feature>
  <Name className="java.lang.String">type</Name>
  <Value className="java.lang.String">label</Value>
</Feature>
<Feature>
  <Name className="java.lang.String">ss-label</Name>
  <Value className="java.lang.String">ensures_medicares_sustainability</Value>
</Feature>
</Annotation>
<Annotation Id="60" Type="arg" StartNode="6598" EndNode="6707">
<Feature>
  <Name className="java.lang.String"></Name>
  <Value className="java.lang.String">true</Value>
</Feature>
<Feature>
  <Name className="java.lang.String">ss-label</Name>
  <Value className="java.lang.String">controls_medicare_costs</Value>
</Feature>
<Feature>
  <Name className="java.lang.String">type</Name>
  <Value className="java.lang.String">label</Value>
</Feature>
<Feature>
  <Name className="java.lang.String">polarity</Name>
  <Value className="java.lang.String">positive</Value>
</Feature>
</Annotation>
<Annotation Id="68" Type="rel" StartNode="1494" EndNode="1624">
<Feature>
  <Name className="java.lang.String">type</Name>
  <Value className="java.lang.String">label</Value>
</Feature>
<Feature>
  <Name className="java.lang.String">ss-label</Name>
  <Value className="java.lang.String">funds_insurance_exchanges</Value>
</Feature>
</Annotation>
<Annotation Id="69" Type="rel" StartNode="1720" EndNode="1836">
<Feature>
  <Name className="java.lang.String">type</Name>
  <Value className="java.lang.String">label</Value>
</Feature>
<Feature>
  <Name className="java.lang.String">ss-label</Name>
  <Value className="java.lang.String">funds_insurance_exchanges</Value>
</Feature>
</Annotation>
<Annotation Id="70" Type="rel" StartNode="1626" EndNode="1713">
<Feature>
  <Name className="java.lang.String">type</Name>
  <Value className="java.lang.String">label</Value>
</Feature>
<Feature>
  <Name className="java.lang.String">unclear</Name>
  <Value className="java.lang.String">true</Value>
</Feature>
<Feature>
  <Name className="java.lang.String">ss-label</Name>
  <Value className="java.lang.String">funds_insurance_exchanges</Value>
</Feature>
</Annotation>
<Annotation Id="71" Type="rel" StartNode="1838" EndNode="2064">
<Feature>
  <Name className="java.lang.String">type</Name>
  <Value className="java.lang.String">label</Value>
</Feature>
<Feature>
  <Name className="java.lang.String">ss-label</Name>
  <Value className="java.lang.String">funds_insurance_exchanges</Value>
</Feature>
</Annotation>
<Annotation Id="64" Type="arg" StartNode="7642" EndNode="7716">
<Feature>
  <Name className="java.lang.String">type</Name>
  <Value className="java.lang.String">else</Value>
</Feature>
<Feature>
  <Name className="java.lang.String">polarity</Name>
  <Value className="java.lang.String">positive</Value>
</Feature>
</Annotation>
<Annotation Id="65" Type="arg" StartNode="7496" EndNode="7574">
<Feature>
  <Name className="java.lang.String">type</Name>
  <Value className="java.lang.String">else</Value>
</Feature>
<Feature>
  <Name className="java.lang.String">unclear</Name>
  <Value className="java.lang.String">true</Value>
</Feature>
<Feature>
  <Name className="java.lang.String">polarity</Name>
  <Value className="java.lang.String">positive</Value>
</Feature>
</Annotation>
<Annotation Id="66" Type="rel" StartNode="7391" EndNode="7493">
<Feature>
  <Name className="java.lang.String">type</Name>
  <Value className="java.lang.String">label</Value>
</Feature>
<Feature>
  <Name className="java.lang.String">ss-label</Name>
  <Value className="java.lang.String">controls_healthcare_costs</Value>
</Feature>
</Annotation>
<Annotation Id="76" Type="para" StartNode="1255" EndNode="1488">
<Feature>
  <Name className="java.lang.String">unclear</Name>
  <Value className="java.lang.String">true</Value>
</Feature>
<Feature>
  <Name className="java.lang.String">arguing</Name>
  <Value className="java.lang.String">no-arguing</Value>
</Feature>
<Feature>
  <Name className="java.lang.String">argmnt-label</Name>
  <Value className="java.lang.String">funds_insurance_exchanges</Value>
</Feature>
</Annotation>
<Annotation Id="77" Type="para" StartNode="1494" EndNode="1714">
<Feature>
  <Name className="java.lang.String">unclear</Name>
  <Value className="java.lang.String">true</Value>
</Feature>
<Feature>
  <Name className="java.lang.String">arguing</Name>
  <Value className="java.lang.String">no-arguing</Value>
</Feature>
<Feature>
  <Name className="java.lang.String">argmnt-label</Name>
  <Value className="java.lang.String">funds_insurance_exchanges</Value>
</Feature>
</Annotation>
<Annotation Id="78" Type="para" StartNode="1720" EndNode="2065">
<Feature>
  <Name className="java.lang.String">argmnt-label</Name>
  <Value className="java.lang.String">funds_insurance_exchanges</Value>
</Feature>
</Annotation>
<Annotation Id="79" Type="para" StartNode="2067" EndNode="2378">
<Feature>
  <Name className="java.lang.String">argmnt-label</Name>
  <Value className="java.lang.String">improves_healthcare_funding</Value>
</Feature>
</Annotation>
<Annotation Id="72" Type="rel" StartNode="2067" EndNode="2238">
<Feature>
  <Name className="java.lang.String">type</Name>
  <Value className="java.lang.String">label</Value>
</Feature>
<Feature>
  <Name className="java.lang.String">ss-label</Name>
  <Value className="java.lang.String">increases_supply_of_healthcare</Value>
</Feature>
</Annotation>
<Annotation Id="73" Type="para" StartNode="200" EndNode="407">
<Feature>
  <Name className="java.lang.String">argmnt-label</Name>
  <Value className="java.lang.String">none</Value>
</Feature>
</Annotation>
<Annotation Id="74" Type="para" StartNode="413" EndNode="933">
<Feature>
  <Name className="java.lang.String">unclear</Name>
  <Value className="java.lang.String">true</Value>
</Feature>
<Feature>
  <Name className="java.lang.String">arguing</Name>
  <Value className="java.lang.String">no-arguing</Value>
</Feature>
<Feature>
  <Name className="java.lang.String">argmnt-label</Name>
  <Value className="java.lang.String">exchanges_support_informed_choice</Value>
</Feature>
</Annotation>
<Annotation Id="75" Type="para" StartNode="943" EndNode="1253">
<Feature>
  <Name className="java.lang.String">argmnt-label</Name>
  <Value className="java.lang.String">none</Value>
</Feature>
<Feature>
  <Name className="java.lang.String">arguing</Name>
  <Value className="java.lang.String">no-arguing</Value>
</Feature>
</Annotation>
<Annotation Id="85" Type="para" StartNode="4631" EndNode="5027">
<Feature>
  <Name className="java.lang.String">argmnt-label</Name>
  <Value className="java.lang.String">prevents_exorbitant_rate_increases</Value>
</Feature>
</Annotation>
<Annotation Id="84" Type="para" StartNode="4405" EndNode="4625">
<Feature>
  <Name className="java.lang.String">argmnt-label</Name>
  <Value className="java.lang.String">prevents_exorbitant_rate_increases</Value>
</Feature>
</Annotation>
<Annotation Id="87" Type="para" StartNode="5319" EndNode="5632">
<Feature>
  <Name className="java.lang.String">argmnt-label</Name>
  <Value className="java.lang.String">prevents_exorbitant_rate_increases</Value>
</Feature>
</Annotation>
<Annotation Id="86" Type="para" StartNode="5033" EndNode="5313">
<Feature>
  <Name className="java.lang.String">argmnt-label</Name>
  <Value className="java.lang.String">prevents_exorbitant_rate_increases</Value>
</Feature>
</Annotation>
<Annotation Id="81" Type="para" StartNode="2625" EndNode="3214">
<Feature>
  <Name className="java.lang.String">argmnt-label</Name>
  <Value className="java.lang.String">improves_healthcare_funding</Value>
</Feature>
</Annotation>
<Annotation Id="80" Type="para" StartNode="2384" EndNode="2620">
<Feature>
  <Name className="java.lang.String">argmnt-label</Name>
  <Value className="java.lang.String">improves_healthcare_funding</Value>
</Feature>
</Annotation>
<Annotation Id="83" Type="para" StartNode="3811" EndNode="4403">
<Feature>
  <Name className="java.lang.String">argmnt-label</Name>
  <Value className="java.lang.String">increasing_number_of_nurses_effectively_expands_healthcare_supply</Value>
</Feature>
<Feature>
  <Name className="java.lang.String">misc</Name>
  <Value className="java.lang.String">improves_healthcare_funding</Value>
</Feature>
</Annotation>
<Annotation Id="82" Type="para" StartNode="3220" EndNode="3805">
<Feature>
  <Name className="java.lang.String">argmnt-label</Name>
  <Value className="java.lang.String">improves_healthcare_funding</Value>
</Feature>
</Annotation>
<Annotation Id="93" Type="para" StartNode="6991" EndNode="7385">
<Feature>
  <Name className="java.lang.String">argmnt-label</Name>
  <Value className="java.lang.String">controls_medicare_costs</Value>
</Feature>
</Annotation>
<Annotation Id="92" Type="para" StartNode="6714" EndNode="6985">
<Feature>
  <Name className="java.lang.String">argmnt-label</Name>
  <Value className="java.lang.String">controls_medicare_costs</Value>
</Feature>
</Annotation>
<Annotation Id="95" Type="gfbf" StartNode="2316" EndNode="2324">
<Feature>
  <Name className="java.lang.String">agentId</Name>
  <Value className="java.lang.String">97</Value>
</Feature>
<Feature>
  <Name className="java.lang.String">polarity</Name>
  <Value className="java.lang.String">goodfor</Value>
</Feature>
<Feature>
  <Name className="java.lang.String">objectId</Name>
  <Value className="java.lang.String">96</Value>
</Feature>
</Annotation>
<Annotation Id="94" Type="para" StartNode="7391" EndNode="7794">
<Feature>
  <Name className="java.lang.String">unclear</Name>
  <Value className="java.lang.String">true</Value>
</Feature>
<Feature>
  <Name className="java.lang.String">argmnt-label</Name>
  <Value className="java.lang.String">bill_generally_good</Value>
</Feature>
</Annotation>
<Annotation Id="89" Type="para" StartNode="5638" EndNode="6152">
<Feature>
  <Name className="java.lang.String">argmnt-label</Name>
  <Value className="java.lang.String">prevents_exorbitant_rate_increases</Value>
</Feature>
</Annotation>
<Annotation Id="91" Type="para" StartNode="6544" EndNode="6708">
<Feature>
  <Name className="java.lang.String">argmnt-label</Name>
  <Value className="java.lang.String">controls_medicare_costs</Value>
</Feature>
</Annotation>
<Annotation Id="90" Type="para" StartNode="6158" EndNode="6542">
<Feature>
  <Name className="java.lang.String">argmnt-label</Name>
  <Value className="java.lang.String">prevents_exorbitant_rate_increases</Value>
</Feature>
</Annotation>
<Annotation Id="102" Type="gfbf" StartNode="2525" EndNode="2533">
<Feature>
  <Name className="java.lang.String">agentId</Name>
  <Value className="java.lang.String">123</Value>
</Feature>
<Feature>
  <Name className="java.lang.String">polarity</Name>
  <Value className="java.lang.String">goodfor</Value>
</Feature>
<Feature>
  <Name className="java.lang.String">objectId</Name>
  <Value className="java.lang.String">103</Value>
</Feature>
</Annotation>
<Annotation Id="103" Type="gfbf-object" StartNode="2534" EndNode="2619">
<Feature>
  <Name className="java.lang.String">writerAtt</Name>
  <Value className="java.lang.String">positive</Value>
</Feature>
</Annotation>
<Annotation Id="100" Type="gfbf-object" StartNode="2486" EndNode="2521">
<Feature>
  <Name className="java.lang.String">writerAtt</Name>
  <Value className="java.lang.String">positive</Value>
</Feature>
</Annotation>
<Annotation Id="98" Type="gfbf" StartNode="2478" EndNode="2485">
<Feature>
  <Name className="java.lang.String">agentId</Name>
  <Value className="java.lang.String">123</Value>
</Feature>
<Feature>
  <Name className="java.lang.String">polarity</Name>
  <Value className="java.lang.String">goodfor</Value>
</Feature>
<Feature>
  <Name className="java.lang.String">objectId</Name>
  <Value className="java.lang.String">100</Value>
</Feature>
</Annotation>
<Annotation Id="96" Type="gfbf-object" StartNode="2325" EndNode="2354">
<Feature>
  <Name className="java.lang.String">writerAtt</Name>
  <Value className="java.lang.String">positive</Value>
</Feature>
</Annotation>
<Annotation Id="97" Type="gfbf-agent" StartNode="2299" EndNode="2306">
<Feature>
  <Name className="java.lang.String">writerAtt</Name>
  <Value className="java.lang.String">positive</Value>
</Feature>
</Annotation>
<Annotation Id="110" Type="gfbf" StartNode="4203" EndNode="4209">
<Feature>
  <Name className="java.lang.String">agentId</Name>
  <Value className="java.lang.String">113</Value>
</Feature>
<Feature>
  <Name className="java.lang.String">polarity</Name>
  <Value className="java.lang.String">goodfor</Value>
</Feature>
<Feature>
  <Name className="java.lang.String">objectId</Name>
  <Value className="java.lang.String">111</Value>
</Feature>
</Annotation>
<Annotation Id="111" Type="gfbf-object" StartNode="4210" EndNode="4218">
<Feature>
  <Name className="java.lang.String">writerAtt</Name>
  <Value className="java.lang.String">positive</Value>
</Feature>
</Annotation>
<Annotation Id="108" Type="gfbf-object" StartNode="3167" EndNode="3213">
<Feature>
  <Name className="java.lang.String">writerAtt</Name>
  <Value className="java.lang.String">positive</Value>
</Feature>
</Annotation>
<Annotation Id="109" Type="gfbf-agent" StartNode="3031" EndNode="3046">
<Feature>
  <Name className="java.lang.String">writerAtt</Name>
  <Value className="java.lang.String">positive</Value>
</Feature>
</Annotation>
<Annotation Id="106" Type="gfbf-agent" StartNode="2629" EndNode="2634">
<Feature>
  <Name className="java.lang.String">writerAtt</Name>
  <Value className="java.lang.String">positive</Value>
</Feature>
</Annotation>
<Annotation Id="107" Type="gfbf" StartNode="3159" EndNode="3166">
<Feature>
  <Name className="java.lang.String">agentId</Name>
  <Value className="java.lang.String">109</Value>
</Feature>
<Feature>
  <Name className="java.lang.String">polarity</Name>
  <Value className="java.lang.String">goodfor</Value>
</Feature>
<Feature>
  <Name className="java.lang.String">objectId</Name>
  <Value className="java.lang.String">108</Value>
</Feature>
</Annotation>
<Annotation Id="104" Type="gfbf" StartNode="2708" EndNode="2716">
<Feature>
  <Name className="java.lang.String">agentId</Name>
  <Value className="java.lang.String">106</Value>
</Feature>
<Feature>
  <Name className="java.lang.String">polarity</Name>
  <Value className="java.lang.String">goodfor</Value>
</Feature>
<Feature>
  <Name className="java.lang.String">objectId</Name>
  <Value className="java.lang.String">105</Value>
</Feature>
</Annotation>
<Annotation Id="105" Type="gfbf-object" StartNode="2717" EndNode="2781">
<Feature>
  <Name className="java.lang.String">writerAtt</Name>
  <Value className="java.lang.String">positive</Value>
</Feature>
</Annotation>
<Annotation Id="119" Type="gfbf-object" StartNode="5138" EndNode="5143">
<Feature>
  <Name className="java.lang.String">writerAtt</Name>
  <Value className="java.lang.String">negative</Value>
</Feature>
</Annotation>
<Annotation Id="118" Type="gfbf" StartNode="5132" EndNode="5137">
<Feature>
  <Name className="java.lang.String">agentId</Name>
  <Value className="java.lang.String">120</Value>
</Feature>
<Feature>
  <Name className="java.lang.String">polarity</Name>
  <Value className="java.lang.String">badfor</Value>
</Feature>
<Feature>
  <Name className="java.lang.String">objectId</Name>
  <Value className="java.lang.String">119</Value>
</Feature>
</Annotation>
<Annotation Id="117" Type="gfbf-agent" StartNode="5036" EndNode="5047">
<Feature>
  <Name className="java.lang.String">writerAtt</Name>
  <Value className="java.lang.String">positive</Value>
</Feature>
</Annotation>
<Annotation Id="116" Type="gfbf-object" StartNode="5076" EndNode="5099">
<Feature>
  <Name className="java.lang.String">writerAtt</Name>
  <Value className="java.lang.String">positive</Value>
</Feature>
</Annotation>
<Annotation Id="115" Type="gfbf" StartNode="5053" EndNode="5075">
<Feature>
  <Name className="java.lang.String">agentId</Name>
  <Value className="java.lang.String">117</Value>
</Feature>
<Feature>
  <Name className="java.lang.String">polarity</Name>
  <Value className="java.lang.String">goodfor</Value>
</Feature>
<Feature>
  <Name className="java.lang.String">objectId</Name>
  <Value className="java.lang.String">116</Value>
</Feature>
</Annotation>
<Annotation Id="114" Type="others" StartNode="4880" EndNode="4885">
</Annotation>
<Annotation Id="113" Type="gfbf-agent" StartNode="4104" EndNode="4170">
<Feature>
  <Name className="java.lang.String">writerAtt</Name>
  <Value className="java.lang.String">positive</Value>
</Feature>
</Annotation>
<Annotation Id="127" Type="gfbf-agent" StartNode="3593" EndNode="3607">
<Feature>
  <Name className="java.lang.String">referentId</Name>
  <Value className="java.lang.String">128</Value>
</Feature>
<Feature>
  <Name className="java.lang.String">reference</Name>
  <Value className="java.lang.String">true</Value>
</Feature>
<Feature>
  <Name className="java.lang.String">writerAtt</Name>
  <Value className="java.lang.String">positive</Value>
</Feature>
</Annotation>
<Annotation Id="126" Type="gfbf-object" StartNode="3616" EndNode="3647">
<Feature>
  <Name className="java.lang.String">writerAtt</Name>
  <Value className="java.lang.String">positive</Value>
</Feature>
</Annotation>
<Annotation Id="125" Type="gfbf" StartNode="3608" EndNode="3615">
<Feature>
  <Name className="java.lang.String">agentId</Name>
  <Value className="java.lang.String">127</Value>
</Feature>
<Feature>
  <Name className="java.lang.String">objectId</Name>
  <Value className="java.lang.String">126</Value>
</Feature>
<Feature>
  <Name className="java.lang.String">polarity</Name>
  <Value className="java.lang.String">goodfor</Value>
</Feature>
</Annotation>
<Annotation Id="123" Type="gfbf-agent" StartNode="2465" EndNode="2472">
<Feature>
  <Name className="java.lang.String">writerAtt</Name>
  <Value className="java.lang.String">positive</Value>
</Feature>
</Annotation>
<Annotation Id="122" Type="others" StartNode="6634" EndNode="6666">
<Feature>
  <Name className="java.lang.String">comment</Name>
  <Value className="java.lang.String">keep sth adj</Value>
</Feature>
</Annotation>
<Annotation Id="121" Type="others" StartNode="6572" EndNode="6595">
<Feature>
  <Name className="java.lang.String">comment</Name>
  <Value className="java.lang.String">GoodFor agent</Value>
</Feature>
</Annotation>
<Annotation Id="120" Type="gfbf-agent" StartNode="5110" EndNode="5128">
<Feature>
  <Name className="java.lang.String">writerAtt</Name>
  <Value className="java.lang.String">positive</Value>
</Feature>
</Annotation>
</AnnotationSet>

<!-- Named annotation set -->

<AnnotationSet Name="Original markups">
<Annotation Id="0" Type="paragraph" StartNode="0" EndNode="32">
</Annotation>
<Annotation Id="1" Type="paragraph" StartNode="38" EndNode="75">
</Annotation>
<Annotation Id="2" Type="paragraph" StartNode="77" EndNode="149">
</Annotation>
<Annotation Id="3" Type="paragraph" StartNode="151" EndNode="198">
</Annotation>
<Annotation Id="4" Type="paragraph" StartNode="200" EndNode="407">
</Annotation>
<Annotation Id="5" Type="paragraph" StartNode="413" EndNode="933">
</Annotation>
<Annotation Id="6" Type="paragraph" StartNode="943" EndNode="1102">
</Annotation>
<Annotation Id="7" Type="paragraph" StartNode="1104" EndNode="1253">
</Annotation>
<Annotation Id="8" Type="paragraph" StartNode="1255" EndNode="1488">
</Annotation>
<Annotation Id="9" Type="paragraph" StartNode="1494" EndNode="1714">
</Annotation>
<Annotation Id="10" Type="paragraph" StartNode="1720" EndNode="2065">
</Annotation>
<Annotation Id="11" Type="paragraph" StartNode="2067" EndNode="2378">
</Annotation>
<Annotation Id="12" Type="paragraph" StartNode="2384" EndNode="2620">
</Annotation>
<Annotation Id="13" Type="paragraph" StartNode="2626" EndNode="3214">
</Annotation>
<Annotation Id="14" Type="paragraph" StartNode="3220" EndNode="3344">
</Annotation>
<Annotation Id="15" Type="paragraph" StartNode="3350" EndNode="3805">
</Annotation>
<Annotation Id="17" Type="paragraph" StartNode="4004" EndNode="4403">
</Annotation>
<Annotation Id="16" Type="paragraph" StartNode="3812" EndNode="4002">
</Annotation>
<Annotation Id="19" Type="paragraph" StartNode="4631" EndNode="5027">
</Annotation>
<Annotation Id="18" Type="paragraph" StartNode="4405" EndNode="4625">
</Annotation>
<Annotation Id="21" Type="paragraph" StartNode="5319" EndNode="5632">
</Annotation>
<Annotation Id="20" Type="paragraph" StartNode="5033" EndNode="5313">
</Annotation>
<Annotation Id="23" Type="paragraph" StartNode="6158" EndNode="6542">
</Annotation>
<Annotation Id="22" Type="paragraph" StartNode="5638" EndNode="6152">
</Annotation>
<Annotation Id="25" Type="paragraph" StartNode="6714" EndNode="6985">
</Annotation>
<Annotation Id="24" Type="paragraph" StartNode="6544" EndNode="6708">
</Annotation>
<Annotation Id="27" Type="paragraph" StartNode="7391" EndNode="7494">
</Annotation>
<Annotation Id="26" Type="paragraph" StartNode="6991" EndNode="7385">
</Annotation>
<Annotation Id="29" Type="paragraph" StartNode="7788" EndNode="7912">
</Annotation>
<Annotation Id="28" Type="paragraph" StartNode="7496" EndNode="7786">
</Annotation>
<Annotation Id="30" Type="paragraph" StartNode="7918" EndNode="7923">
</Annotation>
</AnnotationSet>

</GateDocument>
