<?xml version='1.0' encoding='MacRoman'?>
<GateDocument>
<!-- The document's features-->

<GateDocumentFeatures>
<Feature>
  <Name className="java.lang.String">gate.SourceURL</Name>
  <Value className="java.lang.String">file:/home/conrada/Dropbox/healthcare_data/devel2/hcd024.txt</Value>
</Feature>
<Feature>
  <Name className="java.lang.String">MimeType</Name>
  <Value className="java.lang.String">text/plain</Value>
</Feature>
<Feature>
  <Name className="java.lang.String">docNewLineType</Name>
  <Value className="java.lang.String">LF</Value>
</Feature>
</GateDocumentFeatures>
<!-- The document content area with serialized nodes -->

<TextWithNodes><Node id="0" />National Women's Law CenterFollowRSS
Daily Kos member<Node id="53" />

    <Node id="59" />Profile
    Diaries (list)
    Stream<Node id="96" />

<Node id="98" />Fri Jan 13, 2012 at 08:13 AM PST
<Node id="131" />Health Care Fight<Node id="148" /> <Node id="149" />Puts <Node id="154" />Women's Health and Women's Rights<Node id="187" /> in Jeopardy<Node id="199" />

<Node id="201" />by National Womens Law CenterFollow
ShareNew
permalink 	4 Comments<Node id="267" />

<Node id="269" />By Emily Martin, Vice President and General Counsel
Cross-posted from NWLC's blog, Womenstake<Node id="362" />

<Node id="364" />The constitutional fight over the health care law is a fight with high stakes for women's health and women's rights<Node id="479" />. <Node id="481" />Today, the National Women's Law Center filed a brief on behalf of 61 women's organizations and civil rights groups urging <Node id="603" />the Supreme Court<Node id="620" /> to <Node id="624" />reject<Node id="630" /> <Node id="631" />the constitutional challenge to the Affordable Care Act's individual responsibility provision<Node id="724" />.<Node id="725" />

<Node id="727" />As Speaker Pelosi stated on the night the House approved the legislation, "It's personal for women<Node id="825" />. <Node id="827" />After <Node id="833" />we<Node id="835" /> <Node id="836" />pass<Node id="840" /> <Node id="841" />this bill<Node id="850" />, being a woman will no longer be a preexisting medical condition<Node id="915" />." <Node id="918" />A primary purpose behind <Node id="943" />the ACA<Node id="950" /> was <Node id="955" />improving<Node id="964" /> <Node id="965" />women's health and women's access to insurance<Node id="1011" />, by <Node id="1016" />ending<Node id="1022" /> <Node id="1023" />the <Node id="1027" />insurer<Node id="1034" /> practice of <Node id="1047" />denying<Node id="1054" /> <Node id="1055" />coverage to women who previously had Caesarean section or survived domestic violence<Node id="1139" />; <Node id="1141" />banning<Node id="1148" /> <Node id="1149" />insurers<Node id="1157" /> from <Node id="1163" />charging<Node id="1171" /> <Node id="1172" />women<Node id="1177" /> higher premiums than men; <Node id="1204" />prohibiting<Node id="1215" /> <Node id="1216" />sex discrimination in federally funded health programs<Node id="1270" />; <Node id="1272" />expanding<Node id="1281" /> <Node id="1282" />Medicaid<Node id="1290" /> to <Node id="1294" />cover<Node id="1299" /> <Node id="1300" />more than 8 million additional low-income women<Node id="1347" />, <Node id="1349" />guaranteeing<Node id="1361" /> <Node id="1362" />maternity coverage<Node id="1380" />; providing Pap smears, mammograms, lactation counseling, and family planning without copayments; and more<Node id="1486" />. <Node id="1488" />Those challenging the ACA before the Supreme Court are arguing that the entire law, including all of these provisions so essential to women, should be struck down<Node id="1650" />. <Node id="1652" />The ACA litigation is in many important ways a women's rights case<Node id="1718" />.<Node id="1719" />

<Node id="1721" />This is true not only because of what women have at stake in the ACA<Node id="1789" />, but also because <Node id="1808" />the precedent on which many of the most important legal advances for women rest is the same precedent that demonstrates the ACA is constitutional<Node id="1953" />. <Node id="1955" />The Supreme Court has long affirmed that the Commerce Clause of the Constitution gives Congress authority to address discrimination, because discrimination against women and other disadvantaged groups has a direct impact on how interstate commercial markets operate<Node id="2220" /> - <Node id="2223" />for example, as the Supreme Court has recognized, when hotels, restaurants, and other businesses refuse to serve customers on the basis of race, <Node id="2368" />this discrimination<Node id="2387" /> <Node id="2388" />limits<Node id="2394" /> <Node id="2395" />the amount of goods and services that businesses sell<Node id="2448" />, <Node id="2450" />limits<Node id="2456" /> <Node id="2457" />the ability of people of color to travel and to spend money related to traveling<Node id="2537" />, and otherwise <Node id="2553" />distorts<Node id="2561" /> <Node id="2562" />markets<Node id="2569" />.<Node id="2570" />

<Node id="2572" />As Congress recognized in passing the ACA, women in particular face obstacles to access to insurance and health care that result in an acute economic impact<Node id="2728" />. <Node id="2730" />For example, women experience greater difficulties than men in obtaining health care, are more likely to forego preventive care due to cost, are more likely to be underinsured, and are more likely to report problems paying medical bills<Node id="2966" />. <Node id="2968" />The insurance market's failure to meet women's needs has significant consequences for the larger economy<Node id="3072" />. <Node id="3074" />That <Node id="3079" />Congress<Node id="3087" /> was seeking to <Node id="3103" />remove<Node id="3109" /> <Node id="3110" />discriminatory barriers to women's participation in the health insurance market<Node id="3189" /> and <Node id="3194" />address<Node id="3201" /> <Node id="3202" />the economic impact of discrimination<Node id="3239" /> <Node id="3240" />enhances<Node id="3248" /> <Node id="3249" />its constitutional authority<Node id="3277" /> to <Node id="3281" />pass<Node id="3285" /> <Node id="3286" />the ACA<Node id="3293" />.<Node id="3294" />

<Node id="3296" />The ACA challengers argue that the individual responsibility provision - which requires all individuals (unless exempt) to obtain health insurance by 2014, with subsidies available for millions of low- and moderate-income people - is nevertheless beyond Congress's Commerce Clause power<Node id="3582" />. <Node id="3584" />They say Congress cannot require individuals to participate in the insurance market if they choose not to<Node id="3689" />. <Node id="3691" />But the civil rights cases in which the Court found that Congress had the authority to require hotel and restaurant owners to serve African-American customers - even if they did not want to - show otherwise<Node id="3897" />. <Node id="3899" />Just as the refusal to rent a hotel room to a person of color is a decision about how and when to participate in the market for lodging, rather than a decision about whether to participate, the choice <Node id="4100" />not<Node id="4103" /> to <Node id="4107" />purchase health insurance<Node id="4132" /> is <Node id="4136" />not<Node id="4139" /> a decision to <Node id="4154" />forego<Node id="4160" /> <Node id="4161" />participation in the health care market<Node id="4200" /> altogether<Node id="4211" />. <Node id="4213" />Instead, it is an economic choice about how and when to pay for the costs of health care - given that all of us have health care needs at some point in our lives<Node id="4374" />. <Node id="4376" />In fact, health care costs of the uninsured are shouldered by society as a whole, at a cost of billions of dollars per year<Node id="4499" />. <Node id="4501" />Congress has the authority to regulate a choice that has such a direct and substantial economic impact<Node id="4603" />.<Node id="4604" />

<Node id="4606" />The Supreme Court<Node id="4623" /> will soon decide whether to respect the decades of precedent <Node id="4685" />supporting<Node id="4695" /> <Node id="4696" />the constitutionality of the ACA<Node id="4728" /> or rewrite constitutional law<Node id="4758" />. <Node id="4760" />Should the Court hold that <Node id="4787" />the ACA<Node id="4794" /> <Node id="4795" />violates<Node id="4803" /> <Node id="4804" />the Constitution<Node id="4820" />, it would have severe consequences for the many women whose health depends on the rights and protections provided by the ACA<Node id="4945" />. <Node id="4947" />Perhaps even more disturbingly, <Node id="4979" />this constitutional revision<Node id="5007" /> could <Node id="5014" />threaten<Node id="5022" /> <Node id="5023" />a host of other laws important to women<Node id="5062" />, including <Node id="5074" />laws<Node id="5078" /> <Node id="5079" />forbidding<Node id="5089" /> <Node id="5090" />sex discrimination in employment, housing, and lending<Node id="5144" />. <Node id="5146" />The National Women's Law Center urges <Node id="5184" />the Court<Node id="5193" /> to <Node id="5197" />respect<Node id="5204" /> <Node id="5205" />precedent<Node id="5214" /> and <Node id="5219" />uphold<Node id="5225" /> <Node id="5226" />the ACA<Node id="5233" />.<Node id="5234" />
Tags<Node id="5239" />

    <Node id="5245" />Affordable Care Act
    Amicus Brief
    commerce clause
    health care reform
    SCOTUS
    Supreme Court<Node id="5353" />


<Node id="5356" /></TextWithNodes>
<!-- The default annotation set -->

<AnnotationSet>
<Annotation Id="12" Type="doc" StartNode="0" EndNode="5356">
<Feature>
  <Name className="java.lang.String">id</Name>
  <Value className="java.lang.String">hcd024</Value>
</Feature>
<Feature>
  <Name className="java.lang.String">author</Name>
  <Value className="java.lang.String">national,womens,law,center</Value>
</Feature>
<Feature>
  <Name className="java.lang.String">source</Name>
  <Value className="java.lang.String">dailykos</Value>
</Feature>
<Feature>
  <Name className="java.lang.String">date</Name>
  <Value className="java.lang.String">20120113</Value>
</Feature>
<Feature>
  <Name className="java.lang.String">side</Name>
  <Value className="java.lang.String">pro</Value>
</Feature>
<Feature>
  <Name className="java.lang.String">url</Name>
  <Value className="java.lang.String">http://www.dailykos.com/story/2012/01/13/1054363/-Health-Care-Fight-Puts-Women%E2%80%99s-Health-and-Women%E2%80%99s-Rights-in-Jeopardy</Value>
</Feature>
</Annotation>
<Annotation Id="13" Type="arg" StartNode="131" EndNode="199">
<Feature>
  <Name className="java.lang.String">type</Name>
  <Value className="java.lang.String">label</Value>
</Feature>
<Feature>
  <Name className="java.lang.String">unclear</Name>
  <Value className="java.lang.String">true</Value>
</Feature>
<Feature>
  <Name className="java.lang.String">ss-label</Name>
  <Value className="java.lang.String">reduces/eliminates_gender_discrimination</Value>
</Feature>
</Annotation>
<Annotation Id="14" Type="rel" StartNode="364" EndNode="479">
<Feature>
  <Name className="java.lang.String">type</Name>
  <Value className="java.lang.String">label</Value>
</Feature>
<Feature>
  <Name className="java.lang.String">ss-label</Name>
  <Value className="java.lang.String">reduces/eliminates_gender_discrimination</Value>
</Feature>
<Feature>
  <Name className="java.lang.String">polarity</Name>
  <Value className="java.lang.String"></Value>
</Feature>
</Annotation>
<Annotation Id="15" Type="arg" StartNode="481" EndNode="724">
<Feature>
  <Name className="java.lang.String">type</Name>
  <Value className="java.lang.String">label</Value>
</Feature>
<Feature>
  <Name className="java.lang.String">ss-label</Name>
  <Value className="java.lang.String">constitutional</Value>
</Feature>
<Feature>
  <Name className="java.lang.String">polarity</Name>
  <Value className="java.lang.String">positive</Value>
</Feature>
</Annotation>
<Annotation Id="17" Type="arg" StartNode="827" EndNode="915">
<Feature>
  <Name className="java.lang.String">type</Name>
  <Value className="java.lang.String">label</Value>
</Feature>
<Feature>
  <Name className="java.lang.String">ss-label</Name>
  <Value className="java.lang.String">reduces/eliminates_gender_discrimination</Value>
</Feature>
<Feature>
  <Name className="java.lang.String">polarity</Name>
  <Value className="java.lang.String">positive</Value>
</Feature>
</Annotation>
<Annotation Id="16" Type="rel" StartNode="727" EndNode="825">
<Feature>
  <Name className="java.lang.String">type</Name>
  <Value className="java.lang.String">label</Value>
</Feature>
<Feature>
  <Name className="java.lang.String">ss-label</Name>
  <Value className="java.lang.String">reduces/eliminates_gender_discrimination</Value>
</Feature>
</Annotation>
<Annotation Id="19" Type="rel" StartNode="1488" EndNode="1650">
<Feature>
  <Name className="java.lang.String">type</Name>
  <Value className="java.lang.String">else</Value>
</Feature>
<Feature>
  <Name className="java.lang.String">ss-label</Name>
  <Value className="java.lang.String">constitutional</Value>
</Feature>
</Annotation>
<Annotation Id="18" Type="arg" StartNode="918" EndNode="1486">
<Feature>
  <Name className="java.lang.String">ss-label</Name>
  <Value className="java.lang.String">reduces/eliminates_gender_discrimination</Value>
</Feature>
<Feature>
  <Name className="java.lang.String">unclear</Name>
  <Value className="java.lang.String">true</Value>
</Feature>
<Feature>
  <Name className="java.lang.String">type</Name>
  <Value className="java.lang.String">label</Value>
</Feature>
<Feature>
  <Name className="java.lang.String">polarity</Name>
  <Value className="java.lang.String">positive</Value>
</Feature>
</Annotation>
<Annotation Id="21" Type="rel" StartNode="1721" EndNode="1789">
<Feature>
  <Name className="java.lang.String">type</Name>
  <Value className="java.lang.String">label</Value>
</Feature>
<Feature>
  <Name className="java.lang.String">ss-label</Name>
  <Value className="java.lang.String">reduces/eliminates_gender_discrimination</Value>
</Feature>
</Annotation>
<Annotation Id="20" Type="rel" StartNode="1652" EndNode="1718">
<Feature>
  <Name className="java.lang.String">type</Name>
  <Value className="java.lang.String">label</Value>
</Feature>
<Feature>
  <Name className="java.lang.String">ss-label</Name>
  <Value className="java.lang.String">reduces/eliminates_gender_discrimination</Value>
</Feature>
</Annotation>
<Annotation Id="23" Type="rel" StartNode="1955" EndNode="2220">
<Feature>
  <Name className="java.lang.String">type</Name>
  <Value className="java.lang.String">label</Value>
</Feature>
<Feature>
  <Name className="java.lang.String">ss-label</Name>
  <Value className="java.lang.String">constitutional</Value>
</Feature>
<Feature>
  <Name className="java.lang.String">polarity</Name>
  <Value className="java.lang.String">positive</Value>
</Feature>
</Annotation>
<Annotation Id="22" Type="arg" StartNode="1808" EndNode="1953">
<Feature>
  <Name className="java.lang.String">type</Name>
  <Value className="java.lang.String">label</Value>
</Feature>
<Feature>
  <Name className="java.lang.String">ss-label</Name>
  <Value className="java.lang.String">constitutional</Value>
</Feature>
<Feature>
  <Name className="java.lang.String">polarity</Name>
  <Value className="java.lang.String">positive</Value>
</Feature>
</Annotation>
<Annotation Id="25" Type="rel" StartNode="2572" EndNode="2728">
<Feature>
  <Name className="java.lang.String">type</Name>
  <Value className="java.lang.String">label</Value>
</Feature>
<Feature>
  <Name className="java.lang.String">ss-label</Name>
  <Value className="java.lang.String">reduces/eliminates_gender_discrimination</Value>
</Feature>
</Annotation>
<Annotation Id="24" Type="rel" StartNode="2223" EndNode="2569">
<Feature>
  <Name className="java.lang.String">type</Name>
  <Value className="java.lang.String">label</Value>
</Feature>
<Feature>
  <Name className="java.lang.String">ss-label</Name>
  <Value className="java.lang.String">constitutional</Value>
</Feature>
</Annotation>
<Annotation Id="27" Type="rel" StartNode="2968" EndNode="3072">
<Feature>
  <Name className="java.lang.String">type</Name>
  <Value className="java.lang.String">label</Value>
</Feature>
<Feature>
  <Name className="java.lang.String">ss-label</Name>
  <Value className="java.lang.String">reduces/eliminates_gender_discrimination</Value>
</Feature>
</Annotation>
<Annotation Id="26" Type="rel" StartNode="2730" EndNode="2966">
<Feature>
  <Name className="java.lang.String">type</Name>
  <Value className="java.lang.String">label</Value>
</Feature>
<Feature>
  <Name className="java.lang.String">ss-label</Name>
  <Value className="java.lang.String">reduces/eliminates_gender_discrimination</Value>
</Feature>
</Annotation>
<Annotation Id="29" Type="arg" StartNode="3296" EndNode="3582">
<Feature>
  <Name className="java.lang.String">type</Name>
  <Value className="java.lang.String">else</Value>
</Feature>
<Feature>
  <Name className="java.lang.String">ss-label</Name>
  <Value className="java.lang.String">constitutional</Value>
</Feature>
<Feature>
  <Name className="java.lang.String">polarity</Name>
  <Value className="java.lang.String">negative</Value>
</Feature>
</Annotation>
<Annotation Id="28" Type="arg" StartNode="3074" EndNode="3293">
<Feature>
  <Name className="java.lang.String">prospect</Name>
  <Value className="java.lang.String"></Value>
</Feature>
<Feature>
  <Name className="java.lang.String">unclear</Name>
  <Value className="java.lang.String">true</Value>
</Feature>
<Feature>
  <Name className="java.lang.String">ss-label</Name>
  <Value className="java.lang.String">reduces/eliminates_gender_discrimination</Value>
</Feature>
<Feature>
  <Name className="java.lang.String">type</Name>
  <Value className="java.lang.String">label</Value>
</Feature>
<Feature>
  <Name className="java.lang.String">polarity</Name>
  <Value className="java.lang.String">positive</Value>
</Feature>
</Annotation>
<Annotation Id="31" Type="rel" StartNode="3691" EndNode="3897">
<Feature>
  <Name className="java.lang.String">type</Name>
  <Value className="java.lang.String">label</Value>
</Feature>
<Feature>
  <Name className="java.lang.String">ss-label</Name>
  <Value className="java.lang.String">constitutional</Value>
</Feature>
</Annotation>
<Annotation Id="30" Type="arg" StartNode="3584" EndNode="3689">
<Feature>
  <Name className="java.lang.String">type</Name>
  <Value className="java.lang.String">else</Value>
</Feature>
<Feature>
  <Name className="java.lang.String">ss-label</Name>
  <Value className="java.lang.String">constitutional</Value>
</Feature>
<Feature>
  <Name className="java.lang.String">polarity</Name>
  <Value className="java.lang.String">negative</Value>
</Feature>
</Annotation>
<Annotation Id="34" Type="arg" StartNode="4376" EndNode="4499">
<Feature>
  <Name className="java.lang.String">ss-label</Name>
  <Value className="java.lang.String">uninsured_are_burden_on_taxpayers</Value>
</Feature>
<Feature>
  <Name className="java.lang.String">unclear</Name>
  <Value className="java.lang.String">true</Value>
</Feature>
<Feature>
  <Name className="java.lang.String">type</Name>
  <Value className="java.lang.String">label</Value>
</Feature>
<Feature>
  <Name className="java.lang.String">polarity</Name>
  <Value className="java.lang.String">negative</Value>
</Feature>
</Annotation>
<Annotation Id="35" Type="arg" StartNode="4501" EndNode="4603">
<Feature>
  <Name className="java.lang.String">type</Name>
  <Value className="java.lang.String">label</Value>
</Feature>
<Feature>
  <Name className="java.lang.String">ss-label</Name>
  <Value className="java.lang.String">constitutional</Value>
</Feature>
<Feature>
  <Name className="java.lang.String">polarity</Name>
  <Value className="java.lang.String">positive</Value>
</Feature>
</Annotation>
<Annotation Id="32" Type="arg" StartNode="3899" EndNode="4211">
<Feature>
  <Name className="java.lang.String">ss-label</Name>
  <Value className="java.lang.String">constitutional</Value>
</Feature>
<Feature>
  <Name className="java.lang.String">unclear</Name>
  <Value className="java.lang.String">true</Value>
</Feature>
<Feature>
  <Name className="java.lang.String">type</Name>
  <Value className="java.lang.String">label</Value>
</Feature>
<Feature>
  <Name className="java.lang.String">polarity</Name>
  <Value className="java.lang.String">negative</Value>
</Feature>
</Annotation>
<Annotation Id="33" Type="arg" StartNode="4213" EndNode="4374">
<Feature>
  <Name className="java.lang.String">ss-label</Name>
  <Value className="java.lang.String">constitutional</Value>
</Feature>
<Feature>
  <Name className="java.lang.String">type</Name>
  <Value className="java.lang.String">label</Value>
</Feature>
<Feature>
  <Name className="java.lang.String">polarity</Name>
  <Value className="java.lang.String">positive</Value>
</Feature>
<Feature>
  <Name className="java.lang.String">incomplete</Name>
  <Value className="java.lang.String">true</Value>
</Feature>
</Annotation>
<Annotation Id="38" Type="arg" StartNode="4947" EndNode="5144">
<Feature>
  <Name className="java.lang.String">ss-label</Name>
  <Value className="java.lang.String">constitutional</Value>
</Feature>
<Feature>
  <Name className="java.lang.String">unclear</Name>
  <Value className="java.lang.String">true</Value>
</Feature>
<Feature>
  <Name className="java.lang.String">type</Name>
  <Value className="java.lang.String">label</Value>
</Feature>
<Feature>
  <Name className="java.lang.String">polarity</Name>
  <Value className="java.lang.String">negative</Value>
</Feature>
</Annotation>
<Annotation Id="39" Type="arg" StartNode="5146" EndNode="5233">
<Feature>
  <Name className="java.lang.String">type</Name>
  <Value className="java.lang.String">label</Value>
</Feature>
<Feature>
  <Name className="java.lang.String">ss-label</Name>
  <Value className="java.lang.String">constitutional</Value>
</Feature>
<Feature>
  <Name className="java.lang.String">polarity</Name>
  <Value className="java.lang.String">positive</Value>
</Feature>
</Annotation>
<Annotation Id="36" Type="arg" StartNode="4606" EndNode="4758">
<Feature>
  <Name className="java.lang.String">type</Name>
  <Value className="java.lang.String">label</Value>
</Feature>
<Feature>
  <Name className="java.lang.String">ss-label</Name>
  <Value className="java.lang.String">constitutional</Value>
</Feature>
<Feature>
  <Name className="java.lang.String">polarity</Name>
  <Value className="java.lang.String">positive</Value>
</Feature>
</Annotation>
<Annotation Id="37" Type="arg" StartNode="4760" EndNode="4945">
<Feature>
  <Name className="java.lang.String">type</Name>
  <Value className="java.lang.String">label</Value>
</Feature>
<Feature>
  <Name className="java.lang.String">ss-label</Name>
  <Value className="java.lang.String">reduces/eliminates_gender_discrimination</Value>
</Feature>
<Feature>
  <Name className="java.lang.String">polarity</Name>
  <Value className="java.lang.String">negative</Value>
</Feature>
</Annotation>
<Annotation Id="42" Type="para" StartNode="1721" EndNode="2570">
<Feature>
  <Name className="java.lang.String">argmnt-label</Name>
  <Value className="java.lang.String">constitutional</Value>
</Feature>
</Annotation>
<Annotation Id="43" Type="para" StartNode="2572" EndNode="3294">
<Feature>
  <Name className="java.lang.String">argmnt-label</Name>
  <Value className="java.lang.String">reduces/eliminates_gender_discrimination</Value>
</Feature>
<Feature>
  <Name className="java.lang.String">misc</Name>
  <Value className="java.lang.String">constitutional</Value>
</Feature>
</Annotation>
<Annotation Id="40" Type="para" StartNode="364" EndNode="725">
<Feature>
  <Name className="java.lang.String">argmnt-label</Name>
  <Value className="java.lang.String">reduces/eliminates_gender_discrimination</Value>
</Feature>
</Annotation>
<Annotation Id="41" Type="para" StartNode="727" EndNode="1719">
<Feature>
  <Name className="java.lang.String">argmnt-label</Name>
  <Value className="java.lang.String">reduces/eliminates_gender_discrimination</Value>
</Feature>
</Annotation>
<Annotation Id="46" Type="gfbf" StartNode="149" EndNode="199">
<Feature>
  <Name className="java.lang.String">agentId</Name>
  <Value className="java.lang.String">47</Value>
</Feature>
<Feature>
  <Name className="java.lang.String">objectId</Name>
  <Value className="java.lang.String">48</Value>
</Feature>
<Feature>
  <Name className="java.lang.String">comment</Name>
  <Value className="java.lang.String">put sb in Jeopardy</Value>
</Feature>
<Feature>
  <Name className="java.lang.String">polarity</Name>
  <Value className="java.lang.String">badfor</Value>
</Feature>
</Annotation>
<Annotation Id="47" Type="gfbf-agent" StartNode="131" EndNode="148">
<Feature>
  <Name className="java.lang.String">writerAtt</Name>
  <Value className="java.lang.String">negative</Value>
</Feature>
</Annotation>
<Annotation Id="44" Type="para" StartNode="3296" EndNode="4604">
<Feature>
  <Name className="java.lang.String">argmnt-label</Name>
  <Value className="java.lang.String">constitutional</Value>
</Feature>
</Annotation>
<Annotation Id="45" Type="para" StartNode="4606" EndNode="5234">
<Feature>
  <Name className="java.lang.String">argmnt-label</Name>
  <Value className="java.lang.String">constitutional</Value>
</Feature>
<Feature>
  <Name className="java.lang.String">misc</Name>
  <Value className="java.lang.String">reduces/eliminates_gender_discrimination</Value>
</Feature>
</Annotation>
<Annotation Id="50" Type="gfbf-object" StartNode="631" EndNode="724">
<Feature>
  <Name className="java.lang.String">writerAtt</Name>
  <Value className="java.lang.String">negative</Value>
</Feature>
</Annotation>
<Annotation Id="49" Type="gfbf" StartNode="624" EndNode="630">
<Feature>
  <Name className="java.lang.String">agentId</Name>
  <Value className="java.lang.String">107</Value>
</Feature>
<Feature>
  <Name className="java.lang.String">objectId</Name>
  <Value className="java.lang.String">50</Value>
</Feature>
<Feature>
  <Name className="java.lang.String">polarity</Name>
  <Value className="java.lang.String">badfor</Value>
</Feature>
</Annotation>
<Annotation Id="48" Type="gfbf-object" StartNode="154" EndNode="187">
<Feature>
  <Name className="java.lang.String">writerAtt</Name>
  <Value className="java.lang.String">positive</Value>
</Feature>
</Annotation>
<Annotation Id="55" Type="gfbf" StartNode="955" EndNode="964">
<Feature>
  <Name className="java.lang.String">agentId</Name>
  <Value className="java.lang.String">113</Value>
</Feature>
<Feature>
  <Name className="java.lang.String">objectId</Name>
  <Value className="java.lang.String">56</Value>
</Feature>
<Feature>
  <Name className="java.lang.String">polarity</Name>
  <Value className="java.lang.String">goodfor</Value>
</Feature>
</Annotation>
<Annotation Id="54" Type="gfbf-agent" StartNode="833" EndNode="835">
<Feature>
  <Name className="java.lang.String">writerAtt</Name>
  <Value className="java.lang.String">positive</Value>
</Feature>
</Annotation>
<Annotation Id="53" Type="gfbf-object" StartNode="841" EndNode="850">
<Feature>
  <Name className="java.lang.String">writerAtt</Name>
  <Value className="java.lang.String">positive</Value>
</Feature>
</Annotation>
<Annotation Id="52" Type="gfbf" StartNode="836" EndNode="840">
<Feature>
  <Name className="java.lang.String">agentId</Name>
  <Value className="java.lang.String">54</Value>
</Feature>
<Feature>
  <Name className="java.lang.String">objectId</Name>
  <Value className="java.lang.String">53</Value>
</Feature>
<Feature>
  <Name className="java.lang.String">polarity</Name>
  <Value className="java.lang.String">goodfor</Value>
</Feature>
</Annotation>
<Annotation Id="59" Type="gfbf-object" StartNode="1023" EndNode="1139">
<Feature>
  <Name className="java.lang.String">writerAtt</Name>
  <Value className="java.lang.String">negative</Value>
</Feature>
</Annotation>
<Annotation Id="58" Type="gfbf" StartNode="1016" EndNode="1022">
<Feature>
  <Name className="java.lang.String">agentId</Name>
  <Value className="java.lang.String">113</Value>
</Feature>
<Feature>
  <Name className="java.lang.String">objectId</Name>
  <Value className="java.lang.String">59</Value>
</Feature>
<Feature>
  <Name className="java.lang.String">polarity</Name>
  <Value className="java.lang.String">badfor</Value>
</Feature>
</Annotation>
<Annotation Id="56" Type="gfbf-object" StartNode="965" EndNode="1011">
<Feature>
  <Name className="java.lang.String">writerAtt</Name>
  <Value className="java.lang.String">positive</Value>
</Feature>
</Annotation>
<Annotation Id="63" Type="gfbf-agent" StartNode="1149" EndNode="1157">
<Feature>
  <Name className="java.lang.String">writerAtt</Name>
  <Value className="java.lang.String">negative</Value>
</Feature>
</Annotation>
<Annotation Id="62" Type="gfbf-object" StartNode="1172" EndNode="1177">
<Feature>
  <Name className="java.lang.String">writerAtt</Name>
  <Value className="java.lang.String">positive</Value>
</Feature>
</Annotation>
<Annotation Id="61" Type="gfbf" StartNode="1163" EndNode="1171">
<Feature>
  <Name className="java.lang.String">agentId</Name>
  <Value className="java.lang.String">63</Value>
</Feature>
<Feature>
  <Name className="java.lang.String">objectId</Name>
  <Value className="java.lang.String">62</Value>
</Feature>
<Feature>
  <Name className="java.lang.String">polarity</Name>
  <Value className="java.lang.String">badfor</Value>
</Feature>
</Annotation>
<Annotation Id="60" Type="influencer" StartNode="1141" EndNode="1148">
<Feature>
  <Name className="java.lang.String">effect</Name>
  <Value className="java.lang.String">reverse</Value>
</Feature>
<Feature>
  <Name className="java.lang.String">agentId</Name>
  <Value className="java.lang.String">implicit</Value>
</Feature>
<Feature>
  <Name className="java.lang.String">objectId</Name>
  <Value className="java.lang.String">61</Value>
</Feature>
</Annotation>
<Annotation Id="68" Type="gfbf" StartNode="1294" EndNode="1299">
<Feature>
  <Name className="java.lang.String">agentId</Name>
  <Value className="java.lang.String">70</Value>
</Feature>
<Feature>
  <Name className="java.lang.String">objectId</Name>
  <Value className="java.lang.String">69</Value>
</Feature>
<Feature>
  <Name className="java.lang.String">polarity</Name>
  <Value className="java.lang.String">goodfor</Value>
</Feature>
</Annotation>
<Annotation Id="69" Type="gfbf-object" StartNode="1300" EndNode="1347">
<Feature>
  <Name className="java.lang.String">writerAtt</Name>
  <Value className="java.lang.String">positive</Value>
</Feature>
</Annotation>
<Annotation Id="70" Type="gfbf-agent" StartNode="1282" EndNode="1290">
<Feature>
  <Name className="java.lang.String">writerAtt</Name>
  <Value className="java.lang.String">positive</Value>
</Feature>
</Annotation>
<Annotation Id="71" Type="gfbf" StartNode="1349" EndNode="1361">
<Feature>
  <Name className="java.lang.String">agentId</Name>
  <Value className="java.lang.String">70</Value>
</Feature>
<Feature>
  <Name className="java.lang.String">objectId</Name>
  <Value className="java.lang.String">72</Value>
</Feature>
<Feature>
  <Name className="java.lang.String">polarity</Name>
  <Value className="java.lang.String">goodfor</Value>
</Feature>
</Annotation>
<Annotation Id="64" Type="gfbf" StartNode="1204" EndNode="1215">
<Feature>
  <Name className="java.lang.String">agentId</Name>
  <Value className="java.lang.String">113</Value>
</Feature>
<Feature>
  <Name className="java.lang.String">objectId</Name>
  <Value className="java.lang.String">65</Value>
</Feature>
<Feature>
  <Name className="java.lang.String">polarity</Name>
  <Value className="java.lang.String">badfor</Value>
</Feature>
</Annotation>
<Annotation Id="65" Type="gfbf-object" StartNode="1216" EndNode="1270">
<Feature>
  <Name className="java.lang.String">writerAtt</Name>
  <Value className="java.lang.String">negative</Value>
</Feature>
</Annotation>
<Annotation Id="66" Type="gfbf" StartNode="1272" EndNode="1281">
<Feature>
  <Name className="java.lang.String">agentId</Name>
  <Value className="java.lang.String">113</Value>
</Feature>
<Feature>
  <Name className="java.lang.String">objectId</Name>
  <Value className="java.lang.String">67</Value>
</Feature>
<Feature>
  <Name className="java.lang.String">polarity</Name>
  <Value className="java.lang.String">goodfor</Value>
</Feature>
</Annotation>
<Annotation Id="67" Type="gfbf-object" StartNode="1282" EndNode="1290">
<Feature>
  <Name className="java.lang.String">writerAtt</Name>
  <Value className="java.lang.String">positive</Value>
</Feature>
</Annotation>
<Annotation Id="76" Type="gfbf" StartNode="3281" EndNode="3285">
<Feature>
  <Name className="java.lang.String">agentId</Name>
  <Value className="java.lang.String">106</Value>
</Feature>
<Feature>
  <Name className="java.lang.String">polarity</Name>
  <Value className="java.lang.String">goodfor</Value>
</Feature>
<Feature>
  <Name className="java.lang.String">objectId</Name>
  <Value className="java.lang.String">112</Value>
</Feature>
</Annotation>
<Annotation Id="78" Type="gfbf" StartNode="4154" EndNode="4160">
<Feature>
  <Name className="java.lang.String">agentId</Name>
  <Value className="java.lang.String">81</Value>
</Feature>
<Feature>
  <Name className="java.lang.String">objectId</Name>
  <Value className="java.lang.String">79</Value>
</Feature>
<Feature>
  <Name className="java.lang.String">polarity</Name>
  <Value className="java.lang.String">badfor</Value>
</Feature>
</Annotation>
<Annotation Id="79" Type="gfbf-object" StartNode="4161" EndNode="4200">
<Feature>
  <Name className="java.lang.String">writerAtt</Name>
  <Value className="java.lang.String">positive</Value>
</Feature>
</Annotation>
<Annotation Id="72" Type="gfbf-object" StartNode="1362" EndNode="1380">
<Feature>
  <Name className="java.lang.String">writerAtt</Name>
  <Value className="java.lang.String">positive</Value>
</Feature>
</Annotation>
<Annotation Id="73" Type="gfbf" StartNode="3103" EndNode="3109">
<Feature>
  <Name className="java.lang.String">agentId</Name>
  <Value className="java.lang.String">75</Value>
</Feature>
<Feature>
  <Name className="java.lang.String">objectId</Name>
  <Value className="java.lang.String">74</Value>
</Feature>
<Feature>
  <Name className="java.lang.String">polarity</Name>
  <Value className="java.lang.String">badfor</Value>
</Feature>
</Annotation>
<Annotation Id="74" Type="gfbf-object" StartNode="3110" EndNode="3189">
<Feature>
  <Name className="java.lang.String">writerAtt</Name>
  <Value className="java.lang.String">negative</Value>
</Feature>
</Annotation>
<Annotation Id="75" Type="gfbf-agent" StartNode="3079" EndNode="3087">
<Feature>
  <Name className="java.lang.String">writerAtt</Name>
  <Value className="java.lang.String">positive</Value>
</Feature>
</Annotation>
<Annotation Id="85" Type="gfbf-agent" StartNode="4606" EndNode="4623">
<Feature>
  <Name className="java.lang.String">writerAtt</Name>
  <Value className="java.lang.String">positive</Value>
</Feature>
</Annotation>
<Annotation Id="84" Type="gfbf-object" StartNode="4696" EndNode="4728">
<Feature>
  <Name className="java.lang.String">writerAtt</Name>
  <Value className="java.lang.String">positive</Value>
</Feature>
</Annotation>
<Annotation Id="87" Type="gfbf" StartNode="4795" EndNode="4803">
<Feature>
  <Name className="java.lang.String">agentId</Name>
  <Value className="java.lang.String">86</Value>
</Feature>
<Feature>
  <Name className="java.lang.String">objectId</Name>
  <Value className="java.lang.String">88</Value>
</Feature>
<Feature>
  <Name className="java.lang.String">polarity</Name>
  <Value className="java.lang.String">badfor</Value>
</Feature>
</Annotation>
<Annotation Id="86" Type="gfbf-agent" StartNode="4787" EndNode="4794">
<Feature>
  <Name className="java.lang.String">writerAtt</Name>
  <Value className="java.lang.String">positive</Value>
</Feature>
</Annotation>
<Annotation Id="81" Type="gfbf-agent" StartNode="4107" EndNode="4132">
<Feature>
  <Name className="java.lang.String">unclear</Name>
  <Value className="java.lang.String">true</Value>
</Feature>
<Feature>
  <Name className="java.lang.String">writerAtt</Name>
  <Value className="java.lang.String">positive</Value>
</Feature>
</Annotation>
<Annotation Id="80" Type="influencer" StartNode="4136" EndNode="4139">
<Feature>
  <Name className="java.lang.String">effect</Name>
  <Value className="java.lang.String">reverse</Value>
</Feature>
<Feature>
  <Name className="java.lang.String">agentId</Name>
  <Value className="java.lang.String">81</Value>
</Feature>
<Feature>
  <Name className="java.lang.String">objectId</Name>
  <Value className="java.lang.String">78</Value>
</Feature>
</Annotation>
<Annotation Id="83" Type="gfbf" StartNode="4685" EndNode="4695">
<Feature>
  <Name className="java.lang.String">agentId</Name>
  <Value className="java.lang.String">85</Value>
</Feature>
<Feature>
  <Name className="java.lang.String">objectId</Name>
  <Value className="java.lang.String">84</Value>
</Feature>
<Feature>
  <Name className="java.lang.String">polarity</Name>
  <Value className="java.lang.String">goodfor</Value>
</Feature>
</Annotation>
<Annotation Id="82" Type="influencer" StartNode="4100" EndNode="4103">
<Feature>
  <Name className="java.lang.String">effect</Name>
  <Value className="java.lang.String">reverse</Value>
</Feature>
<Feature>
  <Name className="java.lang.String">agentId</Name>
  <Value className="java.lang.String">implicit</Value>
</Feature>
<Feature>
  <Name className="java.lang.String">objectId</Name>
  <Value className="java.lang.String">80</Value>
</Feature>
</Annotation>
<Annotation Id="93" Type="gfbf-object" StartNode="5090" EndNode="5144">
<Feature>
  <Name className="java.lang.String">writerAtt</Name>
  <Value className="java.lang.String">negative</Value>
</Feature>
</Annotation>
<Annotation Id="92" Type="gfbf" StartNode="5079" EndNode="5089">
<Feature>
  <Name className="java.lang.String">agentId</Name>
  <Value className="java.lang.String">94</Value>
</Feature>
<Feature>
  <Name className="java.lang.String">objectId</Name>
  <Value className="java.lang.String">93</Value>
</Feature>
<Feature>
  <Name className="java.lang.String">polarity</Name>
  <Value className="java.lang.String">badfor</Value>
</Feature>
</Annotation>
<Annotation Id="95" Type="gfbf" StartNode="5197" EndNode="5204">
<Feature>
  <Name className="java.lang.String">agentId</Name>
  <Value className="java.lang.String">110</Value>
</Feature>
<Feature>
  <Name className="java.lang.String">objectId</Name>
  <Value className="java.lang.String">96</Value>
</Feature>
<Feature>
  <Name className="java.lang.String">polarity</Name>
  <Value className="java.lang.String">goodfor</Value>
</Feature>
</Annotation>
<Annotation Id="94" Type="gfbf-agent" StartNode="5074" EndNode="5078">
<Feature>
  <Name className="java.lang.String">comment</Name>
  <Value className="java.lang.String">nestted</Value>
</Feature>
<Feature>
  <Name className="java.lang.String">writerAtt</Name>
  <Value className="java.lang.String">positive</Value>
</Feature>
</Annotation>
<Annotation Id="89" Type="gfbf" StartNode="5014" EndNode="5022">
<Feature>
  <Name className="java.lang.String">agentId</Name>
  <Value className="java.lang.String">91</Value>
</Feature>
<Feature>
  <Name className="java.lang.String">objectId</Name>
  <Value className="java.lang.String">90</Value>
</Feature>
<Feature>
  <Name className="java.lang.String">polarity</Name>
  <Value className="java.lang.String">badfor</Value>
</Feature>
</Annotation>
<Annotation Id="88" Type="gfbf-object" StartNode="4804" EndNode="4820">
<Feature>
  <Name className="java.lang.String">writerAtt</Name>
  <Value className="java.lang.String">positive</Value>
</Feature>
</Annotation>
<Annotation Id="91" Type="gfbf-agent" StartNode="4979" EndNode="5007">
<Feature>
  <Name className="java.lang.String">writerAtt</Name>
  <Value className="java.lang.String">negative</Value>
</Feature>
</Annotation>
<Annotation Id="90" Type="gfbf-object" StartNode="5023" EndNode="5062">
<Feature>
  <Name className="java.lang.String">writerAtt</Name>
  <Value className="java.lang.String">positive</Value>
</Feature>
</Annotation>
<Annotation Id="102" Type="gfbf-object" StartNode="3202" EndNode="3239">
<Feature>
  <Name className="java.lang.String">writerAtt</Name>
  <Value className="java.lang.String">negative</Value>
</Feature>
</Annotation>
<Annotation Id="103" Type="gfbf" StartNode="3240" EndNode="3248">
<Feature>
  <Name className="java.lang.String">agentId</Name>
  <Value className="java.lang.String">104</Value>
</Feature>
<Feature>
  <Name className="java.lang.String">polarity</Name>
  <Value className="java.lang.String">goodfor</Value>
</Feature>
<Feature>
  <Name className="java.lang.String">objectId</Name>
  <Value className="java.lang.String">105</Value>
</Feature>
</Annotation>
<Annotation Id="100" Type="gfbf-object" StartNode="5226" EndNode="5233">
<Feature>
  <Name className="java.lang.String">writerAtt</Name>
  <Value className="java.lang.String">positive</Value>
</Feature>
</Annotation>
<Annotation Id="101" Type="gfbf" StartNode="3194" EndNode="3201">
<Feature>
  <Name className="java.lang.String">agentId</Name>
  <Value className="java.lang.String">75</Value>
</Feature>
<Feature>
  <Name className="java.lang.String">polarity</Name>
  <Value className="java.lang.String">badfor</Value>
</Feature>
<Feature>
  <Name className="java.lang.String">objectId</Name>
  <Value className="java.lang.String">102</Value>
</Feature>
</Annotation>
<Annotation Id="99" Type="gfbf" StartNode="5219" EndNode="5225">
<Feature>
  <Name className="java.lang.String">agentId</Name>
  <Value className="java.lang.String">111</Value>
</Feature>
<Feature>
  <Name className="java.lang.String">objectId</Name>
  <Value className="java.lang.String">100</Value>
</Feature>
<Feature>
  <Name className="java.lang.String">polarity</Name>
  <Value className="java.lang.String">goodfor</Value>
</Feature>
</Annotation>
<Annotation Id="96" Type="gfbf-object" StartNode="5205" EndNode="5214">
<Feature>
  <Name className="java.lang.String">writerAtt</Name>
  <Value className="java.lang.String">positive</Value>
</Feature>
</Annotation>
<Annotation Id="110" Type="gfbf-agent" StartNode="5184" EndNode="5193">
<Feature>
  <Name className="java.lang.String">writerAtt</Name>
  <Value className="java.lang.String">positive</Value>
</Feature>
</Annotation>
<Annotation Id="111" Type="gfbf-agent" StartNode="5184" EndNode="5193">
<Feature>
  <Name className="java.lang.String">writerAtt</Name>
  <Value className="java.lang.String">positive</Value>
</Feature>
</Annotation>
<Annotation Id="108" Type="gfbf" StartNode="1047" EndNode="1054">
<Feature>
  <Name className="java.lang.String">agentId</Name>
  <Value className="java.lang.String">114</Value>
</Feature>
<Feature>
  <Name className="java.lang.String">polarity</Name>
  <Value className="java.lang.String">badfor</Value>
</Feature>
<Feature>
  <Name className="java.lang.String">objectId</Name>
  <Value className="java.lang.String">109</Value>
</Feature>
</Annotation>
<Annotation Id="109" Type="gfbf-object" StartNode="1055" EndNode="1139">
<Feature>
  <Name className="java.lang.String">writerAtt</Name>
  <Value className="java.lang.String">positive</Value>
</Feature>
</Annotation>
<Annotation Id="106" Type="gfbf-agent" StartNode="3249" EndNode="3277">
<Feature>
  <Name className="java.lang.String">writerAtt</Name>
  <Value className="java.lang.String">positive</Value>
</Feature>
</Annotation>
<Annotation Id="107" Type="gfbf-agent" StartNode="603" EndNode="620">
<Feature>
  <Name className="java.lang.String">writerAtt</Name>
  <Value className="java.lang.String">positive</Value>
</Feature>
</Annotation>
<Annotation Id="104" Type="gfbf-agent" StartNode="3074" EndNode="3239">
<Feature>
  <Name className="java.lang.String">writerAtt</Name>
  <Value className="java.lang.String">positive</Value>
</Feature>
</Annotation>
<Annotation Id="105" Type="gfbf-object" StartNode="3249" EndNode="3277">
<Feature>
  <Name className="java.lang.String">writerAtt</Name>
  <Value className="java.lang.String">positive</Value>
</Feature>
</Annotation>
<Annotation Id="119" Type="gfbf-object" StartNode="2457" EndNode="2537">
<Feature>
  <Name className="java.lang.String">writerAtt</Name>
  <Value className="java.lang.String">negative</Value>
</Feature>
</Annotation>
<Annotation Id="118" Type="gfbf" StartNode="2450" EndNode="2456">
<Feature>
  <Name className="java.lang.String">agentId</Name>
  <Value className="java.lang.String">115</Value>
</Feature>
<Feature>
  <Name className="java.lang.String">objectId</Name>
  <Value className="java.lang.String">117</Value>
</Feature>
<Feature>
  <Name className="java.lang.String">polarity</Name>
  <Value className="java.lang.String">badfor</Value>
</Feature>
</Annotation>
<Annotation Id="117" Type="gfbf-object" StartNode="2395" EndNode="2448">
<Feature>
  <Name className="java.lang.String">writerAtt</Name>
  <Value className="java.lang.String">positive</Value>
</Feature>
</Annotation>
<Annotation Id="116" Type="gfbf" StartNode="2388" EndNode="2394">
<Feature>
  <Name className="java.lang.String">agentId</Name>
  <Value className="java.lang.String">115</Value>
</Feature>
<Feature>
  <Name className="java.lang.String">objectId</Name>
  <Value className="java.lang.String">117</Value>
</Feature>
<Feature>
  <Name className="java.lang.String">polarity</Name>
  <Value className="java.lang.String">badfor</Value>
</Feature>
</Annotation>
<Annotation Id="115" Type="gfbf-agent" StartNode="2368" EndNode="2387">
<Feature>
  <Name className="java.lang.String">writerAtt</Name>
  <Value className="java.lang.String">negative</Value>
</Feature>
</Annotation>
<Annotation Id="114" Type="gfbf-agent" StartNode="1027" EndNode="1034">
<Feature>
  <Name className="java.lang.String">writerAtt</Name>
  <Value className="java.lang.String">negative</Value>
</Feature>
</Annotation>
<Annotation Id="113" Type="gfbf-agent" StartNode="943" EndNode="950">
<Feature>
  <Name className="java.lang.String">writerAtt</Name>
  <Value className="java.lang.String">positive</Value>
</Feature>
</Annotation>
<Annotation Id="112" Type="gfbf-object" StartNode="3286" EndNode="3293">
<Feature>
  <Name className="java.lang.String">writerAtt</Name>
  <Value className="java.lang.String">positive</Value>
</Feature>
</Annotation>
<Annotation Id="121" Type="gfbf-object" StartNode="2562" EndNode="2569">
<Feature>
  <Name className="java.lang.String">writerAtt</Name>
  <Value className="java.lang.String">positive</Value>
</Feature>
</Annotation>
<Annotation Id="120" Type="gfbf" StartNode="2553" EndNode="2561">
<Feature>
  <Name className="java.lang.String">agentId</Name>
  <Value className="java.lang.String">115</Value>
</Feature>
<Feature>
  <Name className="java.lang.String">objectId</Name>
  <Value className="java.lang.String">117</Value>
</Feature>
<Feature>
  <Name className="java.lang.String">polarity</Name>
  <Value className="java.lang.String">badfor</Value>
</Feature>
</Annotation>
</AnnotationSet>

<!-- Named annotation set -->

<AnnotationSet Name="Original markups">
<Annotation Id="0" Type="paragraph" StartNode="0" EndNode="53">
</Annotation>
<Annotation Id="1" Type="paragraph" StartNode="59" EndNode="96">
</Annotation>
<Annotation Id="2" Type="paragraph" StartNode="98" EndNode="199">
</Annotation>
<Annotation Id="3" Type="paragraph" StartNode="201" EndNode="267">
</Annotation>
<Annotation Id="4" Type="paragraph" StartNode="269" EndNode="362">
</Annotation>
<Annotation Id="5" Type="paragraph" StartNode="364" EndNode="725">
</Annotation>
<Annotation Id="6" Type="paragraph" StartNode="727" EndNode="1719">
</Annotation>
<Annotation Id="7" Type="paragraph" StartNode="1721" EndNode="2570">
</Annotation>
<Annotation Id="8" Type="paragraph" StartNode="2572" EndNode="3294">
</Annotation>
<Annotation Id="9" Type="paragraph" StartNode="3296" EndNode="4604">
</Annotation>
<Annotation Id="10" Type="paragraph" StartNode="4606" EndNode="5239">
</Annotation>
<Annotation Id="11" Type="paragraph" StartNode="5245" EndNode="5353">
</Annotation>
</AnnotationSet>

</GateDocument>
