<?xml version='1.0' encoding='US-ASCII'?>
<GateDocument version="2">
<!-- The document's features-->

<GateDocumentFeatures>
<Feature>
  <Name className="java.lang.String">MimeType</Name>
  <Value className="java.lang.String">text/plain</Value>
</Feature>
<Feature>
  <Name className="java.lang.String">gate.SourceURL</Name>
  <Value className="java.lang.String">file:/home/conrada/Dropbox/healthcare_data/devel2/hcd029.txt</Value>
</Feature>
<Feature>
  <Name className="java.lang.String">docNewLineType</Name>
  <Value className="java.lang.String">LF</Value>
</Feature>
</GateDocumentFeatures>
<!-- The document content area with serialized nodes -->

<TextWithNodes><Node id="0"/>ObamaCare projected to cost more than doing nothing<Node id="51"/>
Share86
posted at 9:36 am on July 29, 2011 by Bruce McQuain
[ Healthcare ]    printer-friendly<Node id="146"/>

<Node id="148"/>Promises, promises, promises. <Node id="178"/>President Obama promised the passage of <Node id="218"/>the Affordable Care Act<Node id="241"/> would <Node id="248"/>lower<Node id="253"/> <Node id="254"/>health care costs<Node id="271"/> across the board, making health care "more affordable"<Node id="326"/>. The entire premise of the massive government intrusion in that market was to lower costs and make insurance more affordable.<Node id="452"/>

<Node id="454"/>A new study says that doing nothing would actually have been slightly less expensive<Node id="538"/>. The irony is this isn't some opposition think tank which has put up these numbers but the Centers for Medicare and Medicaid Services:<Node id="673"/>

    <Node id="679"/>Despite <Node id="687"/>President Obama's promises<Node id="713"/> to <Node id="717"/>rein in<Node id="724"/> <Node id="725"/>health care costs<Node id="742"/> as part of his reform bill, health spending nationwide is expected to <Node id="813"/>rise<Node id="817"/> more than if the sweeping legislation had never become law<Node id="876"/>.<Node id="877"/>

    <Node id="883"/>Total spending is projected to grow annually by 5.8 percent under Mr. Obama's Affordable Care Act, according to a 10-year forecast by the Centers for Medicare and Medicaid Services released Thursday<Node id="1081"/>. <Node id="1083"/>Without the ACA, spending would grow at a slightly slower rate of 5.7 percent annually<Node id="1169"/>.<Node id="1170"/>

<Node id="1172"/>The primary reason, supporters say, is more people will have insurance<Node id="1242"/>.<Node id="1243"/>

    <Node id="1249"/>CMS officials attributed the growth to an expansion of the insured population<Node id="1326"/>. <Node id="1328"/>Under the plan, an estimated 23 million Americans are expected to obtain insurance in 2014, largely through state-based exchanges and expanded Medicaid eligibility.<Node id="1492"/>

    <Node id="1498"/>The federal government is projected to spend 20 percent more on Medicaid, while spending on private health insurance is expected to rise by 9.4 percent<Node id="1649"/>.<Node id="1650"/>

<Node id="1652"/>Anyone - do you know why "private health insurance costs" are expected to rise by 9.4%?<Node id="1739"/> <Node id="1740"/>Because <Node id="1748"/>the privately insured<Node id="1769"/> will be <Node id="1778"/>tapped<Node id="1784"/> to help pay the difference between what <Node id="1825"/>an expanded Medicaid base<Node id="1850"/> pays and what doctors charge<Node id="1879"/>. <Node id="1881"/>Or, in other words, they will be the victim of government intrusion and market distortion<Node id="1970"/>. <Node id="1972"/>And of course government is then going to point to the costs its distortion caused and claim <Node id="2065"/>it<Node id="2067"/> should help <Node id="2080"/>solve<Node id="2085"/> <Node id="2086"/>the problem<Node id="2097"/> <Node id="2098"/>it<Node id="2100"/> has <Node id="2105"/>created<Node id="2112"/>. <Node id="2114"/>And what will be eventual answer to those <Node id="2156"/>increased<Node id="2165"/> <Node id="2166"/>costs<Node id="2171"/> caused by <Node id="2182"/>government distortion<Node id="2203"/> be?<Node id="2207"/> <Node id="2208"/>Single-payer, of course<Node id="2231"/>.<Node id="2232"/>

<Node id="2234"/>This study<Node id="2244"/> <Node id="2245"/>doesn't<Node id="2252"/> <Node id="2253"/>address<Node id="2260"/> <Node id="2261"/>the other real problem<Node id="2283"/> - <Node id="2286"/>you<Node id="2289"/> may <Node id="2294"/>expand<Node id="2300"/> <Node id="2301"/>Medicaid<Node id="2309"/> dramatically, but <Node id="2328"/>having that insurance<Node id="2349"/> <Node id="2350"/>doesn't<Node id="2357"/> <Node id="2358"/>guarantee<Node id="2367"/> <Node id="2368"/>seeing a doctor<Node id="2383"/>. <Node id="2385"/>Other studies have shown that <Node id="2415"/>increasing<Node id="2425"/> <Node id="2426"/>the insurance base<Node id="2444"/> <Node id="2445"/>doesn't<Node id="2452"/> <Node id="2453"/>decrease<Node id="2461"/> <Node id="2462"/>emergency room use<Node id="2480"/>, but instead <Node id="2494"/>increases<Node id="2503"/> <Node id="2504"/>it<Node id="2506"/> in the face of a building doctor shortage<Node id="2548"/>. <Node id="2550"/>And then, of course, there are those doctors who simply won't take Medicaid (or any more than they now have) because of the low reimbursement rate<Node id="2696"/>.<Node id="2697"/>

<Node id="2699"/>So when the White House's Nancy-Ann DeParle says:<Node id="2748"/>

    "<Node id="2755"/>The Affordable Care Act creates changes to the health care system that typically don't show up on an accounting table," she said. "<Node id="2886"/>We know these new provisions will save money for the health care system, even if today's <Node id="2975"/>report<Node id="2981"/> <Node id="2982"/>doesn't<Node id="2989"/> <Node id="2990"/>credit<Node id="2996"/> <Node id="2997"/>these strategies with reducing costs<Node id="3033"/>."<Node id="3035"/>

<Node id="3037"/>She's also leaving out that part of the problem that doesn't "show up on an accounting table" as well.<Node id="3139"/>

<Node id="3141"/>Bottom line, we were sold a lemon, a bill of goods, snake oil<Node id="3202"/>. <Node id="3204"/>All the ACA does is give <Node id="3229"/>the government<Node id="3243"/> a legal ability to <Node id="3263"/>intrude deeper and deeper in<Node id="3291"/> <Node id="3292"/>a market it really has no business being in at all<Node id="3342"/> and to <Node id="3350"/>distort<Node id="3357"/> <Node id="3358"/>that market<Node id="3369"/> even further<Node id="3382"/>. <Node id="3384"/>And that's precisely what is going to happen<Node id="3428"/>. <Node id="3430"/>We all know that when government gets in as deep as it will be in this market, nothing ends up "costing less"<Node id="3539"/>.<Node id="3540"/>

-

<Node id="3545"/>Bruce McQuain blogs at Questions and Observations (QandO), Blackfive, theWashington Examiner and the Green Room.  Follow him on Twitter: @McQandO
<Node id="3691"/></TextWithNodes>
<!-- The default annotation set -->

<AnnotationSet>
<Annotation Id="17" Type="arg" StartNode="0" EndNode="51">
<Feature>
  <Name className="java.lang.String">ss-label</Name>
  <Value className="java.lang.String">too_expensive_for_govt</Value>
</Feature>
<Feature>
  <Name className="java.lang.String">unclear</Name>
  <Value className="java.lang.String">true</Value>
</Feature>
<Feature>
  <Name className="java.lang.String">type</Name>
  <Value className="java.lang.String">label</Value>
</Feature>
<Feature>
  <Name className="java.lang.String">polarity</Name>
  <Value className="java.lang.String">negative</Value>
</Feature>
</Annotation>
<Annotation Id="16" Type="doc" StartNode="0" EndNode="3691">
<Feature>
  <Name className="java.lang.String">id</Name>
  <Value className="java.lang.String">hcd029</Value>
</Feature>
<Feature>
  <Name className="java.lang.String">author</Name>
  <Value className="java.lang.String">bruce,mcquain</Value>
</Feature>
<Feature>
  <Name className="java.lang.String">date</Name>
  <Value className="java.lang.String">20110729</Value>
</Feature>
<Feature>
  <Name className="java.lang.String">source</Name>
  <Value className="java.lang.String">hotair</Value>
</Feature>
<Feature>
  <Name className="java.lang.String">side</Name>
  <Value className="java.lang.String">anti</Value>
</Feature>
<Feature>
  <Name className="java.lang.String">url</Name>
  <Value className="java.lang.String">http://hotair.com/greenroom/archives/2011/07/29/obamacare-projected-to-cost-more-than-doing-nothing/</Value>
</Feature>
</Annotation>
<Annotation Id="19" Type="arg" StartNode="454" EndNode="538">
<Feature>
  <Name className="java.lang.String">type</Name>
  <Value className="java.lang.String">label</Value>
</Feature>
<Feature>
  <Name className="java.lang.String">ss-label</Name>
  <Value className="java.lang.String">makes_healthcare_costs_grow_faster</Value>
</Feature>
<Feature>
  <Name className="java.lang.String">polarity</Name>
  <Value className="java.lang.String">positive</Value>
</Feature>
</Annotation>
<Annotation Id="18" Type="arg" StartNode="178" EndNode="326">
<Feature>
  <Name className="java.lang.String">type</Name>
  <Value className="java.lang.String">else</Value>
</Feature>
<Feature>
  <Name className="java.lang.String">polarity</Name>
  <Value className="java.lang.String">positive</Value>
</Feature>
</Annotation>
<Annotation Id="21" Type="arg" StartNode="679" EndNode="876">
<Feature>
  <Name className="java.lang.String">type</Name>
  <Value className="java.lang.String">label</Value>
</Feature>
<Feature>
  <Name className="java.lang.String">ss-label</Name>
  <Value className="java.lang.String">makes_healthcare_costs_grow_faster</Value>
</Feature>
<Feature>
  <Name className="java.lang.String">polarity</Name>
  <Value className="java.lang.String">negative</Value>
</Feature>
</Annotation>
<Annotation Id="23" Type="rel" StartNode="1083" EndNode="1169">
<Feature>
  <Name className="java.lang.String">type</Name>
  <Value className="java.lang.String">label</Value>
</Feature>
<Feature>
  <Name className="java.lang.String">ss-label</Name>
  <Value className="java.lang.String">makes_healthcare_costs_grow_faster</Value>
</Feature>
</Annotation>
<Annotation Id="22" Type="rel" StartNode="883" EndNode="1081">
<Feature>
  <Name className="java.lang.String">type</Name>
  <Value className="java.lang.String">label</Value>
</Feature>
<Feature>
  <Name className="java.lang.String">ss-label</Name>
  <Value className="java.lang.String">makes_healthcare_costs_grow_faster</Value>
</Feature>
</Annotation>
<Annotation Id="25" Type="rel" StartNode="1249" EndNode="1326">
<Feature>
  <Name className="java.lang.String">type</Name>
  <Value className="java.lang.String">label</Value>
</Feature>
<Feature>
  <Name className="java.lang.String">ss-label</Name>
  <Value className="java.lang.String">makes_healthcare_costs_grow_faster</Value>
</Feature>
</Annotation>
<Annotation Id="24" Type="rel" StartNode="1172" EndNode="1242">
<Feature>
  <Name className="java.lang.String">type</Name>
  <Value className="java.lang.String">label</Value>
</Feature>
<Feature>
  <Name className="java.lang.String">ss-label</Name>
  <Value className="java.lang.String">makes_healthcare_costs_grow_faster</Value>
</Feature>
</Annotation>
<Annotation Id="27" Type="arg" StartNode="2114" EndNode="2207">
<Feature>
  <Name className="java.lang.String">ss-label</Name>
  <Value className="java.lang.String">goal_is_to_expand_entitlements</Value>
</Feature>
<Feature>
  <Name className="java.lang.String">type</Name>
  <Value className="java.lang.String">label</Value>
</Feature>
<Feature>
  <Name className="java.lang.String">polarity</Name>
  <Value className="java.lang.String">negative</Value>
</Feature>
<Feature>
  <Name className="java.lang.String">incomplete</Name>
  <Value className="java.lang.String">true</Value>
</Feature>
</Annotation>
<Annotation Id="26" Type="rel" StartNode="1328" EndNode="1492">
<Feature>
  <Name className="java.lang.String">type</Name>
  <Value className="java.lang.String">label</Value>
</Feature>
<Feature>
  <Name className="java.lang.String">ss-label</Name>
  <Value className="java.lang.String">makes_healthcare_costs_grow_faster</Value>
</Feature>
</Annotation>
<Annotation Id="29" Type="arg" StartNode="2234" EndNode="2383">
<Feature>
  <Name className="java.lang.String">ss-label</Name>
  <Value className="java.lang.String">medicaid_will_stop_being_accepted</Value>
</Feature>
<Feature>
  <Name className="java.lang.String">unclear</Name>
  <Value className="java.lang.String">true</Value>
</Feature>
<Feature>
  <Name className="java.lang.String">type</Name>
  <Value className="java.lang.String">label</Value>
</Feature>
<Feature>
  <Name className="java.lang.String">polarity</Name>
  <Value className="java.lang.String">negative</Value>
</Feature>
</Annotation>
<Annotation Id="28" Type="arg" StartNode="2208" EndNode="2231">
<Feature>
  <Name className="java.lang.String">ss-label</Name>
  <Value className="java.lang.String">goal_is_to_expand_entitlements</Value>
</Feature>
<Feature>
  <Name className="java.lang.String">unclear</Name>
  <Value className="java.lang.String">true</Value>
</Feature>
<Feature>
  <Name className="java.lang.String">type</Name>
  <Value className="java.lang.String">label</Value>
</Feature>
<Feature>
  <Name className="java.lang.String">polarity</Name>
  <Value className="java.lang.String">negative</Value>
</Feature>
<Feature>
  <Name className="java.lang.String">incomplete</Name>
  <Value className="java.lang.String">true</Value>
</Feature>
</Annotation>
<Annotation Id="31" Type="arg" StartNode="3204" EndNode="3382">
<Feature>
  <Name className="java.lang.String">type</Name>
  <Value className="java.lang.String">label</Value>
</Feature>
<Feature>
  <Name className="java.lang.String">ss-label</Name>
  <Value className="java.lang.String">govt_reaching_beyond_authority</Value>
</Feature>
<Feature>
  <Name className="java.lang.String">polarity</Name>
  <Value className="java.lang.String">negative</Value>
</Feature>
</Annotation>
<Annotation Id="30" Type="arg" StartNode="3141" EndNode="3202">
<Feature>
  <Name className="java.lang.String">type</Name>
  <Value className="java.lang.String">label</Value>
</Feature>
<Feature>
  <Name className="java.lang.String">ss-label</Name>
  <Value className="java.lang.String">bill_generally_bad</Value>
</Feature>
<Feature>
  <Name className="java.lang.String">polarity</Name>
  <Value className="java.lang.String">negative</Value>
</Feature>
</Annotation>
<Annotation Id="34" Type="arg" StartNode="2886" EndNode="3033">
<Feature>
  <Name className="java.lang.String">type</Name>
  <Value className="java.lang.String">else</Value>
</Feature>
<Feature>
  <Name className="java.lang.String">polarity</Name>
  <Value className="java.lang.String">positive</Value>
</Feature>
</Annotation>
<Annotation Id="35" Type="arg" StartNode="2385" EndNode="2548">
<Feature>
  <Name className="java.lang.String">type</Name>
  <Value className="java.lang.String">label</Value>
</Feature>
<Feature>
  <Name className="java.lang.String">ss-label</Name>
  <Value className="java.lang.String">healthcare_supply_is_too_small</Value>
</Feature>
<Feature>
  <Name className="java.lang.String">polarity</Name>
  <Value className="java.lang.String">negative</Value>
</Feature>
</Annotation>
<Annotation Id="32" Type="arg" StartNode="3384" EndNode="3428">
<Feature>
  <Name className="java.lang.String">type</Name>
  <Value className="java.lang.String">else</Value>
</Feature>
<Feature>
  <Name className="java.lang.String">unclear</Name>
  <Value className="java.lang.String">true</Value>
</Feature>
<Feature>
  <Name className="java.lang.String">polarity</Name>
  <Value className="java.lang.String">negative</Value>
</Feature>
</Annotation>
<Annotation Id="33" Type="arg" StartNode="3430" EndNode="3539">
<Feature>
  <Name className="java.lang.String">type</Name>
  <Value className="java.lang.String">label</Value>
</Feature>
<Feature>
  <Name className="java.lang.String">ss-label</Name>
  <Value className="java.lang.String">makes_healthcare_costs_grow_faster</Value>
</Feature>
<Feature>
  <Name className="java.lang.String">polarity</Name>
  <Value className="java.lang.String">negative</Value>
</Feature>
</Annotation>
<Annotation Id="38" Type="arg" StartNode="1740" EndNode="1879">
<Feature>
  <Name className="java.lang.String"></Name>
  <Value className="java.lang.String">true</Value>
</Feature>
<Feature>
  <Name className="java.lang.String">ss-label</Name>
  <Value className="java.lang.String">individuals_will_pay_more</Value>
</Feature>
<Feature>
  <Name className="java.lang.String">type</Name>
  <Value className="java.lang.String">label</Value>
</Feature>
<Feature>
  <Name className="java.lang.String">polarity</Name>
  <Value className="java.lang.String">negative</Value>
</Feature>
</Annotation>
<Annotation Id="39" Type="arg" StartNode="1881" EndNode="1970">
<Feature>
  <Name className="java.lang.String">type</Name>
  <Value className="java.lang.String">label</Value>
</Feature>
<Feature>
  <Name className="java.lang.String">ss-label</Name>
  <Value className="java.lang.String">govt_reaching_beyond_authority</Value>
</Feature>
<Feature>
  <Name className="java.lang.String">polarity</Name>
  <Value className="java.lang.String">negative</Value>
</Feature>
</Annotation>
<Annotation Id="36" Type="rel" StartNode="2550" EndNode="2696">
<Feature>
  <Name className="java.lang.String">type</Name>
  <Value className="java.lang.String">label</Value>
</Feature>
<Feature>
  <Name className="java.lang.String">ss-label</Name>
  <Value className="java.lang.String">medicaid_will_stop_being_accepted</Value>
</Feature>
</Annotation>
<Annotation Id="37" Type="rel" StartNode="1652" EndNode="1739">
<Feature>
  <Name className="java.lang.String">type</Name>
  <Value className="java.lang.String">label</Value>
</Feature>
<Feature>
  <Name className="java.lang.String">ss-label</Name>
  <Value className="java.lang.String">individuals_will_pay_more</Value>
</Feature>
<Feature>
  <Name className="java.lang.String">polarity</Name>
  <Value className="java.lang.String">negative</Value>
</Feature>
</Annotation>
<Annotation Id="42" Type="para" StartNode="148" EndNode="452">
<Feature>
  <Name className="java.lang.String">argmnt-label</Name>
  <Value className="java.lang.String">expands_federal_govt</Value>
</Feature>
</Annotation>
<Annotation Id="43" Type="para" StartNode="454" EndNode="673">
<Feature>
  <Name className="java.lang.String">argmnt-label</Name>
  <Value className="java.lang.String">will_cost_more_than_anticipated</Value>
</Feature>
</Annotation>
<Annotation Id="40" Type="arg" StartNode="1972" EndNode="2112">
<Feature>
  <Name className="java.lang.String">ss-label</Name>
  <Value className="java.lang.String">goal_is_to_expand_entitlements</Value>
</Feature>
<Feature>
  <Name className="java.lang.String">unclear</Name>
  <Value className="java.lang.String">true</Value>
</Feature>
<Feature>
  <Name className="java.lang.String">type</Name>
  <Value className="java.lang.String">label</Value>
</Feature>
<Feature>
  <Name className="java.lang.String">polarity</Name>
  <Value className="java.lang.String">negative</Value>
</Feature>
<Feature>
  <Name className="java.lang.String">incomplete</Name>
  <Value className="java.lang.String">true</Value>
</Feature>
</Annotation>
<Annotation Id="41" Type="rel" StartNode="1498" EndNode="1649">
<Feature>
  <Name className="java.lang.String">type</Name>
  <Value className="java.lang.String">label</Value>
</Feature>
<Feature>
  <Name className="java.lang.String">ss-label</Name>
  <Value className="java.lang.String">makes_healthcare_costs_grow_faster</Value>
</Feature>
</Annotation>
<Annotation Id="46" Type="para" StartNode="1498" EndNode="2232">
<Feature>
  <Name className="java.lang.String">argmnt-label</Name>
  <Value className="java.lang.String">expands_federal_govt</Value>
</Feature>
<Feature>
  <Name className="java.lang.String">misc</Name>
  <Value className="java.lang.String">individuals_will_pay_more</Value>
</Feature>
</Annotation>
<Annotation Id="47" Type="para" StartNode="2234" EndNode="2697">
<Feature>
  <Name className="java.lang.String">argmnt-label</Name>
  <Value className="java.lang.String">reduces_availability_of_medical_care</Value>
</Feature>
</Annotation>
<Annotation Id="44" Type="para" StartNode="679" EndNode="1170">
<Feature>
  <Name className="java.lang.String">argmnt-label</Name>
  <Value className="java.lang.String">will_cost_more_than_anticipated</Value>
</Feature>
</Annotation>
<Annotation Id="45" Type="para" StartNode="1172" EndNode="1492">
<Feature>
  <Name className="java.lang.String">argmnt-label</Name>
  <Value className="java.lang.String">expanding_coverage_is_too_costly</Value>
</Feature>
</Annotation>
<Annotation Id="51" Type="gfbf" StartNode="248" EndNode="253">
<Feature>
  <Name className="java.lang.String">agentId</Name>
  <Value className="java.lang.String">52</Value>
</Feature>
<Feature>
  <Name className="java.lang.String">objectId</Name>
  <Value className="java.lang.String">53</Value>
</Feature>
<Feature>
  <Name className="java.lang.String">polarity</Name>
  <Value className="java.lang.String">badfor</Value>
</Feature>
</Annotation>
<Annotation Id="50" Type="para" StartNode="3037" EndNode="3540">
<Feature>
  <Name className="java.lang.String">argmnt-label</Name>
  <Value className="java.lang.String">govt_reaching_beyond_authority</Value>
</Feature>
</Annotation>
<Annotation Id="49" Type="par" StartNode="3037" EndNode="3540">
</Annotation>
<Annotation Id="48" Type="para" StartNode="2699" EndNode="3035">
<Feature>
  <Name className="java.lang.String">unclear</Name>
  <Value className="java.lang.String">true</Value>
</Feature>
<Feature>
  <Name className="java.lang.String">argmnt-label</Name>
  <Value className="java.lang.String">does_not_control_healthcare_costs</Value>
</Feature>
</Annotation>
<Annotation Id="55" Type="gfbf-object" StartNode="725" EndNode="742">
<Feature>
  <Name className="java.lang.String">writerAtt</Name>
  <Value className="java.lang.String">negative</Value>
</Feature>
</Annotation>
<Annotation Id="54" Type="gfbf" StartNode="717" EndNode="724">
<Feature>
  <Name className="java.lang.String">agentId</Name>
  <Value className="java.lang.String">56</Value>
</Feature>
<Feature>
  <Name className="java.lang.String">objectId</Name>
  <Value className="java.lang.String">55</Value>
</Feature>
<Feature>
  <Name className="java.lang.String">polarity</Name>
  <Value className="java.lang.String">badfor</Value>
</Feature>
</Annotation>
<Annotation Id="53" Type="gfbf-object" StartNode="254" EndNode="271">
<Feature>
  <Name className="java.lang.String">writerAtt</Name>
  <Value className="java.lang.String">negative</Value>
</Feature>
</Annotation>
<Annotation Id="52" Type="gfbf-agent" StartNode="218" EndNode="241">
<Feature>
  <Name className="java.lang.String">comment</Name>
  <Value className="java.lang.String">under Obama's arguing?</Value>
</Feature>
<Feature>
  <Name className="java.lang.String">unclear</Name>
  <Value className="java.lang.String">true</Value>
</Feature>
<Feature>
  <Name className="java.lang.String">writerAtt</Name>
  <Value className="java.lang.String">negative</Value>
</Feature>
</Annotation>
<Annotation Id="59" Type="gfbf-object" StartNode="1748" EndNode="1769">
<Feature>
  <Name className="java.lang.String">writerAtt</Name>
  <Value className="java.lang.String">positive</Value>
</Feature>
</Annotation>
<Annotation Id="58" Type="gfbf" StartNode="1778" EndNode="1784">
<Feature>
  <Name className="java.lang.String">unclear</Name>
  <Value className="java.lang.String">true</Value>
</Feature>
<Feature>
  <Name className="java.lang.String">agentId</Name>
  <Value className="java.lang.String">implicit</Value>
</Feature>
<Feature>
  <Name className="java.lang.String">objectId</Name>
  <Value className="java.lang.String">59</Value>
</Feature>
<Feature>
  <Name className="java.lang.String">polarity</Name>
  <Value className="java.lang.String">badfor</Value>
</Feature>
</Annotation>
<Annotation Id="57" Type="others" StartNode="813" EndNode="817">
<Feature>
  <Name className="java.lang.String">comment</Name>
  <Value className="java.lang.String">GoodFor agent</Value>
</Feature>
</Annotation>
<Annotation Id="56" Type="gfbf-agent" StartNode="687" EndNode="713">
<Feature>
  <Name className="java.lang.String">writerAtt</Name>
  <Value className="java.lang.String">negative</Value>
</Feature>
</Annotation>
<Annotation Id="62" Type="gfbf-object" StartNode="2086" EndNode="2097">
<Feature>
  <Name className="java.lang.String">writerAtt</Name>
  <Value className="java.lang.String">negative</Value>
</Feature>
</Annotation>
<Annotation Id="61" Type="gfbf-agent" StartNode="2098" EndNode="2100">
<Feature>
  <Name className="java.lang.String">referentId</Name>
  <Value className="java.lang.String">102</Value>
</Feature>
<Feature>
  <Name className="java.lang.String">reference</Name>
  <Value className="java.lang.String">true</Value>
</Feature>
<Feature>
  <Name className="java.lang.String">writerAtt</Name>
  <Value className="java.lang.String">negative</Value>
</Feature>
</Annotation>
<Annotation Id="60" Type="gfbf" StartNode="2105" EndNode="2112">
<Feature>
  <Name className="java.lang.String">agentId</Name>
  <Value className="java.lang.String">61</Value>
</Feature>
<Feature>
  <Name className="java.lang.String">objectId</Name>
  <Value className="java.lang.String">62</Value>
</Feature>
<Feature>
  <Name className="java.lang.String">polarity</Name>
  <Value className="java.lang.String">goodfor</Value>
</Feature>
</Annotation>
<Annotation Id="68" Type="gfbf-object" StartNode="2166" EndNode="2171">
<Feature>
  <Name className="java.lang.String">writerAtt</Name>
  <Value className="java.lang.String">negative</Value>
</Feature>
</Annotation>
<Annotation Id="69" Type="gfbf-agent" StartNode="2182" EndNode="2203">
<Feature>
  <Name className="java.lang.String">writerAtt</Name>
  <Value className="java.lang.String">negative</Value>
</Feature>
</Annotation>
<Annotation Id="70" Type="gfbf" StartNode="2294" EndNode="2300">
<Feature>
  <Name className="java.lang.String">agentId</Name>
  <Value className="java.lang.String">72</Value>
</Feature>
<Feature>
  <Name className="java.lang.String">objectId</Name>
  <Value className="java.lang.String">71</Value>
</Feature>
<Feature>
  <Name className="java.lang.String">polarity</Name>
  <Value className="java.lang.String">goodfor</Value>
</Feature>
</Annotation>
<Annotation Id="71" Type="gfbf-object" StartNode="2301" EndNode="2309">
<Feature>
  <Name className="java.lang.String">writerAtt</Name>
  <Value className="java.lang.String">positive</Value>
</Feature>
</Annotation>
<Annotation Id="64" Type="gfbf" StartNode="2080" EndNode="2085">
<Feature>
  <Name className="java.lang.String">agentId</Name>
  <Value className="java.lang.String">65</Value>
</Feature>
<Feature>
  <Name className="java.lang.String">objectId</Name>
  <Value className="java.lang.String">62</Value>
</Feature>
<Feature>
  <Name className="java.lang.String">polarity</Name>
  <Value className="java.lang.String">goodfor</Value>
</Feature>
</Annotation>
<Annotation Id="65" Type="gfbf-agent" StartNode="2065" EndNode="2067">
<Feature>
  <Name className="java.lang.String">referentId</Name>
  <Value className="java.lang.String">102</Value>
</Feature>
<Feature>
  <Name className="java.lang.String">reference</Name>
  <Value className="java.lang.String">true</Value>
</Feature>
<Feature>
  <Name className="java.lang.String">writerAtt</Name>
  <Value className="java.lang.String">negative</Value>
</Feature>
</Annotation>
<Annotation Id="67" Type="gfbf" StartNode="2156" EndNode="2165">
<Feature>
  <Name className="java.lang.String">agentId</Name>
  <Value className="java.lang.String">69</Value>
</Feature>
<Feature>
  <Name className="java.lang.String">objectId</Name>
  <Value className="java.lang.String">68</Value>
</Feature>
<Feature>
  <Name className="java.lang.String">polarity</Name>
  <Value className="java.lang.String">goodfor</Value>
</Feature>
</Annotation>
<Annotation Id="76" Type="gfbf-object" StartNode="2261" EndNode="2283">
<Feature>
  <Name className="java.lang.String">writerAtt</Name>
  <Value className="java.lang.String">negative</Value>
</Feature>
</Annotation>
<Annotation Id="77" Type="gfbf" StartNode="2253" EndNode="2260">
<Feature>
  <Name className="java.lang.String">agentId</Name>
  <Value className="java.lang.String">79</Value>
</Feature>
<Feature>
  <Name className="java.lang.String">objectId</Name>
  <Value className="java.lang.String">76</Value>
</Feature>
<Feature>
  <Name className="java.lang.String">polarity</Name>
  <Value className="java.lang.String">badfor</Value>
</Feature>
</Annotation>
<Annotation Id="78" Type="influencer" StartNode="2245" EndNode="2252">
<Feature>
  <Name className="java.lang.String">effect</Name>
  <Value className="java.lang.String">reverse</Value>
</Feature>
<Feature>
  <Name className="java.lang.String">agentId</Name>
  <Value className="java.lang.String">79</Value>
</Feature>
<Feature>
  <Name className="java.lang.String">objectId</Name>
  <Value className="java.lang.String">77</Value>
</Feature>
</Annotation>
<Annotation Id="79" Type="gfbf-agent" StartNode="2234" EndNode="2244">
<Feature>
  <Name className="java.lang.String">writerAtt</Name>
  <Value className="java.lang.String">negative</Value>
</Feature>
</Annotation>
<Annotation Id="72" Type="gfbf-agent" StartNode="2286" EndNode="2289">
<Feature>
  <Name className="java.lang.String">writerAtt</Name>
  <Value className="java.lang.String">positive</Value>
</Feature>
</Annotation>
<Annotation Id="74" Type="gfbf" StartNode="2358" EndNode="2367">
<Feature>
  <Name className="java.lang.String">agentId</Name>
  <Value className="java.lang.String">80</Value>
</Feature>
<Feature>
  <Name className="java.lang.String">objectId</Name>
  <Value className="java.lang.String">75</Value>
</Feature>
<Feature>
  <Name className="java.lang.String">polarity</Name>
  <Value className="java.lang.String">goodfor</Value>
</Feature>
</Annotation>
<Annotation Id="75" Type="gfbf-object" StartNode="2368" EndNode="2383">
<Feature>
  <Name className="java.lang.String">writerAtt</Name>
  <Value className="java.lang.String">positive</Value>
</Feature>
</Annotation>
<Annotation Id="85" Type="gfbf-object" StartNode="2462" EndNode="2480">
<Feature>
  <Name className="java.lang.String">writerAtt</Name>
  <Value className="java.lang.String">positive</Value>
</Feature>
</Annotation>
<Annotation Id="84" Type="gfbf" StartNode="2453" EndNode="2461">
<Feature>
  <Name className="java.lang.String">agentId</Name>
  <Value className="java.lang.String">105</Value>
</Feature>
<Feature>
  <Name className="java.lang.String">objectId</Name>
  <Value className="java.lang.String">85</Value>
</Feature>
<Feature>
  <Name className="java.lang.String">polarity</Name>
  <Value className="java.lang.String">badfor</Value>
</Feature>
</Annotation>
<Annotation Id="86" Type="influencer" StartNode="2445" EndNode="2452">
<Feature>
  <Name className="java.lang.String">effect</Name>
  <Value className="java.lang.String">reverse</Value>
</Feature>
<Feature>
  <Name className="java.lang.String">agentId</Name>
  <Value className="java.lang.String">105</Value>
</Feature>
<Feature>
  <Name className="java.lang.String">objectId</Name>
  <Value className="java.lang.String">84</Value>
</Feature>
</Annotation>
<Annotation Id="81" Type="influencer" StartNode="2350" EndNode="2357">
<Feature>
  <Name className="java.lang.String">effect</Name>
  <Value className="java.lang.String">reverse</Value>
</Feature>
<Feature>
  <Name className="java.lang.String">agentId</Name>
  <Value className="java.lang.String">80</Value>
</Feature>
<Feature>
  <Name className="java.lang.String">objectId</Name>
  <Value className="java.lang.String">74</Value>
</Feature>
</Annotation>
<Annotation Id="80" Type="gfbf-agent" StartNode="2328" EndNode="2349">
<Feature>
  <Name className="java.lang.String">writerAtt</Name>
  <Value className="java.lang.String">negative</Value>
</Feature>
</Annotation>
<Annotation Id="83" Type="gfbf-object" StartNode="2426" EndNode="2444">
<Feature>
  <Name className="java.lang.String">writerAtt</Name>
  <Value className="java.lang.String">positive</Value>
</Feature>
</Annotation>
<Annotation Id="82" Type="gfbf" StartNode="2415" EndNode="2425">
<Feature>
  <Name className="java.lang.String">agentId</Name>
  <Value className="java.lang.String">implicit</Value>
</Feature>
<Feature>
  <Name className="java.lang.String">polarity</Name>
  <Value className="java.lang.String">goodfor</Value>
</Feature>
<Feature>
  <Name className="java.lang.String">objectId</Name>
  <Value className="java.lang.String">83</Value>
</Feature>
</Annotation>
<Annotation Id="93" Type="gfbf-object" StartNode="2997" EndNode="3033">
<Feature>
  <Name className="java.lang.String">unclear</Name>
  <Value className="java.lang.String">true</Value>
</Feature>
<Feature>
  <Name className="java.lang.String">writerAtt</Name>
  <Value className="java.lang.String">positive</Value>
</Feature>
</Annotation>
<Annotation Id="95" Type="influencer" StartNode="2982" EndNode="2989">
<Feature>
  <Name className="java.lang.String">effect</Name>
  <Value className="java.lang.String">reverse</Value>
</Feature>
<Feature>
  <Name className="java.lang.String">agentId</Name>
  <Value className="java.lang.String">94</Value>
</Feature>
<Feature>
  <Name className="java.lang.String">objectId</Name>
  <Value className="java.lang.String">91</Value>
</Feature>
</Annotation>
<Annotation Id="94" Type="gfbf-agent" StartNode="2975" EndNode="2981">
<Feature>
  <Name className="java.lang.String">writerAtt</Name>
  <Value className="java.lang.String">negative</Value>
</Feature>
</Annotation>
<Annotation Id="89" Type="gfbf-object" StartNode="2504" EndNode="2506">
<Feature>
  <Name className="java.lang.String">referentId</Name>
  <Value className="java.lang.String">103</Value>
</Feature>
<Feature>
  <Name className="java.lang.String">refererence</Name>
  <Value className="java.lang.String">true</Value>
</Feature>
<Feature>
  <Name className="java.lang.String">writerAtt</Name>
  <Value className="java.lang.String">positive</Value>
</Feature>
</Annotation>
<Annotation Id="88" Type="gfbf" StartNode="2494" EndNode="2503">
<Feature>
  <Name className="java.lang.String">agentId</Name>
  <Value className="java.lang.String">105</Value>
</Feature>
<Feature>
  <Name className="java.lang.String">objectId</Name>
  <Value className="java.lang.String">89</Value>
</Feature>
<Feature>
  <Name className="java.lang.String">polarity</Name>
  <Value className="java.lang.String">goodfor</Value>
</Feature>
</Annotation>
<Annotation Id="91" Type="gfbf" StartNode="2990" EndNode="2996">
<Feature>
  <Name className="java.lang.String">agentId</Name>
  <Value className="java.lang.String">94</Value>
</Feature>
<Feature>
  <Name className="java.lang.String">objectId</Name>
  <Value className="java.lang.String">93</Value>
</Feature>
<Feature>
  <Name className="java.lang.String">polarity</Name>
  <Value className="java.lang.String">goodfor</Value>
</Feature>
</Annotation>
<Annotation Id="102" Type="referent" StartNode="1825" EndNode="1850">
<Feature>
  <Name className="java.lang.String">writerAtt</Name>
  <Value className="java.lang.String">negative</Value>
</Feature>
</Annotation>
<Annotation Id="103" Type="referent" StartNode="2462" EndNode="2480">
<Feature>
  <Name className="java.lang.String">writerAtt</Name>
  <Value className="java.lang.String">positive</Value>
</Feature>
</Annotation>
<Annotation Id="100" Type="gfbf" StartNode="3350" EndNode="3357">
<Feature>
  <Name className="java.lang.String">agentId</Name>
  <Value className="java.lang.String">99</Value>
</Feature>
<Feature>
  <Name className="java.lang.String">objectId</Name>
  <Value className="java.lang.String">101</Value>
</Feature>
<Feature>
  <Name className="java.lang.String">polarity</Name>
  <Value className="java.lang.String">badfor</Value>
</Feature>
</Annotation>
<Annotation Id="101" Type="gfbf-object" StartNode="3358" EndNode="3369">
<Feature>
  <Name className="java.lang.String">referentId</Name>
  <Value className="java.lang.String">104</Value>
</Feature>
<Feature>
  <Name className="java.lang.String">refererence</Name>
  <Value className="java.lang.String">true</Value>
</Feature>
<Feature>
  <Name className="java.lang.String">writerAtt</Name>
  <Value className="java.lang.String">positive</Value>
</Feature>
</Annotation>
<Annotation Id="98" Type="gfbf-agent" StartNode="3229" EndNode="3243">
<Feature>
  <Name className="java.lang.String">writerAtt</Name>
  <Value className="java.lang.String">negative</Value>
</Feature>
</Annotation>
<Annotation Id="99" Type="gfbf-agent" StartNode="3229" EndNode="3243">
<Feature>
  <Name className="java.lang.String">writerAtt</Name>
  <Value className="java.lang.String">negative</Value>
</Feature>
</Annotation>
<Annotation Id="96" Type="gfbf" StartNode="3263" EndNode="3291">
<Feature>
  <Name className="java.lang.String">agentId</Name>
  <Value className="java.lang.String">98</Value>
</Feature>
<Feature>
  <Name className="java.lang.String">objectId</Name>
  <Value className="java.lang.String">97</Value>
</Feature>
<Feature>
  <Name className="java.lang.String">polarity</Name>
  <Value className="java.lang.String">badfor</Value>
</Feature>
</Annotation>
<Annotation Id="97" Type="gfbf-object" StartNode="3292" EndNode="3342">
<Feature>
  <Name className="java.lang.String">writerAtt</Name>
  <Value className="java.lang.String">positive</Value>
</Feature>
</Annotation>
<Annotation Id="104" Type="referent" StartNode="3292" EndNode="3342">
<Feature>
  <Name className="java.lang.String">writerAtt</Name>
  <Value className="java.lang.String">positive</Value>
</Feature>
</Annotation>
<Annotation Id="105" Type="gfbf-agent" StartNode="2415" EndNode="2444">
<Feature>
  <Name className="java.lang.String">writerAtt</Name>
  <Value className="java.lang.String">positive</Value>
</Feature>
</Annotation>
</AnnotationSet>

<!-- Named annotation set -->

<AnnotationSet Name="Original markups">
<Annotation Id="0" Type="paragraph" StartNode="0" EndNode="146">
</Annotation>
<Annotation Id="1" Type="paragraph" StartNode="148" EndNode="452">
</Annotation>
<Annotation Id="2" Type="paragraph" StartNode="454" EndNode="673">
</Annotation>
<Annotation Id="3" Type="paragraph" StartNode="679" EndNode="877">
</Annotation>
<Annotation Id="4" Type="paragraph" StartNode="883" EndNode="1170">
</Annotation>
<Annotation Id="5" Type="paragraph" StartNode="1172" EndNode="1243">
</Annotation>
<Annotation Id="6" Type="paragraph" StartNode="1249" EndNode="1492">
</Annotation>
<Annotation Id="7" Type="paragraph" StartNode="1498" EndNode="1650">
</Annotation>
<Annotation Id="8" Type="paragraph" StartNode="1652" EndNode="2232">
</Annotation>
<Annotation Id="9" Type="paragraph" StartNode="2234" EndNode="2697">
</Annotation>
<Annotation Id="10" Type="paragraph" StartNode="2699" EndNode="2748">
</Annotation>
<Annotation Id="11" Type="paragraph" StartNode="2755" EndNode="3035">
</Annotation>
<Annotation Id="12" Type="paragraph" StartNode="3037" EndNode="3139">
</Annotation>
<Annotation Id="13" Type="paragraph" StartNode="3141" EndNode="3540">
</Annotation>
<Annotation Id="15" Type="paragraph" StartNode="3545" EndNode="3691">
</Annotation>
</AnnotationSet>

</GateDocument>
