<?xml version='1.0' encoding='US-ASCII'?>
<GateDocument version="2">
<!-- The document's features-->

<GateDocumentFeatures>
<Feature>
  <Name className="java.lang.String">gate.SourceURL</Name>
  <Value className="java.lang.String">file:/home/conrada/Dropbox/healthcare_data/devel2/hcd021.txt</Value>
</Feature>
<Feature>
  <Name className="java.lang.String">MimeType</Name>
  <Value className="java.lang.String">text/plain</Value>
</Feature>
<Feature>
  <Name className="java.lang.String">docNewLineType</Name>
  <Value className="java.lang.String">LF</Value>
</Feature>
</GateDocumentFeatures>
<!-- The document content area with serialized nodes -->

<TextWithNodes><Node id="0"/>GOP claims <Node id="11"/>ObamaCare<Node id="20"/> will <Node id="26"/>cost<Node id="30"/> <Node id="31"/>states<Node id="37"/> $118 billion in next twelve years<Node id="71"/>
posted at 10:55 am on March 1, 2011 by Ed Morrissey<Node id="123"/>

<Node id="125"/>Well, what did people think would happen when <Node id="171"/>the federal government<Node id="193"/> mandated <Node id="203"/>a massive expansion of<Node id="225"/> <Node id="226"/>Medicaid<Node id="234"/>?<Node id="235"/>  <Node id="237"/>The GOP claims today [see updates below] that <Node id="283"/>the bill<Node id="291"/> will come to twice as much as first estimated, <Node id="339"/>hammering<Node id="348"/> <Node id="349"/>state budgets already in crisis mode now<Node id="389"/>:<Node id="390"/>

    <Node id="396"/>President Obama's health care law will cost state taxpayers at least $118.04 billion through 2023, about twice the Congressional Budget Office estimate of $60 billion through 2021, Republican members of Congress said today<Node id="618"/>. ...<Node id="623"/>

    "<Node id="630"/>Governors of both political parties were clear when Congress was debating the $2.6 trillion health law that they could not afford a massive expansion in Medicaid<Node id="791"/>. <Node id="793"/>Washington didn't listen and plowed forward instead by putting 16 million Americans onto the Medicaid rolls to <Node id="904"/>keep the federal price tag down<Node id="935"/>," said Hatch<Node id="948"/>. "<Node id="951"/>With this report, we see <Node id="976"/>the true cost to<Node id="992"/> <Node id="993"/>states<Node id="999"/>, who are already facing a collective $175 billion budget shortfall, of <Node id="1071"/>this unsustainable expansion<Node id="1099"/>.["]<Node id="1103"/>

<Node id="1105"/>This has long been the dirty little secret of ObamaCare<Node id="1160"/>.  <Node id="1163"/>While <Node id="1169"/>Barack Obama and Democrats in Congress<Node id="1207"/> promised health-insurance coverage for everyone <Node id="1256"/>without<Node id="1263"/> <Node id="1264"/>expanding<Node id="1273"/> <Node id="1274"/>the federal deficit<Node id="1293"/>, <Node id="1295"/>the programs<Node id="1307"/> <Node id="1308"/>burdened<Node id="1316"/> <Node id="1317"/>the states<Node id="1327"/> with <Node id="1333"/>mandates<Node id="1341"/> to <Node id="1345"/>expand<Node id="1351"/> <Node id="1352"/>Medicaid<Node id="1360"/> to cover the now-uninsured<Node id="1387"/>.  <Node id="1390"/>Ben Nelson got his Cornhusker Kickback to protect Nebraska from the financial hardship of those mandates for a few years<Node id="1510"/>, <Node id="1512"/>but otherwise Obama and the Democrats left states holding the bag for their new entitlement program<Node id="1611"/>.<Node id="1612"/>

<Node id="1614"/>For taxpayers, increased public costs hurt when they occur at any level.  <Node id="1688"/>Pushing the costs onto states<Node id="1717"/> may have <Node id="1727"/>helped<Node id="1733"/> <Node id="1734"/>Nancy Pelosi and Harry Reid<Node id="1761"/> look better<Node id="1773"/>, <Node id="1775"/>but <Node id="1779"/>the program<Node id="1790"/> will still far <Node id="1806"/>outstrip<Node id="1814"/> <Node id="1815"/>its revenue<Node id="1826"/> when viewed comprehensively - even without the "doc fix" that changed the reimbursement schedules on which ObamaCare's financials were built<Node id="1967"/>.  <Node id="1970"/>States<Node id="1976"/> will have to either <Node id="1997"/>hike<Node id="2001"/> <Node id="2002"/>taxes<Node id="2007"/> or <Node id="2011"/>cut<Node id="2014"/> <Node id="2015"/>their own spending<Node id="2033"/> to accommodate the federal mandate, which will put nearly every governor in the spot currently occupied by Scott Walker in Wisconsin at the moment, even if they don't arrive there on their own<Node id="2226"/>.<Node id="2227"/>

<Node id="2229"/>There is no such thing as "free" health insurance coverage, nor unlimited public resources.  <Node id="2322"/>Eventually, <Node id="2334"/>taxpayers<Node id="2343"/> will <Node id="2349"/>pay for<Node id="2356"/> <Node id="2357"/>ObamaCare<Node id="2366"/> through massive tax hikes, <Node id="2394"/>massive reductions in<Node id="2415"/> <Node id="2416"/>other services<Node id="2430"/>, or both, at the state and federal levels<Node id="2472"/>.  <Node id="2475"/>The only way to <Node id="2491"/>avoid<Node id="2496"/> <Node id="2497"/>it<Node id="2499"/> is to <Node id="2506"/>dump<Node id="2510"/> <Node id="2511"/>ObamaCare<Node id="2520"/> altogether<Node id="2531"/> to <Node id="2535"/>save<Node id="2539"/> <Node id="2540"/>the states<Node id="2550"/> and to <Node id="2558"/>start over on health-sector reform by using real pricing signals to <Node id="2626"/>force<Node id="2631"/> consumers to make intelligent choices<Node id="2669"/>.<Node id="2670"/>

<Node id="2672"/>Update: Reader Cory M makes a good point by e-mail, which is that the Republicans reported this result from the CBO, not that the CBO has publicly issued this analysis.  The National Journal report does say that; I misunderstood it when I first read it.  I've corrected the headline and inserted a note to see this update at the top.<Node id="3005"/>

<Node id="3007"/>Update II: Reader and reporter Avi Selk of the Dallas News also points out that the data on which the GOP relied came from many sources, and not just the CBO or primarily the CBO.  I've corrected the first paragraph accordingly.<Node id="3235"/>

<Node id="3237"/></TextWithNodes>
<!-- The default annotation set -->

<AnnotationSet>
<Annotation Id="9" Type="doc" StartNode="0" EndNode="3237">
<Feature>
  <Name className="java.lang.String">id</Name>
  <Value className="java.lang.String">hcd021</Value>
</Feature>
<Feature>
  <Name className="java.lang.String">author</Name>
  <Value className="java.lang.String">ed,morrissey</Value>
</Feature>
<Feature>
  <Name className="java.lang.String">source</Name>
  <Value className="java.lang.String">hotair</Value>
</Feature>
<Feature>
  <Name className="java.lang.String">date</Name>
  <Value className="java.lang.String">20110301</Value>
</Feature>
<Feature>
  <Name className="java.lang.String">side</Name>
  <Value className="java.lang.String">anti</Value>
</Feature>
<Feature>
  <Name className="java.lang.String">url</Name>
  <Value className="java.lang.String">http://hotair.com/archives/2011/03/01/cbo-obamacare-will-cost-states-118-billion-in-next-twelve-years/</Value>
</Feature>
</Annotation>
<Annotation Id="11" Type="arg" StartNode="0" EndNode="71">
<Feature>
  <Name className="java.lang.String">ss-label</Name>
  <Value className="java.lang.String">too_expensive_for_states</Value>
</Feature>
<Feature>
  <Name className="java.lang.String">unclear</Name>
  <Value className="java.lang.String">true</Value>
</Feature>
<Feature>
  <Name className="java.lang.String">type</Name>
  <Value className="java.lang.String">label</Value>
</Feature>
<Feature>
  <Name className="java.lang.String">polarity</Name>
  <Value className="java.lang.String">negative</Value>
</Feature>
</Annotation>
<Annotation Id="12" Type="arg" StartNode="125" EndNode="235">
<Feature>
  <Name className="java.lang.String">unclear</Name>
  <Value className="java.lang.String">true</Value>
</Feature>
<Feature>
  <Name className="java.lang.String">ss-label</Name>
  <Value className="java.lang.String">expanding_coverage_is_too_costly</Value>
</Feature>
<Feature>
  <Name className="java.lang.String">type</Name>
  <Value className="java.lang.String">label</Value>
</Feature>
<Feature>
  <Name className="java.lang.String">polarity</Name>
  <Value className="java.lang.String">negative</Value>
</Feature>
</Annotation>
<Annotation Id="13" Type="arg" StartNode="237" EndNode="389">
<Feature>
  <Name className="java.lang.String">type</Name>
  <Value className="java.lang.String">label</Value>
</Feature>
<Feature>
  <Name className="java.lang.String">ss-label</Name>
  <Value className="java.lang.String">expanding_coverage_is_too_costly</Value>
</Feature>
<Feature>
  <Name className="java.lang.String">polarity</Name>
  <Value className="java.lang.String">negative</Value>
</Feature>
</Annotation>
<Annotation Id="14" Type="rel" StartNode="396" EndNode="618">
<Feature>
  <Name className="java.lang.String">type</Name>
  <Value className="java.lang.String">label</Value>
</Feature>
<Feature>
  <Name className="java.lang.String">ss-label</Name>
  <Value className="java.lang.String">will_cost_more_than_anticipated</Value>
</Feature>
<Feature>
  <Name className="java.lang.String">polarity</Name>
  <Value className="java.lang.String">negative</Value>
</Feature>
</Annotation>
<Annotation Id="15" Type="rel" StartNode="630" EndNode="791">
<Feature>
  <Name className="java.lang.String">type</Name>
  <Value className="java.lang.String">label</Value>
</Feature>
<Feature>
  <Name className="java.lang.String">ss-label</Name>
  <Value className="java.lang.String">too_expensive_for_states</Value>
</Feature>
</Annotation>
<Annotation Id="17" Type="arg" StartNode="951" EndNode="1099">
<Feature>
  <Name className="java.lang.String">type</Name>
  <Value className="java.lang.String">label</Value>
</Feature>
<Feature>
  <Name className="java.lang.String">ss-label</Name>
  <Value className="java.lang.String">too_expensive_for_states</Value>
</Feature>
<Feature>
  <Name className="java.lang.String">polarity</Name>
  <Value className="java.lang.String">negative</Value>
</Feature>
</Annotation>
<Annotation Id="16" Type="arg" StartNode="793" EndNode="948">
<Feature>
  <Name className="java.lang.String"></Name>
  <Value className="java.lang.String"></Value>
</Feature>
<Feature>
  <Name className="java.lang.String">ss-label</Name>
  <Value className="java.lang.String">too_expensive_for_states</Value>
</Feature>
<Feature>
  <Name className="java.lang.String">type</Name>
  <Value className="java.lang.String">label</Value>
</Feature>
<Feature>
  <Name className="java.lang.String">polarity</Name>
  <Value className="java.lang.String">negative</Value>
</Feature>
</Annotation>
<Annotation Id="19" Type="arg" StartNode="1295" EndNode="1387">
<Feature>
  <Name className="java.lang.String">type</Name>
  <Value className="java.lang.String">label</Value>
</Feature>
<Feature>
  <Name className="java.lang.String">ss-label</Name>
  <Value className="java.lang.String">too_expensive_for_states</Value>
</Feature>
<Feature>
  <Name className="java.lang.String">polarity</Name>
  <Value className="java.lang.String">negative</Value>
</Feature>
</Annotation>
<Annotation Id="18" Type="arg" StartNode="1105" EndNode="1160">
<Feature>
  <Name className="java.lang.String">type</Name>
  <Value className="java.lang.String">label</Value>
</Feature>
<Feature>
  <Name className="java.lang.String">ss-label</Name>
  <Value className="java.lang.String">not_ethically_negotiated</Value>
</Feature>
<Feature>
  <Name className="java.lang.String">polarity</Name>
  <Value className="java.lang.String">negative</Value>
</Feature>
</Annotation>
<Annotation Id="21" Type="arg" StartNode="1512" EndNode="1611">
<Feature>
  <Name className="java.lang.String">type</Name>
  <Value className="java.lang.String">label</Value>
</Feature>
<Feature>
  <Name className="java.lang.String">ss-label</Name>
  <Value className="java.lang.String">too_expensive_for_states</Value>
</Feature>
<Feature>
  <Name className="java.lang.String">polarity</Name>
  <Value className="java.lang.String">negative</Value>
</Feature>
</Annotation>
<Annotation Id="20" Type="arg" StartNode="1163" EndNode="1293">
<Feature>
  <Name className="java.lang.String">type</Name>
  <Value className="java.lang.String">else</Value>
</Feature>
<Feature>
  <Name className="java.lang.String">unclear</Name>
  <Value className="java.lang.String">true</Value>
</Feature>
<Feature>
  <Name className="java.lang.String">polarity</Name>
  <Value className="java.lang.String">positive</Value>
</Feature>
</Annotation>
<Annotation Id="22" Type="rel" StartNode="1390" EndNode="1510">
<Feature>
  <Name className="java.lang.String">type</Name>
  <Value className="java.lang.String">label</Value>
</Feature>
<Feature>
  <Name className="java.lang.String">ss-label</Name>
  <Value className="java.lang.String">votes_bought_through_kickbacks</Value>
</Feature>
</Annotation>
<Annotation Id="25" Type="arg" StartNode="1775" EndNode="1967">
<Feature>
  <Name className="java.lang.String">type</Name>
  <Value className="java.lang.String">label</Value>
</Feature>
<Feature>
  <Name className="java.lang.String">ss-label</Name>
  <Value className="java.lang.String">will_cost_more_than_anticipated</Value>
</Feature>
<Feature>
  <Name className="java.lang.String">polarity</Name>
  <Value className="java.lang.String">negative</Value>
</Feature>
</Annotation>
<Annotation Id="24" Type="arg" StartNode="1688" EndNode="1773">
<Feature>
  <Name className="java.lang.String">type</Name>
  <Value className="java.lang.String">else</Value>
</Feature>
<Feature>
  <Name className="java.lang.String">unclear</Name>
  <Value className="java.lang.String">true</Value>
</Feature>
<Feature>
  <Name className="java.lang.String">polarity</Name>
  <Value className="java.lang.String">positive</Value>
</Feature>
</Annotation>
<Annotation Id="27" Type="arg" StartNode="2322" EndNode="2472">
<Feature>
  <Name className="java.lang.String">type</Name>
  <Value className="java.lang.String">label</Value>
</Feature>
<Feature>
  <Name className="java.lang.String">ss-label</Name>
  <Value className="java.lang.String">individuals_will_pay_more</Value>
</Feature>
<Feature>
  <Name className="java.lang.String">polarity</Name>
  <Value className="java.lang.String">negative</Value>
</Feature>
</Annotation>
<Annotation Id="26" Type="arg" StartNode="1970" EndNode="2226">
<Feature>
  <Name className="java.lang.String">ss-label</Name>
  <Value className="java.lang.String">too_expensive_for_states</Value>
</Feature>
<Feature>
  <Name className="java.lang.String">unclear</Name>
  <Value className="java.lang.String">true</Value>
</Feature>
<Feature>
  <Name className="java.lang.String">type</Name>
  <Value className="java.lang.String">label</Value>
</Feature>
<Feature>
  <Name className="java.lang.String">polarity</Name>
  <Value className="java.lang.String">negative</Value>
</Feature>
</Annotation>
<Annotation Id="29" Type="arg" StartNode="2558" EndNode="2669">
<Feature>
  <Name className="java.lang.String">type</Name>
  <Value className="java.lang.String">label</Value>
</Feature>
<Feature>
  <Name className="java.lang.String">ss-label</Name>
  <Value className="java.lang.String">other_reforms_more_effective</Value>
</Feature>
<Feature>
  <Name className="java.lang.String">polarity</Name>
  <Value className="java.lang.String">positive</Value>
</Feature>
</Annotation>
<Annotation Id="28" Type="arg" StartNode="2475" EndNode="2550">
<Feature>
  <Name className="java.lang.String">type</Name>
  <Value className="java.lang.String">label</Value>
</Feature>
<Feature>
  <Name className="java.lang.String">ss-label</Name>
  <Value className="java.lang.String">should_be_repealed</Value>
</Feature>
<Feature>
  <Name className="java.lang.String">polarity</Name>
  <Value className="java.lang.String">positive</Value>
</Feature>
</Annotation>
<Annotation Id="30" Type="para" StartNode="125" EndNode="390">
<Feature>
  <Name className="java.lang.String">argmnt-label</Name>
  <Value className="java.lang.String">too_expensive_for_states</Value>
</Feature>
</Annotation>
<Annotation Id="34" Type="para" StartNode="1614" EndNode="2227">
<Feature>
  <Name className="java.lang.String">argmnt-label</Name>
  <Value className="java.lang.String">will_cost_more_than_anticipated</Value>
</Feature>
</Annotation>
<Annotation Id="35" Type="para" StartNode="2229" EndNode="2670">
<Feature>
  <Name className="java.lang.String">unclear</Name>
  <Value className="java.lang.String">true</Value>
</Feature>
<Feature>
  <Name className="java.lang.String">argmnt-label</Name>
  <Value className="java.lang.String">expanding_coverage_is_too_costly</Value>
</Feature>
<Feature>
  <Name className="java.lang.String">misc</Name>
  <Value className="java.lang.String">individuals_will_pay_higher_taxes</Value>
</Feature>
</Annotation>
<Annotation Id="32" Type="para" StartNode="396" EndNode="1103">
<Feature>
  <Name className="java.lang.String">argmnt-label</Name>
  <Value className="java.lang.String">too_expensive_for_states</Value>
</Feature>
</Annotation>
<Annotation Id="33" Type="para" StartNode="1105" EndNode="1612">
<Feature>
  <Name className="java.lang.String">argmnt-label</Name>
  <Value className="java.lang.String">too_expensive_for_states</Value>
</Feature>
<Feature>
  <Name className="java.lang.String">misc</Name>
  <Value className="java.lang.String">not_ethically_negotiated</Value>
</Feature>
</Annotation>
<Annotation Id="38" Type="gfbf" StartNode="26" EndNode="30">
<Feature>
  <Name className="java.lang.String">unclear</Name>
  <Value className="java.lang.String">true</Value>
</Feature>
<Feature>
  <Name className="java.lang.String">agentId</Name>
  <Value className="java.lang.String">40</Value>
</Feature>
<Feature>
  <Name className="java.lang.String">objectId</Name>
  <Value className="java.lang.String">39</Value>
</Feature>
<Feature>
  <Name className="java.lang.String">polarity</Name>
  <Value className="java.lang.String">badfor</Value>
</Feature>
</Annotation>
<Annotation Id="39" Type="gfbf-object" StartNode="31" EndNode="37">
<Feature>
  <Name className="java.lang.String">writerAtt</Name>
  <Value className="java.lang.String">positive</Value>
</Feature>
</Annotation>
<Annotation Id="36" Type="para" StartNode="2672" EndNode="3005">
<Feature>
  <Name className="java.lang.String">argmnt-label</Name>
  <Value className="java.lang.String">none</Value>
</Feature>
</Annotation>
<Annotation Id="37" Type="para" StartNode="3007" EndNode="3235">
<Feature>
  <Name className="java.lang.String">argmnt-label</Name>
  <Value className="java.lang.String">none</Value>
</Feature>
</Annotation>
<Annotation Id="42" Type="gfbf-object" StartNode="226" EndNode="234">
<Feature>
  <Name className="java.lang.String">unclear</Name>
  <Value className="java.lang.String">true</Value>
</Feature>
<Feature>
  <Name className="java.lang.String">writerAtt</Name>
  <Value className="java.lang.String">positive</Value>
</Feature>
</Annotation>
<Annotation Id="43" Type="gfbf-agent" StartNode="171" EndNode="193">
<Feature>
  <Name className="java.lang.String">writerAtt</Name>
  <Value className="java.lang.String">negative</Value>
</Feature>
</Annotation>
<Annotation Id="40" Type="gfbf-agent" StartNode="11" EndNode="20">
<Feature>
  <Name className="java.lang.String">writerAtt</Name>
  <Value className="java.lang.String">negative</Value>
</Feature>
</Annotation>
<Annotation Id="41" Type="gfbf" StartNode="203" EndNode="225">
<Feature>
  <Name className="java.lang.String">agentId</Name>
  <Value className="java.lang.String">43</Value>
</Feature>
<Feature>
  <Name className="java.lang.String">unclear</Name>
  <Value className="java.lang.String">true</Value>
</Feature>
<Feature>
  <Name className="java.lang.String">comment</Name>
  <Value className="java.lang.String">expansion is good, Medicaid is good, but expansion of Medicaid is not good...</Value>
</Feature>
<Feature>
  <Name className="java.lang.String">polarity</Name>
  <Value className="java.lang.String">goodfor</Value>
</Feature>
<Feature>
  <Name className="java.lang.String">objectId</Name>
  <Value className="java.lang.String">42</Value>
</Feature>
</Annotation>
<Annotation Id="46" Type="gfbf-agent" StartNode="283" EndNode="291">
<Feature>
  <Name className="java.lang.String">writerAtt</Name>
  <Value className="java.lang.String">negative</Value>
</Feature>
</Annotation>
<Annotation Id="47" Type="others" StartNode="904" EndNode="935">
<Feature>
  <Name className="java.lang.String">comment</Name>
  <Value className="java.lang.String">keep sth ADJ</Value>
</Feature>
</Annotation>
<Annotation Id="44" Type="gfbf" StartNode="339" EndNode="348">
<Feature>
  <Name className="java.lang.String">agentId</Name>
  <Value className="java.lang.String">46</Value>
</Feature>
<Feature>
  <Name className="java.lang.String">objectId</Name>
  <Value className="java.lang.String">45</Value>
</Feature>
<Feature>
  <Name className="java.lang.String">polarity</Name>
  <Value className="java.lang.String">badfor</Value>
</Feature>
</Annotation>
<Annotation Id="45" Type="gfbf-object" StartNode="349" EndNode="389">
<Feature>
  <Name className="java.lang.String">writerAtt</Name>
  <Value className="java.lang.String">negative</Value>
</Feature>
</Annotation>
<Annotation Id="51" Type="gfbf" StartNode="1264" EndNode="1273">
<Feature>
  <Name className="java.lang.String">agentId</Name>
  <Value className="java.lang.String">53</Value>
</Feature>
<Feature>
  <Name className="java.lang.String">objectId</Name>
  <Value className="java.lang.String">52</Value>
</Feature>
<Feature>
  <Name className="java.lang.String">polarity</Name>
  <Value className="java.lang.String">goodfor</Value>
</Feature>
</Annotation>
<Annotation Id="50" Type="gfbf-agent" StartNode="1071" EndNode="1099">
<Feature>
  <Name className="java.lang.String">writerAtt</Name>
  <Value className="java.lang.String">negative</Value>
</Feature>
</Annotation>
<Annotation Id="49" Type="gfbf-object" StartNode="993" EndNode="999">
<Feature>
  <Name className="java.lang.String">writerAtt</Name>
  <Value className="java.lang.String">positive</Value>
</Feature>
</Annotation>
<Annotation Id="48" Type="gfbf" StartNode="976" EndNode="992">
<Feature>
  <Name className="java.lang.String">agentId</Name>
  <Value className="java.lang.String">50</Value>
</Feature>
<Feature>
  <Name className="java.lang.String">objectId</Name>
  <Value className="java.lang.String">49</Value>
</Feature>
<Feature>
  <Name className="java.lang.String">polarity</Name>
  <Value className="java.lang.String">badfor</Value>
</Feature>
</Annotation>
<Annotation Id="55" Type="gfbf" StartNode="1308" EndNode="1316">
<Feature>
  <Name className="java.lang.String">agentId</Name>
  <Value className="java.lang.String">57</Value>
</Feature>
<Feature>
  <Name className="java.lang.String">objectId</Name>
  <Value className="java.lang.String">56</Value>
</Feature>
<Feature>
  <Name className="java.lang.String">polarity</Name>
  <Value className="java.lang.String">badfor</Value>
</Feature>
</Annotation>
<Annotation Id="54" Type="influencer" StartNode="1256" EndNode="1263">
<Feature>
  <Name className="java.lang.String">effect</Name>
  <Value className="java.lang.String">reverse</Value>
</Feature>
<Feature>
  <Name className="java.lang.String">agentId</Name>
  <Value className="java.lang.String">53</Value>
</Feature>
<Feature>
  <Name className="java.lang.String">objectId</Name>
  <Value className="java.lang.String">51</Value>
</Feature>
</Annotation>
<Annotation Id="53" Type="gfbf-agent" StartNode="1169" EndNode="1207">
<Feature>
  <Name className="java.lang.String">writerAtt</Name>
  <Value className="java.lang.String">negative</Value>
</Feature>
</Annotation>
<Annotation Id="52" Type="gfbf-object" StartNode="1274" EndNode="1293">
<Feature>
  <Name className="java.lang.String">writerAtt</Name>
  <Value className="java.lang.String">negative</Value>
</Feature>
</Annotation>
<Annotation Id="58" Type="gfbf" StartNode="1345" EndNode="1351">
<Feature>
  <Name className="java.lang.String">unclear</Name>
  <Value className="java.lang.String">true</Value>
</Feature>
<Feature>
  <Name className="java.lang.String">agentId</Name>
  <Value className="java.lang.String">60</Value>
</Feature>
<Feature>
  <Name className="java.lang.String">objectId</Name>
  <Value className="java.lang.String">96</Value>
</Feature>
<Feature>
  <Name className="java.lang.String">polarity</Name>
  <Value className="java.lang.String">goodfor</Value>
</Feature>
</Annotation>
<Annotation Id="57" Type="gfbf-agent" StartNode="1295" EndNode="1307">
<Feature>
  <Name className="java.lang.String">writerAtt</Name>
  <Value className="java.lang.String">negative</Value>
</Feature>
</Annotation>
<Annotation Id="56" Type="gfbf-object" StartNode="1317" EndNode="1327">
<Feature>
  <Name className="java.lang.String">writerAtt</Name>
  <Value className="java.lang.String">positive</Value>
</Feature>
</Annotation>
<Annotation Id="63" Type="gfbf-agent" StartNode="1688" EndNode="1717">
<Feature>
  <Name className="java.lang.String">writerAtt</Name>
  <Value className="java.lang.String">negative</Value>
</Feature>
</Annotation>
<Annotation Id="62" Type="gfbf-object" StartNode="1734" EndNode="1761">
<Feature>
  <Name className="java.lang.String">unclear</Name>
  <Value className="java.lang.String">true</Value>
</Feature>
<Feature>
  <Name className="java.lang.String">writerAtt</Name>
  <Value className="java.lang.String">negative</Value>
</Feature>
</Annotation>
<Annotation Id="61" Type="gfbf" StartNode="1727" EndNode="1733">
<Feature>
  <Name className="java.lang.String">agentId</Name>
  <Value className="java.lang.String">63</Value>
</Feature>
<Feature>
  <Name className="java.lang.String">objectId</Name>
  <Value className="java.lang.String">62</Value>
</Feature>
<Feature>
  <Name className="java.lang.String">polarity</Name>
  <Value className="java.lang.String">goodfor</Value>
</Feature>
</Annotation>
<Annotation Id="60" Type="gfbf-agent" StartNode="1333" EndNode="1341">
<Feature>
  <Name className="java.lang.String">writerAtt</Name>
  <Value className="java.lang.String">negative</Value>
</Feature>
</Annotation>
<Annotation Id="68" Type="gfbf" StartNode="1997" EndNode="2001">
<Feature>
  <Name className="java.lang.String">agentId</Name>
  <Value className="java.lang.String">70</Value>
</Feature>
<Feature>
  <Name className="java.lang.String">objectId</Name>
  <Value className="java.lang.String">69</Value>
</Feature>
<Feature>
  <Name className="java.lang.String">polarity</Name>
  <Value className="java.lang.String">goodfor</Value>
</Feature>
</Annotation>
<Annotation Id="69" Type="gfbf-object" StartNode="2002" EndNode="2007">
<Feature>
  <Name className="java.lang.String">writerAtt</Name>
  <Value className="java.lang.String">negative</Value>
</Feature>
</Annotation>
<Annotation Id="70" Type="gfbf-agent" StartNode="1970" EndNode="1976">
<Feature>
  <Name className="java.lang.String">writerAtt</Name>
  <Value className="java.lang.String">positive</Value>
</Feature>
</Annotation>
<Annotation Id="71" Type="gfbf" StartNode="2011" EndNode="2014">
<Feature>
  <Name className="java.lang.String">agentId</Name>
  <Value className="java.lang.String">73</Value>
</Feature>
<Feature>
  <Name className="java.lang.String">objectId</Name>
  <Value className="java.lang.String">72</Value>
</Feature>
<Feature>
  <Name className="java.lang.String">polarity</Name>
  <Value className="java.lang.String">badfor</Value>
</Feature>
</Annotation>
<Annotation Id="65" Type="gfbf" StartNode="1806" EndNode="1814">
<Feature>
  <Name className="java.lang.String">agentId</Name>
  <Value className="java.lang.String">90</Value>
</Feature>
<Feature>
  <Name className="java.lang.String">objectId</Name>
  <Value className="java.lang.String">66</Value>
</Feature>
<Feature>
  <Name className="java.lang.String">polarity</Name>
  <Value className="java.lang.String">badfor</Value>
</Feature>
</Annotation>
<Annotation Id="66" Type="gfbf-object" StartNode="1815" EndNode="1826">
<Feature>
  <Name className="java.lang.String">writerAtt</Name>
  <Value className="java.lang.String">positive</Value>
</Feature>
</Annotation>
<Annotation Id="76" Type="gfbf-agent" StartNode="2334" EndNode="2343">
<Feature>
  <Name className="java.lang.String">writerAtt</Name>
  <Value className="java.lang.String">positive</Value>
</Feature>
</Annotation>
<Annotation Id="78" Type="gfbf" StartNode="2394" EndNode="2415">
<Feature>
  <Name className="java.lang.String">agentId</Name>
  <Value className="java.lang.String">80</Value>
</Feature>
<Feature>
  <Name className="java.lang.String">objectId</Name>
  <Value className="java.lang.String">79</Value>
</Feature>
<Feature>
  <Name className="java.lang.String">polarity</Name>
  <Value className="java.lang.String">badfor</Value>
</Feature>
</Annotation>
<Annotation Id="79" Type="gfbf-object" StartNode="2416" EndNode="2430">
<Feature>
  <Name className="java.lang.String">writerAtt</Name>
  <Value className="java.lang.String">positive</Value>
</Feature>
</Annotation>
<Annotation Id="72" Type="gfbf-object" StartNode="2015" EndNode="2033">
<Feature>
  <Name className="java.lang.String">writerAtt</Name>
  <Value className="java.lang.String">positive</Value>
</Feature>
</Annotation>
<Annotation Id="73" Type="gfbf-agent" StartNode="1970" EndNode="1976">
<Feature>
  <Name className="java.lang.String">writerAtt</Name>
  <Value className="java.lang.String">positive</Value>
</Feature>
</Annotation>
<Annotation Id="74" Type="gfbf" StartNode="2349" EndNode="2356">
<Feature>
  <Name className="java.lang.String">agentId</Name>
  <Value className="java.lang.String">76</Value>
</Feature>
<Feature>
  <Name className="java.lang.String">comment</Name>
  <Value className="java.lang.String">BadFor agent</Value>
</Feature>
<Feature>
  <Name className="java.lang.String">objectId</Name>
  <Value className="java.lang.String">75</Value>
</Feature>
<Feature>
  <Name className="java.lang.String">polarity</Name>
  <Value className="java.lang.String">goodfor</Value>
</Feature>
</Annotation>
<Annotation Id="75" Type="gfbf-object" StartNode="2357" EndNode="2366">
<Feature>
  <Name className="java.lang.String">writerAtt</Name>
  <Value className="java.lang.String">negative</Value>
</Feature>
</Annotation>
<Annotation Id="85" Type="gfbf-object" StartNode="2540" EndNode="2550">
<Feature>
  <Name className="java.lang.String">writerAtt</Name>
  <Value className="java.lang.String">positive</Value>
</Feature>
</Annotation>
<Annotation Id="84" Type="gfbf" StartNode="2535" EndNode="2539">
<Feature>
  <Name className="java.lang.String">agentId</Name>
  <Value className="java.lang.String">87</Value>
</Feature>
<Feature>
  <Name className="java.lang.String">objectId</Name>
  <Value className="java.lang.String">85</Value>
</Feature>
<Feature>
  <Name className="java.lang.String">polarity</Name>
  <Value className="java.lang.String">goodfor</Value>
</Feature>
</Annotation>
<Annotation Id="87" Type="gfbf-agent" StartNode="2506" EndNode="2531">
<Feature>
  <Name className="java.lang.String">writerAtt</Name>
  <Value className="java.lang.String">positive</Value>
</Feature>
</Annotation>
<Annotation Id="86" Type="gfbf-agent" StartNode="2506" EndNode="2531">
<Feature>
  <Name className="java.lang.String">writerAtt</Name>
  <Value className="java.lang.String">positive</Value>
</Feature>
</Annotation>
<Annotation Id="80" Type="gfbf-agent" StartNode="2357" EndNode="2366">
<Feature>
  <Name className="java.lang.String">writerAtt</Name>
  <Value className="java.lang.String">negative</Value>
</Feature>
</Annotation>
<Annotation Id="83" Type="gfbf-object" StartNode="2497" EndNode="2499">
<Feature>
  <Name className="java.lang.String">referentId</Name>
  <Value className="java.lang.String">94</Value>
</Feature>
<Feature>
  <Name className="java.lang.String">refererence</Name>
  <Value className="java.lang.String">true</Value>
</Feature>
<Feature>
  <Name className="java.lang.String">writerAtt</Name>
  <Value className="java.lang.String">negative</Value>
</Feature>
</Annotation>
<Annotation Id="82" Type="gfbf" StartNode="2491" EndNode="2496">
<Feature>
  <Name className="java.lang.String">agentId</Name>
  <Value className="java.lang.String">86</Value>
</Feature>
<Feature>
  <Name className="java.lang.String">objectId</Name>
  <Value className="java.lang.String">83</Value>
</Feature>
<Feature>
  <Name className="java.lang.String">polarity</Name>
  <Value className="java.lang.String">badfor</Value>
</Feature>
</Annotation>
<Annotation Id="93" Type="gfbf-object" StartNode="2511" EndNode="2520">
<Feature>
  <Name className="java.lang.String">writerAtt</Name>
  <Value className="java.lang.String">negative</Value>
</Feature>
</Annotation>
<Annotation Id="92" Type="gfbf" StartNode="2506" EndNode="2510">
<Feature>
  <Name className="java.lang.String">agentId</Name>
  <Value className="java.lang.String">implicit</Value>
</Feature>
<Feature>
  <Name className="java.lang.String">polarity</Name>
  <Value className="java.lang.String">badfor</Value>
</Feature>
<Feature>
  <Name className="java.lang.String">objectId</Name>
  <Value className="java.lang.String">93</Value>
</Feature>
</Annotation>
<Annotation Id="94" Type="referent" StartNode="2334" EndNode="2472">
<Feature>
  <Name className="java.lang.String">writerAtt</Name>
  <Value className="java.lang.String">negative</Value>
</Feature>
</Annotation>
<Annotation Id="88" Type="others" StartNode="2626" EndNode="2631">
<Feature>
  <Name className="java.lang.String">comment</Name>
  <Value className="java.lang.String">really badFor?</Value>
</Feature>
</Annotation>
<Annotation Id="90" Type="gfbf-agent" StartNode="1779" EndNode="1790">
<Feature>
  <Name className="java.lang.String">writerAtt</Name>
  <Value className="java.lang.String">negative</Value>
</Feature>
</Annotation>
<Annotation Id="96" Type="gfbf-object" StartNode="1352" EndNode="1360">
<Feature>
  <Name className="java.lang.String">writerAtt</Name>
  <Value className="java.lang.String">positive</Value>
</Feature>
</Annotation>
</AnnotationSet>

<!-- Named annotation set -->

<AnnotationSet Name="Original markups">
<Annotation Id="0" Type="paragraph" StartNode="0" EndNode="123">
</Annotation>
<Annotation Id="1" Type="paragraph" StartNode="125" EndNode="390">
</Annotation>
<Annotation Id="2" Type="paragraph" StartNode="396" EndNode="623">
</Annotation>
<Annotation Id="3" Type="paragraph" StartNode="630" EndNode="1103">
</Annotation>
<Annotation Id="4" Type="paragraph" StartNode="1105" EndNode="1612">
</Annotation>
<Annotation Id="5" Type="paragraph" StartNode="1614" EndNode="2227">
</Annotation>
<Annotation Id="6" Type="paragraph" StartNode="2229" EndNode="2670">
</Annotation>
<Annotation Id="7" Type="paragraph" StartNode="2672" EndNode="3005">
</Annotation>
<Annotation Id="8" Type="paragraph" StartNode="3007" EndNode="3235">
</Annotation>
</AnnotationSet>

</GateDocument>
