<?xml version='1.0' encoding='MacRoman'?>
<GateDocument>
<!-- The document's features-->

<GateDocumentFeatures>
<Feature>
  <Name className="java.lang.String">gate.SourceURL</Name>
  <Value className="java.lang.String">file:/home/conrada/Dropbox/healthcare_data/devel2/hcd020.txt</Value>
</Feature>
<Feature>
  <Name className="java.lang.String">MimeType</Name>
  <Value className="java.lang.String">text/plain</Value>
</Feature>
<Feature>
  <Name className="java.lang.String">docNewLineType</Name>
  <Value className="java.lang.String">LF</Value>
</Feature>
</GateDocumentFeatures>
<!-- The document content area with serialized nodes -->

<TextWithNodes><Node id="0" />SaintPetersBlogFollowRSS
Daily Kos member<Node id="41" />

    <Node id="47" />Profile
    Diaries (list)
    Stream<Node id="84" />

<Node id="86" />Thu Dec 22, 2011 at 05:35 AM PST
<Node id="119" />Ten reasons to <Node id="134" />champion<Node id="142" /> <Node id="143" />the Affordable Care Act<Node id="166" />

<Node id="168" />by saintpetersblogFollow
Share
permalink 	7 Comments<Node id="220" />

<Node id="222" />How does the landmark health care reform legislation, called the Affordable Care Act, really measure up on the 2011 scorecard?<Node id="348" /> <Node id="349" />It scores 4 stars out of 5<Node id="375" />.  <Node id="378" />That's pretty good given its youth and grand vision to <Node id="433" />improve<Node id="440" /> health care access, affordability and quality for all Americans in this decade<Node id="519" />. <Node id="521" />Despite a lot of noise and confusion over opponents' claims<Node id="580" />, <Node id="582" />a quick look at the facts shows that <Node id="619" />this reform law<Node id="634" /> is well on its way to helping <Node id="665" />protect<Node id="672" /> <Node id="673" />working families and the middle class<Node id="710" />. <Node id="712" />Even here in Florida, and in spite of <Node id="750" />Governor Scott<Node id="764" />'s vehement <Node id="776" />opposition to<Node id="789" /> <Node id="790" />the law<Node id="797" /> through litigation, <Node id="818" />refusal to<Node id="828" /> <Node id="829" />accept<Node id="835" /> <Node id="836" />significant federal funds<Node id="861" /> or prepare to <Node id="876" />implement<Node id="885" /> <Node id="886" />its upcoming provisions<Node id="909" />, we see positive results<Node id="934" />.<Node id="935" />

<Node id="937" />60% of Americans say the ACA should be given time more time to work to fully realize its benefits<Node id="1034" />.*  Here's why:<Node id="1049" />

<Node id="1051" />1)      <Node id="1059" />GRANDMA WILL <Node id="1072" />GET BETTER BENEFITS<Node id="1091" />- <Node id="1093" />The Affordable Care Act  (ACA)<Node id="1123" /> <Node id="1124" />protects<Node id="1132" /> <Node id="1133" />Medicare for current seniors<Node id="1161" /> and <Node id="1166" />strengthens<Node id="1177" /> <Node id="1178" />it for future generations<Node id="1203" /> by focusing on the provision of free preventative care, <Node id="1260" />reducing<Node id="1268" /> <Node id="1269" />medication costs<Node id="1285" />, and <Node id="1291" />cracking down on<Node id="1307" /> <Node id="1308" />waste, fraud and abuse<Node id="1330" />, <Node id="1332" />ending<Node id="1338" /> <Node id="1339" />handouts to insurance, medical device and pharmaceutical companies<Node id="1405" />.<Node id="1406" />

<Node id="1408" />2)      <Node id="1416" />SAVING FLORIDA'S SENIORS MILLIONS - <Node id="1452" />More than 100,000 Florida seniors<Node id="1485" /> have <Node id="1491" />benefited<Node id="1500" /> from the <Node id="1510" />prescription coverage gap discount<Node id="1544" /> this year, saving nearly $52 million<Node id="1581" />. <Node id="1583" />Seniors will receive bigger discounts in the years ahead<Node id="1639" />. <Node id="1641" />By 2020, the so-called 'donut hole' coverage gap in prescription medicine costs will be closed completely<Node id="1746" />.<Node id="1747" />

<Node id="1749" />3)      <Node id="1757" />COVERAGE FOR<Node id="1769" /> <Node id="1770" />YOUNG ADULTS<Node id="1782" />- Thanks to the Affordable Care Act, 2.5 million more young adults (under 26) have health insurance coverage in 2011<Node id="1898" />. <Node id="1900" />An estimated 78,000 young adults in Florida will gain coverage this year because of this provision<Node id="1998" />.<Node id="1999" />

<Node id="2001" />4)      <Node id="2009" />A POUND OF CURE - Nationwide, 24 million people - or approximately half of those who have traditional Medicare - have taken advantage of free preventative health benefits, including an annual evaluation, and/or other free screening services, such as mammography, colonoscopy, and immunizations<Node id="2302" />.<Node id="2303" />

<Node id="2305" />5)      <Node id="2313" />FOLLOW THE MONEY- Through 2011, <Node id="2345" />the Prevention and Public Health Fund<Node id="2382" /> has already provided a total of $23.3 million to Florida to <Node id="2443" />support<Node id="2450" /> <Node id="2451" />the critical work of State and local health departments<Node id="2506" />. <Node id="2508" />Even though Gov. Scott has turned away many ACA related funds, there is still a financial lifeline to help enact its provisions<Node id="2635" />.  <Node id="2638" />

<Node id="2640" />6)      <Node id="2648" />CUTS<Node id="2652" /> <Node id="2653" />WASTE, FRAUD, AND ABUSE<Node id="2676" /> - It will be much harder to <Node id="2705" />bilk<Node id="2709" /> <Node id="2710" />Medicare and Medicaid<Node id="2731" />. <Node id="2733" />In a sweeping effort to <Node id="2757" />restore<Node id="2764" /> <Node id="2765" />accountability<Node id="2779" />, <Node id="2781" />the Affordable Care Act<Node id="2804" /> returned $5.6 billion back to Medicare by <Node id="2847" />cutting<Node id="2854" /> <Node id="2855" />waste, fraud and abuse<Node id="2877" />.<Node id="2878" />

<Node id="2880" />7)      <Node id="2888" />YOUR CHILD'S ASTHMA WON'T GET HER KICKED OFF YOUR INSURANCE PLAN<Node id="2952" /> - <Node id="2955" />The Affordable Care Act<Node id="2978" /> <Node id="2979" />protects<Node id="2987" /> <Node id="2988" />960,000 children in Florida with pre-existing conditions<Node id="3044" /> right now<Node id="3054" />.  <Node id="3057" />In 2014, under the ACA, NO person can be <Node id="3098" />denied<Node id="3104" /> insurance coverage for pre-existing medical conditions, and they will pay the same premiums as those without such conditions<Node id="3229" />.<Node id="3230" />

<Node id="3232" />8)      <Node id="3240" />JOBS, JOBS, JOBS-  Within one year of  the passage of the Affordable Care Act, <Node id="3319" />14 million jobs<Node id="3335" /> have been <Node id="3346" />created<Node id="3353" />.  <Node id="3356" />235,000 of those jobs are in healthcare, a growth sector<Node id="3412" />

<Node id="3414" />9)      <Node id="3422" />THE AMERICAN SPIRIT OF SERVICE - <Node id="3455" />The ACA<Node id="3462" /> <Node id="3463" />strengthens<Node id="3474" /> <Node id="3475" />a longtime program that allows medical graduates to get up to $175,000 in loans paid off in return for five years of medical service to underserved communities<Node id="3634" />.<Node id="3635" />

<Node id="3637" />10)  <Node id="3642" />SCHOOL BASED CLINICS- $2.6 million for School Based Health Centers in Florida will help <Node id="3730" />clinics<Node id="3737" /> <Node id="3738" />expand<Node id="3744" /> and <Node id="3749" />provide<Node id="3756" /> <Node id="3757" />more health care services<Node id="3782" /> directly to communities<Node id="3806" />.<Node id="3807" />

<Node id="3809" />A WORD ABOUT HEALTH CARE REFORM OPPONENTS<Node id="3850" />:<Node id="3851" />

<Node id="3853" />Many of the opponents of health care reform in Congress<Node id="3908" /> want to <Node id="3917" />take away<Node id="3926" /> <Node id="3927" />most or all of the provisions mentioned above<Node id="3972" /> ... but only from you<Node id="3994" />. <Node id="3996" />These protections are still good enough to keep for themselves as members of Congress<Node id="4081" />. <Node id="4083" />And, of course, they see healthcare as a privilege, rather than a basic human need<Node id="4165" />.  <Node id="4168" />They think that the more money you have, or the more important your job is, the more entitled you are to get your health care needs met<Node id="4303" />.<Node id="4304" />

<Node id="4306" />IS THE LAW CONSTITUTIONAL?<Node id="4332" />

<Node id="4334" />Social Security and Medicare went through the same growing pains and Supreme Court challenges to become the important, highly valued services they are today<Node id="4490" />.  <Node id="4493" />More than a hundred law professors, 35 economists, and three Nobel Prize winners say there's no doubt the new health law is constitutional<Node id="4631" />. <Node id="4633" />A majority of circuit court judges have ruled in favor of the law's requirement for everyone to pay into their own insurance, including notoriously conservative justices<Node id="4802" />.<Node id="4803" />

<Node id="4805" />THE BOTTOM LINE<Node id="4820" />

<Node id="4822" />The Affordable Care Act<Node id="4845" /> is working to both <Node id="4865" />protect<Node id="4872" /> <Node id="4873" />more American families<Node id="4895" /> and to <Node id="4903" />fix<Node id="4906" /> <Node id="4907" />a badly broken health care system<Node id="4940" />. <Node id="4942" />We need to keep the law in place and begin the work to <Node id="4997" />make it even better<Node id="5016" />.  <Node id="5019" />Learn about this new law's benefits, know how it affects you, fight for it, and defend it<Node id="5108" />.  <Node id="5111" />The facts are on your side, and your life might someday depend on it<Node id="5179" />.<Node id="5180" />

<Node id="5182" />The preceding was first posted on SaintPetersBlog.com by Darden Rice, Florida Communications Directors, Know Your Care/Protect Your Care.
Tags<Node id="5324" />

    <Node id="5330" />Affordable Care Act
    Barack Obama
    Health Care
    medicare<Node id="5395" />


<Node id="5398" /></TextWithNodes>
<!-- The default annotation set -->

<AnnotationSet>
<Annotation Id="25" Type="arg" StartNode="119" EndNode="166">
<Feature>
  <Name className="java.lang.String">type</Name>
  <Value className="java.lang.String">label</Value>
</Feature>
<Feature>
  <Name className="java.lang.String">ss-label</Name>
  <Value className="java.lang.String">bill_generally_good</Value>
</Feature>
<Feature>
  <Name className="java.lang.String">polarity</Name>
  <Value className="java.lang.String">positive</Value>
</Feature>
</Annotation>
<Annotation Id="24" Type="doc" StartNode="0" EndNode="5398">
<Feature>
  <Name className="java.lang.String">id</Name>
  <Value className="java.lang.String">hcd020</Value>
</Feature>
<Feature>
  <Name className="java.lang.String">author</Name>
  <Value className="java.lang.String">saintpetersblog</Value>
</Feature>
<Feature>
  <Name className="java.lang.String">source</Name>
  <Value className="java.lang.String">dailykos</Value>
</Feature>
<Feature>
  <Name className="java.lang.String">date</Name>
  <Value className="java.lang.String">20111222</Value>
</Feature>
<Feature>
  <Name className="java.lang.String">side</Name>
  <Value className="java.lang.String">pro</Value>
</Feature>
<Feature>
  <Name className="java.lang.String">url</Name>
  <Value className="java.lang.String">http://www.dailykos.com/story/2011/12/22/1047863/-Ten-reasons-to-champion-the-Affordable-Care-Act</Value>
</Feature>
</Annotation>
<Annotation Id="27" Type="arg" StartNode="349" EndNode="375">
<Feature>
  <Name className="java.lang.String">ss-label</Name>
  <Value className="java.lang.String">bill_generally_good</Value>
</Feature>
<Feature>
  <Name className="java.lang.String">unclear</Name>
  <Value className="java.lang.String">true</Value>
</Feature>
<Feature>
  <Name className="java.lang.String">type</Name>
  <Value className="java.lang.String">else</Value>
</Feature>
<Feature>
  <Name className="java.lang.String">polarity</Name>
  <Value className="java.lang.String">positive</Value>
</Feature>
<Feature>
  <Name className="java.lang.String">incomplete</Name>
  <Value className="java.lang.String">true</Value>
</Feature>
</Annotation>
<Annotation Id="26" Type="rel" StartNode="222" EndNode="348">
<Feature>
  <Name className="java.lang.String">type</Name>
  <Value className="java.lang.String">label</Value>
</Feature>
<Feature>
  <Name className="java.lang.String">unclear</Name>
  <Value className="java.lang.String">true</Value>
</Feature>
<Feature>
  <Name className="java.lang.String">ss-label</Name>
  <Value className="java.lang.String">bill_generally_good</Value>
</Feature>
</Annotation>
<Annotation Id="29" Type="arg" StartNode="521" EndNode="580">
<Feature>
  <Name className="java.lang.String">unclear</Name>
  <Value className="java.lang.String">true</Value>
</Feature>
<Feature>
  <Name className="java.lang.String">ss-label</Name>
  <Value className="java.lang.String">bills_impact_is_positive</Value>
</Feature>
<Feature>
  <Name className="java.lang.String">type</Name>
  <Value className="java.lang.String">label</Value>
</Feature>
<Feature>
  <Name className="java.lang.String">polarity</Name>
  <Value className="java.lang.String">negative</Value>
</Feature>
<Feature>
  <Name className="java.lang.String">incomplete</Name>
  <Value className="java.lang.String"></Value>
</Feature>
</Annotation>
<Annotation Id="28" Type="arg" StartNode="378" EndNode="519">
<Feature>
  <Name className="java.lang.String">type</Name>
  <Value className="java.lang.String">label</Value>
</Feature>
<Feature>
  <Name className="java.lang.String">ss-label</Name>
  <Value className="java.lang.String">bill_generally_good</Value>
</Feature>
<Feature>
  <Name className="java.lang.String">polarity</Name>
  <Value className="java.lang.String">positive</Value>
</Feature>
</Annotation>
<Annotation Id="31" Type="arg" StartNode="712" EndNode="934">
<Feature>
  <Name className="java.lang.String">unclear</Name>
  <Value className="java.lang.String">true</Value>
</Feature>
<Feature>
  <Name className="java.lang.String">ss-label</Name>
  <Value className="java.lang.String">bills_impact_is_positive</Value>
</Feature>
<Feature>
  <Name className="java.lang.String">type</Name>
  <Value className="java.lang.String">label</Value>
</Feature>
<Feature>
  <Name className="java.lang.String">polarity</Name>
  <Value className="java.lang.String">positive</Value>
</Feature>
</Annotation>
<Annotation Id="30" Type="arg" StartNode="582" EndNode="710">
<Feature>
  <Name className="java.lang.String">type</Name>
  <Value className="java.lang.String">label</Value>
</Feature>
<Feature>
  <Name className="java.lang.String">ss-label</Name>
  <Value className="java.lang.String">bills_impact_is_positive</Value>
</Feature>
<Feature>
  <Name className="java.lang.String">polarity</Name>
  <Value className="java.lang.String">positive</Value>
</Feature>
</Annotation>
<Annotation Id="34" Type="arg" StartNode="1416" EndNode="1581">
<Feature>
  <Name className="java.lang.String">type</Name>
  <Value className="java.lang.String">label</Value>
</Feature>
<Feature>
  <Name className="java.lang.String">ss-label</Name>
  <Value className="java.lang.String">helps_medicare_recipients_pay_for_meds</Value>
</Feature>
<Feature>
  <Name className="java.lang.String">polarity</Name>
  <Value className="java.lang.String">positive</Value>
</Feature>
</Annotation>
<Annotation Id="35" Type="rel" StartNode="1583" EndNode="1639">
<Feature>
  <Name className="java.lang.String">type</Name>
  <Value className="java.lang.String">label</Value>
</Feature>
<Feature>
  <Name className="java.lang.String">ss-label</Name>
  <Value className="java.lang.String">helps_medicare_recipients_pay_for_meds</Value>
</Feature>
<Feature>
  <Name className="java.lang.String">polarity</Name>
  <Value className="java.lang.String">positive</Value>
</Feature>
</Annotation>
<Annotation Id="32" Type="arg" StartNode="937" EndNode="1034">
<Feature>
  <Name className="java.lang.String">type</Name>
  <Value className="java.lang.String">label</Value>
</Feature>
<Feature>
  <Name className="java.lang.String">ss-label</Name>
  <Value className="java.lang.String">popular_among_public</Value>
</Feature>
<Feature>
  <Name className="java.lang.String">polarity</Name>
  <Value className="java.lang.String">positive</Value>
</Feature>
</Annotation>
<Annotation Id="33" Type="arg" StartNode="1059" EndNode="1405">
<Feature>
  <Name className="java.lang.String">type</Name>
  <Value className="java.lang.String">label</Value>
</Feature>
<Feature>
  <Name className="java.lang.String">ss-label</Name>
  <Value className="java.lang.String">maintains/improves_medicare_benefits</Value>
</Feature>
<Feature>
  <Name className="java.lang.String">polarity</Name>
  <Value className="java.lang.String">positive</Value>
</Feature>
</Annotation>
<Annotation Id="38" Type="rel" StartNode="1900" EndNode="1998">
<Feature>
  <Name className="java.lang.String">type</Name>
  <Value className="java.lang.String">label</Value>
</Feature>
<Feature>
  <Name className="java.lang.String">ss-label</Name>
  <Value className="java.lang.String">keeping_adult_children_on_parents_plan_is_beneficial</Value>
</Feature>
</Annotation>
<Annotation Id="39" Type="arg" StartNode="2009" EndNode="2302">
<Feature>
  <Name className="java.lang.String">type</Name>
  <Value className="java.lang.String">label</Value>
</Feature>
<Feature>
  <Name className="java.lang.String">ss-label</Name>
  <Value className="java.lang.String">maintains/improves_medicare_benefits</Value>
</Feature>
<Feature>
  <Name className="java.lang.String">polarity</Name>
  <Value className="java.lang.String">positive</Value>
</Feature>
</Annotation>
<Annotation Id="36" Type="rel" StartNode="1641" EndNode="1746">
<Feature>
  <Name className="java.lang.String">type</Name>
  <Value className="java.lang.String">label</Value>
</Feature>
<Feature>
  <Name className="java.lang.String">ss-label</Name>
  <Value className="java.lang.String">helps_medicare_recipients_pay_for_meds</Value>
</Feature>
</Annotation>
<Annotation Id="37" Type="arg" StartNode="1757" EndNode="1898">
<Feature>
  <Name className="java.lang.String">type</Name>
  <Value className="java.lang.String">label</Value>
</Feature>
<Feature>
  <Name className="java.lang.String">ss-label</Name>
  <Value className="java.lang.String">keeping_adult_children_on_parents_plan_is_beneficial</Value>
</Feature>
<Feature>
  <Name className="java.lang.String">polarity</Name>
  <Value className="java.lang.String">positive</Value>
</Feature>
</Annotation>
<Annotation Id="42" Type="arg" StartNode="2648" EndNode="2731">
<Feature>
  <Name className="java.lang.String">type</Name>
  <Value className="java.lang.String">label</Value>
</Feature>
<Feature>
  <Name className="java.lang.String">ss-label</Name>
  <Value className="java.lang.String">ensures_medicares_sustainability</Value>
</Feature>
<Feature>
  <Name className="java.lang.String">polarity</Name>
  <Value className="java.lang.String">negative</Value>
</Feature>
</Annotation>
<Annotation Id="43" Type="rel" StartNode="2508" EndNode="2635">
<Feature>
  <Name className="java.lang.String">type</Name>
  <Value className="java.lang.String">label</Value>
</Feature>
<Feature>
  <Name className="java.lang.String">ss-label</Name>
  <Value className="java.lang.String">improves_healthcare_funding</Value>
</Feature>
</Annotation>
<Annotation Id="40" Type="arg" StartNode="2313" EndNode="2506">
<Feature>
  <Name className="java.lang.String">type</Name>
  <Value className="java.lang.String">label</Value>
</Feature>
<Feature>
  <Name className="java.lang.String">ss-label</Name>
  <Value className="java.lang.String">improves_healthcare_funding</Value>
</Feature>
<Feature>
  <Name className="java.lang.String">polarity</Name>
  <Value className="java.lang.String">positive</Value>
</Feature>
</Annotation>
<Annotation Id="41" Type="arg" StartNode="2733" EndNode="2877">
<Feature>
  <Name className="java.lang.String">type</Name>
  <Value className="java.lang.String">label</Value>
</Feature>
<Feature>
  <Name className="java.lang.String">ss-label</Name>
  <Value className="java.lang.String">ensures_medicares_sustainability</Value>
</Feature>
<Feature>
  <Name className="java.lang.String">polarity</Name>
  <Value className="java.lang.String">neutral</Value>
</Feature>
</Annotation>
<Annotation Id="46" Type="arg" StartNode="3057" EndNode="3229">
<Feature>
  <Name className="java.lang.String">type</Name>
  <Value className="java.lang.String">label</Value>
</Feature>
<Feature>
  <Name className="java.lang.String">ss-label</Name>
  <Value className="java.lang.String">eliminates_pre-existing_conditions</Value>
</Feature>
<Feature>
  <Name className="java.lang.String">polarity</Name>
  <Value className="java.lang.String">positive</Value>
</Feature>
</Annotation>
<Annotation Id="47" Type="arg" StartNode="3240" EndNode="3353">
<Feature>
  <Name className="java.lang.String">type</Name>
  <Value className="java.lang.String">label</Value>
</Feature>
<Feature>
  <Name className="java.lang.String">ss-label</Name>
  <Value className="java.lang.String">promotes_jobs</Value>
</Feature>
<Feature>
  <Name className="java.lang.String">polarity</Name>
  <Value className="java.lang.String">positive</Value>
</Feature>
</Annotation>
<Annotation Id="44" Type="arg" StartNode="2888" EndNode="2952">
<Feature>
  <Name className="java.lang.String">type</Name>
  <Value className="java.lang.String">label</Value>
</Feature>
<Feature>
  <Name className="java.lang.String">ss-label</Name>
  <Value className="java.lang.String">eliminates_pre-existing_conditions_for_children</Value>
</Feature>
<Feature>
  <Name className="java.lang.String">polarity</Name>
  <Value className="java.lang.String">negative</Value>
</Feature>
</Annotation>
<Annotation Id="45" Type="arg" StartNode="2955" EndNode="3054">
<Feature>
  <Name className="java.lang.String">type</Name>
  <Value className="java.lang.String">label</Value>
</Feature>
<Feature>
  <Name className="java.lang.String">ss-label</Name>
  <Value className="java.lang.String">eliminates_pre-existing_conditions_for_children</Value>
</Feature>
<Feature>
  <Name className="java.lang.String">polarity</Name>
  <Value className="java.lang.String">positive</Value>
</Feature>
</Annotation>
<Annotation Id="51" Type="rel" StartNode="3809" EndNode="3850">
<Feature>
  <Name className="java.lang.String">type</Name>
  <Value className="java.lang.String">label</Value>
</Feature>
<Feature>
  <Name className="java.lang.String">ss-label</Name>
  <Value className="java.lang.String">opposition_demagogues_bill</Value>
</Feature>
</Annotation>
<Annotation Id="50" Type="arg" StartNode="3642" EndNode="3806">
<Feature>
  <Name className="java.lang.String">type</Name>
  <Value className="java.lang.String">label</Value>
</Feature>
<Feature>
  <Name className="java.lang.String">ss-label</Name>
  <Value className="java.lang.String">improves_funding_for_community_health_centers</Value>
</Feature>
<Feature>
  <Name className="java.lang.String">polarity</Name>
  <Value className="java.lang.String">negative</Value>
</Feature>
</Annotation>
<Annotation Id="49" Type="arg" StartNode="3422" EndNode="3634">
<Feature>
  <Name className="java.lang.String">type</Name>
  <Value className="java.lang.String">label</Value>
</Feature>
<Feature>
  <Name className="java.lang.String">ss-label</Name>
  <Value className="java.lang.String">improves_funding_for_medical_education</Value>
</Feature>
<Feature>
  <Name className="java.lang.String">polarity</Name>
  <Value className="java.lang.String">positive</Value>
</Feature>
</Annotation>
<Annotation Id="48" Type="rel" StartNode="3356" EndNode="3412">
<Feature>
  <Name className="java.lang.String">type</Name>
  <Value className="java.lang.String">label</Value>
</Feature>
<Feature>
  <Name className="java.lang.String">ss-label</Name>
  <Value className="java.lang.String">promotes_jobs</Value>
</Feature>
<Feature>
  <Name className="java.lang.String">polarity</Name>
  <Value className="java.lang.String">positive</Value>
</Feature>
</Annotation>
<Annotation Id="55" Type="rel" StartNode="3996" EndNode="4081">
<Feature>
  <Name className="java.lang.String">type</Name>
  <Value className="java.lang.String">label</Value>
</Feature>
<Feature>
  <Name className="java.lang.String">ss-label</Name>
  <Value className="java.lang.String">opposition_promotes_inequality_in_healthcare</Value>
</Feature>
<Feature>
  <Name className="java.lang.String">unclear</Name>
  <Value className="java.lang.String">true</Value>
</Feature>
</Annotation>
<Annotation Id="54" Type="arg" StartNode="4168" EndNode="4303">
<Feature>
  <Name className="java.lang.String">type</Name>
  <Value className="java.lang.String">label</Value>
</Feature>
<Feature>
  <Name className="java.lang.String">ss-label</Name>
  <Value className="java.lang.String">opposition_promotes_inequality_in_healthcare</Value>
</Feature>
<Feature>
  <Name className="java.lang.String">polarity</Name>
  <Value className="java.lang.String">negative</Value>
</Feature>
</Annotation>
<Annotation Id="52" Type="arg" StartNode="3853" EndNode="3994">
<Feature>
  <Name className="java.lang.String">unclear</Name>
  <Value className="java.lang.String">true</Value>
</Feature>
<Feature>
  <Name className="java.lang.String">ss-label</Name>
  <Value className="java.lang.String">opposition_promotes_inequality_in_healthcare</Value>
</Feature>
<Feature>
  <Name className="java.lang.String">type</Name>
  <Value className="java.lang.String">label</Value>
</Feature>
<Feature>
  <Name className="java.lang.String">polarity</Name>
  <Value className="java.lang.String">negative</Value>
</Feature>
<Feature>
  <Name className="java.lang.String">incomplete</Name>
  <Value className="java.lang.String">true</Value>
</Feature>
</Annotation>
<Annotation Id="59" Type="rel" StartNode="4334" EndNode="4490">
<Feature>
  <Name className="java.lang.String">type</Name>
  <Value className="java.lang.String">label</Value>
</Feature>
<Feature>
  <Name className="java.lang.String">ss-label</Name>
  <Value className="java.lang.String">constitutional</Value>
</Feature>
</Annotation>
<Annotation Id="58" Type="rel" StartNode="4306" EndNode="4332">
<Feature>
  <Name className="java.lang.String">type</Name>
  <Value className="java.lang.String">label</Value>
</Feature>
<Feature>
  <Name className="java.lang.String">ss-label</Name>
  <Value className="java.lang.String">constitutional</Value>
</Feature>
</Annotation>
<Annotation Id="56" Type="arg" StartNode="4083" EndNode="4165">
<Feature>
  <Name className="java.lang.String">type</Name>
  <Value className="java.lang.String">label</Value>
</Feature>
<Feature>
  <Name className="java.lang.String">ss-label</Name>
  <Value className="java.lang.String">opposition_promotes_inequality_in_healthcare</Value>
</Feature>
<Feature>
  <Name className="java.lang.String">polarity</Name>
  <Value className="java.lang.String">negative</Value>
</Feature>
</Annotation>
<Annotation Id="63" Type="arg" StartNode="4942" EndNode="5016">
<Feature>
  <Name className="java.lang.String">type</Name>
  <Value className="java.lang.String">label</Value>
</Feature>
<Feature>
  <Name className="java.lang.String">ss-label</Name>
  <Value className="java.lang.String">bill_is_step_in_right_direction</Value>
</Feature>
<Feature>
  <Name className="java.lang.String">polarity</Name>
  <Value className="java.lang.String">positive</Value>
</Feature>
</Annotation>
<Annotation Id="62" Type="arg" StartNode="4822" EndNode="4940">
<Feature>
  <Name className="java.lang.String">type</Name>
  <Value className="java.lang.String">label</Value>
</Feature>
<Feature>
  <Name className="java.lang.String">ss-label</Name>
  <Value className="java.lang.String">bills_impact_is_positive</Value>
</Feature>
<Feature>
  <Name className="java.lang.String">polarity</Name>
  <Value className="java.lang.String">positive</Value>
</Feature>
</Annotation>
<Annotation Id="61" Type="rel" StartNode="4633" EndNode="4802">
<Feature>
  <Name className="java.lang.String">type</Name>
  <Value className="java.lang.String">label</Value>
</Feature>
<Feature>
  <Name className="java.lang.String">ss-label</Name>
  <Value className="java.lang.String">constitutional</Value>
</Feature>
<Feature>
  <Name className="java.lang.String">polarity</Name>
  <Value className="java.lang.String">positive</Value>
</Feature>
</Annotation>
<Annotation Id="60" Type="arg" StartNode="4493" EndNode="4631">
<Feature>
  <Name className="java.lang.String">type</Name>
  <Value className="java.lang.String">label</Value>
</Feature>
<Feature>
  <Name className="java.lang.String">ss-label</Name>
  <Value className="java.lang.String">constitutional</Value>
</Feature>
<Feature>
  <Name className="java.lang.String">polarity</Name>
  <Value className="java.lang.String">positive</Value>
</Feature>
</Annotation>
<Annotation Id="69" Type="para" StartNode="1757" EndNode="1999">
<Feature>
  <Name className="java.lang.String">argmnt-label</Name>
  <Value className="java.lang.String">children_can_stay_on_parent_plans_longer</Value>
</Feature>
<Feature>
  <Name className="java.lang.String">misc</Name>
  <Value className="java.lang.String"></Value>
</Feature>
</Annotation>
<Annotation Id="71" Type="para" StartNode="2648" EndNode="2878">
<Feature>
  <Name className="java.lang.String">argmnt-label</Name>
  <Value className="java.lang.String">ensures_medicares_sustainability</Value>
</Feature>
</Annotation>
<Annotation Id="64" Type="arg" StartNode="5019" EndNode="5108">
<Feature>
  <Name className="java.lang.String">type</Name>
  <Value className="java.lang.String">label</Value>
</Feature>
<Feature>
  <Name className="java.lang.String">ss-label</Name>
  <Value className="java.lang.String">bill_is_step_in_right_direction</Value>
</Feature>
<Feature>
  <Name className="java.lang.String">polarity</Name>
  <Value className="java.lang.String">positive</Value>
</Feature>
</Annotation>
<Annotation Id="65" Type="arg" StartNode="5111" EndNode="5179">
<Feature>
  <Name className="java.lang.String">type</Name>
  <Value className="java.lang.String">label</Value>
</Feature>
<Feature>
  <Name className="java.lang.String">ss-label</Name>
  <Value className="java.lang.String">bills_impact_is_positive</Value>
</Feature>
<Feature>
  <Name className="java.lang.String">polarity</Name>
  <Value className="java.lang.String">positive</Value>
</Feature>
</Annotation>
<Annotation Id="66" Type="para" StartNode="222" EndNode="935">
<Feature>
  <Name className="java.lang.String">argmnt-label</Name>
  <Value className="java.lang.String">bill_generally_good</Value>
</Feature>
<Feature>
  <Name className="java.lang.String">misc</Name>
  <Value className="java.lang.String">opposition_demagogues_bill</Value>
</Feature>
</Annotation>
<Annotation Id="67" Type="para" StartNode="937" EndNode="1049">
<Feature>
  <Name className="java.lang.String">argmnt-label</Name>
  <Value className="java.lang.String">popular_among_public</Value>
</Feature>
</Annotation>
<Annotation Id="76" Type="para" StartNode="1059" EndNode="1406">
<Feature>
  <Name className="java.lang.String">argmnt-label</Name>
  <Value className="java.lang.String">maintains/improves_medicare_benefits</Value>
</Feature>
<Feature>
  <Name className="java.lang.String">misc</Name>
  <Value className="java.lang.String">helps_medicare_recipients_pay_for_meds</Value>
</Feature>
</Annotation>
<Annotation Id="77" Type="para" StartNode="1416" EndNode="1747">
<Feature>
  <Name className="java.lang.String">argmnt-label</Name>
  <Value className="java.lang.String">helps_medicare_recipients_pay_for_meds</Value>
</Feature>
</Annotation>
<Annotation Id="78" Type="para" StartNode="3422" EndNode="3635">
<Feature>
  <Name className="java.lang.String">argmnt-label</Name>
  <Value className="java.lang.String">improves_funding_for_medical_education</Value>
</Feature>
</Annotation>
<Annotation Id="79" Type="para" StartNode="3642" EndNode="3807">
<Feature>
  <Name className="java.lang.String">argmnt-label</Name>
  <Value className="java.lang.String">improves_funding_for_community_health_centers</Value>
</Feature>
</Annotation>
<Annotation Id="72" Type="para" StartNode="2888" EndNode="3230">
<Feature>
  <Name className="java.lang.String">argmnt-label</Name>
  <Value className="java.lang.String">eliminates_pre-existing_conditions_for_children</Value>
</Feature>
</Annotation>
<Annotation Id="73" Type="para" StartNode="3240" EndNode="3412">
<Feature>
  <Name className="java.lang.String">argmnt-label</Name>
  <Value className="java.lang.String">promotes_jobs</Value>
</Feature>
</Annotation>
<Annotation Id="74" Type="para" StartNode="2009" EndNode="2303">
<Feature>
  <Name className="java.lang.String">argmnt-label</Name>
  <Value className="java.lang.String">expands/guarantees_access_to_preventative_care</Value>
</Feature>
</Annotation>
<Annotation Id="75" Type="para" StartNode="2313" EndNode="2638">
<Feature>
  <Name className="java.lang.String">argmnt-label</Name>
  <Value className="java.lang.String">improves_healthcare_funding</Value>
</Feature>
</Annotation>
<Annotation Id="85" Type="others" StartNode="433" EndNode="440">
<Feature>
  <Name className="java.lang.String">comment</Name>
  <Value className="java.lang.String">improve sth for sb.</Value>
</Feature>
</Annotation>
<Annotation Id="84" Type="gfbf-object" StartNode="143" EndNode="166">
<Feature>
  <Name className="java.lang.String">writerAtt</Name>
  <Value className="java.lang.String">positive</Value>
</Feature>
</Annotation>
<Annotation Id="81" Type="para" StartNode="4306" EndNode="4803">
<Feature>
  <Name className="java.lang.String">argmnt-label</Name>
  <Value className="java.lang.String">constitutional</Value>
</Feature>
</Annotation>
<Annotation Id="80" Type="para" StartNode="3809" EndNode="4304">
<Feature>
  <Name className="java.lang.String">argmnt-label</Name>
  <Value className="java.lang.String">opposition_demagogues_bill</Value>
</Feature>
<Feature>
  <Name className="java.lang.String">misc</Name>
  <Value className="java.lang.String">healthcare_should_not_depend_on_wealth</Value>
</Feature>
</Annotation>
<Annotation Id="83" Type="gfbf" StartNode="134" EndNode="142">
<Feature>
  <Name className="java.lang.String">agentId</Name>
  <Value className="java.lang.String">implicit</Value>
</Feature>
<Feature>
  <Name className="java.lang.String">polarity</Name>
  <Value className="java.lang.String">goodfor</Value>
</Feature>
<Feature>
  <Name className="java.lang.String">objectId</Name>
  <Value className="java.lang.String">84</Value>
</Feature>
</Annotation>
<Annotation Id="82" Type="para" StartNode="4805" EndNode="5180">
<Feature>
  <Name className="java.lang.String">argmnt-label</Name>
  <Value className="java.lang.String">bill_generally_good</Value>
</Feature>
</Annotation>
<Annotation Id="93" Type="gfbf" StartNode="776" EndNode="789">
<Feature>
  <Name className="java.lang.String">agentId</Name>
  <Value className="java.lang.String">95</Value>
</Feature>
<Feature>
  <Name className="java.lang.String">polarity</Name>
  <Value className="java.lang.String">badfor</Value>
</Feature>
<Feature>
  <Name className="java.lang.String">objectId</Name>
  <Value className="java.lang.String">94</Value>
</Feature>
</Annotation>
<Annotation Id="95" Type="gfbf-agent" StartNode="750" EndNode="764">
<Feature>
  <Name className="java.lang.String">writerAtt</Name>
  <Value className="java.lang.String">negative</Value>
</Feature>
</Annotation>
<Annotation Id="94" Type="gfbf-object" StartNode="790" EndNode="797">
<Feature>
  <Name className="java.lang.String">writerAtt</Name>
  <Value className="java.lang.String">positive</Value>
</Feature>
</Annotation>
<Annotation Id="88" Type="gfbf" StartNode="665" EndNode="672">
<Feature>
  <Name className="java.lang.String">agentId</Name>
  <Value className="java.lang.String">91</Value>
</Feature>
<Feature>
  <Name className="java.lang.String">polarity</Name>
  <Value className="java.lang.String">goodfor</Value>
</Feature>
<Feature>
  <Name className="java.lang.String">objectId</Name>
  <Value className="java.lang.String">90</Value>
</Feature>
</Annotation>
<Annotation Id="91" Type="gfbf-agent" StartNode="619" EndNode="634">
<Feature>
  <Name className="java.lang.String">writerAtt</Name>
  <Value className="java.lang.String">positive</Value>
</Feature>
</Annotation>
<Annotation Id="90" Type="gfbf-object" StartNode="673" EndNode="710">
<Feature>
  <Name className="java.lang.String">writerAtt</Name>
  <Value className="java.lang.String">positive</Value>
</Feature>
</Annotation>
<Annotation Id="102" Type="others" StartNode="1072" EndNode="1091">
<Feature>
  <Name className="java.lang.String">comment</Name>
  <Value className="java.lang.String">GoodFor agent</Value>
</Feature>
</Annotation>
<Annotation Id="103" Type="gfbf" StartNode="1124" EndNode="1132">
<Feature>
  <Name className="java.lang.String">agentId</Name>
  <Value className="java.lang.String">105</Value>
</Feature>
<Feature>
  <Name className="java.lang.String">objectId</Name>
  <Value className="java.lang.String">104</Value>
</Feature>
<Feature>
  <Name className="java.lang.String">polarity</Name>
  <Value className="java.lang.String">goodfor</Value>
</Feature>
</Annotation>
<Annotation Id="100" Type="gfbf" StartNode="876" EndNode="885">
<Feature>
  <Name className="java.lang.String">agentId</Name>
  <Value className="java.lang.String">95</Value>
</Feature>
<Feature>
  <Name className="java.lang.String">polarity</Name>
  <Value className="java.lang.String">goodfor</Value>
</Feature>
<Feature>
  <Name className="java.lang.String">objectId</Name>
  <Value className="java.lang.String">101</Value>
</Feature>
</Annotation>
<Annotation Id="101" Type="gfbf-object" StartNode="886" EndNode="909">
<Feature>
  <Name className="java.lang.String">unclear</Name>
  <Value className="java.lang.String">true</Value>
</Feature>
<Feature>
  <Name className="java.lang.String">writerAtt</Name>
  <Value className="java.lang.String">negative</Value>
</Feature>
<Feature>
  <Name className="java.lang.String">refererence</Name>
  <Value className="java.lang.String">true</Value>
</Feature>
<Feature>
  <Name className="java.lang.String">referentId</Name>
  <Value className="java.lang.String">161</Value>
</Feature>
</Annotation>
<Annotation Id="98" Type="gfbf-object" StartNode="836" EndNode="861">
<Feature>
  <Name className="java.lang.String">unclear</Name>
  <Value className="java.lang.String">true</Value>
</Feature>
<Feature>
  <Name className="java.lang.String">writerAtt</Name>
  <Value className="java.lang.String">positive</Value>
</Feature>
</Annotation>
<Annotation Id="96" Type="influencer" StartNode="818" EndNode="828">
<Feature>
  <Name className="java.lang.String">effect</Name>
  <Value className="java.lang.String">reverse</Value>
</Feature>
<Feature>
  <Name className="java.lang.String">agentId</Name>
  <Value className="java.lang.String">95</Value>
</Feature>
<Feature>
  <Name className="java.lang.String">objectId</Name>
  <Value className="java.lang.String">97</Value>
</Feature>
</Annotation>
<Annotation Id="97" Type="gfbf" StartNode="829" EndNode="835">
<Feature>
  <Name className="java.lang.String">agentId</Name>
  <Value className="java.lang.String">95</Value>
</Feature>
<Feature>
  <Name className="java.lang.String">objectId</Name>
  <Value className="java.lang.String">98</Value>
</Feature>
<Feature>
  <Name className="java.lang.String">polarity</Name>
  <Value className="java.lang.String">goodfor</Value>
</Feature>
</Annotation>
<Annotation Id="110" Type="gfbf-object" StartNode="1269" EndNode="1285">
<Feature>
  <Name className="java.lang.String">writerAtt</Name>
  <Value className="java.lang.String">negative</Value>
</Feature>
</Annotation>
<Annotation Id="111" Type="gfbf" StartNode="1291" EndNode="1307">
<Feature>
  <Name className="java.lang.String">agentId</Name>
  <Value className="java.lang.String">105</Value>
</Feature>
<Feature>
  <Name className="java.lang.String">polarity</Name>
  <Value className="java.lang.String">badfor</Value>
</Feature>
<Feature>
  <Name className="java.lang.String">objectId</Name>
  <Value className="java.lang.String">112</Value>
</Feature>
</Annotation>
<Annotation Id="108" Type="gfbf-object" StartNode="1178" EndNode="1203">
<Feature>
  <Name className="java.lang.String">unclear</Name>
  <Value className="java.lang.String">true</Value>
</Feature>
<Feature>
  <Name className="java.lang.String">writerAtt</Name>
  <Value className="java.lang.String">positive</Value>
</Feature>
</Annotation>
<Annotation Id="109" Type="gfbf" StartNode="1260" EndNode="1268">
<Feature>
  <Name className="java.lang.String">agentId</Name>
  <Value className="java.lang.String">105</Value>
</Feature>
<Feature>
  <Name className="java.lang.String">polarity</Name>
  <Value className="java.lang.String">badfor</Value>
</Feature>
<Feature>
  <Name className="java.lang.String">objectId</Name>
  <Value className="java.lang.String">110</Value>
</Feature>
</Annotation>
<Annotation Id="106" Type="gfbf-agent" StartNode="1093" EndNode="1123">
<Feature>
  <Name className="java.lang.String">writerAtt</Name>
  <Value className="java.lang.String">positive</Value>
</Feature>
</Annotation>
<Annotation Id="107" Type="gfbf" StartNode="1166" EndNode="1177">
<Feature>
  <Name className="java.lang.String">agentId</Name>
  <Value className="java.lang.String">106</Value>
</Feature>
<Feature>
  <Name className="java.lang.String">polarity</Name>
  <Value className="java.lang.String">goodfor</Value>
</Feature>
<Feature>
  <Name className="java.lang.String">objectId</Name>
  <Value className="java.lang.String">108</Value>
</Feature>
</Annotation>
<Annotation Id="104" Type="gfbf-object" StartNode="1133" EndNode="1161">
<Feature>
  <Name className="java.lang.String">writerAtt</Name>
  <Value className="java.lang.String">positive</Value>
</Feature>
</Annotation>
<Annotation Id="105" Type="gfbf-agent" StartNode="1093" EndNode="1123">
<Feature>
  <Name className="java.lang.String">writerAtt</Name>
  <Value className="java.lang.String">positive</Value>
</Feature>
</Annotation>
<Annotation Id="119" Type="gfbf-object" StartNode="1452" EndNode="1485">
<Feature>
  <Name className="java.lang.String">writerAtt</Name>
  <Value className="java.lang.String">positive</Value>
</Feature>
</Annotation>
<Annotation Id="118" Type="gfbf" StartNode="1491" EndNode="1500">
<Feature>
  <Name className="java.lang.String">agentId</Name>
  <Value className="java.lang.String">120</Value>
</Feature>
<Feature>
  <Name className="java.lang.String">polarity</Name>
  <Value className="java.lang.String">goodfor</Value>
</Feature>
<Feature>
  <Name className="java.lang.String">objectId</Name>
  <Value className="java.lang.String">119</Value>
</Feature>
</Annotation>
<Annotation Id="115" Type="gfbf-object" StartNode="1339" EndNode="1405">
<Feature>
  <Name className="java.lang.String">writerAtt</Name>
  <Value className="java.lang.String">negative</Value>
</Feature>
</Annotation>
<Annotation Id="113" Type="gfbf" StartNode="1332" EndNode="1338">
<Feature>
  <Name className="java.lang.String">agentId</Name>
  <Value className="java.lang.String">105</Value>
</Feature>
<Feature>
  <Name className="java.lang.String">polarity</Name>
  <Value className="java.lang.String">badfor</Value>
</Feature>
<Feature>
  <Name className="java.lang.String">objectId</Name>
  <Value className="java.lang.String">115</Value>
</Feature>
</Annotation>
<Annotation Id="112" Type="gfbf-object" StartNode="1308" EndNode="1330">
<Feature>
  <Name className="java.lang.String">writerAtt</Name>
  <Value className="java.lang.String">negative</Value>
</Feature>
</Annotation>
<Annotation Id="127" Type="gfbf-object" StartNode="2653" EndNode="2676">
<Feature>
  <Name className="java.lang.String">writerAtt</Name>
  <Value className="java.lang.String">negative</Value>
</Feature>
</Annotation>
<Annotation Id="126" Type="gfbf" StartNode="2648" EndNode="2652">
<Feature>
  <Name className="java.lang.String">agentId</Name>
  <Value className="java.lang.String">implicit</Value>
</Feature>
<Feature>
  <Name className="java.lang.String">polarity</Name>
  <Value className="java.lang.String">badfor</Value>
</Feature>
<Feature>
  <Name className="java.lang.String">objectId</Name>
  <Value className="java.lang.String">127</Value>
</Feature>
</Annotation>
<Annotation Id="125" Type="gfbf-agent" StartNode="2345" EndNode="2382">
<Feature>
  <Name className="java.lang.String">writerAtt</Name>
  <Value className="java.lang.String">positive</Value>
</Feature>
</Annotation>
<Annotation Id="124" Type="gfbf-object" StartNode="2451" EndNode="2506">
<Feature>
  <Name className="java.lang.String">writerAtt</Name>
  <Value className="java.lang.String">positive</Value>
</Feature>
</Annotation>
<Annotation Id="123" Type="gfbf" StartNode="2443" EndNode="2450">
<Feature>
  <Name className="java.lang.String">agentId</Name>
  <Value className="java.lang.String">125</Value>
</Feature>
<Feature>
  <Name className="java.lang.String">polarity</Name>
  <Value className="java.lang.String">goodfor</Value>
</Feature>
<Feature>
  <Name className="java.lang.String">objectId</Name>
  <Value className="java.lang.String">124</Value>
</Feature>
</Annotation>
<Annotation Id="122" Type="gfbf-object" StartNode="1770" EndNode="1782">
<Feature>
  <Name className="java.lang.String">writerAtt</Name>
  <Value className="java.lang.String">positive</Value>
</Feature>
</Annotation>
<Annotation Id="121" Type="gfbf" StartNode="1757" EndNode="1769">
<Feature>
  <Name className="java.lang.String">agentId</Name>
  <Value className="java.lang.String">implicit</Value>
</Feature>
<Feature>
  <Name className="java.lang.String">polarity</Name>
  <Value className="java.lang.String">goodfor</Value>
</Feature>
<Feature>
  <Name className="java.lang.String">objectId</Name>
  <Value className="java.lang.String">122</Value>
</Feature>
</Annotation>
<Annotation Id="120" Type="gfbf-agent" StartNode="1510" EndNode="1544">
<Feature>
  <Name className="java.lang.String">writerAtt</Name>
  <Value className="java.lang.String">positive</Value>
</Feature>
</Annotation>
<Annotation Id="137" Type="others" StartNode="3098" EndNode="3104">
<Feature>
  <Name className="java.lang.String">comment</Name>
  <Value className="java.lang.String">deny sb sth...is also a two-object verb...</Value>
</Feature>
<Feature>
  <Name className="java.lang.String">unclear</Name>
  <Value className="java.lang.String">true</Value>
</Feature>
</Annotation>
<Annotation Id="136" Type="gfbf-agent" StartNode="2955" EndNode="2978">
<Feature>
  <Name className="java.lang.String">writerAtt</Name>
  <Value className="java.lang.String">positive</Value>
</Feature>
</Annotation>
<Annotation Id="141" Type="gfbf-object" StartNode="3319" EndNode="3335">
<Feature>
  <Name className="java.lang.String">writerAtt</Name>
  <Value className="java.lang.String">positive</Value>
</Feature>
</Annotation>
<Annotation Id="140" Type="gfbf" StartNode="3346" EndNode="3353">
<Feature>
  <Name className="java.lang.String">agentId</Name>
  <Value className="java.lang.String">implicit</Value>
</Feature>
<Feature>
  <Name className="java.lang.String">polarity</Name>
  <Value className="java.lang.String">goodfor</Value>
</Feature>
<Feature>
  <Name className="java.lang.String">objectId</Name>
  <Value className="java.lang.String">141</Value>
</Feature>
</Annotation>
<Annotation Id="142" Type="gfbf" StartNode="3463" EndNode="3474">
<Feature>
  <Name className="java.lang.String">agentId</Name>
  <Value className="java.lang.String">159</Value>
</Feature>
<Feature>
  <Name className="java.lang.String">polarity</Name>
  <Value className="java.lang.String">goodfor</Value>
</Feature>
<Feature>
  <Name className="java.lang.String">objectId</Name>
  <Value className="java.lang.String">162</Value>
</Feature>
</Annotation>
<Annotation Id="129" Type="gfbf-object" StartNode="2710" EndNode="2731">
<Feature>
  <Name className="java.lang.String">writerAtt</Name>
  <Value className="java.lang.String">positive</Value>
</Feature>
</Annotation>
<Annotation Id="128" Type="gfbf" StartNode="2705" EndNode="2709">
<Feature>
  <Name className="java.lang.String">agentId</Name>
  <Value className="java.lang.String">implicit</Value>
</Feature>
<Feature>
  <Name className="java.lang.String">polarity</Name>
  <Value className="java.lang.String">badfor</Value>
</Feature>
<Feature>
  <Name className="java.lang.String">objectId</Name>
  <Value className="java.lang.String">129</Value>
</Feature>
</Annotation>
<Annotation Id="131" Type="gfbf-object" StartNode="2765" EndNode="2779">
<Feature>
  <Name className="java.lang.String">writerAtt</Name>
  <Value className="java.lang.String">positive</Value>
</Feature>
</Annotation>
<Annotation Id="130" Type="gfbf" StartNode="2757" EndNode="2764">
<Feature>
  <Name className="java.lang.String">agentId</Name>
  <Value className="java.lang.String">implicit</Value>
</Feature>
<Feature>
  <Name className="java.lang.String">polarity</Name>
  <Value className="java.lang.String">goodfor</Value>
</Feature>
<Feature>
  <Name className="java.lang.String">objectId</Name>
  <Value className="java.lang.String">131</Value>
</Feature>
</Annotation>
<Annotation Id="133" Type="gfbf-object" StartNode="2855" EndNode="2877">
<Feature>
  <Name className="java.lang.String">writerAtt</Name>
  <Value className="java.lang.String">negative</Value>
</Feature>
</Annotation>
<Annotation Id="132" Type="gfbf" StartNode="2847" EndNode="2854">
<Feature>
  <Name className="java.lang.String">agentId</Name>
  <Value className="java.lang.String">158</Value>
</Feature>
<Feature>
  <Name className="java.lang.String">objectId</Name>
  <Value className="java.lang.String">133</Value>
</Feature>
<Feature>
  <Name className="java.lang.String">polarity</Name>
  <Value className="java.lang.String">badfor</Value>
</Feature>
</Annotation>
<Annotation Id="135" Type="gfbf-object" StartNode="2988" EndNode="3044">
<Feature>
  <Name className="java.lang.String">writerAtt</Name>
  <Value className="java.lang.String">positive</Value>
</Feature>
</Annotation>
<Annotation Id="134" Type="gfbf" StartNode="2979" EndNode="2987">
<Feature>
  <Name className="java.lang.String">agentId</Name>
  <Value className="java.lang.String">136</Value>
</Feature>
<Feature>
  <Name className="java.lang.String">polarity</Name>
  <Value className="java.lang.String">goodfor</Value>
</Feature>
<Feature>
  <Name className="java.lang.String">objectId</Name>
  <Value className="java.lang.String">135</Value>
</Feature>
</Annotation>
<Annotation Id="152" Type="gfbf-object" StartNode="4873" EndNode="4895">
<Feature>
  <Name className="java.lang.String">writerAtt</Name>
  <Value className="java.lang.String">positive</Value>
</Feature>
</Annotation>
<Annotation Id="153" Type="gfbf" StartNode="4903" EndNode="4906">
<Feature>
  <Name className="java.lang.String">agentId</Name>
  <Value className="java.lang.String">156</Value>
</Feature>
<Feature>
  <Name className="java.lang.String">polarity</Name>
  <Value className="java.lang.String">badfor</Value>
</Feature>
<Feature>
  <Name className="java.lang.String">objectId</Name>
  <Value className="java.lang.String">154</Value>
</Feature>
</Annotation>
<Annotation Id="154" Type="gfbf-object" StartNode="4907" EndNode="4940">
<Feature>
  <Name className="java.lang.String">writerAtt</Name>
  <Value className="java.lang.String">negative</Value>
</Feature>
</Annotation>
<Annotation Id="155" Type="gfbf-agent" StartNode="4822" EndNode="4845">
<Feature>
  <Name className="java.lang.String">writerAtt</Name>
  <Value className="java.lang.String">positive</Value>
</Feature>
</Annotation>
<Annotation Id="156" Type="gfbf-agent" StartNode="4822" EndNode="4845">
<Feature>
  <Name className="java.lang.String">writerAtt</Name>
  <Value className="java.lang.String">positive</Value>
</Feature>
</Annotation>
<Annotation Id="157" Type="others" StartNode="4997" EndNode="5016">
<Feature>
  <Name className="java.lang.String">comment</Name>
  <Value className="java.lang.String">make sth ADJ</Value>
</Feature>
</Annotation>
<Annotation Id="158" Type="gfbf-agent" StartNode="2781" EndNode="2804">
<Feature>
  <Name className="java.lang.String">writerAtt</Name>
  <Value className="java.lang.String">positive</Value>
</Feature>
</Annotation>
<Annotation Id="159" Type="gfbf-agent" StartNode="3455" EndNode="3462">
<Feature>
  <Name className="java.lang.String">writerAtt</Name>
  <Value className="java.lang.String">positive</Value>
</Feature>
</Annotation>
<Annotation Id="145" Type="gfbf-agent" StartNode="3730" EndNode="3737">
<Feature>
  <Name className="java.lang.String"></Name>
  <Value className="java.lang.String"></Value>
</Feature>
<Feature>
  <Name className="java.lang.String">writerAtt</Name>
  <Value className="java.lang.String">positive</Value>
</Feature>
</Annotation>
<Annotation Id="146" Type="gfbf" StartNode="3738" EndNode="3744">
<Feature>
  <Name className="java.lang.String">agentId</Name>
  <Value className="java.lang.String">145</Value>
</Feature>
<Feature>
  <Name className="java.lang.String">polarity</Name>
  <Value className="java.lang.String">goodfor</Value>
</Feature>
<Feature>
  <Name className="java.lang.String">objectId</Name>
  <Value className="java.lang.String">147</Value>
</Feature>
</Annotation>
<Annotation Id="147" Type="gfbf-object" StartNode="3757" EndNode="3782">
<Feature>
  <Name className="java.lang.String">writerAtt</Name>
  <Value className="java.lang.String">positive</Value>
</Feature>
</Annotation>
<Annotation Id="148" Type="gfbf" StartNode="3917" EndNode="3926">
<Feature>
  <Name className="java.lang.String">agentId</Name>
  <Value className="java.lang.String">150</Value>
</Feature>
<Feature>
  <Name className="java.lang.String">polarity</Name>
  <Value className="java.lang.String">badfor</Value>
</Feature>
<Feature>
  <Name className="java.lang.String">objectId</Name>
  <Value className="java.lang.String">149</Value>
</Feature>
</Annotation>
<Annotation Id="149" Type="gfbf-object" StartNode="3927" EndNode="3972">
<Feature>
  <Name className="java.lang.String">writerAtt</Name>
  <Value className="java.lang.String">positive</Value>
</Feature>
<Feature>
  <Name className="java.lang.String">refererence</Name>
  <Value className="java.lang.String">true</Value>
</Feature>
</Annotation>
<Annotation Id="150" Type="gfbf-agent" StartNode="3853" EndNode="3908">
<Feature>
  <Name className="java.lang.String">writerAtt</Name>
  <Value className="java.lang.String">negative</Value>
</Feature>
</Annotation>
<Annotation Id="151" Type="gfbf" StartNode="4865" EndNode="4872">
<Feature>
  <Name className="java.lang.String">agentId</Name>
  <Value className="java.lang.String">155</Value>
</Feature>
<Feature>
  <Name className="java.lang.String">polarity</Name>
  <Value className="java.lang.String">goodfor</Value>
</Feature>
<Feature>
  <Name className="java.lang.String">objectId</Name>
  <Value className="java.lang.String">152</Value>
</Feature>
</Annotation>
<Annotation Id="162" Type="gfbf-object" StartNode="3475" EndNode="3634">
<Feature>
  <Name className="java.lang.String">writerAtt</Name>
  <Value className="java.lang.String">positive</Value>
</Feature>
</Annotation>
<Annotation Id="161" Type="referent" StartNode="818" EndNode="861">
<Feature>
  <Name className="java.lang.String">writerAtt</Name>
  <Value className="java.lang.String">negative</Value>
</Feature>
</Annotation>
<Annotation Id="160" Type="others" StartNode="3749" EndNode="3756">
<Feature>
  <Name className="java.lang.String">comment</Name>
  <Value className="java.lang.String">provide</Value>
</Feature>
</Annotation>
</AnnotationSet>

<!-- Named annotation set -->

<AnnotationSet Name="Original markups">
<Annotation Id="0" Type="paragraph" StartNode="0" EndNode="41">
</Annotation>
<Annotation Id="1" Type="paragraph" StartNode="47" EndNode="84">
</Annotation>
<Annotation Id="2" Type="paragraph" StartNode="86" EndNode="166">
</Annotation>
<Annotation Id="3" Type="paragraph" StartNode="168" EndNode="220">
</Annotation>
<Annotation Id="4" Type="paragraph" StartNode="222" EndNode="935">
</Annotation>
<Annotation Id="5" Type="paragraph" StartNode="937" EndNode="1049">
</Annotation>
<Annotation Id="6" Type="paragraph" StartNode="1051" EndNode="1406">
</Annotation>
<Annotation Id="7" Type="paragraph" StartNode="1408" EndNode="1747">
</Annotation>
<Annotation Id="8" Type="paragraph" StartNode="1749" EndNode="1999">
</Annotation>
<Annotation Id="9" Type="paragraph" StartNode="2001" EndNode="2303">
</Annotation>
<Annotation Id="10" Type="paragraph" StartNode="2305" EndNode="2638">
</Annotation>
<Annotation Id="11" Type="paragraph" StartNode="2640" EndNode="2878">
</Annotation>
<Annotation Id="12" Type="paragraph" StartNode="2880" EndNode="3230">
</Annotation>
<Annotation Id="13" Type="paragraph" StartNode="3232" EndNode="3412">
</Annotation>
<Annotation Id="14" Type="paragraph" StartNode="3414" EndNode="3635">
</Annotation>
<Annotation Id="15" Type="paragraph" StartNode="3637" EndNode="3807">
</Annotation>
<Annotation Id="17" Type="paragraph" StartNode="3853" EndNode="4304">
</Annotation>
<Annotation Id="16" Type="paragraph" StartNode="3809" EndNode="3851">
</Annotation>
<Annotation Id="19" Type="paragraph" StartNode="4334" EndNode="4803">
</Annotation>
<Annotation Id="18" Type="paragraph" StartNode="4306" EndNode="4332">
</Annotation>
<Annotation Id="21" Type="paragraph" StartNode="4822" EndNode="5180">
</Annotation>
<Annotation Id="20" Type="paragraph" StartNode="4805" EndNode="4820">
</Annotation>
<Annotation Id="23" Type="paragraph" StartNode="5330" EndNode="5395">
</Annotation>
<Annotation Id="22" Type="paragraph" StartNode="5182" EndNode="5324">
</Annotation>
</AnnotationSet>

</GateDocument>
